booking_id,guest_id,resort_id,agent_id,booking_date,checkin_date,checkout_date,room_type,nights,nightly_rate_cents,booked_amount_cents,channel,status
B00000001,G002148,R0026,A0009,2025-08-05,2025-08-09,2025-08-12,Standard King,3,22700,68100,Corporate,completed
B00000002,G001626,R0030,A0033,2025-10-12,2026-02-08,2026-02-10,Ocean Suite,2,33900,67800,OTA,completed
B00000003,G002822,R0017,A0048,2024-04-02,2024-05-09,2024-05-10,Standard Double,1,13900,13900,OTA,cancelled
B00000004,G002669,R0014,A0018,2025-02-23,2025-04-30,2025-05-01,Villa,1,80000,80000,Travel Agent,completed
B00000005,G001252,R0039,A0052,2025-12-30,2026-03-31,2026-04-11,Standard King,11,23300,256300,Corporate,completed
B00000006,G002714,R0001,A0033,2025-01-18,2025-03-31,2025-04-11,Standard Double,11,14800,162800,Travel Agent,completed
B00000007,G002913,R0017,A0042,2025-10-29,2025-12-07,2025-12-11,Standard King,4,22100,88400,Corporate,confirmed
B00000008,G002038,R0002,A0042,2024-10-29,2024-12-02,2024-12-09,Standard Double,7,18200,127400,OTA,no_show
B00000009,G002190,R0015,A0044,2025-10-15,2026-01-24,2026-02-01,Villa,8,71100,568800,OTA,confirmed
B00000010,G001060,R0031,A0009,2025-07-26,2025-11-01,2025-11-04,Villa,3,77900,233700,Travel Agent,completed
B00000011,G001068,R0022,A0024,2025-08-22,2025-09-29,2025-10-07,Villa,8,65100,520800,Corporate,completed
B00000012,G001223,R0025,A0034,2025-02-27,2025-03-06,2025-03-20,Villa,14,55100,771400,Direct,completed
B00000013,G000332,R0012,A0050,2025-05-14,2025-06-26,2025-07-07,Presidential,11,120800,1328800,Direct,completed
B00000014,G002517,R0006,A0009,2025-03-20,2025-06-10,2025-06-17,Standard Double,7,19900,139300,OTA,completed
B00000015,G000074,R0034,A0013,2025-11-23,2025-11-24,2025-12-05,Ocean Suite,11,33700,370700,Corporate,completed
B00000016,G001192,R0003,A0020,2025-04-11,2025-07-14,2025-07-23,Standard Double,9,15200,136800,Corporate,no_show
B00000017,G001653,R0013,A0011,2024-01-20,2024-02-19,2024-02-23,Ocean Suite,4,32000,128000,Travel Agent,completed
B00000018,G002191,R0017,A0050,2025-09-30,2025-10-07,2025-10-17,Presidential,10,141700,1417000,Travel Agent,completed
B00000019,G001944,R0036,A0017,2025-12-19,2026-01-08,2026-01-12,Ocean Suite,4,40700,162800,OTA,completed
B00000020,G002945,R0007,A0033,2025-09-24,2025-10-10,2025-10-15,Standard King,5,16200,81000,Direct,completed
B00000021,G000657,R0027,A0019,2024-02-10,2024-04-21,2024-04-29,Villa,8,71600,572800,OTA,completed
B00000022,G000369,R0032,A0010,2025-06-07,2025-06-17,2025-06-29,Ocean Suite,12,45500,546000,Travel Agent,completed
B00000023,G002773,R0024,A0052,2024-11-16,2025-01-10,2025-01-22,Standard King,12,22900,274800,Corporate,completed
B00000024,G001099,R0029,A0040,2024-04-05,2024-05-23,2024-06-06,Standard King,14,16300,228200,OTA,completed
B00000025,G000543,R0011,A0008,2025-12-13,2026-03-16,2026-03-17,Presidential,1,152600,152600,Direct,cancelled
B00000026,G002804,R0040,A0002,2024-05-13,2024-07-14,2024-07-22,Standard King,8,19000,152000,Direct,completed
B00000027,G002143,R0022,A0034,2025-12-05,2026-03-05,2026-03-15,Standard King,10,21200,212000,Direct,completed
B00000028,G002511,R0036,A0058,2024-02-25,2024-02-27,2024-03-09,Villa,11,66100,727100,OTA,completed
B00000029,G002077,R0018,A0004,2024-08-16,2024-10-26,2024-11-06,Standard Double,11,18800,206800,Direct,completed
B00000030,G002677,R0008,A0032,2024-01-19,2024-02-02,2024-02-09,Standard Double,7,16900,118300,Direct,completed
B00000031,G001489,R0030,A0022,2024-02-25,2024-06-09,2024-06-13,Ocean Suite,4,35500,142000,Corporate,completed
B00000032,G001399,R0015,A0001,2024-12-29,2025-04-15,2025-04-26,Presidential,11,119500,1314500,OTA,confirmed
B00000033,G001042,R0027,A0007,2025-09-17,2025-10-13,2025-10-17,Standard King,4,22900,91600,Direct,confirmed
B00000034,G002594,R0003,A0060,2025-11-19,2026-02-03,2026-02-05,Ocean Suite,2,37600,75200,Travel Agent,cancelled
B00000035,G002397,R0028,A0054,2025-05-09,2025-09-05,2025-09-14,Ocean Suite,9,45600,410400,Travel Agent,completed
B00000036,G001319,R0039,A0057,2025-05-31,2025-09-21,2025-09-28,Standard Double,7,17300,121100,Travel Agent,completed
B00000037,G001691,R0009,A0009,2025-09-08,2025-12-07,2025-12-19,Standard Double,12,19000,228000,OTA,completed
B00000038,G001191,R0040,A0046,2025-12-04,2026-01-18,2026-01-29,Standard King,11,21600,237600,Loyalty,completed
B00000039,G002388,R0036,A0031,2025-08-07,2025-11-01,2025-11-13,Standard Double,12,18300,219600,Corporate,completed
B00000040,G002746,R0010,A0004,2024-02-27,2024-03-24,2024-03-29,Ocean Suite,5,32500,162500,Direct,completed
B00000041,G001854,R0003,A0023,2024-04-14,2024-07-02,2024-07-16,Ocean Suite,14,39500,553000,Direct,completed
B00000042,G001563,R0004,A0060,2025-01-31,2025-03-26,2025-04-08,Presidential,13,120700,1569100,OTA,completed
B00000043,G002411,R0024,A0049,2025-07-13,2025-10-16,2025-10-26,Standard King,10,21800,218000,Direct,completed
B00000044,G000533,R0036,A0017,2024-06-13,2024-08-27,2024-09-10,Standard King,14,18200,254800,Travel Agent,completed
B00000045,G002712,R0040,A0054,2024-11-04,2025-01-06,2025-01-19,Standard Double,13,15400,200200,Corporate,completed
B00000046,G002225,R0011,A0027,2025-07-03,2025-08-24,2025-08-26,Standard King,2,23200,46400,Travel Agent,completed
B00000047,G002740,R0001,A0008,2024-12-20,2025-02-16,2025-02-20,Villa,4,69400,277600,Travel Agent,cancelled
B00000048,G001051,R0008,A0025,2025-07-07,2025-10-08,2025-10-13,Standard King,5,19900,99500,Corporate,completed
B00000049,G002105,R0013,A0021,2024-03-25,2024-04-07,2024-04-10,Presidential,3,148300,444900,OTA,completed
B00000050,G002879,R0014,A0035,2025-03-21,2025-06-12,2025-06-26,Villa,14,73400,1027600,Direct,completed
B00000051,G000289,R0017,A0036,2025-08-11,2025-11-25,2025-11-29,Villa,4,63200,252800,OTA,completed
B00000052,G002399,R0040,A0005,2024-02-16,2024-05-16,2024-05-30,Standard King,14,23600,330400,Direct,confirmed
B00000053,G001619,R0029,A0025,2025-11-07,2025-11-11,2025-11-19,Standard King,8,17200,137600,Travel Agent,confirmed
B00000054,G002268,R0024,A0001,2025-07-22,2025-08-10,2025-08-12,Standard King,2,20400,40800,OTA,completed
B00000055,G000660,R0033,A0010,2024-07-07,2024-08-05,2024-08-15,Ocean Suite,10,33100,331000,Direct,confirmed
B00000056,G000403,R0005,A0017,2024-07-21,2024-10-22,2024-11-01,Standard Double,10,15200,152000,Direct,completed
B00000057,G002525,R0029,A0022,2025-11-06,2025-12-16,2025-12-28,Standard Double,12,16900,202800,OTA,completed
B00000058,G002625,R0015,A0046,2025-03-22,2025-04-27,2025-05-11,Standard Double,14,17800,249200,OTA,completed
B00000059,G002485,R0012,A0042,2024-03-24,2024-07-10,2024-07-15,Villa,5,55200,276000,OTA,completed
B00000060,G002417,R0038,A0026,2024-08-05,2024-11-30,2024-12-01,Standard Double,1,16800,16800,Loyalty,completed
B00000061,G001192,R0038,A0047,2024-05-17,2024-07-16,2024-07-25,Standard Double,9,15700,141300,OTA,completed
B00000062,G002318,R0012,A0037,2025-11-06,2026-02-26,2026-03-01,Ocean Suite,3,38200,114600,OTA,completed
B00000063,G000847,R0003,A0043,2025-06-14,2025-10-09,2025-10-22,Standard Double,13,16200,210600,OTA,completed
B00000064,G002408,R0025,A0024,2025-10-31,2026-02-23,2026-03-09,Standard King,14,17500,245000,Loyalty,completed
B00000065,G002056,R0039,A0001,2024-05-22,2024-07-18,2024-07-21,Standard King,3,19900,59700,Direct,completed
B00000066,G000465,R0022,A0047,2025-05-08,2025-08-03,2025-08-11,Standard Double,8,17100,136800,Travel Agent,completed
B00000067,G002345,R0033,A0003,2024-05-30,2024-06-07,2024-06-10,Standard King,3,16900,50700,Loyalty,completed
B00000068,G002485,R0014,A0029,2025-04-27,2025-08-17,2025-08-25,Standard King,8,22700,181600,Travel Agent,confirmed
B00000069,G001858,R0022,A0060,2025-09-02,2025-11-17,2025-11-19,Standard King,2,18700,37400,Direct,completed
B00000070,G000160,R0040,A0039,2025-06-28,2025-09-01,2025-09-14,Standard King,13,19600,254800,Direct,completed
B00000071,G002171,R0003,A0045,2025-03-15,2025-04-14,2025-04-27,Standard Double,13,18500,240500,OTA,confirmed
B00000072,G000344,R0015,A0059,2024-10-17,2025-01-02,2025-01-11,Standard Double,9,14100,126900,Travel Agent,confirmed
B00000073,G001294,R0014,A0045,2025-02-22,2025-04-10,2025-04-12,Standard King,2,21100,42200,Direct,confirmed
B00000074,G000835,R0026,A0049,2025-02-27,2025-05-09,2025-05-22,Standard Double,13,14000,182000,OTA,completed
B00000075,G000879,R0011,A0007,2025-06-04,2025-07-26,2025-08-08,Standard King,13,20200,262600,Travel Agent,confirmed
B00000076,G002459,R0031,A0060,2025-03-21,2025-04-02,2025-04-04,Standard King,2,18600,37200,Travel Agent,confirmed
B00000077,G000718,R0039,A0004,2025-10-17,2025-12-20,2025-12-28,Standard King,8,22900,183200,Loyalty,completed
B00000078,G000980,R0003,A0024,2025-11-01,2025-11-02,2025-11-05,Standard King,3,17700,53100,OTA,completed
B00000079,G000370,R0005,A0059,2025-07-16,2025-08-22,2025-09-03,Ocean Suite,12,45700,548400,OTA,cancelled
B00000080,G000437,R0027,A0033,2025-07-26,2025-08-05,2025-08-14,Standard King,9,23800,214200,Corporate,cancelled
B00000081,G002844,R0037,A0017,2025-03-29,2025-05-17,2025-05-27,Standard Double,10,14500,145000,OTA,confirmed
B00000082,G002596,R0005,A0025,2024-08-13,2024-11-08,2024-11-20,Standard King,12,18100,217200,Loyalty,completed
B00000083,G001401,R0026,A0044,2024-03-18,2024-05-28,2024-05-31,Standard Double,3,15400,46200,Corporate,completed
B00000084,G001088,R0016,A0056,2024-07-30,2024-08-29,2024-09-02,Ocean Suite,4,44300,177200,OTA,confirmed
B00000085,G001976,R0035,A0003,2025-01-15,2025-04-05,2025-04-11,Standard Double,6,20100,120600,Corporate,confirmed
B00000086,G000222,R0037,A0009,2025-06-22,2025-10-03,2025-10-10,Standard Double,7,16800,117600,OTA,completed
B00000087,G001293,R0034,A0030,2025-12-06,2025-12-08,2025-12-09,Ocean Suite,1,36300,36300,Direct,completed
B00000088,G000754,R0022,A0024,2025-05-25,2025-07-19,2025-07-23,Standard Double,4,18300,73200,OTA,completed
B00000089,G000966,R0018,A0052,2025-07-22,2025-09-16,2025-09-30,Standard Double,14,13800,193200,Loyalty,completed
B00000090,G002952,R0034,A0035,2024-11-19,2025-02-28,2025-03-08,Standard King,8,20300,162400,OTA,completed
B00000091,G002580,R0031,A0054,2024-04-08,2024-06-05,2024-06-17,Standard King,12,18500,222000,OTA,cancelled
B00000092,G002363,R0039,A0013,2025-08-12,2025-11-04,2025-11-15,Standard Double,11,20000,220000,Direct,completed
B00000093,G002588,R0019,A0030,2024-05-28,2024-09-17,2024-09-20,Standard Double,3,19700,59100,OTA,completed
B00000094,G001298,R0015,A0021,2025-10-30,2025-12-07,2025-12-19,Standard King,12,21100,253200,Direct,completed
B00000095,G002981,R0002,A0009,2024-08-28,2024-11-21,2024-11-26,Villa,5,72000,360000,Direct,completed
B00000096,G001627,R0002,A0050,2025-06-20,2025-09-26,2025-09-28,Standard King,2,20800,41600,Direct,cancelled
B00000097,G000699,R0009,A0034,2024-01-30,2024-02-04,2024-02-15,Standard Double,11,19600,215600,Corporate,completed
B00000098,G002605,R0030,A0041,2025-07-31,2025-09-25,2025-10-04,Standard Double,9,16700,150300,Loyalty,completed
B00000099,G000638,R0027,A0017,2024-11-06,2024-11-08,2024-11-09,Standard Double,1,18400,18400,Direct,completed
B00000100,G001200,R0028,A0052,2025-09-03,2025-10-03,2025-10-16,Standard King,13,18600,241800,OTA,completed
B00000101,G000325,R0015,A0017,2025-03-08,2025-05-28,2025-06-01,Standard Double,4,18700,74800,Travel Agent,completed
B00000102,G000560,R0005,A0012,2024-10-23,2024-11-07,2024-11-18,Standard Double,11,16100,177100,Travel Agent,completed
B00000103,G000419,R0002,A0012,2024-10-15,2024-11-19,2024-11-22,Ocean Suite,3,42400,127200,Direct,completed
B00000104,G001900,R0032,A0024,2025-12-14,2026-03-26,2026-03-27,Standard King,1,22800,22800,Loyalty,completed
B00000105,G001563,R0017,A0053,2024-01-13,2024-01-29,2024-02-11,Ocean Suite,13,36400,473200,Loyalty,completed
B00000106,G001324,R0020,A0060,2024-06-11,2024-08-31,2024-09-12,Standard King,12,23700,284400,OTA,completed
B00000107,G000967,R0014,A0008,2025-10-10,2025-12-05,2025-12-11,Standard King,6,22400,134400,OTA,completed
B00000108,G000367,R0010,A0024,2024-09-11,2024-10-02,2024-10-10,Standard King,8,20800,166400,Loyalty,no_show
B00000109,G002197,R0010,A0045,2024-04-19,2024-05-06,2024-05-14,Standard King,8,24100,192800,Corporate,confirmed
B00000110,G002968,R0025,A0023,2024-05-17,2024-06-19,2024-06-20,Standard Double,1,16000,16000,Direct,completed
B00000111,G002453,R0030,A0018,2025-07-21,2025-08-11,2025-08-13,Standard Double,2,16100,32200,Corporate,completed
B00000112,G001492,R0002,A0040,2025-09-27,2025-10-28,2025-11-03,Ocean Suite,6,41200,247200,OTA,completed
B00000113,G002626,R0021,A0027,2024-11-25,2024-12-10,2024-12-12,Standard Double,2,13200,26400,Corporate,completed
B00000114,G002007,R0025,A0043,2025-06-22,2025-09-10,2025-09-22,Standard Double,12,13100,157200,Direct,confirmed
B00000115,G002618,R0006,A0030,2024-03-03,2024-04-19,2024-04-28,Ocean Suite,9,45300,407700,Corporate,confirmed
B00000116,G000885,R0020,A0005,2025-06-15,2025-06-28,2025-06-30,Ocean Suite,2,39000,78000,Direct,completed
B00000117,G002763,R0037,A0023,2025-04-14,2025-07-13,2025-07-24,Standard Double,11,13500,148500,Corporate,completed
B00000118,G001330,R0021,A0036,2025-01-15,2025-03-09,2025-03-22,Standard Double,13,18900,245700,OTA,completed
B00000119,G001627,R0029,A0029,2024-01-01,2024-04-03,2024-04-04,Presidential,1,137700,137700,OTA,no_show
B00000120,G001290,R0015,A0014,2024-01-23,2024-05-01,2024-05-15,Villa,14,75600,1058400,Loyalty,completed
B00000121,G000567,R0023,A0010,2024-09-28,2024-11-14,2024-11-24,Standard King,10,17600,176000,OTA,completed
B00000122,G002000,R0031,A0012,2025-12-07,2026-03-07,2026-03-17,Ocean Suite,10,31400,314000,Travel Agent,completed
B00000123,G001779,R0022,A0023,2025-03-02,2025-06-30,2025-07-14,Standard King,14,22200,310800,Travel Agent,confirmed
B00000124,G001339,R0037,A0010,2025-05-29,2025-08-27,2025-08-31,Standard King,4,21300,85200,Loyalty,no_show
B00000125,G001616,R0019,A0051,2024-05-31,2024-06-17,2024-06-23,Standard King,6,20400,122400,Direct,completed
B00000126,G000553,R0009,A0049,2025-05-07,2025-07-18,2025-07-22,Standard Double,4,17600,70400,Direct,completed
B00000127,G002805,R0028,A0021,2025-08-12,2025-08-24,2025-08-26,Ocean Suite,2,37100,74200,OTA,completed
B00000128,G001812,R0023,A0040,2025-09-30,2025-10-19,2025-10-27,Standard King,8,22600,180800,Direct,completed
B00000129,G000605,R0016,A0040,2024-10-21,2024-10-23,2024-10-29,Ocean Suite,6,31600,189600,OTA,completed
B00000130,G001060,R0034,A0049,2025-07-15,2025-09-15,2025-09-25,Ocean Suite,10,32200,322000,Travel Agent,completed
B00000131,G000823,R0004,A0019,2025-12-14,2026-03-04,2026-03-09,Standard King,5,21100,105500,Direct,completed
B00000132,G001560,R0025,A0015,2025-06-04,2025-09-03,2025-09-05,Villa,2,65500,131000,OTA,completed
B00000133,G001367,R0034,A0020,2025-05-16,2025-07-06,2025-07-18,Standard King,12,18400,220800,OTA,completed
B00000134,G001586,R0017,A0057,2024-01-31,2024-04-12,2024-04-17,Standard King,5,18300,91500,OTA,completed
B00000135,G001747,R0037,A0010,2024-11-15,2025-03-12,2025-03-22,Standard King,10,20100,201000,Direct,completed
B00000136,G000554,R0034,A0059,2025-03-16,2025-07-11,2025-07-24,Standard King,13,23600,306800,Loyalty,completed
B00000137,G000121,R0010,A0047,2024-11-22,2025-03-15,2025-03-22,Presidential,7,120200,841400,Travel Agent,confirmed
B00000138,G000757,R0007,A0009,2024-01-27,2024-05-04,2024-05-14,Standard Double,10,17200,172000,Travel Agent,completed
B00000139,G002058,R0031,A0009,2025-09-11,2025-11-11,2025-11-23,Standard Double,12,14100,169200,OTA,completed
B00000140,G001106,R0001,A0060,2025-02-26,2025-03-27,2025-04-08,Ocean Suite,12,33200,398400,Direct,completed
B00000141,G001659,R0016,A0028,2024-02-12,2024-04-30,2024-05-12,Ocean Suite,12,42300,507600,OTA,cancelled
B00000142,G001007,R0003,A0057,2025-06-15,2025-08-23,2025-08-30,Presidential,7,104300,730100,OTA,confirmed
B00000143,G001172,R0020,A0050,2025-04-17,2025-05-09,2025-05-16,Standard King,7,23500,164500,Travel Agent,cancelled
B00000144,G002852,R0038,A0058,2025-07-13,2025-07-31,2025-08-07,Standard Double,7,16100,112700,Direct,completed
B00000145,G002657,R0021,A0045,2025-12-29,2026-04-10,2026-04-13,Ocean Suite,3,31900,95700,Direct,completed
B00000146,G000655,R0033,A0040,2025-01-22,2025-04-03,2025-04-10,Standard King,7,16800,117600,OTA,confirmed
B00000147,G002566,R0029,A0019,2024-07-04,2024-07-20,2024-07-23,Presidential,3,102200,306600,Corporate,completed
B00000148,G000889,R0032,A0016,2025-08-25,2025-11-18,2025-11-26,Standard Double,8,16000,128000,Travel Agent,completed
B00000149,G000596,R0023,A0003,2024-02-03,2024-04-29,2024-05-09,Ocean Suite,10,34900,349000,Loyalty,completed
B00000150,G002833,R0040,A0043,2025-12-17,2026-03-04,2026-03-14,Ocean Suite,10,32800,328000,OTA,completed
B00000151,G000278,R0025,A0053,2025-03-13,2025-06-29,2025-07-08,Standard King,9,19500,175500,Direct,confirmed
B00000152,G000448,R0040,A0004,2025-08-08,2025-11-10,2025-11-21,Standard Double,11,13400,147400,Travel Agent,completed
B00000153,G002153,R0021,A0017,2025-08-11,2025-10-30,2025-11-05,Villa,6,69400,416400,OTA,confirmed
B00000154,G000485,R0013,A0001,2024-01-25,2024-03-25,2024-04-05,Ocean Suite,11,42600,468600,Direct,completed
B00000155,G002624,R0014,A0001,2024-07-25,2024-10-22,2024-10-27,Standard King,5,15900,79500,OTA,completed
B00000156,G000120,R0037,A0040,2024-06-28,2024-07-23,2024-07-29,Ocean Suite,6,45800,274800,OTA,completed
B00000157,G002200,R0030,A0058,2024-12-09,2025-02-07,2025-02-20,Ocean Suite,13,45900,596700,Direct,completed
B00000158,G001449,R0022,A0052,2024-03-08,2024-03-28,2024-04-02,Ocean Suite,5,35600,178000,OTA,completed
B00000159,G001289,R0020,A0046,2025-12-27,2026-01-01,2026-01-06,Standard Double,5,16400,82000,Direct,completed
B00000160,G000154,R0024,A0051,2024-07-25,2024-11-19,2024-11-21,Standard Double,2,12900,25800,OTA,completed
B00000161,G000403,R0010,A0050,2025-06-12,2025-09-07,2025-09-10,Standard King,3,15600,46800,OTA,confirmed
B00000162,G000357,R0039,A0056,2024-12-07,2025-02-05,2025-02-06,Standard King,1,22100,22100,Travel Agent,completed
B00000163,G002181,R0019,A0018,2024-11-22,2025-03-01,2025-03-09,Ocean Suite,8,34500,276000,Direct,completed
B00000164,G001305,R0023,A0036,2024-10-04,2024-10-23,2024-11-04,Ocean Suite,12,39700,476400,Direct,completed
B00000165,G001572,R0004,A0007,2024-02-25,2024-03-08,2024-03-15,Standard Double,7,18000,126000,Corporate,completed
B00000166,G002748,R0013,A0046,2025-06-30,2025-07-11,2025-07-24,Ocean Suite,13,39600,514800,Direct,confirmed
B00000167,G000950,R0030,A0031,2024-08-17,2024-09-05,2024-09-19,Villa,14,58700,821800,OTA,completed
B00000168,G001961,R0008,A0023,2025-04-17,2025-08-04,2025-08-07,Standard King,3,18400,55200,OTA,completed
B00000169,G001238,R0005,A0051,2025-06-29,2025-08-28,2025-09-04,Standard Double,7,14500,101500,Direct,completed
B00000170,G001784,R0038,A0028,2025-08-03,2025-11-12,2025-11-18,Standard Double,6,14500,87000,Travel Agent,completed
B00000171,G002274,R0030,A0021,2024-04-09,2024-07-24,2024-08-01,Standard King,8,23900,191200,Direct,completed
B00000172,G000892,R0004,A0006,2024-05-22,2024-09-13,2024-09-23,Villa,10,70000,700000,Direct,completed
B00000173,G000802,R0037,A0029,2024-07-29,2024-10-25,2024-10-31,Standard King,6,22400,134400,Travel Agent,cancelled
B00000174,G002387,R0023,A0006,2024-01-09,2024-03-28,2024-04-06,Standard Double,9,13700,123300,Direct,completed
B00000175,G001156,R0023,A0008,2024-02-01,2024-03-03,2024-03-10,Ocean Suite,7,36600,256200,OTA,completed
B00000176,G000771,R0031,A0009,2025-07-22,2025-09-10,2025-09-24,Villa,14,76100,1065400,Direct,no_show
B00000177,G001994,R0010,A0047,2025-11-04,2025-12-30,2026-01-02,Standard King,3,21000,63000,OTA,completed
B00000178,G001844,R0028,A0036,2025-01-28,2025-03-15,2025-03-19,Standard King,4,20700,82800,OTA,confirmed
B00000179,G001504,R0035,A0037,2024-02-04,2024-02-09,2024-02-19,Standard Double,10,15500,155000,OTA,cancelled
B00000180,G001005,R0040,A0006,2025-04-28,2025-07-18,2025-07-30,Ocean Suite,12,41400,496800,Travel Agent,completed
B00000181,G001860,R0001,A0031,2025-06-08,2025-10-02,2025-10-10,Standard Double,8,15200,121600,OTA,no_show
B00000182,G001246,R0039,A0048,2025-07-31,2025-09-03,2025-09-04,Standard Double,1,17000,17000,OTA,completed
B00000183,G000315,R0009,A0033,2024-10-11,2024-11-13,2024-11-16,Standard Double,3,14800,44400,Direct,confirmed
B00000184,G002871,R0012,A0017,2024-08-29,2024-10-31,2024-11-03,Ocean Suite,3,44800,134400,OTA,completed
B00000185,G001570,R0027,A0050,2024-08-31,2024-11-24,2024-12-02,Ocean Suite,8,32600,260800,OTA,confirmed
B00000186,G001951,R0030,A0026,2024-11-04,2025-01-04,2025-01-16,Villa,12,78600,943200,Direct,completed
B00000187,G001183,R0028,A0001,2025-04-04,2025-05-23,2025-06-03,Standard King,11,20000,220000,Loyalty,completed
B00000188,G001108,R0018,A0022,2024-09-30,2025-01-11,2025-01-13,Standard King,2,20500,41000,OTA,completed
B00000189,G002244,R0012,A0021,2024-01-11,2024-04-07,2024-04-08,Ocean Suite,1,29900,29900,Direct,completed
B00000190,G002538,R0003,A0002,2024-04-04,2024-04-12,2024-04-22,Ocean Suite,10,44300,443000,Loyalty,completed
B00000191,G002689,R0009,A0025,2025-10-25,2026-01-06,2026-01-19,Presidential,13,155700,2024100,Travel Agent,completed
B00000192,G001749,R0018,A0050,2025-12-09,2026-04-04,2026-04-15,Ocean Suite,11,35400,389400,Direct,completed
B00000193,G001085,R0004,A0017,2024-07-01,2024-08-27,2024-08-29,Standard Double,2,19700,39400,Travel Agent,completed
B00000194,G001809,R0007,A0059,2024-09-22,2024-10-06,2024-10-07,Standard King,1,20400,20400,Direct,completed
B00000195,G001603,R0022,A0058,2025-08-11,2025-08-12,2025-08-21,Ocean Suite,9,43200,388800,OTA,completed
B00000196,G002324,R0031,A0008,2025-07-02,2025-10-30,2025-11-05,Standard King,6,18000,108000,Direct,no_show
B00000197,G001883,R0022,A0006,2024-10-23,2025-01-14,2025-01-18,Standard King,4,15600,62400,OTA,completed
B00000198,G000777,R0029,A0048,2024-05-23,2024-05-28,2024-06-01,Standard King,4,24200,96800,Direct,completed
B00000199,G000152,R0029,A0002,2024-12-13,2024-12-21,2024-12-27,Ocean Suite,6,30400,182400,Direct,confirmed
B00000200,G000296,R0015,A0060,2024-02-07,2024-05-12,2024-05-15,Standard Double,3,12800,38400,Loyalty,completed
B00000201,G001259,R0004,A0058,2024-04-09,2024-06-07,2024-06-17,Standard King,10,20600,206000,Corporate,completed
B00000202,G002779,R0028,A0022,2025-02-15,2025-03-29,2025-03-31,Presidential,2,136500,273000,Direct,confirmed
B00000203,G000579,R0008,A0018,2025-03-01,2025-03-23,2025-04-04,Standard Double,12,13900,166800,Direct,completed
B00000204,G000735,R0001,A0001,2024-04-01,2024-07-01,2024-07-12,Standard Double,11,14800,162800,Travel Agent,confirmed
B00000205,G001845,R0018,A0034,2025-02-25,2025-03-28,2025-03-31,Standard Double,3,13000,39000,Direct,completed
B00000206,G000392,R0008,A0034,2025-09-25,2025-11-11,2025-11-25,Ocean Suite,14,39100,547400,Direct,confirmed
B00000207,G001944,R0010,A0044,2025-05-24,2025-06-16,2025-06-19,Ocean Suite,3,30500,91500,Travel Agent,completed
B00000208,G002202,R0004,A0060,2024-06-29,2024-07-20,2024-08-02,Standard King,13,19900,258700,Direct,completed
B00000209,G000452,R0021,A0015,2024-11-29,2024-12-29,2024-12-31,Standard King,2,19000,38000,Direct,cancelled
B00000210,G000730,R0040,A0030,2025-01-31,2025-03-20,2025-03-23,Standard Double,3,14200,42600,OTA,completed
B00000211,G001907,R0008,A0055,2025-04-14,2025-06-07,2025-06-10,Ocean Suite,3,33500,100500,Direct,completed
B00000212,G000887,R0034,A0032,2025-08-28,2025-10-28,2025-11-11,Standard Double,14,12800,179200,OTA,confirmed
B00000213,G002350,R0038,A0010,2024-01-06,2024-02-29,2024-03-01,Standard King,1,19500,19500,Corporate,completed
B00000214,G002288,R0016,A0006,2024-01-13,2024-04-11,2024-04-23,Standard Double,12,14300,171600,OTA,completed
B00000215,G000568,R0030,A0050,2025-12-21,2026-02-11,2026-02-14,Ocean Suite,3,36200,108600,OTA,completed
B00000216,G002357,R0040,A0035,2024-07-31,2024-11-09,2024-11-20,Standard King,11,23200,255200,Travel Agent,completed
B00000217,G000168,R0030,A0040,2025-01-09,2025-02-25,2025-02-28,Standard Double,3,18000,54000,OTA,confirmed
B00000218,G002377,R0031,A0048,2025-12-20,2026-01-16,2026-01-29,Ocean Suite,13,33600,436800,OTA,completed
B00000219,G001992,R0023,A0029,2025-05-28,2025-08-04,2025-08-18,Standard King,14,21600,302400,Travel Agent,completed
B00000220,G000329,R0030,A0006,2025-02-04,2025-05-30,2025-06-02,Standard King,3,23900,71700,Direct,completed
B00000221,G000093,R0034,A0041,2024-10-27,2024-12-20,2024-12-31,Standard Double,11,13700,150700,OTA,completed
B00000222,G002129,R0015,A0054,2025-10-22,2025-12-04,2025-12-11,Standard Double,7,17600,123200,Corporate,completed
B00000223,G001256,R0037,A0009,2024-06-24,2024-10-04,2024-10-09,Standard King,5,18600,93000,Direct,confirmed
B00000224,G000659,R0040,A0060,2025-12-29,2026-03-08,2026-03-13,Standard King,5,16800,84000,Travel Agent,cancelled
B00000225,G001297,R0008,A0003,2025-08-11,2025-08-28,2025-09-05,Standard King,8,16900,135200,OTA,completed
B00000226,G002186,R0035,A0011,2024-11-04,2024-11-20,2024-11-21,Standard Double,1,16400,16400,Direct,completed
B00000227,G001188,R0019,A0031,2025-08-10,2025-11-04,2025-11-07,Ocean Suite,3,42400,127200,Loyalty,completed
B00000228,G001262,R0036,A0008,2024-01-26,2024-03-18,2024-03-28,Ocean Suite,10,37500,375000,Direct,completed
B00000229,G000093,R0018,A0013,2024-03-26,2024-06-03,2024-06-17,Standard Double,14,17700,247800,Direct,completed
B00000230,G000606,R0024,A0026,2025-03-13,2025-04-30,2025-05-07,Standard Double,7,14800,103600,OTA,no_show
B00000231,G001703,R0029,A0048,2025-03-29,2025-05-05,2025-05-08,Ocean Suite,3,46700,140100,OTA,cancelled
B00000232,G000271,R0034,A0022,2025-08-27,2025-12-02,2025-12-09,Standard King,7,18900,132300,Loyalty,completed
B00000233,G002269,R0025,A0019,2025-05-17,2025-05-23,2025-06-06,Ocean Suite,14,44300,620200,OTA,completed
B00000234,G002608,R0020,A0041,2025-04-28,2025-05-14,2025-05-25,Ocean Suite,11,34700,381700,Direct,cancelled
B00000235,G000274,R0018,A0032,2025-09-05,2025-12-10,2025-12-16,Standard Double,6,16900,101400,Corporate,completed
B00000236,G001064,R0037,A0002,2024-06-15,2024-08-29,2024-08-30,Standard King,1,19400,19400,Travel Agent,completed
B00000237,G001188,R0023,A0004,2024-10-25,2025-01-01,2025-01-12,Villa,11,66400,730400,Corporate,completed
B00000238,G002808,R0020,A0018,2025-12-15,2026-03-14,2026-03-20,Standard King,6,20500,123000,Corporate,completed
B00000239,G000893,R0011,A0007,2024-06-07,2024-08-11,2024-08-15,Ocean Suite,4,43600,174400,OTA,completed
B00000240,G000538,R0005,A0008,2024-01-18,2024-03-20,2024-03-26,Standard King,6,18500,111000,Corporate,cancelled
B00000241,G000528,R0008,A0015,2025-12-11,2025-12-30,2026-01-11,Standard King,12,16400,196800,Direct,completed
B00000242,G000805,R0028,A0003,2024-04-20,2024-04-25,2024-05-08,Ocean Suite,13,40100,521300,OTA,cancelled
B00000243,G000820,R0014,A0038,2024-07-08,2024-10-02,2024-10-08,Standard King,6,16600,99600,Travel Agent,completed
B00000244,G002069,R0040,A0016,2025-08-06,2025-08-15,2025-08-17,Ocean Suite,2,43100,86200,OTA,confirmed
B00000245,G000877,R0007,A0060,2025-05-31,2025-09-17,2025-09-29,Standard Double,12,17900,214800,Direct,completed
B00000246,G001670,R0033,A0015,2024-04-25,2024-08-01,2024-08-07,Standard King,6,16200,97200,Direct,confirmed
B00000247,G001577,R0032,A0008,2024-10-17,2024-12-15,2024-12-25,Ocean Suite,10,41700,417000,Corporate,completed
B00000248,G001506,R0031,A0044,2024-07-02,2024-07-04,2024-07-15,Standard Double,11,13500,148500,OTA,completed
B00000249,G000692,R0038,A0007,2024-03-07,2024-04-23,2024-04-27,Standard King,4,20600,82400,Loyalty,completed
B00000250,G001119,R0038,A0038,2025-10-21,2025-12-12,2025-12-18,Standard Double,6,17200,103200,OTA,completed
B00000251,G000946,R0032,A0032,2025-10-05,2025-10-23,2025-10-24,Standard King,1,15700,15700,Direct,completed
B00000252,G002017,R0034,A0050,2025-04-22,2025-05-18,2025-05-23,Ocean Suite,5,38300,191500,Direct,completed
B00000253,G001883,R0025,A0029,2024-02-06,2024-02-11,2024-02-14,Standard Double,3,19200,57600,OTA,confirmed
B00000254,G000449,R0032,A0049,2025-08-05,2025-10-31,2025-11-08,Ocean Suite,8,41700,333600,OTA,completed
B00000255,G001166,R0023,A0050,2024-11-24,2024-12-02,2024-12-03,Standard Double,1,13700,13700,OTA,confirmed
B00000256,G001688,R0023,A0023,2024-12-25,2025-01-02,2025-01-13,Standard King,11,17400,191400,OTA,completed
B00000257,G001336,R0002,A0035,2024-02-08,2024-04-07,2024-04-18,Villa,11,68000,748000,Loyalty,completed
B00000258,G002346,R0025,A0021,2024-04-10,2024-07-23,2024-07-31,Standard King,8,21300,170400,OTA,completed
B00000259,G000827,R0024,A0028,2025-05-23,2025-08-13,2025-08-27,Presidential,14,106500,1491000,Corporate,completed
B00000260,G000377,R0040,A0048,2025-08-15,2025-08-28,2025-09-07,Standard King,10,15900,159000,Corporate,completed
B00000261,G002718,R0020,A0028,2025-07-06,2025-08-16,2025-08-20,Standard Double,4,14600,58400,OTA,completed
B00000262,G001915,R0014,A0043,2024-10-01,2025-01-29,2025-02-09,Standard Double,11,17300,190300,Corporate,completed
B00000263,G000617,R0010,A0016,2025-12-02,2026-03-10,2026-03-15,Ocean Suite,5,36900,184500,Corporate,cancelled
B00000264,G001176,R0018,A0053,2025-10-23,2025-11-13,2025-11-18,Ocean Suite,5,33800,169000,Direct,completed
B00000265,G002650,R0028,A0028,2024-02-07,2024-03-04,2024-03-07,Standard King,3,15500,46500,Corporate,completed
B00000266,G000344,R0004,A0056,2024-11-17,2025-02-03,2025-02-08,Villa,5,78000,390000,OTA,completed
B00000267,G000459,R0009,A0016,2025-08-07,2025-11-10,2025-11-19,Villa,9,66600,599400,Corporate,cancelled
B00000268,G002457,R0006,A0016,2024-05-05,2024-08-12,2024-08-25,Standard King,13,22700,295100,Travel Agent,confirmed
B00000269,G001125,R0012,A0014,2025-03-26,2025-05-18,2025-05-23,Villa,5,52600,263000,OTA,completed
B00000270,G000594,R0016,A0018,2025-01-06,2025-03-08,2025-03-20,Standard Double,12,15000,180000,Travel Agent,cancelled
B00000271,G002807,R0024,A0058,2024-05-04,2024-07-12,2024-07-26,Standard King,14,19200,268800,Direct,cancelled
B00000272,G000965,R0020,A0006,2024-10-31,2024-11-27,2024-12-11,Villa,14,78400,1097600,Travel Agent,confirmed
B00000273,G002014,R0006,A0053,2025-04-27,2025-07-31,2025-08-07,Villa,7,60900,426300,OTA,cancelled
B00000274,G002244,R0039,A0047,2024-11-30,2025-01-28,2025-02-09,Standard King,12,15700,188400,Travel Agent,completed
B00000275,G002359,R0020,A0021,2024-03-25,2024-04-09,2024-04-12,Standard King,3,21700,65100,Corporate,completed
B00000276,G000711,R0009,A0017,2025-12-04,2026-02-18,2026-03-04,Standard King,14,17800,249200,Direct,completed
B00000277,G002288,R0002,A0060,2025-10-24,2026-01-11,2026-01-22,Standard King,11,16100,177100,OTA,completed
B00000278,G000481,R0011,A0037,2024-01-15,2024-04-16,2024-04-25,Standard Double,9,19600,176400,OTA,completed
B00000279,G002025,R0018,A0019,2025-01-26,2025-02-12,2025-02-19,Villa,7,69000,483000,Loyalty,completed
B00000280,G001189,R0010,A0002,2024-09-25,2024-10-26,2024-11-05,Standard Double,10,14600,146000,OTA,completed
B00000281,G000870,R0026,A0044,2025-12-31,2026-02-19,2026-03-03,Standard Double,12,17200,206400,Direct,completed
B00000282,G002451,R0039,A0043,2025-12-27,2026-04-02,2026-04-15,Standard King,13,17500,227500,Travel Agent,completed
B00000283,G002378,R0036,A0003,2024-07-02,2024-08-05,2024-08-08,Standard Double,3,19700,59100,Corporate,completed
B00000284,G000181,R0008,A0021,2024-05-10,2024-07-13,2024-07-27,Presidential,14,118800,1663200,OTA,completed
B00000285,G000620,R0032,A0049,2025-07-23,2025-11-10,2025-11-21,Standard Double,11,16000,176000,Direct,completed
B00000286,G000476,R0030,A0028,2025-05-21,2025-05-27,2025-06-04,Standard Double,8,18000,144000,OTA,completed
B00000287,G001164,R0014,A0056,2024-07-03,2024-10-18,2024-10-21,Ocean Suite,3,44100,132300,OTA,completed
B00000288,G002041,R0005,A0016,2025-11-24,2025-12-07,2025-12-13,Standard King,6,21400,128400,Travel Agent,completed
B00000289,G002899,R0006,A0030,2025-11-06,2026-01-07,2026-01-15,Standard Double,8,14700,117600,Travel Agent,completed
B00000290,G000866,R0037,A0009,2024-02-19,2024-06-01,2024-06-12,Standard King,11,22400,246400,Travel Agent,completed
B00000291,G001634,R0016,A0050,2024-04-01,2024-04-04,2024-04-18,Standard King,14,18700,261800,OTA,completed
B00000292,G001271,R0028,A0048,2025-12-02,2026-02-18,2026-02-21,Standard Double,3,13400,40200,OTA,completed
B00000293,G000370,R0039,A0028,2025-03-08,2025-06-20,2025-06-26,Standard Double,6,16000,96000,OTA,completed
B00000294,G002029,R0010,A0060,2025-06-23,2025-09-12,2025-09-23,Standard Double,11,14900,163900,OTA,cancelled
B00000295,G000196,R0019,A0037,2025-07-18,2025-07-28,2025-07-29,Standard Double,1,16500,16500,OTA,completed
B00000296,G002063,R0006,A0050,2024-01-17,2024-02-01,2024-02-13,Ocean Suite,12,32800,393600,Direct,completed
B00000297,G002746,R0030,A0049,2025-04-05,2025-06-24,2025-07-07,Standard King,13,24000,312000,Corporate,completed
B00000298,G001618,R0002,A0001,2024-04-29,2024-05-01,2024-05-04,Ocean Suite,3,37800,113400,OTA,completed
B00000299,G002829,R0040,A0024,2025-11-20,2026-02-17,2026-02-28,Standard Double,11,15000,165000,Direct,completed
B00000300,G002657,R0014,A0031,2024-05-28,2024-08-20,2024-08-24,Standard Double,4,17400,69600,Corporate,completed
B00000301,G000681,R0002,A0008,2024-06-05,2024-09-08,2024-09-20,Standard Double,12,16300,195600,Direct,completed
B00000302,G002583,R0001,A0007,2025-12-31,2026-02-25,2026-03-04,Ocean Suite,7,42600,298200,OTA,completed
B00000303,G002505,R0038,A0047,2025-11-25,2026-03-21,2026-04-04,Villa,14,57900,810600,Direct,completed
B00000304,G001939,R0027,A0057,2024-04-29,2024-07-02,2024-07-12,Villa,10,61400,614000,Travel Agent,completed
B00000305,G000900,R0015,A0033,2025-08-24,2025-12-19,2025-12-30,Standard King,11,20700,227700,Corporate,completed
B00000306,G001935,R0024,A0051,2024-06-14,2024-09-02,2024-09-06,Standard King,4,22000,88000,Travel Agent,completed
B00000307,G000962,R0032,A0020,2024-08-02,2024-10-13,2024-10-14,Presidential,1,123500,123500,Direct,completed
B00000308,G000467,R0022,A0028,2025-09-24,2025-10-24,2025-10-26,Standard Double,2,16300,32600,Loyalty,confirmed
B00000309,G002743,R0033,A0039,2024-04-16,2024-07-16,2024-07-17,Villa,1,64100,64100,OTA,confirmed
B00000310,G000432,R0003,A0033,2024-06-20,2024-09-09,2024-09-11,Villa,2,78300,156600,Direct,completed
B00000311,G002651,R0007,A0010,2025-01-07,2025-02-19,2025-03-05,Standard King,14,22900,320600,OTA,completed
B00000312,G000350,R0033,A0011,2024-09-29,2024-11-16,2024-11-28,Ocean Suite,12,36000,432000,Travel Agent,completed
B00000313,G001677,R0028,A0027,2025-04-14,2025-08-02,2025-08-11,Ocean Suite,9,36000,324000,Direct,completed
B00000314,G000674,R0021,A0026,2025-03-20,2025-03-28,2025-04-04,Ocean Suite,7,41300,289100,Travel Agent,cancelled
B00000315,G001247,R0036,A0056,2024-11-17,2025-03-14,2025-03-20,Standard King,6,17800,106800,OTA,cancelled
B00000316,G002230,R0014,A0057,2025-10-01,2026-01-10,2026-01-20,Ocean Suite,10,41900,419000,Corporate,confirmed
B00000317,G001598,R0035,A0022,2024-05-09,2024-07-15,2024-07-24,Standard King,9,16100,144900,OTA,completed
B00000318,G001060,R0035,A0038,2024-09-04,2024-12-20,2025-01-02,Standard King,13,19100,248300,OTA,confirmed
B00000319,G001221,R0008,A0029,2025-08-09,2025-11-12,2025-11-13,Standard Double,1,20100,20100,Corporate,no_show
B00000320,G002929,R0019,A0043,2025-08-09,2025-11-04,2025-11-07,Ocean Suite,3,38800,116400,Direct,completed
B00000321,G001688,R0028,A0054,2024-03-24,2024-04-05,2024-04-06,Standard Double,1,13700,13700,Direct,completed
B00000322,G002607,R0038,A0032,2025-03-09,2025-05-05,2025-05-17,Villa,12,65600,787200,Loyalty,confirmed
B00000323,G002103,R0009,A0046,2025-06-25,2025-07-11,2025-07-23,Standard King,12,19500,234000,Travel Agent,cancelled
B00000324,G002142,R0019,A0003,2024-06-05,2024-06-21,2024-06-27,Standard King,6,18600,111600,Direct,completed
B00000325,G001162,R0020,A0057,2024-08-08,2024-09-01,2024-09-15,Ocean Suite,14,29700,415800,OTA,completed
B00000326,G001546,R0022,A0051,2025-05-01,2025-08-16,2025-08-28,Ocean Suite,12,32000,384000,Direct,completed
B00000327,G002560,R0021,A0006,2025-11-11,2026-01-30,2026-02-06,Standard Double,7,19500,136500,OTA,completed
B00000328,G000102,R0011,A0046,2025-08-08,2025-10-28,2025-11-10,Ocean Suite,13,35100,456300,Travel Agent,completed
B00000329,G001950,R0034,A0013,2025-05-29,2025-09-21,2025-09-22,Standard King,1,23700,23700,Direct,completed
B00000330,G001313,R0035,A0039,2025-02-15,2025-05-02,2025-05-03,Standard Double,1,19700,19700,OTA,completed
B00000331,G000407,R0006,A0008,2025-07-08,2025-07-30,2025-08-04,Standard King,5,17500,87500,Direct,completed
B00000332,G000112,R0021,A0012,2025-12-31,2026-01-08,2026-01-13,Standard Double,5,15100,75500,OTA,completed
B00000333,G000969,R0039,A0038,2025-05-19,2025-07-24,2025-08-06,Standard Double,13,19800,257400,Direct,completed
B00000334,G000077,R0015,A0059,2024-10-02,2024-12-12,2024-12-22,Ocean Suite,10,34000,340000,OTA,confirmed
B00000335,G000584,R0033,A0014,2025-01-17,2025-03-28,2025-03-31,Ocean Suite,3,39100,117300,OTA,cancelled
B00000336,G000247,R0011,A0001,2025-05-08,2025-06-12,2025-06-22,Standard King,10,21400,214000,Loyalty,confirmed
B00000337,G000287,R0035,A0037,2024-11-03,2024-11-15,2024-11-22,Ocean Suite,7,44200,309400,Travel Agent,no_show
B00000338,G002794,R0021,A0057,2024-12-16,2025-03-08,2025-03-13,Presidential,5,144400,722000,Direct,completed
B00000339,G002834,R0022,A0002,2024-05-16,2024-08-07,2024-08-08,Standard Double,1,12700,12700,Direct,completed
B00000340,G000127,R0005,A0035,2025-11-18,2026-01-14,2026-01-25,Standard King,11,24000,264000,OTA,completed
B00000341,G000039,R0013,A0029,2024-08-14,2024-11-18,2024-11-19,Ocean Suite,1,41600,41600,Travel Agent,completed
B00000342,G000151,R0032,A0024,2024-10-14,2024-12-17,2024-12-29,Ocean Suite,12,33400,400800,Direct,confirmed
B00000343,G002318,R0013,A0043,2025-11-19,2026-02-15,2026-02-25,Standard Double,10,13200,132000,Direct,completed
B00000344,G002777,R0002,A0045,2025-06-29,2025-09-16,2025-09-21,Ocean Suite,5,45200,226000,Direct,completed
B00000345,G000499,R0027,A0018,2025-11-27,2026-02-02,2026-02-10,Standard Double,8,16600,132800,Direct,confirmed
B00000346,G001371,R0026,A0013,2024-03-24,2024-07-15,2024-07-25,Ocean Suite,10,47000,470000,Direct,completed
B00000347,G002562,R0005,A0041,2024-04-09,2024-04-13,2024-04-21,Standard Double,8,12900,103200,Corporate,cancelled
B00000348,G001396,R0031,A0016,2024-02-25,2024-06-10,2024-06-16,Standard Double,6,14500,87000,Direct,completed
B00000349,G000137,R0006,A0004,2025-01-21,2025-03-03,2025-03-17,Ocean Suite,14,43400,607600,Direct,confirmed
B00000350,G000214,R0004,A0036,2024-10-28,2025-02-14,2025-02-21,Standard Double,7,17300,121100,OTA,confirmed
B00000351,G002541,R0028,A0057,2025-09-26,2025-10-09,2025-10-15,Ocean Suite,6,41500,249000,Direct,completed
B00000352,G000794,R0038,A0051,2025-08-09,2025-08-26,2025-09-06,Standard Double,11,15400,169400,OTA,completed
B00000353,G001786,R0020,A0038,2025-06-09,2025-09-01,2025-09-14,Standard Double,13,17100,222300,OTA,completed
B00000354,G002403,R0001,A0034,2025-11-04,2026-01-30,2026-02-02,Standard King,3,19800,59400,Corporate,confirmed
B00000355,G000281,R0013,A0051,2024-12-15,2025-01-09,2025-01-20,Standard Double,11,17900,196900,OTA,completed
B00000356,G000173,R0030,A0057,2025-05-22,2025-06-20,2025-06-21,Standard Double,1,17900,17900,OTA,completed
B00000357,G000028,R0012,A0053,2025-01-06,2025-01-08,2025-01-10,Standard Double,2,16900,33800,Direct,completed
B00000358,G001164,R0013,A0013,2024-06-27,2024-07-26,2024-07-31,Ocean Suite,5,35600,178000,OTA,completed
B00000359,G002683,R0009,A0025,2024-04-23,2024-06-06,2024-06-10,Standard King,4,17400,69600,Corporate,completed
B00000360,G000777,R0009,A0051,2024-07-15,2024-09-22,2024-09-29,Ocean Suite,7,35300,247100,OTA,completed
B00000361,G000518,R0018,A0056,2025-06-04,2025-08-18,2025-08-26,Standard King,8,16000,128000,OTA,completed
B00000362,G002043,R0033,A0024,2025-06-15,2025-08-14,2025-08-17,Standard King,3,18600,55800,Travel Agent,confirmed
B00000363,G000150,R0038,A0042,2024-07-31,2024-08-29,2024-09-02,Standard Double,4,14500,58000,Direct,completed
B00000364,G000345,R0006,A0009,2024-10-29,2024-12-25,2025-01-03,Standard Double,9,17100,153900,OTA,completed
B00000365,G001119,R0032,A0021,2025-01-26,2025-01-30,2025-02-02,Standard Double,3,14700,44100,Direct,cancelled
B00000366,G000157,R0005,A0024,2025-07-13,2025-08-08,2025-08-14,Standard King,6,18200,109200,OTA,confirmed
B00000367,G002934,R0009,A0055,2025-07-10,2025-11-04,2025-11-09,Standard King,5,17900,89500,Corporate,confirmed
B00000368,G000612,R0033,A0049,2025-02-11,2025-03-13,2025-03-17,Ocean Suite,4,33400,133600,Direct,completed
B00000369,G000770,R0006,A0021,2025-03-15,2025-06-22,2025-07-04,Standard Double,12,16000,192000,Corporate,completed
B00000370,G002699,R0001,A0032,2024-12-29,2025-02-11,2025-02-15,Standard Double,4,17800,71200,OTA,confirmed
B00000371,G000570,R0003,A0060,2024-06-06,2024-07-19,2024-07-29,Standard Double,10,17200,172000,Travel Agent,confirmed
B00000372,G002333,R0007,A0022,2025-04-07,2025-06-28,2025-07-03,Standard King,5,16200,81000,OTA,completed
B00000373,G001581,R0005,A0059,2024-10-17,2024-11-13,2024-11-17,Standard King,4,20000,80000,OTA,completed
B00000374,G002198,R0008,A0009,2025-03-04,2025-05-05,2025-05-17,Standard King,12,23800,285600,Corporate,completed
B00000375,G002407,R0037,A0020,2024-07-26,2024-09-29,2024-10-11,Ocean Suite,12,34500,414000,Direct,completed
B00000376,G002011,R0037,A0057,2025-04-16,2025-06-15,2025-06-25,Standard King,10,16100,161000,Travel Agent,cancelled
B00000377,G002531,R0012,A0058,2025-03-18,2025-05-16,2025-05-23,Villa,7,56500,395500,OTA,completed
B00000378,G002731,R0035,A0019,2024-03-09,2024-06-07,2024-06-19,Ocean Suite,12,33500,402000,OTA,no_show
B00000379,G000431,R0005,A0049,2025-05-31,2025-09-07,2025-09-20,Standard King,13,19300,250900,Direct,completed
B00000380,G000797,R0026,A0055,2025-02-10,2025-02-15,2025-02-16,Standard King,1,21600,21600,Direct,completed
B00000381,G001793,R0016,A0046,2024-05-23,2024-07-23,2024-08-06,Standard King,14,16700,233800,Corporate,completed
B00000382,G001120,R0001,A0044,2024-06-06,2024-08-02,2024-08-08,Standard King,6,21700,130200,Corporate,completed
B00000383,G000215,R0020,A0029,2025-09-04,2025-09-05,2025-09-06,Ocean Suite,1,43100,43100,Loyalty,completed
B00000384,G000788,R0001,A0022,2025-11-27,2026-02-21,2026-02-23,Standard King,2,23200,46400,Corporate,confirmed
B00000385,G001340,R0007,A0053,2024-11-26,2025-02-06,2025-02-17,Standard King,11,17100,188100,OTA,cancelled
B00000386,G001296,R0026,A0042,2024-01-13,2024-03-03,2024-03-07,Standard Double,4,13200,52800,Corporate,completed
B00000387,G000418,R0039,A0032,2025-12-30,2026-03-09,2026-03-22,Presidential,13,153000,1989000,Direct,cancelled
B00000388,G002730,R0021,A0055,2025-05-08,2025-05-17,2025-05-23,Standard King,6,23500,141000,OTA,completed
B00000389,G000509,R0040,A0049,2024-11-12,2024-12-13,2024-12-25,Standard Double,12,14500,174000,Direct,completed
B00000390,G002971,R0003,A0016,2025-09-04,2025-10-31,2025-11-12,Villa,12,55000,660000,OTA,confirmed
B00000391,G001357,R0015,A0055,2024-12-16,2025-01-17,2025-01-21,Standard Double,4,19500,78000,Travel Agent,completed
B00000392,G002580,R0012,A0029,2024-01-07,2024-01-16,2024-01-30,Standard Double,14,19900,278600,Direct,no_show
B00000393,G000838,R0038,A0036,2024-08-29,2024-11-02,2024-11-04,Standard Double,2,16200,32400,Direct,completed
B00000394,G000825,R0029,A0041,2024-10-05,2025-01-24,2025-02-06,Standard Double,13,19800,257400,OTA,completed
B00000395,G001563,R0031,A0002,2025-03-13,2025-07-01,2025-07-03,Ocean Suite,2,45800,91600,OTA,completed
B00000396,G001537,R0030,A0019,2025-07-29,2025-10-15,2025-10-23,Standard King,8,16500,132000,OTA,completed
B00000397,G001529,R0027,A0026,2025-01-28,2025-04-01,2025-04-06,Standard Double,5,17100,85500,OTA,completed
B00000398,G002905,R0023,A0033,2025-05-15,2025-08-05,2025-08-17,Standard Double,12,13100,157200,OTA,completed
B00000399,G002895,R0024,A0041,2025-11-23,2025-11-27,2025-12-09,Ocean Suite,12,32300,387600,Travel Agent,cancelled
B00000400,G002893,R0025,A0026,2025-08-23,2025-12-17,2025-12-19,Standard Double,2,14100,28200,OTA,confirmed
B00000401,G002981,R0027,A0049,2024-04-01,2024-04-15,2024-04-26,Standard Double,11,18700,205700,Corporate,completed
B00000402,G000397,R0032,A0001,2024-03-12,2024-06-20,2024-07-02,Standard Double,12,15800,189600,Direct,completed
B00000403,G000452,R0012,A0033,2025-04-06,2025-06-18,2025-07-02,Standard King,14,17100,239400,Travel Agent,confirmed
B00000404,G002607,R0040,A0007,2024-06-19,2024-06-30,2024-07-05,Standard King,5,16400,82000,Direct,completed
B00000405,G002386,R0001,A0043,2024-02-12,2024-02-25,2024-02-29,Standard Double,4,12800,51200,Travel Agent,no_show
B00000406,G001760,R0022,A0039,2024-12-10,2025-01-27,2025-02-07,Villa,11,80900,889900,Corporate,cancelled
B00000407,G001353,R0004,A0023,2024-04-12,2024-04-13,2024-04-21,Villa,8,63000,504000,Corporate,cancelled
B00000408,G001693,R0031,A0033,2025-11-07,2025-12-02,2025-12-03,Presidential,1,159400,159400,Corporate,completed
B00000409,G001985,R0015,A0039,2025-02-13,2025-05-19,2025-05-29,Ocean Suite,10,35800,358000,Loyalty,cancelled
B00000410,G002343,R0034,A0057,2025-05-31,2025-06-05,2025-06-08,Standard Double,3,13400,40200,Corporate,no_show
B00000411,G002715,R0008,A0031,2025-07-07,2025-08-07,2025-08-11,Standard King,4,22000,88000,Travel Agent,completed
B00000412,G001571,R0021,A0058,2024-10-14,2024-11-12,2024-11-24,Standard King,12,19500,234000,Corporate,completed
B00000413,G000917,R0022,A0056,2025-08-12,2025-11-19,2025-11-29,Standard King,10,18300,183000,Loyalty,confirmed
B00000414,G000474,R0015,A0017,2024-10-24,2024-11-05,2024-11-07,Standard King,2,21900,43800,Loyalty,confirmed
B00000415,G000007,R0025,A0037,2024-11-14,2024-11-22,2024-12-02,Standard Double,10,19100,191000,Loyalty,completed
B00000416,G001887,R0001,A0035,2024-11-19,2024-12-08,2024-12-22,Villa,14,76100,1065400,OTA,completed
B00000417,G002821,R0020,A0033,2024-05-06,2024-06-11,2024-06-25,Ocean Suite,14,38100,533400,Corporate,completed
B00000418,G002936,R0022,A0010,2024-08-03,2024-11-20,2024-12-02,Villa,12,57700,692400,Travel Agent,cancelled
B00000419,G002701,R0026,A0020,2024-06-12,2024-06-15,2024-06-24,Standard Double,9,15900,143100,OTA,completed
B00000420,G002245,R0013,A0045,2025-02-07,2025-02-20,2025-02-23,Standard King,3,22400,67200,Corporate,completed
B00000421,G001977,R0029,A0045,2024-10-25,2025-02-17,2025-02-20,Standard King,3,22500,67500,Direct,completed
B00000422,G000690,R0028,A0044,2024-02-27,2024-03-11,2024-03-17,Presidential,6,112700,676200,Direct,no_show
B00000423,G000140,R0026,A0016,2024-05-01,2024-06-01,2024-06-08,Standard Double,7,17900,125300,Loyalty,completed
B00000424,G002591,R0025,A0018,2025-10-30,2025-12-26,2026-01-01,Standard King,6,16300,97800,Direct,completed
B00000425,G002341,R0028,A0020,2024-05-08,2024-05-21,2024-05-27,Standard King,6,23400,140400,Corporate,completed
B00000426,G002172,R0035,A0051,2025-05-15,2025-05-24,2025-06-02,Ocean Suite,9,39100,351900,Corporate,completed
B00000427,G000738,R0039,A0045,2024-01-06,2024-03-18,2024-03-26,Ocean Suite,8,31900,255200,Direct,completed
B00000428,G000511,R0003,A0006,2025-06-02,2025-07-11,2025-07-17,Presidential,6,112200,673200,Loyalty,completed
B00000429,G002364,R0029,A0009,2025-05-17,2025-08-14,2025-08-20,Standard Double,6,20100,120600,OTA,completed
B00000430,G001228,R0013,A0010,2024-08-08,2024-08-26,2024-09-05,Standard Double,10,17100,171000,Direct,confirmed
B00000431,G001869,R0011,A0026,2024-03-26,2024-04-28,2024-05-09,Standard Double,11,17900,196900,OTA,completed
B00000432,G000672,R0033,A0039,2025-03-05,2025-06-19,2025-06-22,Standard King,3,22300,66900,OTA,cancelled
B00000433,G001350,R0027,A0005,2025-10-17,2025-10-29,2025-11-04,Villa,6,74300,445800,Direct,confirmed
B00000434,G000431,R0015,A0025,2024-05-06,2024-05-29,2024-06-07,Ocean Suite,9,35100,315900,Corporate,completed
B00000435,G001303,R0004,A0011,2025-02-02,2025-02-26,2025-03-04,Ocean Suite,6,41600,249600,Corporate,completed
B00000436,G002325,R0010,A0025,2024-09-30,2024-10-07,2024-10-19,Standard Double,12,15500,186000,Corporate,completed
B00000437,G001920,R0023,A0052,2025-05-29,2025-07-05,2025-07-10,Presidential,5,133200,666000,Travel Agent,cancelled
B00000438,G002990,R0006,A0005,2024-09-02,2024-09-14,2024-09-17,Standard Double,3,13300,39900,Direct,cancelled
B00000439,G002994,R0033,A0060,2024-05-19,2024-07-20,2024-07-28,Standard Double,8,20200,161600,Corporate,completed
B00000440,G001414,R0035,A0048,2024-09-07,2024-12-11,2024-12-22,Presidential,11,151400,1665400,Corporate,completed
B00000441,G000922,R0034,A0058,2024-06-28,2024-07-08,2024-07-14,Ocean Suite,6,38700,232200,Loyalty,completed
B00000442,G002209,R0016,A0054,2024-04-30,2024-06-07,2024-06-12,Standard Double,5,14700,73500,Direct,completed
B00000443,G002000,R0040,A0055,2024-02-28,2024-04-14,2024-04-15,Standard Double,1,15200,15200,OTA,completed
B00000444,G002107,R0006,A0034,2024-06-06,2024-07-29,2024-07-31,Villa,2,51200,102400,Corporate,completed
B00000445,G001104,R0012,A0035,2024-04-21,2024-06-17,2024-06-28,Ocean Suite,11,32500,357500,OTA,completed
B00000446,G001617,R0003,A0009,2025-03-07,2025-06-11,2025-06-17,Villa,6,55800,334800,Direct,completed
B00000447,G002793,R0036,A0032,2024-05-10,2024-06-21,2024-07-04,Ocean Suite,13,45100,586300,OTA,cancelled
B00000448,G000087,R0008,A0007,2024-05-09,2024-05-29,2024-06-04,Standard Double,6,18500,111000,Direct,completed
B00000449,G000339,R0019,A0032,2025-03-15,2025-04-16,2025-04-26,Standard King,10,19900,199000,Direct,confirmed
B00000450,G002992,R0007,A0045,2025-05-29,2025-08-16,2025-08-19,Standard King,3,22900,68700,Travel Agent,completed
B00000451,G000599,R0013,A0060,2025-03-12,2025-03-15,2025-03-25,Standard King,10,23000,230000,OTA,completed
B00000452,G002089,R0031,A0004,2025-03-13,2025-06-04,2025-06-05,Standard King,1,17700,17700,Direct,completed
B00000453,G002706,R0001,A0004,2024-11-25,2024-12-23,2024-12-28,Standard Double,5,19500,97500,Direct,completed
B00000454,G002261,R0001,A0044,2024-05-13,2024-06-25,2024-07-01,Ocean Suite,6,36000,216000,Corporate,completed
B00000455,G000436,R0006,A0057,2024-05-13,2024-08-02,2024-08-14,Standard Double,12,13000,156000,Loyalty,cancelled
B00000456,G000405,R0029,A0060,2024-03-17,2024-05-26,2024-06-05,Standard King,10,21800,218000,Loyalty,completed
B00000457,G001035,R0036,A0046,2025-07-27,2025-09-10,2025-09-16,Standard Double,6,18100,108600,Loyalty,completed
B00000458,G000529,R0018,A0045,2024-10-23,2024-10-29,2024-11-08,Standard King,10,24000,240000,Direct,confirmed
B00000459,G002304,R0033,A0025,2025-02-03,2025-03-27,2025-04-06,Standard King,10,16900,169000,Direct,completed
B00000460,G001243,R0034,A0017,2024-08-13,2024-09-20,2024-10-02,Standard King,12,16300,195600,Direct,completed
B00000461,G000212,R0018,A0056,2025-10-19,2025-11-20,2025-12-04,Standard King,14,16300,228200,Travel Agent,completed
B00000462,G000235,R0019,A0021,2025-10-02,2026-01-15,2026-01-16,Ocean Suite,1,33500,33500,Loyalty,completed
B00000463,G001101,R0015,A0021,2024-07-27,2024-10-10,2024-10-21,Ocean Suite,11,42900,471900,Direct,completed
B00000464,G000744,R0006,A0032,2025-04-15,2025-05-09,2025-05-23,Villa,14,56600,792400,OTA,confirmed
B00000465,G001615,R0012,A0053,2025-12-04,2026-02-20,2026-02-24,Standard King,4,15900,63600,Direct,cancelled
B00000466,G002977,R0034,A0009,2024-01-13,2024-03-31,2024-04-02,Standard Double,2,12900,25800,Corporate,confirmed
B00000467,G000585,R0006,A0018,2025-10-04,2025-12-20,2025-12-21,Ocean Suite,1,29900,29900,Corporate,completed
B00000468,G001820,R0037,A0058,2024-06-16,2024-07-26,2024-08-01,Standard Double,6,14500,87000,OTA,completed
B00000469,G002096,R0019,A0007,2025-03-01,2025-03-20,2025-03-21,Villa,1,51700,51700,OTA,completed
B00000470,G000695,R0008,A0032,2024-04-22,2024-05-21,2024-05-23,Presidential,2,118900,237800,Direct,completed
B00000471,G002173,R0012,A0028,2024-12-08,2025-02-23,2025-02-26,Ocean Suite,3,32300,96900,Travel Agent,completed
B00000472,G001512,R0032,A0043,2024-09-28,2025-01-10,2025-01-22,Ocean Suite,12,43500,522000,Corporate,no_show
B00000473,G001960,R0029,A0047,2024-03-09,2024-03-24,2024-04-03,Standard Double,10,18200,182000,Direct,completed
B00000474,G002841,R0028,A0031,2025-02-27,2025-05-16,2025-05-29,Standard Double,13,13700,178100,Loyalty,cancelled
B00000475,G000343,R0015,A0025,2025-08-17,2025-11-17,2025-11-24,Standard Double,7,18500,129500,Corporate,completed
B00000476,G002288,R0002,A0024,2025-04-30,2025-05-18,2025-05-20,Standard King,2,18400,36800,Corporate,confirmed
B00000477,G001725,R0036,A0060,2024-09-05,2024-10-02,2024-10-16,Standard King,14,22000,308000,Direct,completed
B00000478,G002383,R0007,A0043,2024-03-16,2024-05-17,2024-05-31,Standard Double,14,13900,194600,Direct,completed
B00000479,G000574,R0012,A0031,2025-06-24,2025-09-22,2025-09-27,Standard Double,5,18100,90500,OTA,completed
B00000480,G000711,R0003,A0039,2025-05-30,2025-06-20,2025-06-21,Standard Double,1,15900,15900,Loyalty,completed
B00000481,G000643,R0028,A0060,2024-10-05,2024-10-17,2024-10-26,Standard Double,9,19800,178200,Travel Agent,completed
B00000482,G000317,R0036,A0039,2025-12-10,2026-02-08,2026-02-16,Standard King,8,21000,168000,Corporate,completed
B00000483,G001486,R0007,A0005,2025-09-09,2025-12-18,2026-01-01,Standard King,14,17400,243600,Direct,completed
B00000484,G000133,R0013,A0041,2024-09-03,2024-10-08,2024-10-10,Presidential,2,135800,271600,OTA,confirmed
B00000485,G001157,R0001,A0023,2025-02-11,2025-04-17,2025-04-21,Standard King,4,18800,75200,OTA,completed
B00000486,G002057,R0033,A0007,2024-06-02,2024-06-06,2024-06-16,Ocean Suite,10,38000,380000,Corporate,completed
B00000487,G000949,R0006,A0046,2024-08-08,2024-11-20,2024-12-01,Ocean Suite,11,43200,475200,Direct,cancelled
B00000488,G001765,R0024,A0040,2024-02-10,2024-06-04,2024-06-16,Ocean Suite,12,36500,438000,Direct,completed
B00000489,G001268,R0001,A0010,2025-07-14,2025-11-03,2025-11-16,Ocean Suite,13,31200,405600,Direct,completed
B00000490,G000292,R0023,A0006,2024-07-02,2024-10-01,2024-10-14,Standard Double,13,20100,261300,Loyalty,confirmed
B00000491,G001489,R0032,A0003,2024-10-20,2024-12-11,2024-12-18,Villa,7,78500,549500,Direct,completed
B00000492,G001844,R0027,A0033,2024-09-26,2025-01-17,2025-01-28,Standard King,11,24000,264000,Direct,confirmed
B00000493,G001540,R0007,A0019,2024-06-11,2024-08-23,2024-08-30,Villa,7,57600,403200,Corporate,completed
B00000494,G000444,R0012,A0047,2025-02-10,2025-05-20,2025-05-27,Standard King,7,18200,127400,OTA,no_show
B00000495,G001141,R0031,A0008,2025-04-10,2025-04-15,2025-04-24,Standard King,9,19500,175500,Travel Agent,completed
B00000496,G001762,R0024,A0051,2025-04-29,2025-05-27,2025-05-28,Standard King,1,15500,15500,Corporate,completed
B00000497,G000335,R0018,A0026,2024-11-01,2025-02-21,2025-03-05,Standard Double,12,15800,189600,Direct,cancelled
B00000498,G000814,R0020,A0011,2024-12-23,2025-02-15,2025-02-23,Standard Double,8,17900,143200,Direct,completed
B00000499,G000319,R0039,A0013,2025-11-14,2026-01-28,2026-02-07,Standard King,10,21200,212000,Corporate,confirmed
B00000500,G000605,R0030,A0060,2025-05-26,2025-09-14,2025-09-20,Standard King,6,24000,144000,OTA,completed
B00000501,G000150,R0038,A0007,2024-08-11,2024-11-15,2024-11-19,Standard Double,4,16800,67200,Direct,completed
B00000502,G001237,R0024,A0002,2024-11-10,2025-01-14,2025-01-28,Villa,14,71900,1006600,Travel Agent,completed
B00000503,G000721,R0022,A0008,2025-04-14,2025-06-08,2025-06-14,Standard King,6,20600,123600,OTA,completed
B00000504,G000426,R0007,A0006,2024-04-01,2024-06-24,2024-06-25,Standard Double,1,15800,15800,OTA,confirmed
B00000505,G001561,R0030,A0036,2024-04-27,2024-05-23,2024-06-06,Standard Double,14,13600,190400,Loyalty,cancelled
B00000506,G002698,R0018,A0057,2024-09-27,2024-11-06,2024-11-20,Villa,14,78200,1094800,Travel Agent,completed
B00000507,G000991,R0037,A0028,2025-07-23,2025-09-12,2025-09-16,Standard Double,4,15600,62400,Direct,cancelled
B00000508,G000408,R0028,A0015,2025-12-28,2026-04-10,2026-04-13,Standard Double,3,17400,52200,Corporate,confirmed
B00000509,G000383,R0014,A0006,2024-01-27,2024-03-23,2024-03-24,Standard Double,1,17100,17100,Direct,confirmed
B00000510,G000982,R0023,A0012,2025-10-30,2026-02-22,2026-02-26,Standard King,4,20100,80400,Direct,confirmed
B00000511,G000095,R0010,A0041,2025-10-15,2025-12-29,2026-01-12,Standard King,14,19400,271600,OTA,completed
B00000512,G000852,R0024,A0059,2025-02-04,2025-02-17,2025-02-25,Ocean Suite,8,36900,295200,OTA,completed
B00000513,G000660,R0029,A0052,2024-07-03,2024-08-11,2024-08-12,Villa,1,70700,70700,Travel Agent,confirmed
B00000514,G002239,R0040,A0039,2024-01-06,2024-01-27,2024-02-05,Ocean Suite,9,45900,413100,Direct,completed
B00000515,G000889,R0024,A0008,2024-01-31,2024-03-13,2024-03-16,Standard King,3,21800,65400,Loyalty,completed
B00000516,G002031,R0019,A0030,2025-03-22,2025-05-27,2025-06-03,Villa,7,58500,409500,Direct,confirmed
B00000517,G000679,R0038,A0020,2024-07-29,2024-10-30,2024-11-07,Standard Double,8,16000,128000,OTA,completed
B00000518,G001532,R0037,A0023,2025-10-09,2026-01-22,2026-01-24,Standard Double,2,19400,38800,Loyalty,completed
B00000519,G001322,R0008,A0012,2025-03-15,2025-06-25,2025-06-28,Standard Double,3,13200,39600,Travel Agent,completed
B00000520,G001348,R0001,A0046,2024-08-06,2024-10-05,2024-10-15,Ocean Suite,10,45400,454000,OTA,completed
B00000521,G002490,R0018,A0046,2025-11-18,2025-11-28,2025-12-08,Villa,10,63600,636000,Corporate,completed
B00000522,G001125,R0032,A0003,2025-03-07,2025-03-23,2025-03-25,Standard Double,2,17200,34400,OTA,completed
B00000523,G001650,R0019,A0009,2024-02-07,2024-06-01,2024-06-10,Villa,9,52100,468900,Travel Agent,completed
B00000524,G000327,R0023,A0026,2025-07-23,2025-10-31,2025-11-06,Standard Double,6,13100,78600,Direct,no_show
B00000525,G000120,R0040,A0007,2024-08-17,2024-08-24,2024-09-07,Standard King,14,16200,226800,OTA,completed
B00000526,G002202,R0024,A0053,2024-01-06,2024-05-05,2024-05-17,Villa,12,58700,704400,Corporate,completed
B00000527,G002862,R0025,A0018,2024-06-23,2024-10-20,2024-10-23,Standard Double,3,13600,40800,OTA,completed
B00000528,G000986,R0034,A0034,2025-08-14,2025-10-15,2025-10-26,Standard Double,11,14800,162800,Corporate,completed
B00000529,G002651,R0016,A0043,2024-07-29,2024-10-26,2024-10-28,Standard King,2,19700,39400,Direct,completed
B00000530,G002419,R0022,A0014,2025-06-24,2025-08-29,2025-09-12,Standard King,14,23700,331800,Travel Agent,completed
B00000531,G001854,R0024,A0025,2025-09-27,2025-12-02,2025-12-06,Ocean Suite,4,33000,132000,Direct,completed
B00000532,G000452,R0007,A0048,2024-09-03,2024-09-06,2024-09-14,Standard King,8,15500,124000,Travel Agent,completed
B00000533,G001626,R0014,A0010,2025-05-29,2025-07-24,2025-08-02,Standard King,9,19200,172800,OTA,completed
B00000534,G002434,R0026,A0012,2024-10-09,2024-12-16,2024-12-26,Standard Double,10,16000,160000,Travel Agent,completed
B00000535,G000978,R0037,A0018,2024-03-08,2024-05-16,2024-05-18,Standard King,2,23200,46400,Travel Agent,completed
B00000536,G000834,R0011,A0051,2024-12-21,2025-03-13,2025-03-18,Ocean Suite,5,34700,173500,Direct,completed
B00000537,G001361,R0011,A0012,2025-04-11,2025-04-30,2025-05-01,Ocean Suite,1,37200,37200,Direct,no_show
B00000538,G001443,R0001,A0039,2025-04-30,2025-07-14,2025-07-15,Standard Double,1,14600,14600,Direct,confirmed
B00000539,G000601,R0011,A0049,2024-04-06,2024-04-19,2024-04-24,Ocean Suite,5,35600,178000,OTA,completed
B00000540,G001445,R0001,A0053,2024-11-04,2025-02-03,2025-02-09,Villa,6,74200,445200,Corporate,cancelled
B00000541,G000903,R0027,A0055,2025-11-06,2025-11-25,2025-12-01,Standard Double,6,14500,87000,Travel Agent,no_show
B00000542,G001548,R0013,A0059,2025-10-16,2025-10-30,2025-11-04,Villa,5,71300,356500,Corporate,completed
B00000543,G001357,R0023,A0057,2025-02-04,2025-04-21,2025-04-28,Villa,7,59200,414400,Direct,completed
B00000544,G001422,R0037,A0051,2024-10-22,2024-11-06,2024-11-07,Standard Double,1,17800,17800,OTA,completed
B00000545,G001208,R0005,A0052,2024-01-16,2024-03-15,2024-03-16,Standard King,1,22700,22700,Direct,completed
B00000546,G001161,R0009,A0023,2025-05-29,2025-08-23,2025-09-05,Standard Double,13,19900,258700,Travel Agent,completed
B00000547,G001453,R0003,A0031,2024-09-11,2024-12-24,2025-01-04,Standard Double,11,15900,174900,Loyalty,completed
B00000548,G001321,R0028,A0044,2025-08-15,2025-09-02,2025-09-13,Ocean Suite,11,34100,375100,OTA,completed
B00000549,G001790,R0025,A0051,2024-04-08,2024-04-26,2024-05-05,Standard Double,9,15000,135000,Loyalty,confirmed
B00000550,G000114,R0027,A0030,2025-07-26,2025-07-30,2025-08-12,Standard Double,13,18400,239200,Travel Agent,completed
B00000551,G002317,R0035,A0058,2024-10-27,2024-11-03,2024-11-16,Ocean Suite,13,31900,414700,Travel Agent,completed
B00000552,G001107,R0006,A0004,2025-10-27,2025-11-10,2025-11-16,Standard Double,6,18900,113400,OTA,completed
B00000553,G000916,R0032,A0009,2025-11-22,2026-02-12,2026-02-26,Standard King,14,20900,292600,Travel Agent,cancelled
B00000554,G000276,R0013,A0008,2024-01-01,2024-01-21,2024-01-31,Villa,10,66500,665000,Direct,completed
B00000555,G001658,R0008,A0020,2025-05-10,2025-06-03,2025-06-17,Standard King,14,22900,320600,Direct,completed
B00000556,G000581,R0002,A0012,2025-11-04,2025-12-05,2025-12-08,Standard Double,3,17900,53700,Direct,completed
B00000557,G001581,R0018,A0026,2025-12-15,2026-03-28,2026-03-30,Standard Double,2,18800,37600,Direct,completed
B00000558,G002665,R0003,A0042,2025-11-03,2026-01-22,2026-01-30,Standard King,8,23400,187200,Loyalty,completed
B00000559,G002062,R0023,A0033,2024-08-03,2024-09-17,2024-09-29,Standard Double,12,16500,198000,Direct,completed
B00000560,G002697,R0009,A0018,2024-11-06,2025-03-05,2025-03-12,Standard King,7,22800,159600,OTA,cancelled
B00000561,G002699,R0033,A0050,2025-06-22,2025-07-26,2025-07-29,Ocean Suite,3,40000,120000,OTA,completed
B00000562,G000396,R0011,A0015,2025-11-12,2025-11-26,2025-12-04,Villa,8,65200,521600,Corporate,no_show
B00000563,G001574,R0012,A0047,2025-03-06,2025-07-03,2025-07-05,Standard King,2,17500,35000,Direct,confirmed
B00000564,G002862,R0021,A0007,2025-04-05,2025-05-24,2025-05-27,Presidential,3,136400,409200,Direct,completed
B00000565,G002165,R0011,A0028,2024-07-15,2024-07-27,2024-08-06,Standard King,10,23900,239000,Direct,completed
B00000566,G000295,R0037,A0035,2024-12-14,2025-01-07,2025-01-18,Ocean Suite,11,45600,501600,Travel Agent,completed
B00000567,G000565,R0036,A0055,2024-03-09,2024-05-05,2024-05-12,Standard Double,7,19300,135100,OTA,completed
B00000568,G002215,R0004,A0039,2024-12-04,2024-12-07,2024-12-11,Ocean Suite,4,34800,139200,Corporate,completed
B00000569,G002121,R0037,A0016,2025-09-17,2025-11-21,2025-11-26,Standard Double,5,13100,65500,Travel Agent,completed
B00000570,G000822,R0027,A0017,2024-12-08,2025-04-01,2025-04-14,Standard King,13,17100,222300,Corporate,completed
B00000571,G002499,R0037,A0058,2025-12-20,2026-04-06,2026-04-19,Ocean Suite,13,35800,465400,Direct,completed
B00000572,G000171,R0018,A0047,2024-04-16,2024-04-21,2024-04-29,Standard Double,8,17600,140800,OTA,completed
B00000573,G000804,R0002,A0050,2025-07-01,2025-09-17,2025-10-01,Standard Double,14,17800,249200,Direct,completed
B00000574,G000565,R0028,A0036,2024-04-28,2024-06-24,2024-06-26,Villa,2,80400,160800,OTA,completed
B00000575,G000931,R0038,A0001,2025-02-26,2025-06-02,2025-06-15,Villa,13,74700,971100,OTA,no_show
B00000576,G000520,R0005,A0004,2025-03-25,2025-04-18,2025-04-23,Standard King,5,18400,92000,Travel Agent,completed
B00000577,G001025,R0005,A0005,2025-07-10,2025-08-06,2025-08-14,Ocean Suite,8,43900,351200,Corporate,confirmed
B00000578,G002678,R0019,A0056,2024-09-07,2024-11-14,2024-11-19,Standard King,5,20100,100500,Direct,completed
B00000579,G002134,R0009,A0054,2024-08-24,2024-10-03,2024-10-15,Standard Double,12,13600,163200,Travel Agent,confirmed
B00000580,G000088,R0030,A0008,2025-05-25,2025-09-10,2025-09-11,Standard King,1,20500,20500,OTA,cancelled
B00000581,G000843,R0003,A0015,2025-01-23,2025-02-16,2025-02-27,Standard Double,11,13100,144100,OTA,completed
B00000582,G002421,R0017,A0052,2024-08-09,2024-11-14,2024-11-15,Standard King,1,22700,22700,OTA,completed
B00000583,G002191,R0019,A0055,2025-04-19,2025-06-13,2025-06-23,Ocean Suite,10,43200,432000,Direct,cancelled
B00000584,G001024,R0018,A0006,2025-07-09,2025-08-16,2025-08-22,Standard Double,6,13000,78000,Direct,completed
B00000585,G001084,R0021,A0054,2024-07-02,2024-08-28,2024-09-05,Standard King,8,15300,122400,Direct,completed
B00000586,G001133,R0038,A0006,2025-09-16,2025-11-26,2025-12-02,Presidential,6,128400,770400,Direct,confirmed
B00000587,G002532,R0012,A0010,2025-11-02,2025-11-09,2025-11-13,Standard King,4,15600,62400,Travel Agent,confirmed
B00000588,G000067,R0017,A0017,2025-11-25,2026-03-14,2026-03-28,Ocean Suite,14,39200,548800,Direct,completed
B00000589,G000836,R0005,A0016,2024-11-29,2025-02-11,2025-02-17,Ocean Suite,6,41600,249600,Direct,completed
B00000590,G001672,R0024,A0022,2025-10-29,2025-12-16,2025-12-24,Villa,8,59800,478400,Direct,completed
B00000591,G001283,R0014,A0052,2025-06-07,2025-09-07,2025-09-20,Ocean Suite,13,43400,564200,Travel Agent,cancelled
B00000592,G002063,R0015,A0037,2025-08-11,2025-10-31,2025-11-09,Ocean Suite,9,39100,351900,Direct,confirmed
B00000593,G002357,R0013,A0054,2024-10-27,2025-02-21,2025-02-25,Standard King,4,22400,89600,Loyalty,completed
B00000594,G000327,R0027,A0024,2024-12-26,2025-03-08,2025-03-17,Standard King,9,18500,166500,OTA,completed
B00000595,G001670,R0016,A0050,2025-11-21,2026-02-04,2026-02-15,Standard King,11,17600,193600,Direct,completed
B00000596,G000737,R0013,A0058,2025-04-09,2025-04-11,2025-04-14,Standard King,3,17600,52800,OTA,cancelled
B00000597,G001768,R0003,A0054,2024-01-25,2024-04-23,2024-04-26,Presidential,3,109900,329700,Corporate,cancelled
B00000598,G002282,R0026,A0045,2024-09-04,2024-12-05,2024-12-10,Standard King,5,23300,116500,Corporate,completed
B00000599,G001675,R0023,A0029,2025-10-07,2025-12-04,2025-12-16,Ocean Suite,12,34800,417600,OTA,completed
B00000600,G002430,R0001,A0038,2025-01-13,2025-04-10,2025-04-21,Standard Double,11,15100,166100,Direct,confirmed
B00000601,G002311,R0022,A0004,2025-06-14,2025-10-07,2025-10-16,Standard Double,9,19000,171000,OTA,completed
B00000602,G002127,R0014,A0028,2024-10-11,2024-12-24,2025-01-03,Standard King,10,18400,184000,Direct,completed
B00000603,G000435,R0017,A0039,2024-08-25,2024-11-19,2024-11-24,Standard King,5,17100,85500,Corporate,confirmed
B00000604,G000833,R0002,A0024,2024-10-15,2024-12-28,2025-01-04,Ocean Suite,7,38800,271600,Corporate,completed
B00000605,G000356,R0032,A0017,2024-05-20,2024-06-25,2024-07-07,Ocean Suite,12,46600,559200,Corporate,confirmed
B00000606,G001858,R0022,A0018,2025-10-07,2026-01-10,2026-01-19,Ocean Suite,9,31000,279000,Travel Agent,cancelled
B00000607,G000561,R0001,A0016,2025-08-23,2025-10-11,2025-10-25,Villa,14,71200,996800,Direct,completed
B00000608,G002963,R0006,A0034,2024-08-07,2024-08-08,2024-08-15,Standard King,7,20300,142100,Direct,completed
B00000609,G001429,R0016,A0041,2025-05-10,2025-07-17,2025-07-28,Presidential,11,154600,1700600,Corporate,confirmed
B00000610,G001211,R0035,A0031,2024-04-08,2024-05-07,2024-05-09,Presidential,2,155800,311600,Corporate,completed
B00000611,G002706,R0030,A0021,2024-04-26,2024-06-10,2024-06-22,Standard Double,12,13700,164400,Corporate,confirmed
B00000612,G002304,R0027,A0004,2024-11-26,2024-12-30,2025-01-10,Standard King,11,18800,206800,OTA,completed
B00000613,G000683,R0015,A0037,2025-07-02,2025-07-29,2025-08-11,Standard Double,13,19800,257400,Travel Agent,completed
B00000614,G002887,R0006,A0050,2024-12-07,2025-04-03,2025-04-09,Ocean Suite,6,39400,236400,Travel Agent,completed
B00000615,G002941,R0026,A0056,2024-08-22,2024-09-29,2024-10-12,Standard King,13,18600,241800,OTA,completed
B00000616,G002055,R0034,A0007,2025-02-11,2025-05-24,2025-06-01,Standard King,8,17800,142400,Direct,completed
B00000617,G001642,R0025,A0042,2024-05-14,2024-08-27,2024-09-08,Villa,12,76800,921600,Direct,completed
B00000618,G000622,R0039,A0059,2024-04-07,2024-07-11,2024-07-21,Ocean Suite,10,33100,331000,Travel Agent,completed
B00000619,G000409,R0030,A0013,2024-09-27,2024-12-20,2024-12-30,Standard Double,10,14900,149000,Direct,cancelled
B00000620,G001613,R0032,A0047,2025-01-16,2025-04-24,2025-05-03,Ocean Suite,9,37600,338400,OTA,completed
B00000621,G001273,R0007,A0042,2024-12-06,2024-12-25,2025-01-07,Standard Double,13,13300,172900,OTA,completed
B00000622,G001940,R0040,A0054,2025-06-19,2025-09-20,2025-10-04,Standard Double,14,14400,201600,Corporate,completed
B00000623,G001666,R0037,A0039,2024-01-06,2024-02-10,2024-02-22,Standard King,12,20300,243600,OTA,completed
B00000624,G000334,R0033,A0036,2024-04-17,2024-06-11,2024-06-23,Standard King,12,16400,196800,Direct,completed
B00000625,G001738,R0008,A0003,2025-05-22,2025-06-13,2025-06-24,Ocean Suite,11,38200,420200,Travel Agent,completed
B00000626,G002772,R0019,A0047,2024-10-04,2024-12-10,2024-12-16,Standard Double,6,15500,93000,Travel Agent,completed
B00000627,G001896,R0017,A0031,2024-08-03,2024-12-01,2024-12-07,Villa,6,72600,435600,Corporate,completed
B00000628,G001928,R0012,A0010,2024-03-09,2024-03-10,2024-03-15,Ocean Suite,5,33200,166000,Direct,completed
B00000629,G000926,R0036,A0057,2024-12-19,2025-03-10,2025-03-11,Villa,1,59200,59200,Corporate,confirmed
B00000630,G001044,R0026,A0060,2025-07-28,2025-10-06,2025-10-17,Ocean Suite,11,31100,342100,Direct,confirmed
B00000631,G002642,R0034,A0038,2025-01-27,2025-03-11,2025-03-21,Ocean Suite,10,40100,401000,Direct,confirmed
B00000632,G002519,R0014,A0006,2024-05-30,2024-06-18,2024-06-21,Standard Double,3,12700,38100,Direct,cancelled
B00000633,G002295,R0008,A0016,2025-02-06,2025-03-27,2025-04-09,Standard Double,13,16300,211900,OTA,completed
B00000634,G000586,R0018,A0046,2025-03-23,2025-06-03,2025-06-11,Standard Double,8,18600,148800,Travel Agent,completed
B00000635,G001910,R0024,A0055,2025-11-17,2026-01-01,2026-01-13,Standard Double,12,17300,207600,Corporate,cancelled
B00000636,G000023,R0034,A0013,2025-08-23,2025-10-02,2025-10-08,Standard King,6,18600,111600,Direct,cancelled
B00000637,G001961,R0018,A0042,2025-02-11,2025-02-17,2025-03-01,Ocean Suite,12,34500,414000,Direct,completed
B00000638,G002653,R0031,A0048,2025-07-12,2025-10-24,2025-10-26,Standard King,2,15500,31000,Corporate,completed
B00000639,G001817,R0008,A0004,2025-10-14,2026-01-13,2026-01-14,Standard King,1,23000,23000,Direct,confirmed
B00000640,G002906,R0021,A0058,2024-06-22,2024-10-16,2024-10-26,Ocean Suite,10,36100,361000,Direct,completed
B00000641,G002986,R0033,A0010,2024-09-30,2024-10-11,2024-10-14,Standard Double,3,14800,44400,Direct,completed
B00000642,G001399,R0023,A0008,2025-04-22,2025-07-04,2025-07-18,Ocean Suite,14,39600,554400,OTA,completed
B00000643,G000694,R0002,A0050,2024-01-11,2024-02-08,2024-02-19,Standard Double,11,13300,146300,Travel Agent,completed
B00000644,G001176,R0025,A0046,2024-07-01,2024-08-06,2024-08-09,Standard Double,3,15800,47400,Corporate,completed
B00000645,G002007,R0017,A0006,2024-12-29,2025-03-14,2025-03-20,Standard King,6,21000,126000,OTA,completed
B00000646,G002877,R0037,A0014,2025-03-20,2025-05-04,2025-05-15,Ocean Suite,11,43600,479600,Direct,completed
B00000647,G000894,R0014,A0017,2025-04-23,2025-05-27,2025-05-28,Villa,1,66500,66500,Travel Agent,completed
B00000648,G000139,R0038,A0058,2024-11-26,2025-02-24,2025-02-26,Standard Double,2,19200,38400,Direct,completed
B00000649,G001913,R0020,A0011,2025-07-13,2025-08-06,2025-08-19,Standard King,13,22500,292500,OTA,completed
B00000650,G001529,R0017,A0047,2025-09-07,2025-10-21,2025-10-29,Ocean Suite,8,35000,280000,Loyalty,confirmed
B00000651,G001642,R0018,A0037,2025-08-30,2025-09-03,2025-09-06,Standard Double,3,19600,58800,Corporate,cancelled
B00000652,G000572,R0037,A0049,2024-05-13,2024-08-06,2024-08-12,Ocean Suite,6,30600,183600,Direct,confirmed
B00000653,G002698,R0030,A0001,2024-05-31,2024-06-26,2024-06-29,Standard King,3,16000,48000,Direct,completed
B00000654,G001956,R0024,A0001,2024-06-12,2024-07-27,2024-07-29,Standard Double,2,17900,35800,Travel Agent,cancelled
B00000655,G000393,R0016,A0049,2025-01-31,2025-02-17,2025-02-23,Ocean Suite,6,32000,192000,Corporate,cancelled
B00000656,G001614,R0028,A0039,2025-06-30,2025-07-10,2025-07-16,Standard Double,6,18300,109800,OTA,completed
B00000657,G000007,R0033,A0053,2025-09-17,2025-12-03,2025-12-16,Standard Double,13,13300,172900,Direct,completed
B00000658,G000737,R0025,A0042,2025-03-11,2025-03-31,2025-04-05,Standard King,5,21300,106500,OTA,completed
B00000659,G000339,R0007,A0030,2024-12-20,2025-03-18,2025-03-30,Standard King,12,23000,276000,Corporate,completed
B00000660,G002679,R0001,A0032,2025-11-17,2026-01-08,2026-01-15,Ocean Suite,7,35000,245000,Direct,completed
B00000661,G002192,R0022,A0055,2025-01-08,2025-01-23,2025-02-05,Standard King,13,19100,248300,Corporate,confirmed
B00000662,G000810,R0038,A0017,2025-06-11,2025-09-24,2025-10-04,Ocean Suite,10,37700,377000,Direct,completed
B00000663,G001513,R0039,A0044,2024-09-15,2024-11-09,2024-11-15,Ocean Suite,6,43100,258600,Direct,completed
B00000664,G000146,R0020,A0041,2025-09-02,2025-09-17,2025-09-23,Ocean Suite,6,39000,234000,OTA,completed
B00000665,G001126,R0028,A0058,2024-12-19,2025-02-16,2025-02-28,Standard Double,12,19600,235200,Loyalty,cancelled
B00000666,G001338,R0003,A0005,2025-01-16,2025-01-21,2025-01-24,Standard Double,3,18100,54300,Corporate,completed
B00000667,G001642,R0020,A0028,2024-01-23,2024-02-16,2024-02-28,Standard King,12,21100,253200,Corporate,confirmed
B00000668,G002106,R0020,A0040,2025-07-06,2025-10-24,2025-11-06,Standard King,13,22400,291200,OTA,completed
B00000669,G002055,R0012,A0018,2025-11-18,2025-11-24,2025-12-04,Standard Double,10,14100,141000,Direct,completed
B00000670,G002601,R0030,A0039,2024-11-21,2024-12-04,2024-12-08,Standard King,4,21600,86400,Direct,completed
B00000671,G001594,R0022,A0035,2025-05-02,2025-08-30,2025-09-08,Standard King,9,18300,164700,OTA,completed
B00000672,G001598,R0011,A0044,2024-09-18,2024-11-09,2024-11-10,Ocean Suite,1,39700,39700,Direct,completed
B00000673,G001915,R0029,A0044,2024-01-31,2024-02-20,2024-03-01,Standard Double,10,17400,174000,OTA,completed
B00000674,G002202,R0025,A0059,2024-05-14,2024-07-02,2024-07-12,Villa,10,54700,547000,OTA,completed
B00000675,G001674,R0026,A0036,2024-12-26,2025-04-02,2025-04-06,Standard Double,4,17200,68800,OTA,completed
B00000676,G001901,R0026,A0032,2024-10-20,2025-02-03,2025-02-11,Standard King,8,23100,184800,OTA,completed
B00000677,G002377,R0007,A0025,2025-10-30,2025-12-23,2025-12-30,Standard Double,7,17500,122500,Travel Agent,completed
B00000678,G001024,R0021,A0040,2024-06-19,2024-08-31,2024-09-11,Standard Double,11,13400,147400,OTA,confirmed
B00000679,G001935,R0016,A0012,2025-12-30,2026-04-27,2026-05-01,Standard King,4,17900,71600,Corporate,completed
B00000680,G002049,R0012,A0030,2025-10-18,2025-11-02,2025-11-15,Standard Double,13,15200,197600,Loyalty,completed
B00000681,G002129,R0027,A0056,2025-04-26,2025-08-15,2025-08-22,Standard King,7,19000,133000,Direct,confirmed
B00000682,G001632,R0004,A0019,2024-02-10,2024-03-28,2024-04-04,Ocean Suite,7,38700,270900,Travel Agent,completed
B00000683,G000458,R0038,A0049,2024-06-22,2024-08-08,2024-08-15,Ocean Suite,7,32200,225400,Direct,completed
B00000684,G001003,R0032,A0049,2024-09-23,2024-11-06,2024-11-11,Ocean Suite,5,35500,177500,OTA,completed
B00000685,G000906,R0019,A0002,2025-01-14,2025-03-28,2025-04-03,Ocean Suite,6,35100,210600,Travel Agent,completed
B00000686,G002489,R0009,A0010,2024-10-26,2025-02-13,2025-02-20,Standard King,7,17300,121100,Corporate,completed
B00000687,G002117,R0033,A0048,2025-02-19,2025-04-22,2025-05-02,Villa,10,80100,801000,Travel Agent,completed
B00000688,G000693,R0032,A0042,2025-06-21,2025-08-22,2025-08-25,Standard Double,3,15500,46500,Travel Agent,completed
B00000689,G002986,R0039,A0050,2024-05-02,2024-07-25,2024-07-29,Standard Double,4,16100,64400,Loyalty,cancelled
B00000690,G000936,R0034,A0058,2024-07-26,2024-09-11,2024-09-22,Standard King,11,20900,229900,Loyalty,completed
B00000691,G002322,R0004,A0029,2025-06-19,2025-07-21,2025-07-25,Standard King,4,21900,87600,Travel Agent,completed
B00000692,G002261,R0039,A0018,2024-10-11,2024-10-23,2024-11-04,Standard King,12,22700,272400,Direct,cancelled
B00000693,G001902,R0038,A0031,2024-04-10,2024-06-18,2024-07-01,Standard King,13,22400,291200,Direct,completed
B00000694,G002451,R0038,A0014,2025-05-13,2025-06-21,2025-07-01,Standard King,10,19100,191000,Loyalty,confirmed
B00000695,G001668,R0017,A0049,2025-09-07,2025-10-12,2025-10-20,Standard Double,8,15200,121600,OTA,completed
B00000696,G001265,R0036,A0033,2025-10-02,2025-11-28,2025-11-30,Presidential,2,158700,317400,OTA,completed
B00000697,G001816,R0007,A0060,2024-12-16,2025-03-08,2025-03-19,Standard Double,11,14100,155100,Corporate,confirmed
B00000698,G000422,R0034,A0031,2025-12-02,2026-01-10,2026-01-20,Standard King,10,21300,213000,OTA,completed
B00000699,G002116,R0011,A0021,2025-04-30,2025-07-23,2025-08-02,Ocean Suite,10,43300,433000,Direct,cancelled
B00000700,G001292,R0023,A0054,2025-04-05,2025-05-15,2025-05-22,Standard Double,7,18400,128800,Direct,cancelled
B00000701,G002885,R0002,A0053,2024-07-26,2024-08-22,2024-09-02,Ocean Suite,11,34900,383900,OTA,completed
B00000702,G001803,R0040,A0033,2024-10-07,2024-10-21,2024-10-23,Standard King,2,18200,36400,OTA,confirmed
B00000703,G001148,R0032,A0016,2025-09-13,2025-11-28,2025-12-05,Standard King,7,15800,110600,OTA,completed
B00000704,G001695,R0005,A0021,2024-06-04,2024-09-24,2024-09-27,Standard Double,3,17000,51000,OTA,completed
B00000705,G000090,R0019,A0045,2024-05-23,2024-08-30,2024-09-12,Standard King,13,22300,289900,Travel Agent,completed
B00000706,G001365,R0030,A0024,2024-07-22,2024-10-17,2024-10-29,Standard King,12,20700,248400,Loyalty,completed
B00000707,G002165,R0004,A0054,2024-03-02,2024-06-27,2024-07-06,Standard Double,9,16900,152100,Loyalty,cancelled
B00000708,G001158,R0035,A0032,2025-08-11,2025-09-23,2025-10-04,Standard King,11,15900,174900,Direct,completed
B00000709,G002664,R0030,A0040,2024-07-14,2024-10-19,2024-10-21,Ocean Suite,2,37200,74400,Direct,completed
B00000710,G000088,R0028,A0057,2025-02-15,2025-04-30,2025-05-05,Standard King,5,22700,113500,Direct,completed
B00000711,G001875,R0021,A0035,2025-10-31,2026-01-25,2026-01-29,Ocean Suite,4,39800,159200,OTA,cancelled
B00000712,G001264,R0010,A0014,2024-07-04,2024-07-17,2024-07-18,Standard Double,1,19800,19800,Direct,completed
B00000713,G000856,R0015,A0043,2024-07-25,2024-09-02,2024-09-05,Standard Double,3,14700,44100,Loyalty,completed
B00000714,G001819,R0025,A0002,2024-08-01,2024-09-19,2024-09-20,Standard Double,1,15700,15700,Direct,completed
B00000715,G002116,R0038,A0047,2024-05-04,2024-05-25,2024-06-07,Standard King,13,23700,308100,Travel Agent,completed
B00000716,G001872,R0033,A0008,2024-01-17,2024-01-18,2024-01-25,Ocean Suite,7,36700,256900,Corporate,completed
B00000717,G002637,R0006,A0042,2025-02-03,2025-05-27,2025-06-04,Standard King,8,23900,191200,Travel Agent,cancelled
B00000718,G002848,R0010,A0009,2025-04-26,2025-08-02,2025-08-03,Standard King,1,22500,22500,Corporate,completed
B00000719,G002125,R0012,A0060,2024-06-04,2024-09-07,2024-09-20,Ocean Suite,13,32900,427700,Corporate,completed
B00000720,G001087,R0024,A0059,2025-09-28,2025-11-09,2025-11-10,Ocean Suite,1,35500,35500,Corporate,completed
B00000721,G000913,R0001,A0023,2024-04-04,2024-05-28,2024-05-30,Standard King,2,19500,39000,Loyalty,confirmed
B00000722,G001053,R0031,A0058,2024-05-11,2024-06-22,2024-07-03,Standard Double,11,19900,218900,Travel Agent,completed
B00000723,G000585,R0009,A0052,2024-08-18,2024-11-11,2024-11-13,Ocean Suite,2,42300,84600,Direct,completed
B00000724,G002911,R0020,A0022,2025-04-18,2025-07-13,2025-07-23,Standard Double,10,17000,170000,Corporate,confirmed
B00000725,G000141,R0038,A0048,2025-01-29,2025-04-20,2025-04-21,Ocean Suite,1,46800,46800,Direct,completed
B00000726,G001970,R0001,A0037,2025-05-10,2025-08-28,2025-09-03,Standard King,6,23100,138600,Loyalty,completed
B00000727,G001382,R0033,A0060,2024-12-11,2025-04-05,2025-04-08,Standard King,3,22500,67500,OTA,completed
B00000728,G002631,R0024,A0028,2024-01-27,2024-04-06,2024-04-09,Standard King,3,24000,72000,Corporate,completed
B00000729,G000340,R0028,A0036,2025-05-31,2025-06-24,2025-07-01,Ocean Suite,7,45200,316400,OTA,completed
B00000730,G002462,R0023,A0034,2024-06-04,2024-08-16,2024-08-30,Standard Double,14,13100,183400,OTA,completed
B00000731,G000679,R0007,A0044,2025-10-12,2026-01-02,2026-01-16,Standard Double,14,19000,266000,Corporate,completed
B00000732,G001597,R0026,A0019,2025-06-18,2025-08-11,2025-08-19,Standard Double,8,13700,109600,Loyalty,completed
B00000733,G000274,R0040,A0039,2024-03-01,2024-06-06,2024-06-13,Standard King,7,19600,137200,Direct,no_show
B00000734,G002423,R0027,A0026,2024-07-17,2024-08-18,2024-09-01,Standard Double,14,14400,201600,Loyalty,completed
B00000735,G001342,R0018,A0049,2024-01-12,2024-04-03,2024-04-05,Standard Double,2,16600,33200,Corporate,completed
B00000736,G002499,R0035,A0048,2025-04-10,2025-04-30,2025-05-02,Villa,2,73600,147200,Travel Agent,confirmed
B00000737,G002397,R0030,A0028,2024-06-21,2024-10-12,2024-10-24,Ocean Suite,12,43600,523200,Corporate,completed
B00000738,G002874,R0032,A0054,2025-03-18,2025-05-11,2025-05-12,Standard Double,1,19200,19200,Direct,confirmed
B00000739,G000341,R0017,A0023,2024-01-14,2024-01-27,2024-02-08,Ocean Suite,12,33900,406800,OTA,completed
B00000740,G002485,R0037,A0025,2025-06-15,2025-10-05,2025-10-16,Standard Double,11,17200,189200,OTA,confirmed
B00000741,G002377,R0016,A0024,2025-11-19,2026-02-18,2026-02-28,Standard Double,10,15700,157000,Travel Agent,completed
B00000742,G000106,R0028,A0043,2024-08-09,2024-10-21,2024-10-24,Standard King,3,23800,71400,Direct,cancelled
B00000743,G002798,R0017,A0023,2024-12-18,2025-02-02,2025-02-06,Standard King,4,22300,89200,OTA,completed
B00000744,G001319,R0036,A0042,2025-02-14,2025-05-22,2025-05-28,Ocean Suite,6,32700,196200,OTA,completed
B00000745,G002958,R0020,A0007,2024-04-02,2024-06-23,2024-06-30,Standard King,7,19700,137900,Direct,completed
B00000746,G001481,R0029,A0058,2024-06-12,2024-07-04,2024-07-10,Standard King,6,17000,102000,OTA,completed
B00000747,G000383,R0005,A0013,2024-04-02,2024-07-03,2024-07-13,Villa,10,70800,708000,Corporate,completed
B00000748,G001204,R0025,A0007,2025-09-20,2025-12-02,2025-12-04,Standard King,2,17300,34600,Corporate,completed
B00000749,G000926,R0015,A0016,2025-03-26,2025-06-17,2025-06-30,Standard King,13,15400,200200,Direct,completed
B00000750,G001689,R0037,A0013,2024-07-09,2024-10-26,2024-11-04,Standard Double,9,17400,156600,Corporate,no_show
B00000751,G001517,R0017,A0028,2025-01-08,2025-05-04,2025-05-08,Standard King,4,18500,74000,Loyalty,completed
B00000752,G002475,R0007,A0052,2024-08-21,2024-11-22,2024-11-28,Ocean Suite,6,41000,246000,OTA,no_show
B00000753,G002535,R0004,A0030,2025-03-24,2025-05-27,2025-06-06,Standard Double,10,19800,198000,Direct,completed
B00000754,G002794,R0010,A0005,2024-12-28,2025-01-06,2025-01-18,Standard King,12,17500,210000,Corporate,completed
B00000755,G001852,R0014,A0043,2024-11-13,2025-01-21,2025-02-02,Ocean Suite,12,35500,426000,OTA,confirmed
B00000756,G002917,R0040,A0004,2025-01-01,2025-03-18,2025-03-20,Ocean Suite,2,30900,61800,Direct,completed
B00000757,G000743,R0012,A0054,2024-01-31,2024-04-24,2024-05-02,Ocean Suite,8,35500,284000,Direct,completed
B00000758,G001407,R0031,A0009,2024-07-06,2024-07-19,2024-07-24,Standard Double,5,18000,90000,Corporate,completed
B00000759,G001851,R0006,A0022,2024-04-06,2024-06-13,2024-06-18,Standard King,5,20700,103500,Loyalty,completed
B00000760,G000020,R0034,A0001,2024-11-30,2025-01-19,2025-01-24,Standard King,5,23400,117000,OTA,confirmed
B00000761,G002799,R0023,A0007,2024-06-07,2024-08-23,2024-08-29,Standard Double,6,19400,116400,Travel Agent,confirmed
B00000762,G002202,R0003,A0060,2024-05-03,2024-08-15,2024-08-20,Villa,5,54200,271000,Travel Agent,completed
B00000763,G001382,R0010,A0040,2025-04-10,2025-08-07,2025-08-18,Standard Double,11,15600,171600,OTA,completed
B00000764,G002011,R0016,A0053,2024-07-11,2024-10-21,2024-10-28,Standard King,7,15800,110600,Loyalty,completed
B00000765,G002160,R0021,A0059,2025-07-30,2025-10-12,2025-10-24,Standard Double,12,15700,188400,OTA,completed
B00000766,G001783,R0028,A0026,2025-01-21,2025-02-01,2025-02-09,Standard King,8,16200,129600,OTA,completed
B00000767,G000366,R0003,A0013,2024-11-10,2025-03-05,2025-03-15,Ocean Suite,10,39700,397000,Direct,completed
B00000768,G001441,R0025,A0013,2025-07-04,2025-07-11,2025-07-25,Ocean Suite,14,45000,630000,Travel Agent,completed
B00000769,G000761,R0007,A0030,2024-08-14,2024-11-14,2024-11-20,Standard King,6,17100,102600,Direct,completed
B00000770,G001190,R0008,A0060,2024-01-05,2024-04-30,2024-05-04,Ocean Suite,4,45700,182800,OTA,completed
B00000771,G000639,R0026,A0003,2024-05-25,2024-08-10,2024-08-14,Standard Double,4,14600,58400,Loyalty,completed
B00000772,G002828,R0018,A0027,2024-01-11,2024-03-05,2024-03-19,Standard Double,14,14800,207200,Loyalty,confirmed
B00000773,G002716,R0029,A0009,2025-12-07,2026-01-05,2026-01-07,Standard Double,2,13600,27200,Loyalty,completed
B00000774,G002929,R0017,A0044,2025-12-12,2026-02-01,2026-02-06,Standard Double,5,14800,74000,OTA,completed
B00000775,G000521,R0032,A0013,2025-06-14,2025-06-19,2025-06-27,Standard Double,8,13500,108000,Direct,completed
B00000776,G000585,R0024,A0029,2025-03-28,2025-06-13,2025-06-26,Standard King,13,23700,308100,Corporate,completed
B00000777,G001028,R0010,A0022,2024-06-28,2024-08-12,2024-08-20,Standard King,8,21000,168000,OTA,completed
B00000778,G002696,R0013,A0022,2025-03-25,2025-03-29,2025-04-12,Standard Double,14,19000,266000,Travel Agent,completed
B00000779,G002122,R0005,A0027,2025-07-01,2025-07-04,2025-07-14,Ocean Suite,10,42400,424000,OTA,completed
B00000780,G000920,R0037,A0008,2025-10-05,2025-10-10,2025-10-20,Standard Double,10,12800,128000,Corporate,completed
B00000781,G000974,R0025,A0029,2025-11-30,2026-02-01,2026-02-11,Standard King,10,24100,241000,Travel Agent,completed
B00000782,G001054,R0012,A0025,2024-06-13,2024-07-31,2024-08-12,Standard King,12,22500,270000,Direct,completed
B00000783,G002567,R0009,A0054,2024-12-27,2025-01-23,2025-01-30,Standard Double,7,15800,110600,Travel Agent,completed
B00000784,G002963,R0026,A0009,2025-06-26,2025-07-23,2025-07-27,Standard King,4,17000,68000,Direct,confirmed
B00000785,G002638,R0027,A0024,2024-11-10,2024-12-08,2024-12-15,Standard King,7,16200,113400,Travel Agent,completed
B00000786,G000642,R0022,A0036,2025-11-06,2025-12-26,2026-01-04,Standard Double,9,19800,178200,Direct,completed
B00000787,G000639,R0037,A0050,2025-10-18,2025-12-09,2025-12-19,Ocean Suite,10,33200,332000,OTA,completed
B00000788,G000088,R0005,A0006,2024-01-09,2024-05-06,2024-05-20,Villa,14,60900,852600,Direct,cancelled
B00000789,G001830,R0021,A0038,2025-05-01,2025-06-14,2025-06-26,Standard King,12,18000,216000,Corporate,completed
B00000790,G001022,R0018,A0045,2024-04-26,2024-07-20,2024-07-23,Villa,3,53900,161700,Direct,cancelled
B00000791,G000745,R0038,A0037,2025-04-03,2025-07-27,2025-07-28,Presidential,1,158700,158700,OTA,cancelled
B00000792,G000553,R0005,A0012,2025-10-01,2025-11-09,2025-11-20,Standard Double,11,13800,151800,Loyalty,confirmed
B00000793,G002470,R0006,A0023,2025-05-21,2025-05-24,2025-06-03,Villa,10,63500,635000,Direct,confirmed
B00000794,G002660,R0011,A0004,2024-09-01,2024-11-30,2024-12-05,Standard King,5,24200,121000,OTA,completed
B00000795,G002350,R0040,A0001,2024-01-20,2024-02-28,2024-03-06,Standard King,7,19500,136500,OTA,completed
B00000796,G001739,R0033,A0055,2025-02-20,2025-05-22,2025-05-28,Standard King,6,18400,110400,Direct,completed
B00000797,G002729,R0006,A0052,2024-11-22,2025-03-13,2025-03-22,Villa,9,51600,464400,Direct,confirmed
B00000798,G000971,R0037,A0052,2024-03-30,2024-07-19,2024-07-21,Standard King,2,15400,30800,Corporate,confirmed
B00000799,G002724,R0022,A0051,2024-04-18,2024-07-06,2024-07-08,Standard King,2,16500,33000,Loyalty,cancelled
B00000800,G001313,R0006,A0025,2025-10-02,2025-12-09,2025-12-13,Standard Double,4,14200,56800,Loyalty,completed
B00000801,G000326,R0033,A0001,2024-06-29,2024-07-25,2024-07-30,Standard King,5,20100,100500,Loyalty,completed
B00000802,G000933,R0021,A0049,2024-06-15,2024-08-05,2024-08-16,Ocean Suite,11,34900,383900,OTA,completed
B00000803,G002683,R0034,A0001,2025-11-30,2026-01-02,2026-01-07,Ocean Suite,5,30800,154000,Direct,completed
B00000804,G002763,R0029,A0001,2024-03-31,2024-05-11,2024-05-21,Ocean Suite,10,45700,457000,Travel Agent,completed
B00000805,G002047,R0031,A0024,2024-11-03,2025-02-09,2025-02-17,Standard King,8,24200,193600,Direct,completed
B00000806,G001652,R0030,A0021,2025-04-19,2025-08-09,2025-08-17,Standard Double,8,13800,110400,Corporate,completed
B00000807,G001498,R0010,A0026,2024-01-15,2024-03-11,2024-03-24,Ocean Suite,13,45500,591500,Direct,cancelled
B00000808,G002038,R0013,A0002,2025-02-05,2025-02-26,2025-03-03,Ocean Suite,5,44600,223000,Direct,completed
B00000809,G002728,R0011,A0032,2024-03-02,2024-04-17,2024-04-19,Standard King,2,18200,36400,OTA,completed
B00000810,G002587,R0001,A0020,2024-06-11,2024-07-25,2024-08-05,Standard King,11,20800,228800,Travel Agent,completed
B00000811,G002316,R0009,A0024,2025-04-29,2025-05-08,2025-05-09,Standard Double,1,15800,15800,Direct,completed
B00000812,G002365,R0036,A0022,2024-12-05,2025-03-05,2025-03-09,Villa,4,79900,319600,Corporate,completed
B00000813,G000392,R0021,A0033,2025-01-28,2025-05-05,2025-05-08,Standard Double,3,13300,39900,OTA,completed
B00000814,G000587,R0018,A0046,2025-01-07,2025-04-26,2025-05-09,Standard King,13,17500,227500,Travel Agent,completed
B00000815,G001287,R0021,A0032,2025-09-11,2026-01-03,2026-01-12,Standard King,9,22500,202500,Direct,cancelled
B00000816,G000799,R0004,A0048,2025-06-20,2025-10-01,2025-10-10,Standard King,9,22400,201600,OTA,confirmed
B00000817,G002670,R0002,A0002,2025-10-21,2026-01-27,2026-02-03,Standard King,7,19400,135800,Loyalty,completed
B00000818,G001121,R0021,A0007,2025-04-11,2025-05-17,2025-05-21,Ocean Suite,4,37600,150400,Direct,completed
B00000819,G001292,R0024,A0010,2025-01-19,2025-03-31,2025-04-01,Standard Double,1,17500,17500,OTA,completed
B00000820,G002096,R0037,A0003,2024-02-27,2024-05-30,2024-06-11,Ocean Suite,12,38400,460800,Loyalty,completed
B00000821,G001386,R0024,A0023,2024-03-24,2024-05-16,2024-05-22,Ocean Suite,6,38300,229800,OTA,completed
B00000822,G000849,R0006,A0053,2025-04-04,2025-04-25,2025-04-27,Ocean Suite,2,44900,89800,Direct,completed
B00000823,G000174,R0015,A0031,2024-02-13,2024-03-13,2024-03-26,Standard King,13,16600,215800,Corporate,completed
B00000824,G000097,R0019,A0032,2025-11-16,2026-02-16,2026-02-28,Standard Double,12,13200,158400,Direct,completed
B00000825,G001508,R0006,A0038,2025-06-05,2025-09-29,2025-10-13,Standard King,14,17200,240800,OTA,cancelled
B00000826,G002093,R0036,A0024,2025-02-01,2025-02-22,2025-03-08,Standard King,14,20700,289800,OTA,completed
B00000827,G002669,R0029,A0039,2025-11-18,2026-01-23,2026-02-05,Standard Double,13,14100,183300,Direct,confirmed
B00000828,G002826,R0020,A0054,2025-11-21,2025-12-19,2025-12-29,Ocean Suite,10,36000,360000,Direct,completed
B00000829,G000887,R0020,A0001,2024-07-04,2024-10-23,2024-10-29,Standard King,6,23800,142800,OTA,completed
B00000830,G002525,R0016,A0005,2024-04-19,2024-08-11,2024-08-12,Villa,1,69500,69500,Corporate,cancelled
B00000831,G002327,R0025,A0047,2024-06-12,2024-06-25,2024-06-26,Standard Double,1,17500,17500,Loyalty,confirmed
B00000832,G000144,R0020,A0050,2024-05-02,2024-06-10,2024-06-13,Standard King,3,23600,70800,Corporate,confirmed
B00000833,G002969,R0008,A0006,2024-08-28,2024-10-26,2024-11-09,Villa,14,71800,1005200,Direct,completed
B00000834,G001546,R0026,A0044,2024-01-31,2024-02-05,2024-02-13,Standard Double,8,16200,129600,Direct,completed
B00000835,G001114,R0002,A0043,2024-07-11,2024-08-11,2024-08-23,Standard Double,12,12700,152400,Travel Agent,confirmed
B00000836,G001492,R0004,A0019,2024-03-31,2024-06-16,2024-06-22,Standard Double,6,16200,97200,Direct,completed
B00000837,G000713,R0023,A0027,2025-08-17,2025-10-08,2025-10-14,Standard Double,6,15300,91800,Direct,confirmed
B00000838,G002467,R0028,A0006,2024-09-16,2025-01-08,2025-01-11,Standard King,3,18500,55500,OTA,confirmed
B00000839,G000654,R0035,A0041,2025-08-10,2025-08-28,2025-09-11,Ocean Suite,14,44100,617400,OTA,confirmed
B00000840,G002255,R0017,A0060,2025-11-11,2025-12-03,2025-12-15,Standard King,12,21600,259200,OTA,completed
B00000841,G002364,R0026,A0015,2024-12-25,2025-03-31,2025-04-07,Ocean Suite,7,47000,329000,Direct,completed
B00000842,G000442,R0033,A0052,2025-05-22,2025-06-10,2025-06-12,Ocean Suite,2,35100,70200,Corporate,completed
B00000843,G000496,R0002,A0019,2024-07-31,2024-08-24,2024-09-07,Ocean Suite,14,30900,432600,Direct,cancelled
B00000844,G001245,R0024,A0014,2025-03-14,2025-06-02,2025-06-12,Villa,10,70000,700000,OTA,completed
B00000845,G002208,R0025,A0049,2024-04-10,2024-06-04,2024-06-16,Standard Double,12,19300,231600,Loyalty,completed
B00000846,G002967,R0006,A0016,2025-10-08,2026-02-04,2026-02-06,Standard Double,2,18300,36600,Direct,no_show
B00000847,G002514,R0029,A0014,2025-02-24,2025-03-09,2025-03-10,Ocean Suite,1,40100,40100,Travel Agent,completed
B00000848,G002195,R0037,A0025,2025-10-31,2026-02-01,2026-02-02,Standard King,1,16300,16300,OTA,completed
B00000849,G000450,R0022,A0028,2025-12-04,2025-12-24,2026-01-07,Standard King,14,19600,274400,Direct,completed
B00000850,G001393,R0012,A0015,2025-11-30,2026-02-13,2026-02-27,Standard Double,14,18100,253400,Corporate,cancelled
B00000851,G002863,R0024,A0051,2025-03-16,2025-03-19,2025-03-31,Standard Double,12,17900,214800,Travel Agent,completed
B00000852,G000267,R0028,A0005,2024-03-30,2024-05-03,2024-05-14,Standard Double,11,15700,172700,Loyalty,cancelled
B00000853,G002337,R0011,A0006,2024-07-10,2024-10-04,2024-10-08,Standard Double,4,20200,80800,OTA,completed
B00000854,G000830,R0003,A0015,2024-05-30,2024-07-08,2024-07-11,Ocean Suite,3,36500,109500,OTA,completed
B00000855,G000562,R0001,A0020,2024-11-23,2025-03-21,2025-03-25,Villa,4,75000,300000,Direct,completed
B00000856,G000291,R0035,A0055,2024-05-29,2024-08-23,2024-08-26,Villa,3,55300,165900,Corporate,completed
B00000857,G000245,R0017,A0027,2025-03-18,2025-03-24,2025-04-07,Standard King,14,18800,263200,Direct,confirmed
B00000858,G002519,R0009,A0031,2025-06-05,2025-09-27,2025-10-04,Standard Double,7,18400,128800,Direct,completed
B00000859,G002301,R0027,A0005,2024-03-27,2024-06-26,2024-07-09,Standard King,13,21000,273000,OTA,completed
B00000860,G001263,R0039,A0021,2025-04-26,2025-07-01,2025-07-09,Standard Double,8,19200,153600,Travel Agent,completed
B00000861,G002118,R0022,A0035,2025-09-23,2025-12-13,2025-12-15,Standard King,2,17700,35400,Direct,completed
B00000862,G001428,R0037,A0013,2024-11-09,2024-12-04,2024-12-18,Standard King,14,21300,298200,Direct,completed
B00000863,G002815,R0019,A0013,2025-12-03,2026-01-19,2026-01-31,Standard Double,12,15100,181200,Corporate,completed
B00000864,G002653,R0022,A0012,2025-05-23,2025-07-10,2025-07-14,Standard Double,4,18100,72400,Loyalty,completed
B00000865,G002256,R0025,A0053,2025-02-06,2025-02-07,2025-02-09,Standard King,2,23700,47400,Loyalty,completed
B00000866,G002006,R0028,A0041,2025-09-01,2025-09-15,2025-09-23,Standard Double,8,15000,120000,Direct,completed
B00000867,G002247,R0018,A0007,2025-07-02,2025-08-06,2025-08-09,Ocean Suite,3,45900,137700,Travel Agent,completed
B00000868,G000903,R0016,A0015,2025-09-25,2025-12-12,2025-12-22,Ocean Suite,10,45900,459000,OTA,completed
B00000869,G002219,R0025,A0014,2025-09-23,2025-09-26,2025-09-29,Standard King,3,21900,65700,Loyalty,completed
B00000870,G001883,R0015,A0016,2025-09-16,2025-10-08,2025-10-11,Villa,3,59300,177900,Direct,completed
B00000871,G000336,R0007,A0055,2025-02-22,2025-05-25,2025-06-02,Standard Double,8,18200,145600,OTA,completed
B00000872,G002147,R0032,A0028,2024-12-16,2025-01-27,2025-01-28,Standard Double,1,17300,17300,Corporate,completed
B00000873,G000893,R0026,A0014,2024-11-17,2025-01-02,2025-01-09,Standard King,7,21700,151900,Corporate,completed
B00000874,G001561,R0023,A0024,2024-01-21,2024-03-24,2024-03-31,Ocean Suite,7,45600,319200,Direct,completed
B00000875,G002399,R0011,A0015,2025-10-22,2025-12-28,2026-01-07,Standard Double,10,14200,142000,Direct,completed
B00000876,G002521,R0011,A0006,2025-12-13,2026-02-22,2026-02-23,Standard King,1,20000,20000,Direct,completed
B00000877,G001678,R0012,A0015,2024-11-15,2024-12-07,2024-12-16,Standard King,9,23100,207900,Travel Agent,completed
B00000878,G000688,R0028,A0058,2024-08-29,2024-09-01,2024-09-14,Presidential,13,138100,1795300,Direct,confirmed
B00000879,G001512,R0036,A0049,2024-07-02,2024-07-22,2024-07-31,Villa,9,58300,524700,Direct,confirmed
B00000880,G000553,R0004,A0026,2024-06-20,2024-06-27,2024-07-05,Standard King,8,16400,131200,Corporate,confirmed
B00000881,G000451,R0012,A0046,2025-12-31,2026-02-01,2026-02-04,Standard Double,3,18400,55200,Direct,completed
B00000882,G002218,R0026,A0036,2025-02-17,2025-06-11,2025-06-20,Standard Double,9,17600,158400,OTA,confirmed
B00000883,G002061,R0027,A0011,2025-05-26,2025-06-12,2025-06-25,Standard King,13,15900,206700,Loyalty,confirmed
B00000884,G001289,R0024,A0002,2025-05-13,2025-06-08,2025-06-21,Standard King,13,19200,249600,Travel Agent,completed
B00000885,G001799,R0015,A0058,2024-09-15,2024-11-17,2024-11-24,Standard Double,7,16200,113400,Corporate,completed
B00000886,G001533,R0007,A0019,2024-02-24,2024-04-09,2024-04-17,Villa,8,77600,620800,Corporate,completed
B00000887,G001444,R0031,A0005,2024-12-05,2024-12-30,2025-01-04,Villa,5,55900,279500,Loyalty,completed
B00000888,G002135,R0014,A0041,2025-01-15,2025-01-19,2025-01-27,Standard Double,8,18700,149600,OTA,completed
B00000889,G002106,R0032,A0028,2024-02-07,2024-05-03,2024-05-16,Standard Double,13,18300,237900,OTA,no_show
B00000890,G002960,R0029,A0047,2025-10-12,2025-11-16,2025-11-19,Standard King,3,23500,70500,Direct,completed
B00000891,G001714,R0009,A0013,2025-08-05,2025-08-30,2025-09-06,Ocean Suite,7,45200,316400,OTA,completed
B00000892,G001919,R0005,A0015,2024-06-18,2024-10-15,2024-10-26,Standard Double,11,13300,146300,OTA,cancelled
B00000893,G002364,R0031,A0017,2025-07-25,2025-10-04,2025-10-18,Ocean Suite,14,40800,571200,OTA,completed
B00000894,G000092,R0016,A0015,2025-03-20,2025-05-21,2025-05-26,Standard King,5,19800,99000,OTA,confirmed
B00000895,G000916,R0010,A0036,2024-08-12,2024-12-03,2024-12-07,Standard Double,4,13800,55200,Direct,completed
B00000896,G000994,R0020,A0006,2024-06-15,2024-09-03,2024-09-11,Villa,8,70800,566400,Corporate,cancelled
B00000897,G001518,R0002,A0022,2024-05-01,2024-06-10,2024-06-14,Standard Double,4,20200,80800,Loyalty,completed
B00000898,G000676,R0040,A0052,2024-12-10,2024-12-31,2025-01-10,Standard King,10,18600,186000,Direct,completed
B00000899,G000379,R0032,A0058,2025-12-15,2026-03-08,2026-03-11,Presidential,3,102100,306300,Direct,completed
B00000900,G000160,R0022,A0007,2025-08-19,2025-08-30,2025-08-31,Standard Double,1,18900,18900,Direct,completed
B00000901,G002155,R0019,A0040,2024-03-14,2024-06-29,2024-07-09,Standard King,10,15800,158000,Travel Agent,completed
B00000902,G001163,R0015,A0045,2024-02-02,2024-03-24,2024-04-07,Standard King,14,16700,233800,OTA,completed
B00000903,G001267,R0016,A0051,2025-11-13,2025-12-25,2025-12-29,Standard King,4,16600,66400,Direct,completed
B00000904,G000612,R0029,A0009,2024-03-16,2024-04-22,2024-05-05,Standard King,13,18100,235300,Direct,completed
B00000905,G001939,R0014,A0058,2025-11-02,2025-11-07,2025-11-13,Standard King,6,17000,102000,Direct,completed
B00000906,G000545,R0021,A0029,2024-11-30,2025-03-06,2025-03-18,Standard Double,12,15100,181200,Loyalty,completed
B00000907,G001995,R0027,A0006,2024-12-08,2024-12-27,2024-12-28,Villa,1,58200,58200,Travel Agent,cancelled
B00000908,G000038,R0027,A0003,2025-10-08,2025-11-24,2025-12-06,Standard King,12,20800,249600,OTA,completed
B00000909,G002698,R0022,A0044,2025-06-01,2025-07-07,2025-07-16,Standard Double,9,16700,150300,OTA,cancelled
B00000910,G001166,R0030,A0003,2024-12-06,2024-12-09,2024-12-16,Standard Double,7,19900,139300,Direct,confirmed
B00000911,G001841,R0038,A0015,2024-09-28,2024-11-06,2024-11-17,Villa,11,75500,830500,Travel Agent,completed
B00000912,G001627,R0029,A0016,2024-01-03,2024-02-28,2024-02-29,Presidential,1,150100,150100,Direct,confirmed
B00000913,G002459,R0020,A0050,2025-11-10,2025-11-17,2025-11-25,Presidential,8,114800,918400,Travel Agent,completed
B00000914,G002233,R0022,A0012,2025-11-02,2025-11-28,2025-11-29,Ocean Suite,1,31100,31100,Travel Agent,cancelled
B00000915,G001747,R0027,A0011,2024-07-27,2024-10-29,2024-11-01,Standard Double,3,18400,55200,Direct,no_show
B00000916,G000498,R0010,A0056,2024-01-04,2024-02-04,2024-02-06,Ocean Suite,2,43600,87200,Loyalty,cancelled
B00000917,G002517,R0031,A0043,2024-10-11,2025-01-20,2025-01-22,Standard Double,2,13400,26800,Direct,confirmed
B00000918,G000354,R0040,A0052,2024-03-05,2024-03-26,2024-03-29,Standard King,3,19900,59700,Travel Agent,completed
B00000919,G002099,R0028,A0007,2025-02-16,2025-03-16,2025-03-19,Standard King,3,21000,63000,Corporate,confirmed
B00000920,G001320,R0030,A0025,2025-10-19,2025-12-06,2025-12-10,Villa,4,52000,208000,Direct,completed
B00000921,G001899,R0001,A0021,2024-03-28,2024-04-15,2024-04-29,Standard King,14,19900,278600,Corporate,completed
B00000922,G002614,R0003,A0051,2024-11-20,2024-12-22,2024-12-27,Standard Double,5,15900,79500,Direct,completed
B00000923,G001688,R0018,A0022,2024-03-17,2024-05-24,2024-05-30,Standard King,6,18000,108000,Direct,completed
B00000924,G001368,R0007,A0017,2024-11-21,2025-03-15,2025-03-17,Standard King,2,17200,34400,Corporate,completed
B00000925,G002365,R0036,A0060,2025-12-08,2026-02-16,2026-02-21,Villa,5,70700,353500,Direct,completed
B00000926,G000214,R0018,A0048,2024-05-20,2024-05-29,2024-05-31,Villa,2,68600,137200,Direct,completed
B00000927,G002421,R0017,A0011,2025-07-28,2025-11-20,2025-12-03,Standard King,13,18300,237900,Direct,cancelled
B00000928,G000895,R0002,A0031,2025-12-26,2026-01-12,2026-01-15,Ocean Suite,3,44100,132300,Travel Agent,completed
B00000929,G002243,R0013,A0032,2024-08-31,2024-09-08,2024-09-15,Standard King,7,21300,149100,Direct,completed
B00000930,G001021,R0019,A0018,2025-09-23,2026-01-11,2026-01-13,Ocean Suite,2,34200,68400,Travel Agent,completed
B00000931,G002625,R0037,A0012,2025-08-17,2025-09-02,2025-09-13,Standard King,11,21600,237600,Direct,completed
B00000932,G000462,R0014,A0018,2025-08-11,2025-08-12,2025-08-23,Standard King,11,16200,178200,Travel Agent,completed
B00000933,G001511,R0008,A0056,2024-11-28,2025-01-20,2025-01-27,Ocean Suite,7,41600,291200,OTA,completed
B00000934,G002003,R0016,A0032,2024-10-07,2024-12-02,2024-12-03,Standard King,1,19100,19100,Direct,confirmed
B00000935,G001177,R0008,A0057,2024-05-24,2024-06-30,2024-07-05,Standard King,5,22200,111000,OTA,confirmed
B00000936,G000823,R0015,A0029,2025-12-05,2026-03-26,2026-03-31,Ocean Suite,5,46600,233000,Direct,completed
B00000937,G000897,R0032,A0025,2025-07-18,2025-09-22,2025-10-03,Villa,11,54200,596200,Travel Agent,completed
B00000938,G002324,R0002,A0005,2024-04-19,2024-05-20,2024-05-25,Standard King,5,17400,87000,Loyalty,cancelled
B00000939,G000750,R0034,A0059,2025-10-04,2025-12-07,2025-12-16,Standard King,9,23900,215100,OTA,completed
B00000940,G001255,R0012,A0007,2025-03-11,2025-04-13,2025-04-25,Ocean Suite,12,40000,480000,Travel Agent,completed
B00000941,G001004,R0040,A0013,2024-11-28,2024-12-04,2024-12-18,Standard King,14,19500,273000,Direct,completed
B00000942,G000562,R0007,A0037,2024-08-24,2024-10-16,2024-10-30,Standard King,14,19500,273000,OTA,confirmed
B00000943,G000879,R0015,A0048,2024-08-11,2024-09-28,2024-09-30,Standard King,2,15400,30800,OTA,completed
B00000944,G000487,R0016,A0040,2024-04-05,2024-07-18,2024-07-23,Ocean Suite,5,39100,195500,Travel Agent,confirmed
B00000945,G002006,R0001,A0060,2024-08-09,2024-11-19,2024-11-26,Villa,7,54000,378000,OTA,completed
B00000946,G001853,R0023,A0049,2025-07-23,2025-10-21,2025-10-24,Standard King,3,16100,48300,Travel Agent,completed
B00000947,G000735,R0003,A0047,2024-07-19,2024-11-02,2024-11-06,Standard King,4,17900,71600,Direct,completed
B00000948,G002569,R0014,A0024,2024-11-02,2025-02-17,2025-02-28,Standard Double,11,17900,196900,Corporate,completed
B00000949,G001722,R0012,A0044,2024-04-21,2024-05-02,2024-05-15,Standard King,13,15900,206700,OTA,completed
B00000950,G002774,R0036,A0057,2025-06-27,2025-10-21,2025-10-31,Villa,10,78500,785000,Loyalty,cancelled
B00000951,G001294,R0029,A0018,2024-09-23,2024-12-10,2024-12-14,Villa,4,74900,299600,Corporate,completed
B00000952,G002845,R0038,A0008,2024-05-09,2024-09-02,2024-09-03,Standard King,1,21600,21600,Loyalty,completed
B00000953,G000950,R0035,A0057,2024-05-09,2024-06-09,2024-06-10,Standard Double,1,17300,17300,Corporate,completed
B00000954,G000558,R0022,A0036,2024-07-01,2024-07-07,2024-07-14,Standard Double,7,19000,133000,Direct,confirmed
B00000955,G002953,R0005,A0028,2025-10-11,2025-12-20,2025-12-22,Ocean Suite,2,35300,70600,Direct,completed
B00000956,G002724,R0002,A0050,2025-12-08,2025-12-12,2025-12-26,Ocean Suite,14,30200,422800,OTA,confirmed
B00000957,G000403,R0031,A0052,2025-03-25,2025-07-04,2025-07-13,Standard Double,9,13100,117900,Travel Agent,cancelled
B00000958,G001188,R0033,A0042,2024-10-26,2024-11-29,2024-12-02,Standard King,3,22600,67800,Travel Agent,completed
B00000959,G002547,R0019,A0033,2024-02-13,2024-03-25,2024-04-01,Standard Double,7,16500,115500,OTA,completed
B00000960,G001481,R0022,A0006,2025-06-12,2025-07-18,2025-07-27,Standard King,9,18600,167400,Direct,completed
B00000961,G000201,R0024,A0043,2025-01-09,2025-02-18,2025-03-04,Standard King,14,20400,285600,Travel Agent,completed
B00000962,G002467,R0016,A0027,2025-09-20,2025-12-01,2025-12-09,Standard Double,8,18600,148800,Direct,completed
B00000963,G000193,R0004,A0018,2024-05-05,2024-08-24,2024-08-31,Standard King,7,20000,140000,Corporate,cancelled
B00000964,G002637,R0017,A0055,2024-06-30,2024-09-09,2024-09-17,Standard Double,8,19700,157600,OTA,completed
B00000965,G002757,R0016,A0010,2024-03-08,2024-03-27,2024-04-08,Standard Double,12,17800,213600,Travel Agent,completed
B00000966,G001720,R0002,A0016,2024-05-13,2024-06-30,2024-07-12,Ocean Suite,12,38900,466800,Direct,completed
B00000967,G002588,R0025,A0019,2025-02-03,2025-02-24,2025-03-02,Villa,6,62200,373200,Direct,confirmed
B00000968,G000786,R0012,A0019,2024-01-24,2024-04-19,2024-04-21,Standard Double,2,15000,30000,Corporate,confirmed
B00000969,G000989,R0007,A0024,2025-07-23,2025-10-21,2025-10-30,Standard Double,9,18900,170100,Direct,confirmed
B00000970,G001194,R0004,A0055,2024-09-01,2024-09-28,2024-10-02,Standard King,4,22100,88400,OTA,confirmed
B00000971,G000580,R0015,A0052,2024-04-14,2024-04-26,2024-04-28,Ocean Suite,2,37700,75400,OTA,confirmed
B00000972,G002781,R0006,A0041,2024-07-21,2024-09-23,2024-09-27,Standard King,4,21000,84000,Loyalty,completed
B00000973,G002069,R0040,A0049,2025-05-23,2025-08-29,2025-09-04,Presidential,6,107700,646200,Loyalty,confirmed
B00000974,G000121,R0002,A0052,2025-08-23,2025-09-06,2025-09-12,Ocean Suite,6,31700,190200,Direct,completed
B00000975,G002442,R0019,A0053,2024-05-02,2024-08-03,2024-08-10,Villa,7,77400,541800,Travel Agent,completed
B00000976,G002473,R0005,A0020,2024-03-13,2024-06-25,2024-06-27,Villa,2,70100,140200,OTA,completed
B00000977,G000109,R0022,A0054,2025-08-23,2025-09-10,2025-09-23,Presidential,13,113600,1476800,Corporate,completed
B00000978,G001373,R0029,A0018,2024-12-11,2025-02-03,2025-02-05,Standard King,2,23700,47400,Travel Agent,confirmed
B00000979,G001503,R0003,A0054,2025-10-07,2025-10-10,2025-10-23,Ocean Suite,13,33900,440700,Loyalty,completed
B00000980,G000074,R0009,A0028,2024-02-13,2024-03-09,2024-03-23,Presidential,14,133200,1864800,Direct,completed
B00000981,G000719,R0014,A0007,2024-08-11,2024-09-13,2024-09-19,Standard Double,6,18800,112800,OTA,completed
B00000982,G000585,R0036,A0042,2025-09-28,2025-10-25,2025-11-03,Ocean Suite,9,34800,313200,Loyalty,completed
B00000983,G000795,R0029,A0050,2024-12-16,2025-01-24,2025-01-28,Standard Double,4,17700,70800,OTA,cancelled
B00000984,G000420,R0008,A0004,2025-11-14,2026-01-01,2026-01-09,Ocean Suite,8,30000,240000,Corporate,completed
B00000985,G002388,R0029,A0017,2024-06-18,2024-08-09,2024-08-22,Standard Double,13,17000,221000,Loyalty,completed
B00000986,G002459,R0039,A0049,2025-11-23,2026-02-18,2026-03-03,Presidential,13,129300,1680900,Corporate,completed
B00000987,G000602,R0037,A0016,2024-12-04,2025-02-15,2025-02-17,Standard King,2,22200,44400,Corporate,completed
B00000988,G000914,R0007,A0012,2024-10-28,2025-02-05,2025-02-08,Ocean Suite,3,37200,111600,OTA,cancelled
B00000989,G001711,R0030,A0049,2024-02-01,2024-04-24,2024-05-02,Standard King,8,17200,137600,OTA,no_show
B00000990,G001482,R0039,A0059,2025-10-27,2025-11-28,2025-12-07,Standard King,9,23300,209700,Corporate,confirmed
B00000991,G001779,R0037,A0040,2024-12-15,2024-12-19,2024-12-28,Ocean Suite,9,43400,390600,OTA,confirmed
B00000992,G002256,R0006,A0051,2025-01-26,2025-04-10,2025-04-17,Standard King,7,20900,146300,Loyalty,completed
B00000993,G000780,R0010,A0050,2025-06-25,2025-08-05,2025-08-15,Standard King,10,23600,236000,Direct,confirmed
B00000994,G002085,R0020,A0055,2024-10-05,2024-12-25,2024-12-26,Villa,1,75900,75900,Direct,confirmed
B00000995,G000226,R0025,A0005,2024-04-29,2024-08-14,2024-08-27,Standard Double,13,14200,184600,Direct,completed
B00000996,G000230,R0025,A0034,2025-09-18,2025-12-10,2025-12-15,Standard King,5,20900,104500,Direct,confirmed
B00000997,G002386,R0034,A0013,2025-03-29,2025-06-20,2025-06-27,Standard Double,7,13100,91700,OTA,completed
B00000998,G000665,R0019,A0026,2024-02-29,2024-05-31,2024-06-08,Villa,8,72700,581600,Corporate,completed
B00000999,G002562,R0032,A0047,2025-04-30,2025-08-27,2025-09-03,Villa,7,80400,562800,OTA,cancelled
B00001000,G000831,R0013,A0013,2025-04-09,2025-05-09,2025-05-11,Villa,2,79600,159200,OTA,confirmed
B00001001,G000325,R0035,A0060,2025-04-20,2025-04-22,2025-04-26,Ocean Suite,4,45400,181600,Direct,completed
B00001002,G002103,R0028,A0016,2025-11-16,2025-12-27,2025-12-30,Standard Double,3,16800,50400,Loyalty,completed
B00001003,G001258,R0035,A0019,2024-09-27,2024-12-12,2024-12-13,Ocean Suite,1,32700,32700,OTA,completed
B00001004,G001851,R0004,A0016,2024-07-28,2024-10-24,2024-10-29,Ocean Suite,5,36700,183500,OTA,cancelled
B00001005,G002103,R0032,A0043,2024-06-23,2024-10-19,2024-10-22,Standard King,3,22800,68400,Travel Agent,confirmed
B00001006,G002346,R0027,A0011,2025-07-13,2025-08-26,2025-09-07,Ocean Suite,12,43400,520800,Travel Agent,completed
B00001007,G002227,R0033,A0012,2025-11-28,2026-01-08,2026-01-15,Standard King,7,17300,121100,Corporate,cancelled
B00001008,G002034,R0004,A0026,2024-08-29,2024-12-23,2024-12-30,Standard Double,7,18800,131600,Corporate,completed
B00001009,G000918,R0011,A0012,2025-10-06,2025-11-20,2025-11-26,Ocean Suite,6,31200,187200,OTA,confirmed
B00001010,G002333,R0017,A0026,2024-06-02,2024-09-04,2024-09-06,Standard Double,2,18500,37000,Direct,no_show
B00001011,G002434,R0030,A0049,2024-02-10,2024-04-22,2024-05-02,Standard Double,10,17800,178000,Direct,completed
B00001012,G000155,R0009,A0058,2024-12-04,2025-03-17,2025-03-18,Presidential,1,143500,143500,Direct,confirmed
B00001013,G002481,R0020,A0057,2024-12-11,2025-03-30,2025-04-11,Standard Double,12,16900,202800,Direct,completed
B00001014,G002683,R0003,A0045,2025-03-27,2025-04-08,2025-04-14,Villa,6,58000,348000,OTA,completed
B00001015,G001126,R0040,A0029,2025-01-24,2025-05-04,2025-05-06,Presidential,2,105800,211600,Travel Agent,no_show
B00001016,G002555,R0010,A0055,2025-08-11,2025-12-07,2025-12-14,Standard Double,7,18100,126700,Direct,confirmed
B00001017,G002635,R0003,A0051,2025-06-28,2025-08-08,2025-08-19,Standard Double,11,15700,172700,Direct,completed
B00001018,G001599,R0024,A0049,2025-01-25,2025-04-29,2025-05-09,Standard King,10,19400,194000,Direct,completed
B00001019,G001535,R0022,A0055,2024-10-01,2024-11-03,2024-11-06,Villa,3,62700,188100,OTA,completed
B00001020,G002182,R0009,A0044,2025-08-12,2025-11-29,2025-12-04,Ocean Suite,5,44200,221000,Direct,cancelled
B00001021,G002184,R0021,A0012,2024-12-11,2025-03-14,2025-03-22,Standard King,8,23800,190400,OTA,cancelled
B00001022,G002294,R0033,A0007,2025-12-28,2026-02-17,2026-02-23,Standard Double,6,19800,118800,OTA,completed
B00001023,G002786,R0032,A0050,2024-10-21,2025-02-04,2025-02-09,Standard King,5,17000,85000,Travel Agent,completed
B00001024,G001972,R0008,A0059,2025-09-05,2025-11-06,2025-11-09,Standard King,3,19900,59700,Travel Agent,completed
B00001025,G001260,R0014,A0026,2024-03-31,2024-05-12,2024-05-17,Standard Double,5,15200,76000,OTA,completed
B00001026,G002149,R0031,A0047,2024-04-09,2024-05-10,2024-05-23,Standard Double,13,19100,248300,Direct,cancelled
B00001027,G001871,R0023,A0012,2025-01-27,2025-04-16,2025-04-25,Villa,9,54600,491400,OTA,completed
B00001028,G002107,R0016,A0055,2025-06-23,2025-09-03,2025-09-17,Ocean Suite,14,36700,513800,Corporate,cancelled
B00001029,G001702,R0038,A0033,2025-04-05,2025-06-13,2025-06-21,Standard King,8,23000,184000,Direct,confirmed
B00001030,G001300,R0028,A0024,2025-12-30,2026-04-17,2026-04-27,Standard King,10,19800,198000,OTA,completed
B00001031,G000026,R0002,A0009,2024-02-10,2024-02-16,2024-02-19,Ocean Suite,3,36200,108600,Direct,completed
B00001032,G001336,R0008,A0052,2024-11-20,2024-11-29,2024-12-03,Standard King,4,18300,73200,Direct,completed
B00001033,G001165,R0019,A0020,2025-06-16,2025-08-23,2025-09-02,Standard Double,10,17100,171000,Loyalty,completed
B00001034,G001199,R0029,A0047,2025-10-20,2025-12-12,2025-12-15,Ocean Suite,3,32000,96000,Corporate,no_show
B00001035,G000895,R0005,A0034,2024-06-26,2024-09-25,2024-10-04,Ocean Suite,9,31600,284400,Direct,confirmed
B00001036,G000242,R0040,A0006,2025-01-21,2025-04-26,2025-04-27,Villa,1,66500,66500,OTA,completed
B00001037,G001932,R0035,A0011,2025-02-17,2025-04-25,2025-05-07,Standard King,12,19400,232800,Corporate,cancelled
B00001038,G002340,R0025,A0010,2024-02-03,2024-03-16,2024-03-19,Standard Double,3,16500,49500,Corporate,completed
B00001039,G002251,R0026,A0004,2024-07-05,2024-10-05,2024-10-13,Presidential,8,140700,1125600,Direct,completed
B00001040,G000120,R0038,A0012,2024-11-29,2024-12-23,2024-12-26,Standard King,3,23800,71400,Loyalty,completed
B00001041,G002397,R0021,A0043,2024-03-18,2024-06-08,2024-06-13,Standard King,5,20200,101000,Direct,completed
B00001042,G001712,R0020,A0018,2024-05-05,2024-07-07,2024-07-19,Standard Double,12,18200,218400,Corporate,completed
B00001043,G001070,R0037,A0022,2024-09-16,2024-11-29,2024-12-12,Presidential,13,131800,1713400,Travel Agent,completed
B00001044,G001357,R0011,A0004,2024-09-09,2024-12-04,2024-12-14,Standard Double,10,16700,167000,OTA,completed
B00001045,G002126,R0036,A0059,2024-09-05,2024-09-22,2024-09-25,Standard King,3,21300,63900,Loyalty,completed
B00001046,G002271,R0003,A0017,2025-05-15,2025-08-01,2025-08-14,Villa,13,77500,1007500,OTA,completed
B00001047,G002107,R0024,A0043,2024-12-31,2025-01-24,2025-01-28,Standard Double,4,15700,62800,Direct,confirmed
B00001048,G001589,R0016,A0060,2025-10-22,2025-11-02,2025-11-16,Standard Double,14,18700,261800,OTA,completed
B00001049,G000384,R0037,A0058,2024-01-24,2024-05-03,2024-05-06,Standard Double,3,14000,42000,Loyalty,cancelled
B00001050,G000815,R0006,A0020,2025-05-04,2025-06-09,2025-06-20,Villa,11,66300,729300,Direct,confirmed
B00001051,G001630,R0008,A0010,2024-02-19,2024-05-11,2024-05-14,Ocean Suite,3,31700,95100,Direct,confirmed
B00001052,G000462,R0006,A0008,2025-01-26,2025-03-19,2025-03-21,Standard King,2,16900,33800,Direct,confirmed
B00001053,G002552,R0013,A0060,2024-08-07,2024-08-12,2024-08-17,Standard Double,5,15900,79500,OTA,completed
B00001054,G001156,R0007,A0010,2024-06-29,2024-07-12,2024-07-14,Standard King,2,22400,44800,Travel Agent,completed
B00001055,G000615,R0021,A0009,2025-09-02,2025-10-09,2025-10-16,Standard King,7,22800,159600,OTA,confirmed
B00001056,G002684,R0005,A0052,2024-01-02,2024-04-15,2024-04-19,Ocean Suite,4,39700,158800,OTA,confirmed
B00001057,G000582,R0030,A0008,2024-10-09,2024-11-03,2024-11-10,Villa,7,67400,471800,OTA,completed
B00001058,G000640,R0017,A0005,2024-01-27,2024-02-15,2024-02-23,Villa,8,63600,508800,OTA,completed
B00001059,G000252,R0039,A0040,2025-03-29,2025-06-30,2025-07-12,Presidential,12,127800,1533600,Corporate,completed
B00001060,G001309,R0007,A0022,2024-09-24,2025-01-13,2025-01-16,Ocean Suite,3,41700,125100,Travel Agent,completed
B00001061,G002524,R0008,A0002,2025-01-06,2025-05-03,2025-05-10,Presidential,7,135800,950600,Corporate,completed
B00001062,G001426,R0038,A0044,2025-01-15,2025-02-21,2025-02-28,Ocean Suite,7,46300,324100,Direct,confirmed
B00001063,G002274,R0008,A0003,2024-03-01,2024-06-08,2024-06-10,Ocean Suite,2,38700,77400,Direct,completed
B00001064,G000664,R0006,A0032,2025-03-09,2025-05-15,2025-05-16,Standard Double,1,16600,16600,Corporate,completed
B00001065,G002885,R0007,A0022,2024-03-03,2024-05-02,2024-05-04,Standard King,2,15600,31200,OTA,completed
B00001066,G001179,R0004,A0053,2025-01-04,2025-03-13,2025-03-18,Standard Double,5,14200,71000,OTA,completed
B00001067,G002164,R0035,A0056,2025-11-23,2026-01-08,2026-01-16,Standard Double,8,15900,127200,Direct,completed
B00001068,G001649,R0013,A0039,2024-06-09,2024-09-23,2024-10-06,Villa,13,64100,833300,Direct,completed
B00001069,G000986,R0005,A0034,2024-05-21,2024-08-19,2024-09-02,Standard Double,14,12900,180600,Loyalty,completed
B00001070,G000278,R0002,A0049,2024-04-29,2024-05-06,2024-05-14,Standard Double,8,17700,141600,Direct,completed
B00001071,G002929,R0036,A0005,2025-07-30,2025-11-04,2025-11-16,Villa,12,69900,838800,Direct,completed
B00001072,G002501,R0003,A0017,2025-09-15,2025-11-19,2025-11-20,Ocean Suite,1,34900,34900,Corporate,confirmed
B00001073,G002807,R0038,A0029,2024-05-03,2024-08-16,2024-08-23,Standard Double,7,16900,118300,Direct,completed
B00001074,G001987,R0019,A0004,2025-05-06,2025-07-19,2025-07-24,Standard King,5,22700,113500,Corporate,completed
B00001075,G001828,R0008,A0040,2024-01-16,2024-01-25,2024-02-06,Ocean Suite,12,34300,411600,Corporate,confirmed
B00001076,G002215,R0033,A0030,2024-06-24,2024-07-08,2024-07-10,Standard Double,2,19000,38000,Travel Agent,completed
B00001077,G000343,R0035,A0052,2024-08-28,2024-10-15,2024-10-26,Ocean Suite,11,40500,445500,OTA,completed
B00001078,G002564,R0035,A0033,2025-08-24,2025-10-01,2025-10-12,Standard Double,11,18800,206800,Corporate,no_show
B00001079,G000493,R0009,A0011,2025-04-07,2025-07-29,2025-08-04,Standard Double,6,18200,109200,Direct,no_show
B00001080,G000707,R0001,A0035,2024-03-04,2024-06-16,2024-06-17,Standard King,1,15700,15700,OTA,completed
B00001081,G002440,R0006,A0020,2025-02-16,2025-02-28,2025-03-13,Standard Double,13,13300,172900,Direct,cancelled
B00001082,G002747,R0011,A0039,2025-03-09,2025-05-20,2025-05-29,Standard King,9,21800,196200,OTA,cancelled
B00001083,G000177,R0004,A0018,2025-08-25,2025-10-10,2025-10-14,Ocean Suite,4,34200,136800,Corporate,confirmed
B00001084,G001017,R0036,A0042,2024-06-30,2024-09-01,2024-09-06,Ocean Suite,5,43800,219000,OTA,completed
B00001085,G002698,R0030,A0038,2025-11-17,2026-02-08,2026-02-15,Standard King,7,21000,147000,Corporate,cancelled
B00001086,G001572,R0040,A0025,2025-07-13,2025-08-14,2025-08-26,Standard King,12,20800,249600,Direct,completed
B00001087,G000584,R0007,A0025,2024-06-12,2024-10-10,2024-10-16,Standard Double,6,14500,87000,Travel Agent,completed
B00001088,G002854,R0026,A0035,2025-05-28,2025-06-27,2025-07-07,Standard King,10,19200,192000,Loyalty,completed
B00001089,G000091,R0005,A0028,2025-09-30,2026-01-15,2026-01-17,Standard King,2,15900,31800,Loyalty,completed
B00001090,G000874,R0007,A0015,2025-05-01,2025-08-02,2025-08-09,Villa,7,61200,428400,Loyalty,completed
B00001091,G000679,R0002,A0059,2025-01-03,2025-04-30,2025-05-05,Ocean Suite,5,38400,192000,Direct,completed
B00001092,G002324,R0018,A0002,2025-03-02,2025-04-23,2025-05-07,Standard King,14,22100,309400,OTA,cancelled
B00001093,G001060,R0009,A0045,2025-08-31,2025-11-08,2025-11-18,Ocean Suite,10,40700,407000,OTA,cancelled
B00001094,G002258,R0030,A0054,2024-05-28,2024-06-10,2024-06-15,Standard King,5,17700,88500,OTA,no_show
B00001095,G001543,R0026,A0041,2024-09-28,2024-12-07,2024-12-14,Standard Double,7,16700,116900,Corporate,completed
B00001096,G001394,R0006,A0021,2025-08-25,2025-09-28,2025-10-04,Ocean Suite,6,30600,183600,Direct,completed
B00001097,G001010,R0031,A0024,2025-12-14,2026-04-12,2026-04-19,Villa,7,52300,366100,Direct,completed
B00001098,G002275,R0035,A0049,2025-02-08,2025-03-07,2025-03-14,Standard King,7,18900,132300,Travel Agent,completed
B00001099,G001989,R0004,A0025,2024-01-08,2024-01-15,2024-01-16,Standard Double,1,17600,17600,OTA,completed
B00001100,G002796,R0025,A0025,2024-10-07,2025-01-16,2025-01-28,Villa,12,69400,832800,OTA,completed
B00001101,G001736,R0020,A0021,2025-01-07,2025-03-11,2025-03-24,Standard Double,13,16700,217100,Direct,completed
B00001102,G001742,R0039,A0002,2024-05-13,2024-06-14,2024-06-28,Ocean Suite,14,34200,478800,OTA,completed
B00001103,G000445,R0019,A0004,2025-02-10,2025-05-02,2025-05-08,Standard Double,6,15300,91800,Loyalty,completed
B00001104,G000742,R0010,A0019,2025-04-07,2025-06-01,2025-06-09,Ocean Suite,8,38000,304000,OTA,confirmed
B00001105,G002905,R0012,A0018,2024-04-12,2024-04-24,2024-04-30,Villa,6,76500,459000,Corporate,completed
B00001106,G000444,R0035,A0001,2025-04-30,2025-07-15,2025-07-24,Presidential,9,130800,1177200,OTA,completed
B00001107,G000056,R0023,A0029,2024-10-06,2024-12-03,2024-12-06,Presidential,3,126500,379500,Direct,completed
B00001108,G000836,R0011,A0004,2025-06-25,2025-07-28,2025-08-01,Ocean Suite,4,45200,180800,OTA,completed
B00001109,G002604,R0023,A0053,2024-06-21,2024-08-08,2024-08-13,Villa,5,56200,281000,Direct,completed
B00001110,G001100,R0024,A0052,2024-02-18,2024-02-23,2024-03-05,Villa,11,58600,644600,Travel Agent,completed
B00001111,G000574,R0005,A0008,2024-07-17,2024-08-06,2024-08-18,Presidential,12,119100,1429200,OTA,confirmed
B00001112,G000845,R0026,A0049,2024-09-05,2024-11-30,2024-12-05,Standard Double,5,17800,89000,Direct,completed
B00001113,G001945,R0005,A0058,2024-12-28,2025-03-30,2025-03-31,Ocean Suite,1,30800,30800,Corporate,completed
B00001114,G001584,R0013,A0003,2025-09-15,2025-12-26,2025-12-30,Standard King,4,20200,80800,Corporate,completed
B00001115,G000284,R0007,A0033,2025-02-09,2025-04-07,2025-04-15,Standard Double,8,16600,132800,Direct,completed
B00001116,G002192,R0035,A0014,2025-01-05,2025-04-04,2025-04-06,Standard Double,2,17300,34600,OTA,confirmed
B00001117,G002199,R0008,A0010,2025-04-12,2025-06-16,2025-06-25,Ocean Suite,9,45000,405000,Travel Agent,confirmed
B00001118,G001254,R0039,A0004,2024-11-18,2025-01-19,2025-01-29,Ocean Suite,10,44400,444000,Direct,confirmed
B00001119,G002986,R0006,A0056,2025-09-04,2025-11-13,2025-11-25,Presidential,12,144600,1735200,Direct,completed
B00001120,G000965,R0011,A0034,2024-08-31,2024-11-12,2024-11-25,Standard King,13,24000,312000,Loyalty,completed
B00001121,G000707,R0037,A0014,2025-06-13,2025-10-02,2025-10-11,Villa,9,72300,650700,OTA,completed
B00001122,G000259,R0001,A0002,2025-12-09,2026-02-14,2026-02-21,Standard Double,7,15500,108500,Direct,completed
B00001123,G002244,R0008,A0001,2024-03-26,2024-07-09,2024-07-14,Standard King,5,18700,93500,Direct,completed
B00001124,G000349,R0016,A0042,2025-08-26,2025-10-31,2025-11-13,Standard King,13,19600,254800,OTA,confirmed
B00001125,G002771,R0038,A0021,2024-04-10,2024-04-15,2024-04-16,Standard King,1,22200,22200,Direct,confirmed
B00001126,G002410,R0018,A0022,2025-01-23,2025-03-21,2025-04-04,Standard King,14,15400,215600,Travel Agent,completed
B00001127,G000355,R0024,A0020,2025-12-26,2026-01-07,2026-01-19,Ocean Suite,12,47100,565200,Direct,completed
B00001128,G002423,R0040,A0053,2024-10-02,2025-01-09,2025-01-19,Standard Double,10,16600,166000,Direct,confirmed
B00001129,G000577,R0019,A0036,2025-01-21,2025-03-31,2025-04-12,Standard Double,12,17400,208800,Direct,completed
B00001130,G002131,R0036,A0036,2025-10-12,2025-12-24,2025-12-26,Standard Double,2,20200,40400,Travel Agent,completed
B00001131,G000740,R0038,A0028,2025-01-06,2025-03-06,2025-03-20,Standard King,14,19300,270200,OTA,completed
B00001132,G002585,R0023,A0030,2025-06-18,2025-08-31,2025-09-09,Ocean Suite,9,33000,297000,Direct,no_show
B00001133,G000571,R0037,A0024,2024-03-15,2024-06-24,2024-07-02,Standard Double,8,16500,132000,Loyalty,completed
B00001134,G001216,R0009,A0032,2025-01-29,2025-04-17,2025-04-20,Ocean Suite,3,31400,94200,Travel Agent,confirmed
B00001135,G000565,R0038,A0026,2025-03-22,2025-04-26,2025-04-29,Standard King,3,20700,62100,OTA,completed
B00001136,G000541,R0024,A0018,2024-04-17,2024-08-01,2024-08-10,Standard King,9,17900,161100,OTA,confirmed
B00001137,G001504,R0009,A0055,2025-05-23,2025-09-07,2025-09-08,Ocean Suite,1,30000,30000,Travel Agent,completed
B00001138,G000704,R0004,A0030,2024-08-04,2024-11-18,2024-11-21,Standard King,3,23000,69000,Loyalty,completed
B00001139,G000660,R0034,A0012,2025-12-06,2026-01-09,2026-01-21,Standard Double,12,13400,160800,Loyalty,completed
B00001140,G001440,R0004,A0051,2025-07-29,2025-10-20,2025-11-01,Ocean Suite,12,30700,368400,Direct,completed
B00001141,G002691,R0007,A0053,2024-03-29,2024-05-09,2024-05-12,Standard Double,3,18300,54900,Direct,completed
B00001142,G000291,R0003,A0030,2025-03-16,2025-05-31,2025-06-06,Ocean Suite,6,29800,178800,OTA,cancelled
B00001143,G001280,R0033,A0037,2025-07-29,2025-10-29,2025-11-04,Ocean Suite,6,33700,202200,Travel Agent,confirmed
B00001144,G000539,R0027,A0023,2025-09-01,2025-10-04,2025-10-09,Presidential,5,147900,739500,OTA,confirmed
B00001145,G002206,R0020,A0052,2024-03-25,2024-04-22,2024-05-05,Ocean Suite,13,30900,401700,Direct,completed
B00001146,G001919,R0012,A0005,2024-10-30,2024-11-27,2024-12-10,Ocean Suite,13,36000,468000,Direct,confirmed
B00001147,G001119,R0004,A0026,2025-07-12,2025-09-06,2025-09-07,Ocean Suite,1,37500,37500,OTA,completed
B00001148,G002242,R0033,A0013,2024-11-06,2024-11-29,2024-12-05,Ocean Suite,6,36400,218400,Loyalty,cancelled
B00001149,G000195,R0009,A0035,2024-12-04,2025-01-16,2025-01-17,Standard Double,1,16000,16000,Direct,completed
B00001150,G000844,R0026,A0011,2025-08-01,2025-08-25,2025-09-06,Ocean Suite,12,40100,481200,OTA,completed
B00001151,G000113,R0020,A0047,2025-11-13,2026-01-29,2026-01-31,Villa,2,53900,107800,Direct,completed
B00001152,G001346,R0002,A0010,2024-10-29,2025-01-28,2025-02-05,Ocean Suite,8,30600,244800,Travel Agent,completed
B00001153,G000341,R0018,A0045,2025-11-29,2025-12-22,2025-12-23,Villa,1,71000,71000,Direct,cancelled
B00001154,G000244,R0023,A0056,2024-01-11,2024-02-01,2024-02-15,Standard Double,14,18800,263200,Loyalty,completed
B00001155,G002682,R0023,A0052,2025-12-03,2026-03-01,2026-03-11,Standard King,10,21000,210000,Travel Agent,completed
B00001156,G000529,R0013,A0055,2025-04-19,2025-07-05,2025-07-14,Standard King,9,18400,165600,Travel Agent,completed
B00001157,G002776,R0026,A0019,2025-09-28,2025-10-26,2025-10-31,Ocean Suite,5,29900,149500,Travel Agent,completed
B00001158,G000187,R0014,A0028,2025-06-02,2025-08-20,2025-09-01,Presidential,12,119000,1428000,Direct,completed
B00001159,G002521,R0022,A0057,2025-09-23,2026-01-16,2026-01-19,Presidential,3,123500,370500,Corporate,completed
B00001160,G000137,R0025,A0005,2024-03-01,2024-04-23,2024-05-01,Standard Double,8,17000,136000,Travel Agent,completed
B00001161,G001800,R0025,A0046,2025-05-03,2025-06-06,2025-06-07,Ocean Suite,1,45400,45400,Loyalty,completed
B00001162,G001184,R0037,A0055,2024-11-10,2025-01-24,2025-02-05,Presidential,12,124400,1492800,Direct,completed
B00001163,G000659,R0001,A0014,2025-10-10,2025-11-24,2025-12-08,Standard King,14,19700,275800,Loyalty,completed
B00001164,G001044,R0030,A0035,2024-07-07,2024-09-20,2024-09-21,Standard Double,1,17700,17700,OTA,confirmed
B00001165,G000063,R0007,A0005,2024-02-02,2024-04-16,2024-04-17,Standard Double,1,19400,19400,Corporate,completed
B00001166,G000621,R0016,A0001,2024-04-29,2024-05-11,2024-05-18,Standard Double,7,14300,100100,Direct,cancelled
B00001167,G000763,R0037,A0056,2024-03-30,2024-04-21,2024-05-01,Ocean Suite,10,43200,432000,OTA,completed
B00001168,G000035,R0012,A0052,2025-12-11,2025-12-30,2026-01-07,Standard Double,8,16600,132800,Direct,completed
B00001169,G001411,R0006,A0052,2024-06-14,2024-07-13,2024-07-25,Ocean Suite,12,29800,357600,Direct,confirmed
B00001170,G000510,R0034,A0051,2025-06-18,2025-08-31,2025-09-08,Ocean Suite,8,41700,333600,OTA,completed
B00001171,G002254,R0024,A0022,2025-07-17,2025-07-28,2025-08-09,Standard Double,12,15000,180000,Travel Agent,completed
B00001172,G000207,R0003,A0046,2024-12-13,2025-04-10,2025-04-14,Standard Double,4,18400,73600,Travel Agent,confirmed
B00001173,G000707,R0038,A0031,2025-06-05,2025-07-11,2025-07-17,Presidential,6,120600,723600,Direct,completed
B00001174,G002258,R0004,A0012,2024-08-06,2024-10-24,2024-10-29,Standard Double,5,17400,87000,Corporate,completed
B00001175,G001996,R0018,A0018,2024-10-12,2025-01-04,2025-01-08,Ocean Suite,4,45900,183600,Corporate,confirmed
B00001176,G002570,R0009,A0048,2024-01-14,2024-01-31,2024-02-01,Standard Double,1,20000,20000,Direct,confirmed
B00001177,G000521,R0032,A0023,2025-12-13,2026-04-05,2026-04-07,Standard King,2,21700,43400,Direct,confirmed
B00001178,G001039,R0004,A0027,2025-02-09,2025-03-07,2025-03-08,Ocean Suite,1,44100,44100,OTA,confirmed
B00001179,G002395,R0026,A0058,2024-04-08,2024-06-26,2024-07-05,Standard King,9,22200,199800,Travel Agent,completed
B00001180,G000652,R0003,A0056,2025-08-19,2025-11-23,2025-12-02,Standard King,9,23700,213300,Direct,completed
B00001181,G000618,R0026,A0011,2025-08-04,2025-08-15,2025-08-28,Villa,13,79100,1028300,OTA,completed
B00001182,G001611,R0027,A0054,2025-04-16,2025-07-22,2025-07-23,Standard Double,1,18000,18000,Loyalty,completed
B00001183,G001176,R0020,A0038,2024-09-17,2024-10-26,2024-11-06,Standard King,11,23900,262900,OTA,completed
B00001184,G001239,R0023,A0001,2025-10-24,2026-01-10,2026-01-17,Standard King,7,17000,119000,Corporate,completed
B00001185,G000887,R0010,A0017,2025-02-24,2025-05-21,2025-05-24,Villa,3,73100,219300,Loyalty,completed
B00001186,G000161,R0033,A0041,2025-06-30,2025-10-03,2025-10-11,Villa,8,68800,550400,Travel Agent,completed
B00001187,G002914,R0020,A0059,2024-03-27,2024-06-20,2024-06-30,Standard Double,10,15600,156000,Direct,completed
B00001188,G001498,R0012,A0057,2025-11-13,2025-11-21,2025-11-27,Standard Double,6,14400,86400,Direct,completed
B00001189,G002739,R0024,A0055,2025-06-25,2025-08-28,2025-09-04,Standard King,7,24100,168700,Direct,confirmed
B00001190,G002404,R0030,A0026,2025-12-30,2026-04-24,2026-05-06,Ocean Suite,12,34400,412800,Corporate,cancelled
B00001191,G001789,R0024,A0016,2025-01-14,2025-03-28,2025-04-05,Presidential,8,118200,945600,OTA,confirmed
B00001192,G000324,R0018,A0009,2024-06-30,2024-08-13,2024-08-18,Standard Double,5,16700,83500,Loyalty,completed
B00001193,G001324,R0039,A0010,2025-01-15,2025-03-30,2025-04-06,Standard Double,7,19000,133000,Direct,confirmed
B00001194,G002939,R0024,A0050,2025-08-25,2025-09-10,2025-09-15,Standard King,5,16400,82000,Corporate,completed
B00001195,G000477,R0011,A0027,2024-11-04,2025-02-12,2025-02-18,Villa,6,57400,344400,Corporate,completed
B00001196,G002188,R0002,A0002,2025-10-23,2026-01-19,2026-01-31,Standard King,12,23700,284400,Corporate,cancelled
B00001197,G001304,R0036,A0018,2024-06-09,2024-07-06,2024-07-12,Ocean Suite,6,41200,247200,Travel Agent,completed
B00001198,G002633,R0032,A0013,2024-06-16,2024-10-06,2024-10-17,Villa,11,71300,784300,Travel Agent,completed
B00001199,G000541,R0030,A0029,2025-08-14,2025-10-09,2025-10-16,Ocean Suite,7,36800,257600,Direct,completed
B00001200,G000625,R0023,A0053,2025-03-25,2025-07-23,2025-08-01,Standard King,9,23600,212400,OTA,completed
B00001201,G002796,R0010,A0031,2024-07-01,2024-10-03,2024-10-06,Standard King,3,16900,50700,OTA,confirmed
B00001202,G002836,R0015,A0037,2024-05-06,2024-08-13,2024-08-17,Ocean Suite,4,39000,156000,Travel Agent,completed
B00001203,G000632,R0023,A0046,2025-06-14,2025-09-22,2025-09-29,Standard King,7,21700,151900,Travel Agent,completed
B00001204,G001443,R0024,A0040,2025-11-06,2026-02-02,2026-02-06,Villa,4,55400,221600,Direct,completed
B00001205,G000714,R0039,A0039,2024-01-02,2024-02-08,2024-02-14,Villa,6,71700,430200,Corporate,confirmed
B00001206,G000357,R0028,A0028,2025-06-03,2025-07-18,2025-07-19,Standard Double,1,13400,13400,Direct,no_show
B00001207,G000495,R0032,A0051,2025-06-01,2025-09-13,2025-09-16,Ocean Suite,3,33200,99600,Direct,completed
B00001208,G002287,R0036,A0015,2025-11-25,2026-02-05,2026-02-16,Presidential,11,144300,1587300,Loyalty,completed
B00001209,G001649,R0017,A0050,2025-05-04,2025-05-30,2025-06-05,Standard Double,6,14700,88200,Direct,no_show
B00001210,G002917,R0011,A0059,2025-06-04,2025-06-07,2025-06-18,Standard King,11,20700,227700,Direct,completed
B00001211,G000235,R0023,A0026,2025-01-21,2025-02-14,2025-02-28,Villa,14,80700,1129800,OTA,completed
B00001212,G001003,R0031,A0056,2024-03-09,2024-06-27,2024-07-08,Standard King,11,15700,172700,OTA,confirmed
B00001213,G002290,R0021,A0015,2024-11-08,2025-02-15,2025-02-17,Ocean Suite,2,35400,70800,Direct,completed
B00001214,G001175,R0004,A0033,2025-11-10,2026-01-01,2026-01-05,Standard Double,4,18100,72400,Travel Agent,completed
B00001215,G002330,R0021,A0017,2024-03-15,2024-06-26,2024-06-29,Villa,3,70700,212100,OTA,completed
B00001216,G001755,R0022,A0022,2024-10-05,2024-10-08,2024-10-18,Villa,10,53700,537000,Travel Agent,completed
B00001217,G000758,R0023,A0052,2024-03-02,2024-05-03,2024-05-16,Standard King,13,16500,214500,Direct,completed
B00001218,G000557,R0032,A0007,2025-11-08,2025-11-20,2025-11-23,Standard King,3,23700,71100,OTA,confirmed
B00001219,G000149,R0030,A0026,2025-08-02,2025-10-08,2025-10-16,Standard King,8,16700,133600,OTA,completed
B00001220,G000116,R0025,A0044,2025-04-16,2025-05-30,2025-06-11,Standard Double,12,16700,200400,Travel Agent,completed
B00001221,G002861,R0037,A0058,2025-12-10,2026-01-19,2026-01-23,Standard King,4,16100,64400,Corporate,completed
B00001222,G000188,R0008,A0010,2024-06-11,2024-06-27,2024-07-07,Standard King,10,22800,228000,Corporate,completed
B00001223,G000029,R0019,A0031,2025-12-29,2026-01-05,2026-01-06,Standard King,1,24000,24000,OTA,completed
B00001224,G002430,R0037,A0029,2025-04-05,2025-08-02,2025-08-07,Villa,5,53600,268000,Corporate,completed
B00001225,G001666,R0003,A0002,2024-09-07,2024-10-23,2024-10-29,Ocean Suite,6,37900,227400,Direct,confirmed
B00001226,G001467,R0037,A0042,2024-05-20,2024-08-01,2024-08-13,Standard Double,12,15100,181200,Direct,completed
B00001227,G002167,R0008,A0011,2024-06-13,2024-08-12,2024-08-19,Ocean Suite,7,37200,260400,Direct,completed
B00001228,G001154,R0023,A0060,2025-02-27,2025-05-23,2025-05-30,Standard King,7,24000,168000,Corporate,confirmed
B00001229,G001251,R0005,A0051,2025-09-18,2025-10-04,2025-10-11,Standard Double,7,17200,120400,Direct,completed
B00001230,G002355,R0019,A0015,2024-10-03,2025-01-24,2025-01-31,Standard King,7,20000,140000,Travel Agent,completed
B00001231,G001721,R0022,A0033,2024-05-11,2024-07-28,2024-08-09,Standard Double,12,19700,236400,Loyalty,completed
B00001232,G000033,R0011,A0007,2025-08-07,2025-10-04,2025-10-07,Standard King,3,16800,50400,Corporate,confirmed
B00001233,G001380,R0027,A0024,2025-04-28,2025-08-09,2025-08-19,Standard King,10,22200,222000,Direct,completed
B00001234,G002964,R0005,A0010,2025-09-17,2025-10-16,2025-10-26,Standard King,10,15500,155000,Corporate,confirmed
B00001235,G001612,R0030,A0022,2024-12-30,2025-03-08,2025-03-20,Standard Double,12,14100,169200,OTA,completed
B00001236,G002350,R0006,A0060,2025-09-16,2025-10-14,2025-10-16,Standard King,2,18500,37000,Direct,completed
B00001237,G002221,R0015,A0060,2025-07-17,2025-09-03,2025-09-04,Villa,1,59800,59800,Direct,confirmed
B00001238,G001874,R0013,A0020,2024-10-26,2024-11-19,2024-11-24,Standard Double,5,17600,88000,Direct,completed
B00001239,G000115,R0035,A0054,2024-02-03,2024-04-14,2024-04-27,Villa,13,79400,1032200,OTA,confirmed
B00001240,G002679,R0004,A0010,2024-04-01,2024-06-23,2024-07-04,Presidential,11,128200,1410200,Direct,completed
B00001241,G000636,R0021,A0004,2024-08-21,2024-10-29,2024-11-11,Ocean Suite,13,36100,469300,Direct,completed
B00001242,G001380,R0012,A0029,2024-06-12,2024-07-08,2024-07-12,Standard King,4,24200,96800,Travel Agent,completed
B00001243,G000838,R0007,A0014,2024-01-11,2024-02-10,2024-02-11,Standard King,1,17500,17500,OTA,completed
B00001244,G001749,R0001,A0029,2024-05-25,2024-09-02,2024-09-10,Standard Double,8,15300,122400,Corporate,completed
B00001245,G000321,R0014,A0004,2024-06-26,2024-10-21,2024-10-25,Ocean Suite,4,39400,157600,Direct,completed
B00001246,G000521,R0009,A0003,2025-07-07,2025-08-14,2025-08-22,Standard King,8,24000,192000,OTA,confirmed
B00001247,G000214,R0009,A0019,2025-01-17,2025-01-25,2025-02-02,Ocean Suite,8,42300,338400,Loyalty,completed
B00001248,G002549,R0027,A0007,2025-09-07,2026-01-05,2026-01-19,Standard King,14,17600,246400,OTA,completed
B00001249,G000608,R0031,A0041,2024-12-13,2025-02-16,2025-03-02,Villa,14,56300,788200,OTA,completed
B00001250,G001044,R0019,A0046,2025-06-03,2025-09-04,2025-09-16,Standard King,12,17500,210000,Direct,completed
B00001251,G000194,R0006,A0006,2024-05-02,2024-07-09,2024-07-17,Presidential,8,104500,836000,Travel Agent,no_show
B00001252,G002743,R0040,A0004,2024-03-16,2024-05-14,2024-05-28,Standard King,14,22700,317800,Direct,completed
B00001253,G002529,R0038,A0040,2024-09-14,2024-12-12,2024-12-18,Standard King,6,18100,108600,Corporate,confirmed
B00001254,G001043,R0032,A0025,2024-09-12,2024-10-11,2024-10-20,Standard Double,9,13900,125100,OTA,completed
B00001255,G001068,R0021,A0044,2025-08-28,2025-12-19,2025-12-30,Standard Double,11,19900,218900,Loyalty,confirmed
B00001256,G001238,R0019,A0019,2025-03-29,2025-07-20,2025-08-03,Standard King,14,19800,277200,OTA,completed
B00001257,G000681,R0002,A0052,2024-01-11,2024-05-01,2024-05-07,Standard Double,6,15500,93000,OTA,completed
B00001258,G001055,R0029,A0032,2025-09-30,2025-12-29,2026-01-01,Standard Double,3,17500,52500,Direct,cancelled
B00001259,G001307,R0032,A0031,2024-06-23,2024-07-14,2024-07-20,Standard Double,6,12800,76800,Direct,completed
B00001260,G002971,R0024,A0037,2024-06-10,2024-06-30,2024-07-10,Standard King,10,15900,159000,Loyalty,cancelled
B00001261,G001302,R0010,A0038,2024-11-19,2025-02-24,2025-03-07,Ocean Suite,11,36700,403700,OTA,completed
B00001262,G001216,R0040,A0047,2025-11-11,2026-02-17,2026-02-20,Standard King,3,18600,55800,OTA,completed
B00001263,G000439,R0014,A0047,2024-08-16,2024-11-08,2024-11-17,Ocean Suite,9,30400,273600,Direct,completed
B00001264,G000709,R0007,A0054,2024-03-19,2024-05-06,2024-05-18,Standard King,12,21200,254400,Corporate,confirmed
B00001265,G000035,R0026,A0020,2024-04-16,2024-07-23,2024-08-02,Standard King,10,18200,182000,OTA,completed
B00001266,G001591,R0001,A0003,2024-06-30,2024-09-11,2024-09-20,Villa,9,65900,593100,Travel Agent,completed
B00001267,G001646,R0025,A0041,2024-10-15,2025-02-04,2025-02-11,Ocean Suite,7,43300,303100,Direct,completed
B00001268,G001787,R0010,A0046,2024-05-28,2024-06-20,2024-06-22,Standard King,2,15400,30800,Travel Agent,completed
B00001269,G001990,R0008,A0019,2025-06-07,2025-10-03,2025-10-13,Ocean Suite,10,42000,420000,Direct,completed
B00001270,G001138,R0039,A0040,2025-08-12,2025-11-09,2025-11-18,Standard King,9,16700,150300,Travel Agent,completed
B00001271,G000086,R0028,A0027,2025-12-05,2026-03-11,2026-03-14,Ocean Suite,3,30800,92400,OTA,completed
B00001272,G000395,R0013,A0056,2024-01-04,2024-02-15,2024-02-26,Standard King,11,22500,247500,Direct,cancelled
B00001273,G001456,R0001,A0060,2025-07-20,2025-10-17,2025-10-20,Villa,3,76200,228600,Travel Agent,completed
B00001274,G001771,R0035,A0045,2024-06-16,2024-09-30,2024-10-08,Ocean Suite,8,46000,368000,Corporate,completed
B00001275,G001982,R0014,A0014,2025-02-21,2025-06-17,2025-06-29,Standard King,12,18300,219600,Direct,completed
B00001276,G001778,R0007,A0016,2025-07-19,2025-08-28,2025-09-10,Standard King,13,24000,312000,Direct,completed
B00001277,G002757,R0010,A0007,2025-07-07,2025-10-24,2025-11-02,Ocean Suite,9,33600,302400,Corporate,completed
B00001278,G001976,R0002,A0026,2025-05-19,2025-07-08,2025-07-10,Ocean Suite,2,37100,74200,Travel Agent,completed
B00001279,G000308,R0018,A0016,2025-09-28,2025-10-15,2025-10-23,Standard Double,8,19900,159200,Direct,cancelled
B00001280,G002374,R0038,A0027,2025-06-30,2025-09-21,2025-09-25,Standard Double,4,14900,59600,Travel Agent,completed
B00001281,G001575,R0026,A0035,2024-06-23,2024-09-10,2024-09-24,Standard Double,14,18900,264600,Direct,completed
B00001282,G001118,R0015,A0039,2025-11-18,2026-01-13,2026-01-24,Standard Double,11,18400,202400,Travel Agent,cancelled
B00001283,G001733,R0040,A0027,2025-08-27,2025-10-05,2025-10-07,Ocean Suite,2,39700,79400,OTA,completed
B00001284,G002291,R0032,A0017,2024-12-26,2025-03-24,2025-04-03,Villa,10,59500,595000,Direct,cancelled
B00001285,G001878,R0019,A0054,2025-06-15,2025-09-04,2025-09-10,Standard King,6,21800,130800,OTA,completed
B00001286,G002716,R0039,A0011,2025-10-17,2025-12-22,2026-01-04,Standard Double,13,12800,166400,Loyalty,completed
B00001287,G002466,R0019,A0036,2024-03-03,2024-03-06,2024-03-20,Standard Double,14,14700,205800,Corporate,completed
B00001288,G002276,R0035,A0037,2024-07-13,2024-11-02,2024-11-13,Ocean Suite,11,35500,390500,OTA,confirmed
B00001289,G001424,R0007,A0036,2025-03-01,2025-06-20,2025-06-24,Standard King,4,23600,94400,OTA,completed
B00001290,G001599,R0023,A0047,2025-11-26,2026-01-17,2026-01-19,Standard Double,2,19200,38400,OTA,completed
B00001291,G002316,R0036,A0017,2024-07-15,2024-10-29,2024-11-06,Presidential,8,141800,1134400,Corporate,completed
B00001292,G000485,R0002,A0042,2025-06-27,2025-08-27,2025-08-30,Standard Double,3,17500,52500,Direct,completed
B00001293,G000946,R0008,A0004,2024-10-04,2025-01-30,2025-02-04,Standard King,5,24000,120000,Direct,completed
B00001294,G001642,R0028,A0036,2025-01-18,2025-02-09,2025-02-14,Villa,5,62300,311500,Corporate,completed
B00001295,G001743,R0009,A0021,2024-07-01,2024-07-25,2024-08-08,Standard King,14,20700,289800,OTA,completed
B00001296,G001259,R0017,A0032,2025-05-06,2025-08-30,2025-09-06,Standard King,7,17800,124600,Corporate,completed
B00001297,G000923,R0015,A0035,2024-11-16,2024-11-17,2024-11-25,Ocean Suite,8,46700,373600,Direct,confirmed
B00001298,G000758,R0009,A0043,2024-04-03,2024-08-01,2024-08-15,Standard King,14,21700,303800,OTA,cancelled
B00001299,G000644,R0030,A0032,2025-03-11,2025-06-18,2025-06-23,Standard Double,5,16800,84000,Direct,completed
B00001300,G001251,R0038,A0043,2024-06-23,2024-09-19,2024-10-03,Standard King,14,21700,303800,OTA,completed
B00001301,G002609,R0004,A0034,2024-02-18,2024-04-05,2024-04-10,Standard Double,5,14600,73000,OTA,completed
B00001302,G001796,R0010,A0020,2025-06-25,2025-09-27,2025-10-09,Villa,12,59800,717600,Corporate,confirmed
B00001303,G002471,R0019,A0055,2024-07-27,2024-08-01,2024-08-07,Standard King,6,19800,118800,Direct,completed
B00001304,G000824,R0005,A0045,2024-09-02,2024-12-17,2024-12-28,Standard Double,11,17200,189200,Direct,cancelled
B00001305,G002226,R0012,A0031,2025-05-01,2025-05-27,2025-05-28,Standard King,1,20200,20200,Direct,completed
B00001306,G002708,R0027,A0021,2024-08-05,2024-12-02,2024-12-08,Ocean Suite,6,38100,228600,Corporate,completed
B00001307,G001199,R0031,A0013,2024-10-12,2025-02-01,2025-02-08,Standard Double,7,18200,127400,OTA,completed
B00001308,G001623,R0015,A0014,2024-05-19,2024-08-03,2024-08-13,Standard Double,10,19400,194000,Travel Agent,completed
B00001309,G001965,R0036,A0022,2024-08-21,2024-11-03,2024-11-04,Standard Double,1,14500,14500,Loyalty,confirmed
B00001310,G001178,R0019,A0058,2024-06-23,2024-09-15,2024-09-20,Standard Double,5,18200,91000,OTA,completed
B00001311,G001520,R0036,A0059,2025-05-17,2025-06-29,2025-07-10,Ocean Suite,11,35800,393800,OTA,cancelled
B00001312,G000588,R0004,A0012,2024-03-14,2024-05-10,2024-05-22,Standard Double,12,18200,218400,Travel Agent,cancelled
B00001313,G002167,R0009,A0020,2025-07-07,2025-08-01,2025-08-12,Standard Double,11,19100,210100,Corporate,completed
B00001314,G000845,R0018,A0051,2025-03-11,2025-05-14,2025-05-27,Villa,13,66600,865800,OTA,completed
B00001315,G001780,R0033,A0022,2025-07-03,2025-07-18,2025-07-31,Standard King,13,17500,227500,Loyalty,completed
B00001316,G002529,R0002,A0048,2025-11-03,2026-03-01,2026-03-15,Presidential,14,145200,2032800,Travel Agent,completed
B00001317,G001742,R0010,A0036,2025-03-09,2025-05-23,2025-05-27,Standard King,4,22400,89600,Direct,confirmed
B00001318,G000049,R0030,A0048,2025-11-15,2025-12-26,2025-12-30,Standard King,4,18800,75200,Travel Agent,completed
B00001319,G002350,R0035,A0009,2025-04-30,2025-06-09,2025-06-12,Standard Double,3,15100,45300,Direct,confirmed
B00001320,G002058,R0007,A0055,2024-05-05,2024-05-11,2024-05-16,Standard King,5,23200,116000,Direct,confirmed
B00001321,G000843,R0034,A0032,2025-01-23,2025-04-30,2025-05-07,Standard King,7,19200,134400,Direct,completed
B00001322,G002535,R0016,A0052,2024-03-02,2024-06-01,2024-06-02,Standard Double,1,16800,16800,Loyalty,no_show
B00001323,G002727,R0019,A0029,2024-09-09,2024-09-21,2024-10-02,Standard King,11,18700,205700,OTA,completed
B00001324,G001556,R0008,A0007,2024-10-24,2024-11-25,2024-12-02,Presidential,7,138800,971600,Travel Agent,confirmed
B00001325,G002664,R0027,A0050,2025-01-22,2025-03-16,2025-03-17,Standard King,1,17500,17500,Direct,completed
B00001326,G000144,R0027,A0005,2024-04-17,2024-07-06,2024-07-18,Standard Double,12,19800,237600,Travel Agent,completed
B00001327,G000510,R0003,A0024,2024-02-08,2024-03-04,2024-03-15,Standard Double,11,12700,139700,OTA,completed
B00001328,G002086,R0009,A0060,2024-04-14,2024-05-18,2024-05-29,Standard King,11,17700,194700,Direct,confirmed
B00001329,G002356,R0037,A0027,2024-02-15,2024-04-09,2024-04-17,Standard Double,8,17900,143200,Corporate,completed
B00001330,G001140,R0035,A0049,2025-09-20,2025-11-25,2025-12-03,Ocean Suite,8,44900,359200,Corporate,completed
B00001331,G000806,R0018,A0057,2024-01-22,2024-04-14,2024-04-21,Ocean Suite,7,46500,325500,Loyalty,confirmed
B00001332,G002064,R0014,A0038,2025-06-19,2025-10-13,2025-10-15,Standard Double,2,14200,28400,OTA,completed
B00001333,G001164,R0014,A0026,2025-05-01,2025-06-28,2025-06-29,Ocean Suite,1,31400,31400,Travel Agent,completed
B00001334,G000764,R0027,A0002,2025-07-12,2025-07-29,2025-08-05,Standard King,7,17600,123200,Direct,completed
B00001335,G002967,R0040,A0003,2025-10-30,2025-12-15,2025-12-23,Standard Double,8,12800,102400,Corporate,completed
B00001336,G001109,R0014,A0011,2025-01-15,2025-04-25,2025-04-29,Ocean Suite,4,41000,164000,Direct,completed
B00001337,G001908,R0018,A0035,2024-01-29,2024-04-14,2024-04-26,Ocean Suite,12,38000,456000,Travel Agent,no_show
B00001338,G002032,R0024,A0006,2024-11-01,2025-02-11,2025-02-14,Standard King,3,15400,46200,Corporate,completed
B00001339,G002548,R0035,A0054,2024-02-22,2024-02-27,2024-03-02,Standard King,4,20000,80000,Direct,completed
B00001340,G002674,R0029,A0045,2024-06-22,2024-06-30,2024-07-03,Ocean Suite,3,30300,90900,OTA,confirmed
B00001341,G001677,R0024,A0013,2025-07-10,2025-09-23,2025-09-24,Standard King,1,19400,19400,Travel Agent,completed
B00001342,G000107,R0037,A0001,2025-04-17,2025-05-15,2025-05-25,Standard Double,10,14100,141000,Corporate,completed
B00001343,G000169,R0025,A0037,2025-06-05,2025-08-05,2025-08-07,Ocean Suite,2,38400,76800,Direct,completed
B00001344,G000455,R0008,A0032,2025-08-06,2025-08-28,2025-09-06,Ocean Suite,9,46600,419400,OTA,completed
B00001345,G000924,R0010,A0053,2024-11-04,2024-12-12,2024-12-26,Ocean Suite,14,45500,637000,Direct,completed
B00001346,G002408,R0014,A0059,2024-10-03,2025-01-08,2025-01-10,Standard King,2,21800,43600,Loyalty,confirmed
B00001347,G000739,R0031,A0057,2025-01-19,2025-04-08,2025-04-09,Standard King,1,16900,16900,Travel Agent,completed
B00001348,G001230,R0030,A0039,2025-07-24,2025-07-28,2025-08-08,Standard King,11,23800,261800,Corporate,completed
B00001349,G002356,R0007,A0007,2025-11-14,2025-11-29,2025-12-05,Presidential,6,134200,805200,Loyalty,completed
B00001350,G002485,R0019,A0047,2025-07-02,2025-10-24,2025-10-31,Standard King,7,20300,142100,Corporate,cancelled
B00001351,G000040,R0004,A0059,2025-05-27,2025-08-03,2025-08-08,Standard King,5,17600,88000,OTA,completed
B00001352,G000134,R0008,A0037,2025-05-17,2025-06-24,2025-07-04,Ocean Suite,10,32000,320000,OTA,completed
B00001353,G000809,R0009,A0054,2024-11-29,2024-12-29,2025-01-03,Standard Double,5,16500,82500,Direct,cancelled
B00001354,G000607,R0028,A0012,2024-01-10,2024-02-01,2024-02-03,Presidential,2,113900,227800,Travel Agent,completed
B00001355,G000853,R0001,A0057,2024-08-11,2024-08-12,2024-08-13,Standard King,1,20200,20200,OTA,confirmed
B00001356,G000020,R0008,A0040,2024-01-04,2024-03-11,2024-03-20,Standard Double,9,18500,166500,Loyalty,completed
B00001357,G002326,R0006,A0025,2025-10-04,2025-10-24,2025-11-07,Standard King,14,21400,299600,Direct,completed
B00001358,G001591,R0040,A0003,2024-01-10,2024-03-20,2024-04-02,Ocean Suite,13,35000,455000,Loyalty,cancelled
B00001359,G001967,R0036,A0028,2024-09-21,2024-11-10,2024-11-14,Standard King,4,15500,62000,OTA,confirmed
B00001360,G000397,R0008,A0057,2024-09-07,2024-11-04,2024-11-06,Villa,2,66700,133400,Direct,completed
B00001361,G002349,R0010,A0049,2024-11-12,2024-12-02,2024-12-03,Standard King,1,17600,17600,Corporate,completed
B00001362,G001829,R0027,A0002,2024-11-25,2025-01-13,2025-01-23,Standard Double,10,14600,146000,OTA,confirmed
B00001363,G002638,R0018,A0057,2024-01-17,2024-04-30,2024-05-03,Ocean Suite,3,39100,117300,Direct,completed
B00001364,G000138,R0026,A0010,2025-06-27,2025-08-11,2025-08-20,Villa,9,65900,593100,Travel Agent,cancelled
B00001365,G001862,R0015,A0023,2024-01-18,2024-01-20,2024-01-25,Standard King,5,20800,104000,Loyalty,completed
B00001366,G002574,R0027,A0005,2024-06-29,2024-10-08,2024-10-19,Presidential,11,122700,1349700,Direct,completed
B00001367,G001673,R0017,A0028,2024-01-25,2024-02-01,2024-02-03,Standard King,2,17400,34800,Direct,completed
B00001368,G002569,R0009,A0037,2025-03-13,2025-03-22,2025-03-28,Standard King,6,15500,93000,Loyalty,cancelled
B00001369,G001332,R0028,A0049,2024-08-17,2024-11-30,2024-12-13,Villa,13,78400,1019200,Corporate,completed
B00001370,G000897,R0029,A0027,2025-10-11,2025-11-19,2025-11-26,Ocean Suite,7,30100,210700,Travel Agent,completed
B00001371,G000610,R0020,A0032,2024-09-22,2024-10-23,2024-10-29,Standard Double,6,15900,95400,OTA,completed
B00001372,G001880,R0009,A0053,2025-11-15,2025-12-09,2025-12-16,Standard Double,7,12700,88900,OTA,completed
B00001373,G000314,R0009,A0018,2025-09-28,2026-01-19,2026-01-27,Villa,8,63200,505600,OTA,completed
B00001374,G000654,R0006,A0043,2025-08-15,2025-08-23,2025-09-03,Standard King,11,15400,169400,OTA,cancelled
B00001375,G001235,R0037,A0031,2024-05-29,2024-06-15,2024-06-19,Standard King,4,17700,70800,Direct,completed
B00001376,G001378,R0010,A0006,2025-10-14,2025-12-09,2025-12-23,Standard King,14,21900,306600,OTA,completed
B00001377,G001160,R0018,A0052,2025-10-20,2026-02-02,2026-02-04,Ocean Suite,2,31500,63000,Travel Agent,completed
B00001378,G000011,R0030,A0016,2025-11-15,2026-01-09,2026-01-13,Standard King,4,18300,73200,OTA,completed
B00001379,G000096,R0027,A0035,2025-02-18,2025-04-11,2025-04-16,Villa,5,51500,257500,Corporate,confirmed
B00001380,G002975,R0018,A0006,2024-07-09,2024-08-10,2024-08-24,Standard King,14,21600,302400,Direct,completed
B00001381,G002991,R0007,A0046,2025-10-19,2026-02-08,2026-02-17,Standard Double,9,20100,180900,Direct,completed
B00001382,G002476,R0038,A0040,2024-02-20,2024-03-02,2024-03-04,Ocean Suite,2,30300,60600,Direct,completed
B00001383,G000406,R0032,A0048,2025-08-26,2025-12-10,2025-12-18,Ocean Suite,8,39400,315200,Direct,confirmed
B00001384,G002606,R0019,A0055,2025-04-22,2025-08-06,2025-08-15,Standard King,9,18500,166500,Direct,completed
B00001385,G002893,R0034,A0011,2024-05-02,2024-05-05,2024-05-13,Villa,8,67700,541600,Travel Agent,confirmed
B00001386,G000231,R0030,A0039,2024-08-20,2024-10-19,2024-10-21,Villa,2,54100,108200,Direct,completed
B00001387,G002441,R0013,A0044,2025-08-25,2025-11-15,2025-11-22,Standard King,7,19700,137900,Direct,completed
B00001388,G000435,R0027,A0036,2024-01-08,2024-02-01,2024-02-14,Standard King,13,15400,200200,Travel Agent,completed
B00001389,G000553,R0019,A0013,2024-08-06,2024-11-27,2024-12-04,Presidential,7,111700,781900,Corporate,completed
B00001390,G001632,R0030,A0017,2025-11-13,2026-01-13,2026-01-14,Standard Double,1,16000,16000,Travel Agent,completed
B00001391,G000582,R0024,A0045,2024-04-01,2024-05-13,2024-05-14,Ocean Suite,1,44400,44400,Corporate,confirmed
B00001392,G001491,R0014,A0013,2024-02-17,2024-06-01,2024-06-12,Standard Double,11,14600,160600,Corporate,completed
B00001393,G001200,R0019,A0035,2025-05-30,2025-06-08,2025-06-12,Standard King,4,18000,72000,Direct,completed
B00001394,G000604,R0015,A0003,2024-04-13,2024-05-31,2024-06-02,Standard Double,2,18100,36200,Corporate,confirmed
B00001395,G000383,R0036,A0006,2024-01-04,2024-02-15,2024-02-16,Ocean Suite,1,45100,45100,Direct,completed
B00001396,G001739,R0038,A0051,2024-05-05,2024-06-15,2024-06-23,Standard King,8,18300,146400,Travel Agent,cancelled
B00001397,G000960,R0007,A0009,2025-08-29,2025-10-16,2025-10-29,Standard Double,13,16500,214500,OTA,completed
B00001398,G000629,R0025,A0002,2024-10-29,2025-02-07,2025-02-12,Standard Double,5,18200,91000,Loyalty,confirmed
B00001399,G001809,R0023,A0005,2024-04-14,2024-04-18,2024-04-26,Standard King,8,22700,181600,OTA,completed
B00001400,G000401,R0004,A0014,2025-05-13,2025-06-23,2025-06-28,Presidential,5,133800,669000,Corporate,cancelled
B00001401,G000205,R0012,A0025,2024-06-14,2024-08-26,2024-08-29,Standard King,3,22200,66600,OTA,completed
B00001402,G000043,R0017,A0009,2025-04-01,2025-06-24,2025-07-01,Ocean Suite,7,32200,225400,Loyalty,confirmed
B00001403,G001711,R0026,A0031,2025-12-09,2025-12-27,2026-01-02,Standard Double,6,14300,85800,OTA,confirmed
B00001404,G001079,R0002,A0052,2025-06-13,2025-10-09,2025-10-18,Presidential,9,137400,1236600,Direct,completed
B00001405,G000105,R0023,A0051,2025-12-04,2026-02-10,2026-02-24,Standard Double,14,13800,193200,Direct,completed
B00001406,G000037,R0017,A0050,2024-11-17,2024-12-12,2024-12-23,Ocean Suite,11,35300,388300,OTA,confirmed
B00001407,G000651,R0023,A0017,2025-03-22,2025-07-09,2025-07-11,Standard Double,2,19200,38400,Direct,confirmed
B00001408,G000534,R0026,A0048,2025-04-11,2025-07-14,2025-07-18,Standard King,4,21600,86400,Direct,completed
B00001409,G002008,R0024,A0042,2025-03-12,2025-05-29,2025-05-31,Presidential,2,108300,216600,Direct,confirmed
B00001410,G002263,R0018,A0054,2025-02-17,2025-05-02,2025-05-11,Standard King,9,18600,167400,Loyalty,confirmed
B00001411,G001693,R0012,A0048,2025-08-05,2025-11-15,2025-11-24,Standard King,9,24200,217800,Corporate,completed
B00001412,G000293,R0035,A0002,2025-04-06,2025-06-05,2025-06-18,Standard King,13,17200,223600,Loyalty,completed
B00001413,G002390,R0003,A0019,2024-07-22,2024-08-18,2024-08-21,Standard Double,3,16100,48300,Direct,completed
B00001414,G001817,R0018,A0051,2025-03-19,2025-04-19,2025-04-28,Standard King,9,17300,155700,OTA,confirmed
B00001415,G002985,R0023,A0040,2025-09-19,2026-01-02,2026-01-11,Standard King,9,21500,193500,Direct,completed
B00001416,G002346,R0006,A0011,2024-04-30,2024-08-14,2024-08-21,Standard King,7,21100,147700,Direct,confirmed
B00001417,G001619,R0027,A0029,2025-10-23,2025-12-05,2025-12-19,Standard King,14,23000,322000,OTA,completed
B00001418,G002237,R0033,A0055,2025-03-21,2025-04-29,2025-05-13,Standard King,14,22000,308000,Loyalty,confirmed
B00001419,G002929,R0001,A0043,2024-04-15,2024-06-27,2024-07-11,Ocean Suite,14,40100,561400,Direct,confirmed
B00001420,G000142,R0037,A0059,2025-08-21,2025-09-19,2025-09-22,Villa,3,61400,184200,Direct,completed
B00001421,G001533,R0003,A0010,2025-10-29,2026-02-10,2026-02-16,Standard King,6,24000,144000,Direct,cancelled
B00001422,G002066,R0026,A0038,2025-07-21,2025-11-02,2025-11-11,Standard King,9,22300,200700,Travel Agent,confirmed
B00001423,G000669,R0026,A0059,2025-08-29,2025-10-23,2025-10-26,Standard King,3,20100,60300,OTA,confirmed
B00001424,G001107,R0018,A0049,2024-04-02,2024-04-23,2024-05-03,Standard King,10,22300,223000,Corporate,completed
B00001425,G000812,R0032,A0026,2024-03-18,2024-05-19,2024-05-27,Standard King,8,18600,148800,Direct,cancelled
B00001426,G000401,R0022,A0040,2025-08-23,2025-09-09,2025-09-12,Standard Double,3,13300,39900,Direct,completed
B00001427,G001305,R0018,A0031,2024-06-03,2024-08-28,2024-09-11,Standard Double,14,19600,274400,Direct,completed
B00001428,G000649,R0037,A0038,2025-11-06,2026-02-09,2026-02-18,Villa,9,60400,543600,Direct,completed
B00001429,G001360,R0015,A0056,2024-12-29,2024-12-31,2025-01-06,Standard King,6,17100,102600,Corporate,completed
B00001430,G001809,R0004,A0034,2025-05-11,2025-09-06,2025-09-16,Standard Double,10,13700,137000,OTA,no_show
B00001431,G002056,R0010,A0006,2025-07-12,2025-08-12,2025-08-24,Ocean Suite,12,40700,488400,Travel Agent,confirmed
B00001432,G002224,R0001,A0020,2025-05-09,2025-07-12,2025-07-13,Standard Double,1,17500,17500,Corporate,completed
B00001433,G001452,R0036,A0028,2024-04-07,2024-05-23,2024-06-06,Standard Double,14,13100,183400,OTA,confirmed
B00001434,G002608,R0034,A0022,2025-05-30,2025-09-08,2025-09-21,Standard Double,13,16700,217100,Direct,confirmed
B00001435,G001657,R0031,A0009,2024-06-25,2024-06-28,2024-07-10,Standard Double,12,15700,188400,Direct,completed
B00001436,G001529,R0021,A0048,2024-03-23,2024-07-02,2024-07-12,Standard Double,10,16900,169000,Direct,confirmed
B00001437,G001229,R0026,A0011,2025-04-02,2025-04-25,2025-05-04,Standard Double,9,17100,153900,Direct,completed
B00001438,G001178,R0018,A0006,2025-08-06,2025-10-19,2025-10-22,Standard Double,3,18600,55800,Travel Agent,completed
B00001439,G001075,R0026,A0001,2024-12-16,2025-04-01,2025-04-15,Standard King,14,20500,287000,OTA,completed
B00001440,G000346,R0005,A0004,2025-08-11,2025-09-09,2025-09-13,Standard Double,4,14200,56800,Travel Agent,completed
B00001441,G001566,R0038,A0015,2024-01-06,2024-04-04,2024-04-05,Standard Double,1,12900,12900,OTA,completed
B00001442,G002807,R0008,A0060,2025-03-04,2025-06-19,2025-07-03,Standard King,14,24000,336000,Corporate,completed
B00001443,G000711,R0015,A0030,2024-07-23,2024-08-27,2024-09-03,Standard King,7,22700,158900,Travel Agent,confirmed
B00001444,G002634,R0008,A0001,2025-09-24,2025-10-28,2025-11-02,Ocean Suite,5,46600,233000,Direct,cancelled
B00001445,G001179,R0018,A0058,2024-04-29,2024-08-25,2024-09-06,Standard King,12,16900,202800,OTA,cancelled
B00001446,G001029,R0014,A0051,2025-09-10,2025-10-18,2025-10-21,Standard Double,3,13000,39000,Direct,completed
B00001447,G000081,R0036,A0029,2024-03-29,2024-07-14,2024-07-28,Standard Double,14,17300,242200,Direct,completed
B00001448,G001093,R0029,A0020,2024-09-30,2024-10-10,2024-10-23,Standard Double,13,14300,185900,OTA,confirmed
B00001449,G000045,R0029,A0037,2024-06-18,2024-08-03,2024-08-17,Standard King,14,20100,281400,Travel Agent,completed
B00001450,G000811,R0030,A0012,2025-06-12,2025-08-07,2025-08-19,Ocean Suite,12,30800,369600,Direct,cancelled
B00001451,G000375,R0018,A0012,2025-02-04,2025-05-08,2025-05-13,Standard King,5,22300,111500,Travel Agent,confirmed
B00001452,G001751,R0017,A0044,2024-02-21,2024-04-01,2024-04-09,Ocean Suite,8,40800,326400,Travel Agent,completed
B00001453,G001623,R0030,A0004,2025-01-19,2025-01-30,2025-02-08,Ocean Suite,9,44500,400500,Loyalty,completed
B00001454,G000958,R0025,A0049,2025-02-17,2025-04-29,2025-05-12,Villa,13,74400,967200,OTA,completed
B00001455,G000138,R0039,A0037,2024-03-02,2024-03-22,2024-03-30,Standard Double,8,17900,143200,OTA,completed
B00001456,G002303,R0030,A0042,2025-01-29,2025-02-01,2025-02-06,Presidential,5,123800,619000,Corporate,completed
B00001457,G001741,R0029,A0018,2025-08-29,2025-11-03,2025-11-07,Standard King,4,18800,75200,Travel Agent,completed
B00001458,G000556,R0008,A0036,2024-07-06,2024-10-09,2024-10-12,Standard Double,3,19400,58200,OTA,completed
B00001459,G002651,R0029,A0033,2025-06-03,2025-07-29,2025-08-04,Standard King,6,22100,132600,Travel Agent,confirmed
B00001460,G002785,R0014,A0020,2024-06-22,2024-09-20,2024-09-29,Ocean Suite,9,44900,404100,OTA,completed
B00001461,G000566,R0020,A0037,2024-05-22,2024-09-06,2024-09-08,Ocean Suite,2,30700,61400,Travel Agent,completed
B00001462,G001668,R0029,A0002,2025-02-04,2025-03-03,2025-03-06,Ocean Suite,3,43000,129000,OTA,completed
B00001463,G000727,R0038,A0038,2025-06-05,2025-09-21,2025-10-01,Standard King,10,24200,242000,Corporate,cancelled
B00001464,G000956,R0014,A0050,2025-04-19,2025-05-01,2025-05-09,Ocean Suite,8,45800,366400,OTA,confirmed
B00001465,G000124,R0019,A0011,2024-07-30,2024-10-30,2024-11-11,Standard Double,12,17900,214800,Travel Agent,no_show
B00001466,G002621,R0020,A0044,2025-09-07,2025-12-05,2025-12-06,Standard King,1,18500,18500,OTA,no_show
B00001467,G000261,R0039,A0012,2025-09-23,2025-11-06,2025-11-20,Standard Double,14,14100,197400,OTA,no_show
B00001468,G002300,R0018,A0015,2025-06-08,2025-09-12,2025-09-25,Standard King,13,22300,289900,Corporate,completed
B00001469,G001932,R0008,A0027,2025-05-29,2025-09-17,2025-09-18,Standard Double,1,15500,15500,Travel Agent,completed
B00001470,G002380,R0017,A0057,2025-11-04,2025-11-23,2025-12-07,Ocean Suite,14,31300,438200,Direct,cancelled
B00001471,G002454,R0004,A0060,2024-06-08,2024-07-31,2024-08-11,Standard King,11,19300,212300,Direct,completed
B00001472,G002166,R0026,A0010,2024-06-18,2024-09-03,2024-09-10,Standard Double,7,17600,123200,Corporate,confirmed
B00001473,G000604,R0002,A0030,2025-06-12,2025-08-16,2025-08-27,Standard Double,11,15200,167200,OTA,completed
B00001474,G001733,R0035,A0001,2025-08-29,2025-11-25,2025-11-27,Ocean Suite,2,45200,90400,OTA,completed
B00001475,G002173,R0036,A0003,2024-05-16,2024-09-01,2024-09-02,Standard King,1,16300,16300,Direct,confirmed
B00001476,G001104,R0017,A0018,2024-08-11,2024-09-22,2024-10-05,Standard Double,13,17400,226200,Direct,completed
B00001477,G000665,R0010,A0020,2025-11-04,2026-02-25,2026-03-03,Standard King,6,20600,123600,OTA,cancelled
B00001478,G001849,R0018,A0037,2025-02-18,2025-06-04,2025-06-18,Villa,14,52700,737800,Travel Agent,completed
B00001479,G002826,R0021,A0009,2024-11-11,2024-11-17,2024-11-23,Standard Double,6,17900,107400,OTA,completed
B00001480,G000067,R0018,A0044,2024-09-05,2024-12-26,2025-01-02,Ocean Suite,7,34500,241500,Corporate,completed
B00001481,G001514,R0016,A0034,2024-10-10,2025-01-10,2025-01-17,Standard Double,7,20200,141400,Loyalty,completed
B00001482,G001671,R0040,A0034,2024-10-17,2024-12-31,2025-01-02,Standard King,2,20500,41000,OTA,completed
B00001483,G000756,R0034,A0025,2024-06-18,2024-08-10,2024-08-20,Standard Double,10,12800,128000,OTA,completed
B00001484,G002500,R0023,A0025,2025-08-27,2025-12-22,2026-01-01,Ocean Suite,10,32400,324000,Loyalty,completed
B00001485,G001956,R0036,A0048,2025-02-13,2025-04-26,2025-05-05,Standard Double,9,16400,147600,Travel Agent,completed
B00001486,G000708,R0017,A0034,2024-02-20,2024-04-27,2024-05-11,Ocean Suite,14,45400,635600,Corporate,completed
B00001487,G000634,R0039,A0006,2024-05-09,2024-06-30,2024-07-01,Standard King,1,23300,23300,Direct,completed
B00001488,G002671,R0020,A0048,2025-11-08,2025-12-08,2025-12-22,Standard King,14,17800,249200,Loyalty,completed
B00001489,G001317,R0037,A0032,2024-06-04,2024-09-28,2024-10-09,Ocean Suite,11,37900,416900,Direct,completed
B00001490,G000047,R0009,A0019,2024-12-03,2025-02-21,2025-03-05,Standard Double,12,13100,157200,Direct,completed
B00001491,G001070,R0007,A0040,2025-07-26,2025-11-19,2025-11-29,Standard Double,10,19600,196000,OTA,no_show
B00001492,G002188,R0024,A0026,2024-05-14,2024-09-04,2024-09-05,Standard King,1,21200,21200,Direct,cancelled
B00001493,G002670,R0031,A0010,2025-10-19,2026-01-26,2026-01-31,Ocean Suite,5,29800,149000,Direct,cancelled
B00001494,G002706,R0013,A0031,2025-09-25,2025-11-05,2025-11-19,Standard Double,14,12800,179200,OTA,completed
B00001495,G000925,R0023,A0004,2025-03-05,2025-03-17,2025-03-30,Standard Double,13,17700,230100,Loyalty,completed
B00001496,G001883,R0013,A0014,2024-02-11,2024-03-07,2024-03-12,Ocean Suite,5,43900,219500,Corporate,completed
B00001497,G000106,R0032,A0028,2025-03-30,2025-07-04,2025-07-13,Standard Double,9,13700,123300,Direct,no_show
B00001498,G002492,R0005,A0050,2024-03-14,2024-06-23,2024-07-01,Standard Double,8,20000,160000,Travel Agent,confirmed
B00001499,G000789,R0023,A0025,2024-09-18,2024-09-23,2024-10-03,Ocean Suite,10,39500,395000,OTA,completed
B00001500,G001112,R0029,A0017,2025-09-26,2025-11-16,2025-11-27,Standard Double,11,17200,189200,Direct,completed
B00001501,G001007,R0001,A0038,2024-01-13,2024-04-14,2024-04-19,Standard King,5,18100,90500,OTA,no_show
B00001502,G002790,R0035,A0002,2024-08-02,2024-10-17,2024-10-24,Standard Double,7,13900,97300,Loyalty,confirmed
B00001503,G002841,R0018,A0041,2024-01-22,2024-04-16,2024-04-24,Standard Double,8,12800,102400,OTA,completed
B00001504,G002459,R0028,A0046,2024-07-30,2024-11-18,2024-11-22,Ocean Suite,4,35700,142800,OTA,completed
B00001505,G002078,R0002,A0033,2024-02-24,2024-06-01,2024-06-14,Ocean Suite,13,38200,496600,OTA,cancelled
B00001506,G002216,R0040,A0006,2025-12-10,2026-03-01,2026-03-06,Villa,5,53300,266500,Direct,confirmed
B00001507,G001130,R0022,A0035,2025-07-20,2025-09-02,2025-09-11,Standard King,9,16700,150300,OTA,completed
B00001508,G002801,R0030,A0052,2025-11-19,2025-12-10,2025-12-13,Standard King,3,17300,51900,Loyalty,completed
B00001509,G002976,R0019,A0031,2025-12-15,2026-03-27,2026-03-28,Villa,1,71300,71300,Travel Agent,completed
B00001510,G001600,R0005,A0019,2024-03-16,2024-06-30,2024-07-10,Standard Double,10,18200,182000,OTA,completed
B00001511,G001017,R0027,A0012,2024-11-30,2025-02-28,2025-03-13,Standard Double,13,19600,254800,OTA,no_show
B00001512,G000068,R0035,A0020,2024-05-12,2024-06-29,2024-07-07,Ocean Suite,8,45600,364800,Direct,cancelled
B00001513,G000978,R0026,A0026,2025-03-20,2025-07-05,2025-07-06,Standard Double,1,13700,13700,OTA,completed
B00001514,G002408,R0040,A0035,2024-05-03,2024-05-05,2024-05-19,Standard King,14,15600,218400,Direct,completed
B00001515,G002492,R0009,A0002,2024-09-25,2024-11-08,2024-11-11,Ocean Suite,3,43100,129300,OTA,completed
B00001516,G000765,R0037,A0042,2025-02-05,2025-02-11,2025-02-12,Standard Double,1,16700,16700,Direct,confirmed
B00001517,G001120,R0017,A0052,2025-10-07,2025-12-22,2025-12-25,Standard King,3,17800,53400,OTA,completed
B00001518,G000067,R0008,A0036,2025-10-07,2025-12-18,2025-12-20,Ocean Suite,2,40100,80200,OTA,completed
B00001519,G000688,R0026,A0011,2025-09-03,2025-12-14,2025-12-25,Standard Double,11,13600,149600,Travel Agent,completed
B00001520,G001721,R0027,A0007,2024-05-22,2024-07-01,2024-07-10,Standard Double,9,16100,144900,Direct,confirmed
B00001521,G002065,R0005,A0024,2025-01-08,2025-01-12,2025-01-14,Standard Double,2,14200,28400,Direct,completed
B00001522,G001734,R0007,A0021,2024-02-25,2024-04-10,2024-04-19,Standard Double,9,13200,118800,Direct,completed
B00001523,G000232,R0037,A0017,2025-12-27,2026-02-14,2026-02-19,Ocean Suite,5,36100,180500,Direct,confirmed
B00001524,G002346,R0030,A0008,2024-03-22,2024-06-28,2024-07-09,Villa,11,70100,771100,OTA,completed
B00001525,G001591,R0028,A0022,2024-05-06,2024-07-16,2024-07-20,Standard King,4,18200,72800,Travel Agent,completed
B00001526,G002813,R0001,A0024,2025-04-24,2025-05-01,2025-05-14,Standard King,13,17400,226200,Travel Agent,completed
B00001527,G002632,R0001,A0052,2024-04-12,2024-06-24,2024-06-27,Standard King,3,20700,62100,OTA,completed
B00001528,G002317,R0009,A0014,2025-02-18,2025-03-28,2025-04-02,Standard King,5,23100,115500,Loyalty,completed
B00001529,G000766,R0038,A0042,2024-09-21,2024-10-13,2024-10-21,Standard Double,8,14500,116000,Loyalty,completed
B00001530,G000747,R0016,A0044,2024-01-23,2024-04-06,2024-04-08,Standard King,2,24200,48400,Direct,completed
B00001531,G002027,R0014,A0020,2025-11-06,2025-11-16,2025-11-26,Standard Double,10,13800,138000,Travel Agent,confirmed
B00001532,G001402,R0018,A0045,2024-05-09,2024-09-01,2024-09-08,Standard King,7,23600,165200,OTA,completed
B00001533,G000121,R0015,A0008,2024-01-04,2024-04-05,2024-04-19,Standard Double,14,14800,207200,Direct,completed
B00001534,G001915,R0032,A0029,2025-04-23,2025-05-21,2025-05-25,Villa,4,63400,253600,Travel Agent,completed
B00001535,G001815,R0031,A0002,2024-01-04,2024-01-31,2024-02-09,Standard Double,9,14500,130500,Corporate,completed
B00001536,G002982,R0019,A0006,2024-02-08,2024-04-30,2024-05-08,Ocean Suite,8,34900,279200,Direct,cancelled
B00001537,G001521,R0027,A0009,2025-08-05,2025-12-02,2025-12-03,Ocean Suite,1,37200,37200,Direct,confirmed
B00001538,G001653,R0023,A0041,2024-09-25,2024-11-17,2024-11-29,Standard King,12,20400,244800,Direct,completed
B00001539,G002864,R0014,A0038,2025-08-07,2025-11-02,2025-11-10,Ocean Suite,8,44400,355200,Travel Agent,confirmed
B00001540,G000141,R0033,A0028,2025-08-26,2025-11-29,2025-12-09,Villa,10,75400,754000,Direct,completed
B00001541,G000887,R0028,A0019,2024-05-10,2024-05-27,2024-06-08,Standard King,12,20600,247200,Corporate,completed
B00001542,G002523,R0007,A0022,2024-10-22,2025-01-02,2025-01-08,Standard King,6,15400,92400,Travel Agent,completed
B00001543,G002881,R0038,A0034,2024-11-07,2025-01-10,2025-01-15,Standard King,5,23300,116500,Travel Agent,completed
B00001544,G002053,R0033,A0050,2025-06-22,2025-07-11,2025-07-14,Standard King,3,20000,60000,OTA,completed
B00001545,G001575,R0034,A0004,2025-12-15,2025-12-25,2026-01-06,Standard King,12,21800,261600,OTA,completed
B00001546,G001755,R0021,A0033,2025-12-04,2026-01-30,2026-02-09,Standard King,10,22200,222000,OTA,cancelled
B00001547,G002225,R0008,A0004,2024-03-01,2024-05-14,2024-05-17,Standard Double,3,15600,46800,Direct,completed
B00001548,G001354,R0027,A0018,2025-05-26,2025-08-20,2025-08-29,Villa,9,60600,545400,Corporate,completed
B00001549,G000024,R0028,A0018,2024-01-08,2024-01-15,2024-01-22,Standard Double,7,15200,106400,Corporate,completed
B00001550,G001699,R0023,A0005,2025-01-26,2025-03-13,2025-03-18,Standard King,5,16600,83000,Corporate,confirmed
B00001551,G000827,R0001,A0010,2024-07-25,2024-10-01,2024-10-08,Villa,7,80900,566300,Direct,confirmed
B00001552,G001005,R0029,A0002,2025-02-22,2025-03-19,2025-03-20,Villa,1,59900,59900,Loyalty,completed
B00001553,G000199,R0022,A0047,2025-07-07,2025-09-24,2025-10-06,Standard Double,12,12900,154800,Travel Agent,confirmed
B00001554,G001775,R0001,A0038,2025-10-15,2025-10-24,2025-11-07,Standard Double,14,17200,240800,Corporate,cancelled
B00001555,G001118,R0009,A0054,2024-12-10,2024-12-30,2025-01-08,Standard King,9,17100,153900,OTA,completed
B00001556,G001547,R0023,A0049,2025-12-08,2026-02-09,2026-02-14,Presidential,5,160400,802000,Direct,completed
B00001557,G002573,R0022,A0038,2025-07-15,2025-07-21,2025-07-24,Ocean Suite,3,37300,111900,Direct,completed
B00001558,G002173,R0023,A0059,2025-09-06,2025-12-13,2025-12-16,Standard King,3,17800,53400,Corporate,completed
B00001559,G001803,R0007,A0037,2025-11-11,2026-01-09,2026-01-17,Standard King,8,19200,153600,OTA,completed
B00001560,G000652,R0034,A0047,2024-07-25,2024-07-26,2024-08-04,Standard Double,9,18100,162900,Corporate,completed
B00001561,G001003,R0027,A0011,2025-10-24,2026-01-31,2026-02-04,Standard King,4,23300,93200,Direct,completed
B00001562,G001969,R0027,A0054,2024-10-26,2025-02-22,2025-03-03,Standard King,9,22900,206100,OTA,completed
B00001563,G000378,R0006,A0024,2025-06-26,2025-10-23,2025-11-05,Ocean Suite,13,37900,492700,OTA,completed
B00001564,G001698,R0037,A0020,2025-09-29,2025-12-09,2025-12-19,Ocean Suite,10,46000,460000,Loyalty,completed
B00001565,G002559,R0008,A0029,2025-05-29,2025-08-12,2025-08-13,Presidential,1,155000,155000,Direct,completed
B00001566,G002927,R0018,A0056,2025-07-09,2025-09-28,2025-10-09,Standard Double,11,17700,194700,OTA,confirmed
B00001567,G002431,R0021,A0013,2025-06-21,2025-07-01,2025-07-15,Villa,14,67300,942200,Travel Agent,completed
B00001568,G000266,R0023,A0038,2024-11-24,2025-01-27,2025-02-06,Standard King,10,20500,205000,OTA,no_show
B00001569,G002071,R0036,A0014,2024-09-26,2024-12-06,2024-12-15,Standard Double,9,14200,127800,Direct,completed
B00001570,G001635,R0016,A0038,2025-11-28,2025-12-12,2025-12-15,Standard King,3,20900,62700,Travel Agent,completed
B00001571,G002212,R0037,A0042,2025-06-19,2025-09-10,2025-09-17,Ocean Suite,7,43400,303800,Direct,confirmed
B00001572,G000486,R0039,A0003,2024-02-18,2024-04-17,2024-04-27,Standard King,10,19600,196000,Direct,completed
B00001573,G001789,R0033,A0043,2025-11-08,2025-12-17,2025-12-27,Villa,10,78600,786000,Direct,completed
B00001574,G002125,R0027,A0056,2024-08-18,2024-09-12,2024-09-18,Standard Double,6,16000,96000,Corporate,completed
B00001575,G002590,R0022,A0022,2024-02-13,2024-05-11,2024-05-25,Ocean Suite,14,37400,523600,Loyalty,completed
B00001576,G001122,R0015,A0034,2025-12-28,2026-04-13,2026-04-18,Standard King,5,18100,90500,Loyalty,completed
B00001577,G002669,R0031,A0004,2025-12-19,2026-01-02,2026-01-15,Standard King,13,17300,224900,Travel Agent,completed
B00001578,G002187,R0026,A0053,2025-09-08,2025-09-18,2025-09-30,Standard King,12,21000,252000,Corporate,completed
B00001579,G002571,R0020,A0052,2024-09-30,2024-11-15,2024-11-22,Standard Double,7,14700,102900,Loyalty,completed
B00001580,G000089,R0028,A0020,2024-03-08,2024-05-03,2024-05-07,Villa,4,69300,277200,OTA,confirmed
B00001581,G001856,R0032,A0024,2025-12-24,2026-04-21,2026-04-24,Standard Double,3,18000,54000,Direct,completed
B00001582,G000364,R0009,A0037,2024-12-05,2025-02-15,2025-02-21,Villa,6,70800,424800,Travel Agent,no_show
B00001583,G001528,R0006,A0025,2024-03-11,2024-05-21,2024-05-27,Standard Double,6,14600,87600,Direct,completed
B00001584,G001929,R0025,A0055,2025-12-27,2026-01-29,2026-02-05,Standard King,7,16400,114800,Travel Agent,completed
B00001585,G001740,R0040,A0008,2024-03-06,2024-05-02,2024-05-03,Standard King,1,23800,23800,Corporate,completed
B00001586,G000406,R0019,A0058,2024-08-21,2024-11-30,2024-12-13,Standard King,13,17700,230100,OTA,completed
B00001587,G000106,R0029,A0019,2024-05-11,2024-07-26,2024-08-08,Ocean Suite,13,31900,414700,OTA,completed
B00001588,G002974,R0002,A0037,2025-10-23,2026-01-06,2026-01-13,Ocean Suite,7,33000,231000,OTA,completed
B00001589,G001696,R0025,A0027,2025-03-21,2025-03-31,2025-04-01,Standard King,1,18100,18100,OTA,completed
B00001590,G002786,R0009,A0009,2025-12-16,2026-01-14,2026-01-19,Standard Double,5,16800,84000,Direct,no_show
B00001591,G001467,R0027,A0032,2025-09-24,2025-12-28,2025-12-29,Standard King,1,23000,23000,Travel Agent,completed
B00001592,G002527,R0019,A0002,2024-06-17,2024-07-15,2024-07-19,Ocean Suite,4,35800,143200,OTA,confirmed
B00001593,G002006,R0025,A0016,2024-05-11,2024-06-29,2024-07-03,Standard King,4,20500,82000,Corporate,confirmed
B00001594,G000749,R0011,A0041,2025-05-12,2025-08-08,2025-08-16,Standard Double,8,19300,154400,Corporate,completed
B00001595,G000261,R0022,A0022,2024-08-01,2024-11-16,2024-11-29,Presidential,13,148700,1933100,Loyalty,completed
B00001596,G002346,R0035,A0015,2024-01-01,2024-02-09,2024-02-17,Ocean Suite,8,46400,371200,Direct,cancelled
B00001597,G001465,R0013,A0010,2024-04-05,2024-04-20,2024-04-25,Ocean Suite,5,40000,200000,OTA,completed
B00001598,G000058,R0001,A0019,2025-08-20,2025-10-01,2025-10-06,Standard King,5,19700,98500,OTA,completed
B00001599,G002962,R0004,A0007,2025-12-14,2026-02-21,2026-03-01,Presidential,8,107100,856800,Direct,completed
B00001600,G001690,R0031,A0035,2024-06-23,2024-09-12,2024-09-14,Villa,2,51400,102800,Corporate,completed
B00001601,G001234,R0021,A0028,2024-05-11,2024-06-23,2024-07-06,Standard Double,13,13100,170300,Travel Agent,completed
B00001602,G001079,R0005,A0024,2024-07-02,2024-10-01,2024-10-13,Standard King,12,18900,226800,Direct,completed
B00001603,G002849,R0022,A0059,2024-01-20,2024-04-16,2024-04-22,Villa,6,55100,330600,Direct,completed
B00001604,G000423,R0031,A0003,2024-11-18,2024-11-28,2024-12-03,Standard King,5,20500,102500,Direct,completed
B00001605,G000154,R0009,A0018,2024-02-02,2024-03-14,2024-03-18,Villa,4,68600,274400,Direct,completed
B00001606,G000190,R0040,A0049,2024-03-18,2024-04-02,2024-04-15,Standard King,13,20100,261300,Direct,completed
B00001607,G000880,R0025,A0008,2024-06-11,2024-07-13,2024-07-25,Standard Double,12,15200,182400,Corporate,completed
B00001608,G001221,R0026,A0020,2025-09-16,2025-11-12,2025-11-19,Ocean Suite,7,32700,228900,OTA,completed
B00001609,G001014,R0038,A0023,2025-03-23,2025-06-28,2025-07-06,Standard Double,8,16300,130400,Loyalty,confirmed
B00001610,G000951,R0031,A0054,2024-12-30,2025-02-20,2025-03-06,Ocean Suite,14,35600,498400,Direct,completed
B00001611,G001515,R0025,A0011,2024-09-09,2024-12-30,2025-01-10,Standard Double,11,17300,190300,OTA,completed
B00001612,G001520,R0038,A0045,2024-06-12,2024-07-19,2024-07-27,Ocean Suite,8,46300,370400,Loyalty,completed
B00001613,G002824,R0038,A0045,2025-12-17,2026-04-15,2026-04-22,Standard King,7,21000,147000,Corporate,completed
B00001614,G002427,R0025,A0032,2024-06-03,2024-07-12,2024-07-14,Standard King,2,16000,32000,Travel Agent,confirmed
B00001615,G000920,R0036,A0060,2024-11-27,2025-01-01,2025-01-05,Villa,4,59500,238000,OTA,completed
B00001616,G002206,R0026,A0047,2024-05-30,2024-07-07,2024-07-17,Standard Double,10,17500,175000,Travel Agent,confirmed
B00001617,G002049,R0015,A0044,2024-03-26,2024-04-08,2024-04-15,Villa,7,66400,464800,Direct,completed
B00001618,G001555,R0031,A0009,2024-03-01,2024-05-01,2024-05-13,Standard King,12,22700,272400,Direct,completed
B00001619,G000574,R0002,A0036,2025-01-30,2025-05-04,2025-05-09,Standard Double,5,13600,68000,Loyalty,no_show
B00001620,G001811,R0020,A0051,2025-02-10,2025-03-06,2025-03-12,Standard Double,6,19000,114000,Travel Agent,no_show
B00001621,G001661,R0019,A0023,2024-07-29,2024-11-24,2024-12-08,Standard King,14,16200,226800,Direct,cancelled
B00001622,G000882,R0020,A0001,2025-02-08,2025-05-25,2025-06-04,Standard King,10,22900,229000,Direct,completed
B00001623,G000363,R0037,A0030,2025-09-27,2025-11-19,2025-11-27,Presidential,8,103500,828000,Travel Agent,completed
B00001624,G000696,R0025,A0007,2024-12-24,2025-04-04,2025-04-17,Standard Double,13,13600,176800,Corporate,completed
B00001625,G001114,R0015,A0018,2024-08-08,2024-10-08,2024-10-19,Standard Double,11,16300,179300,Corporate,cancelled
B00001626,G001779,R0004,A0005,2025-05-20,2025-08-05,2025-08-09,Standard King,4,24200,96800,Loyalty,completed
B00001627,G001277,R0004,A0055,2025-11-02,2026-02-26,2026-03-01,Villa,3,52100,156300,OTA,confirmed
B00001628,G000297,R0035,A0003,2025-09-27,2025-12-14,2025-12-15,Standard King,1,16500,16500,Loyalty,confirmed
B00001629,G000859,R0010,A0004,2024-11-22,2024-12-18,2024-12-20,Standard Double,2,17900,35800,OTA,completed
B00001630,G000328,R0025,A0004,2024-11-27,2025-03-08,2025-03-16,Standard King,8,21600,172800,Direct,completed
B00001631,G000067,R0020,A0060,2024-05-18,2024-06-26,2024-07-04,Ocean Suite,8,29800,238400,Loyalty,completed
B00001632,G002186,R0009,A0054,2025-04-15,2025-08-02,2025-08-13,Standard King,11,16500,181500,OTA,completed
B00001633,G002011,R0033,A0024,2025-01-24,2025-03-03,2025-03-17,Standard Double,14,17200,240800,Direct,confirmed
B00001634,G001553,R0008,A0043,2024-05-05,2024-08-14,2024-08-24,Presidential,10,112100,1121000,Travel Agent,completed
B00001635,G001375,R0006,A0059,2024-08-11,2024-09-23,2024-09-24,Standard Double,1,17700,17700,Loyalty,completed
B00001636,G001324,R0022,A0011,2024-06-28,2024-10-03,2024-10-14,Standard Double,11,15000,165000,Direct,completed
B00001637,G002224,R0030,A0038,2025-09-03,2025-12-03,2025-12-13,Standard King,10,20000,200000,Loyalty,completed
B00001638,G000435,R0002,A0024,2025-08-28,2025-11-17,2025-11-29,Ocean Suite,12,37300,447600,OTA,completed
B00001639,G000597,R0019,A0057,2024-07-07,2024-09-03,2024-09-14,Ocean Suite,11,37700,414700,OTA,completed
B00001640,G000033,R0025,A0056,2025-05-02,2025-05-05,2025-05-16,Standard King,11,17900,196900,Loyalty,cancelled
B00001641,G002869,R0017,A0003,2025-06-08,2025-08-04,2025-08-17,Ocean Suite,13,45000,585000,Direct,completed
B00001642,G000556,R0007,A0032,2025-07-03,2025-07-22,2025-07-23,Standard Double,1,14000,14000,OTA,completed
B00001643,G000742,R0036,A0010,2024-06-28,2024-09-08,2024-09-11,Standard King,3,20100,60300,OTA,confirmed
B00001644,G000160,R0018,A0006,2025-07-21,2025-08-25,2025-09-02,Standard Double,8,13600,108800,OTA,confirmed
B00001645,G001306,R0021,A0013,2025-03-29,2025-07-26,2025-07-29,Standard King,3,21000,63000,OTA,cancelled
B00001646,G002453,R0036,A0003,2025-04-20,2025-06-27,2025-07-01,Standard King,4,23600,94400,Direct,completed
B00001647,G000518,R0022,A0056,2025-06-06,2025-09-12,2025-09-14,Villa,2,58800,117600,OTA,completed
B00001648,G002276,R0033,A0044,2025-09-16,2025-10-15,2025-10-16,Standard Double,1,18400,18400,OTA,cancelled
B00001649,G002287,R0015,A0030,2025-08-22,2025-11-29,2025-12-01,Ocean Suite,2,31400,62800,Corporate,completed
B00001650,G001411,R0036,A0021,2025-05-19,2025-08-28,2025-09-03,Standard Double,6,15000,90000,Corporate,completed
B00001651,G002612,R0028,A0037,2024-02-20,2024-05-19,2024-05-24,Standard Double,5,13800,69000,Travel Agent,completed
B00001652,G000986,R0027,A0030,2024-08-27,2024-10-24,2024-11-06,Standard King,13,19200,249600,Direct,completed
B00001653,G002295,R0027,A0043,2024-03-11,2024-04-19,2024-04-29,Villa,10,52700,527000,OTA,completed
B00001654,G000659,R0040,A0040,2025-10-17,2026-01-04,2026-01-18,Standard Double,14,14700,205800,OTA,confirmed
B00001655,G000871,R0017,A0012,2024-11-04,2025-01-09,2025-01-10,Ocean Suite,1,34500,34500,OTA,completed
B00001656,G000443,R0026,A0039,2024-12-01,2025-02-08,2025-02-14,Standard King,6,17800,106800,Loyalty,cancelled
B00001657,G000252,R0024,A0029,2024-09-01,2024-12-08,2024-12-12,Standard King,4,16500,66000,Corporate,completed
B00001658,G002203,R0021,A0041,2024-05-22,2024-07-29,2024-08-05,Standard King,7,17800,124600,Loyalty,completed
B00001659,G001211,R0007,A0032,2024-06-09,2024-08-25,2024-08-28,Ocean Suite,3,30200,90600,Direct,completed
B00001660,G000860,R0025,A0039,2025-05-01,2025-08-19,2025-09-02,Standard King,14,17200,240800,Direct,completed
B00001661,G002049,R0038,A0011,2024-02-16,2024-03-26,2024-04-04,Ocean Suite,9,44100,396900,Direct,completed
B00001662,G001531,R0016,A0014,2025-09-25,2025-10-24,2025-11-01,Standard Double,8,13300,106400,Direct,completed
B00001663,G001395,R0010,A0012,2025-01-20,2025-04-22,2025-05-04,Ocean Suite,12,42000,504000,Direct,confirmed
B00001664,G000585,R0038,A0040,2024-08-20,2024-08-21,2024-08-26,Ocean Suite,5,35700,178500,Corporate,completed
B00001665,G002190,R0030,A0030,2024-03-18,2024-04-24,2024-04-30,Standard Double,6,16000,96000,Direct,completed
B00001666,G002776,R0023,A0013,2025-09-21,2025-12-20,2025-12-22,Villa,2,71100,142200,Loyalty,completed
B00001667,G001929,R0012,A0043,2025-10-25,2026-02-17,2026-03-02,Standard Double,13,13600,176800,Corporate,completed
B00001668,G000304,R0027,A0043,2025-10-01,2025-10-09,2025-10-12,Standard King,3,15900,47700,Direct,completed
B00001669,G001752,R0031,A0041,2024-07-28,2024-09-09,2024-09-13,Standard King,4,17000,68000,OTA,completed
B00001670,G001166,R0034,A0047,2025-10-24,2025-12-29,2026-01-04,Standard Double,6,19500,117000,Direct,completed
B00001671,G001003,R0002,A0048,2025-04-09,2025-07-25,2025-07-31,Ocean Suite,6,34000,204000,Corporate,completed
B00001672,G001412,R0017,A0028,2025-09-05,2025-11-29,2025-12-10,Standard Double,11,15600,171600,Travel Agent,completed
B00001673,G002798,R0036,A0013,2025-05-23,2025-07-15,2025-07-21,Standard Double,6,19300,115800,OTA,completed
B00001674,G000125,R0018,A0043,2025-02-01,2025-05-15,2025-05-21,Standard King,6,19100,114600,Direct,completed
B00001675,G001415,R0018,A0021,2024-08-13,2024-11-25,2024-11-29,Standard Double,4,19000,76000,Travel Agent,completed
B00001676,G001203,R0029,A0033,2025-08-25,2025-10-19,2025-10-22,Standard King,3,22600,67800,OTA,confirmed
B00001677,G000024,R0009,A0021,2025-02-27,2025-05-13,2025-05-16,Presidential,3,127100,381300,OTA,cancelled
B00001678,G001728,R0004,A0056,2024-05-09,2024-08-14,2024-08-22,Villa,8,72300,578400,Direct,cancelled
B00001679,G002394,R0040,A0029,2024-08-08,2024-09-10,2024-09-21,Villa,11,76900,845900,Direct,completed
B00001680,G002022,R0013,A0019,2025-04-17,2025-06-27,2025-07-11,Ocean Suite,14,44700,625800,Travel Agent,completed
B00001681,G000561,R0030,A0055,2025-01-17,2025-02-01,2025-02-15,Standard Double,14,17900,250600,Direct,completed
B00001682,G002788,R0029,A0036,2024-05-27,2024-09-04,2024-09-08,Standard King,4,21100,84400,Corporate,completed
B00001683,G001620,R0029,A0001,2024-07-20,2024-09-11,2024-09-22,Standard King,11,16500,181500,Corporate,no_show
B00001684,G000567,R0008,A0005,2024-06-04,2024-06-08,2024-06-22,Villa,14,52400,733600,Corporate,completed
B00001685,G002225,R0017,A0050,2024-07-27,2024-08-23,2024-09-05,Standard King,13,22900,297700,Travel Agent,completed
B00001686,G000848,R0006,A0045,2025-01-25,2025-01-27,2025-02-10,Standard King,14,21300,298200,Travel Agent,completed
B00001687,G001718,R0024,A0059,2024-10-13,2024-12-25,2025-01-06,Ocean Suite,12,31700,380400,Direct,completed
B00001688,G000444,R0001,A0005,2024-12-05,2025-01-12,2025-01-19,Standard King,7,18400,128800,Corporate,confirmed
B00001689,G001155,R0005,A0004,2024-03-03,2024-04-07,2024-04-11,Standard King,4,18900,75600,Corporate,completed
B00001690,G002110,R0007,A0018,2025-10-23,2025-11-20,2025-11-28,Standard King,8,18100,144800,OTA,completed
B00001691,G001302,R0034,A0060,2025-01-25,2025-03-03,2025-03-11,Standard King,8,22800,182400,OTA,completed
B00001692,G002484,R0007,A0026,2025-06-23,2025-09-20,2025-09-29,Standard Double,9,14200,127800,Travel Agent,completed
B00001693,G000463,R0034,A0028,2024-03-28,2024-06-09,2024-06-19,Standard Double,10,18900,189000,OTA,completed
B00001694,G000171,R0005,A0031,2024-11-24,2025-03-15,2025-03-16,Standard King,1,24100,24100,Direct,completed
B00001695,G001802,R0028,A0021,2025-12-23,2026-01-12,2026-01-21,Standard Double,9,15400,138600,Direct,completed
B00001696,G002702,R0025,A0026,2024-05-25,2024-06-07,2024-06-15,Villa,8,72000,576000,OTA,completed
B00001697,G001987,R0028,A0036,2025-09-11,2026-01-01,2026-01-05,Standard King,4,23100,92400,Direct,completed
B00001698,G001962,R0030,A0012,2025-01-28,2025-03-25,2025-04-04,Standard Double,10,17600,176000,Direct,completed
B00001699,G001229,R0034,A0024,2025-03-12,2025-03-26,2025-03-30,Standard King,4,20100,80400,Corporate,cancelled
B00001700,G002929,R0015,A0036,2024-06-19,2024-08-20,2024-09-02,Standard Double,13,16100,209300,Travel Agent,confirmed
B00001701,G001970,R0009,A0045,2025-10-30,2026-01-03,2026-01-10,Standard King,7,22300,156100,Direct,completed
B00001702,G000793,R0018,A0010,2024-10-29,2025-01-24,2025-01-29,Standard Double,5,19400,97000,Loyalty,completed
B00001703,G002916,R0040,A0054,2025-03-13,2025-07-11,2025-07-13,Ocean Suite,2,39900,79800,OTA,completed
B00001704,G001865,R0026,A0050,2025-02-20,2025-03-30,2025-03-31,Standard Double,1,18100,18100,OTA,confirmed
B00001705,G001154,R0010,A0011,2024-05-21,2024-08-16,2024-08-23,Ocean Suite,7,36100,252700,Corporate,completed
B00001706,G002555,R0017,A0016,2025-12-21,2025-12-23,2025-12-31,Standard King,8,21500,172000,OTA,completed
B00001707,G000339,R0038,A0008,2024-12-02,2024-12-07,2024-12-19,Ocean Suite,12,30500,366000,OTA,confirmed
B00001708,G001429,R0009,A0026,2025-07-27,2025-10-09,2025-10-21,Standard King,12,17600,211200,OTA,completed
B00001709,G002050,R0019,A0033,2025-12-31,2026-01-27,2026-02-02,Standard Double,6,13400,80400,Direct,completed
B00001710,G001693,R0033,A0060,2025-10-10,2025-11-29,2025-12-13,Standard King,14,22700,317800,Corporate,completed
B00001711,G001495,R0027,A0028,2024-05-29,2024-09-06,2024-09-15,Standard King,9,18800,169200,OTA,confirmed
B00001712,G000162,R0019,A0001,2024-02-05,2024-05-04,2024-05-16,Ocean Suite,12,32200,386400,OTA,completed
B00001713,G002292,R0038,A0002,2024-12-12,2025-01-17,2025-01-21,Ocean Suite,4,38400,153600,Direct,cancelled
B00001714,G002451,R0014,A0025,2025-12-30,2026-04-07,2026-04-21,Villa,14,75300,1054200,Direct,completed
B00001715,G000467,R0029,A0034,2024-01-04,2024-04-17,2024-04-22,Villa,5,66900,334500,Direct,completed
B00001716,G000943,R0004,A0040,2024-02-20,2024-06-18,2024-06-23,Ocean Suite,5,40800,204000,OTA,completed
B00001717,G000338,R0002,A0033,2024-05-23,2024-06-10,2024-06-21,Standard Double,11,16600,182600,OTA,no_show
B00001718,G001876,R0017,A0050,2024-01-04,2024-04-25,2024-05-01,Villa,6,57600,345600,Loyalty,confirmed
B00001719,G002511,R0016,A0001,2025-03-19,2025-05-22,2025-05-26,Standard Double,4,17300,69200,Direct,completed
B00001720,G000954,R0028,A0039,2025-04-30,2025-06-22,2025-07-04,Villa,12,70400,844800,Corporate,completed
B00001721,G002029,R0007,A0033,2025-05-05,2025-06-25,2025-07-09,Villa,14,70700,989800,OTA,cancelled
B00001722,G002621,R0026,A0057,2024-06-14,2024-08-12,2024-08-19,Standard King,7,16700,116900,OTA,completed
B00001723,G002637,R0013,A0029,2025-02-10,2025-02-21,2025-02-28,Presidential,7,121400,849800,Direct,cancelled
B00001724,G000003,R0035,A0039,2025-04-19,2025-05-27,2025-06-06,Standard Double,10,18800,188000,OTA,completed
B00001725,G002471,R0028,A0021,2025-05-22,2025-07-10,2025-07-15,Standard King,5,22800,114000,Loyalty,completed
B00001726,G002911,R0005,A0059,2024-10-24,2024-11-09,2024-11-22,Standard Double,13,19400,252200,Corporate,completed
B00001727,G001444,R0009,A0038,2025-02-09,2025-03-26,2025-04-08,Standard King,13,20000,260000,Direct,completed
B00001728,G002435,R0017,A0018,2025-12-21,2026-03-13,2026-03-16,Standard Double,3,16100,48300,Corporate,completed
B00001729,G000804,R0010,A0038,2024-01-19,2024-02-04,2024-02-06,Ocean Suite,2,32300,64600,Travel Agent,completed
B00001730,G000095,R0037,A0049,2025-02-15,2025-05-11,2025-05-22,Standard Double,11,13800,151800,Direct,completed
B00001731,G000689,R0002,A0025,2024-02-12,2024-02-14,2024-02-27,Presidential,13,140300,1823900,Direct,completed
B00001732,G001064,R0028,A0009,2025-12-19,2026-04-02,2026-04-12,Standard Double,10,14500,145000,Loyalty,confirmed
B00001733,G002630,R0006,A0052,2024-10-10,2024-11-19,2024-11-26,Villa,7,79800,558600,OTA,completed
B00001734,G002020,R0025,A0035,2024-08-01,2024-09-17,2024-09-28,Standard King,11,23700,260700,Direct,completed
B00001735,G001716,R0035,A0043,2024-12-28,2025-04-26,2025-05-10,Standard Double,14,17700,247800,Corporate,completed
B00001736,G002241,R0023,A0042,2025-03-15,2025-06-04,2025-06-07,Villa,3,75900,227700,Direct,no_show
B00001737,G002716,R0002,A0056,2025-04-16,2025-06-16,2025-06-22,Standard Double,6,12700,76200,OTA,completed
B00001738,G000999,R0017,A0020,2025-03-16,2025-06-01,2025-06-13,Standard King,12,20100,241200,OTA,confirmed
B00001739,G000717,R0003,A0039,2025-06-28,2025-08-02,2025-08-09,Standard Double,7,18200,127400,Direct,completed
B00001740,G002008,R0029,A0015,2024-05-25,2024-09-11,2024-09-21,Standard King,10,21000,210000,Loyalty,completed
B00001741,G002291,R0009,A0022,2024-12-25,2025-01-09,2025-01-15,Standard King,6,16400,98400,Travel Agent,completed
B00001742,G001901,R0005,A0009,2025-09-02,2025-10-06,2025-10-19,Ocean Suite,13,41500,539500,Direct,completed
B00001743,G000583,R0007,A0008,2024-09-01,2024-11-25,2024-12-01,Standard Double,6,14800,88800,Corporate,completed
B00001744,G002768,R0028,A0054,2025-01-24,2025-05-20,2025-05-23,Ocean Suite,3,35700,107100,Travel Agent,completed
B00001745,G001199,R0023,A0023,2024-12-16,2024-12-27,2025-01-01,Standard Double,5,15900,79500,Direct,completed
B00001746,G001465,R0020,A0023,2024-11-16,2025-02-21,2025-03-04,Standard King,11,19300,212300,Direct,confirmed
B00001747,G001812,R0013,A0016,2024-09-13,2024-11-02,2024-11-04,Presidential,2,110400,220800,Direct,completed
B00001748,G000416,R0017,A0057,2024-06-26,2024-10-01,2024-10-08,Standard King,7,17600,123200,Direct,no_show
B00001749,G000243,R0038,A0040,2025-03-10,2025-05-23,2025-05-27,Standard King,4,22700,90800,Direct,confirmed
B00001750,G001273,R0032,A0004,2024-12-09,2024-12-14,2024-12-26,Standard King,12,20800,249600,OTA,completed
B00001751,G000882,R0007,A0012,2024-10-14,2025-01-23,2025-01-27,Ocean Suite,4,39000,156000,OTA,cancelled
B00001752,G000993,R0024,A0039,2025-02-14,2025-03-25,2025-03-31,Standard King,6,21400,128400,OTA,confirmed
B00001753,G001520,R0024,A0050,2025-03-28,2025-05-16,2025-05-24,Standard King,8,20700,165600,Direct,completed
B00001754,G002897,R0006,A0034,2024-07-26,2024-10-17,2024-10-22,Standard King,5,23200,116000,OTA,cancelled
B00001755,G000065,R0007,A0021,2025-02-21,2025-03-12,2025-03-23,Standard Double,11,19800,217800,Loyalty,completed
B00001756,G000663,R0014,A0055,2025-06-05,2025-06-20,2025-07-04,Standard Double,14,17800,249200,Direct,completed
B00001757,G001009,R0038,A0036,2025-02-10,2025-04-24,2025-04-26,Ocean Suite,2,37400,74800,Travel Agent,completed
B00001758,G001849,R0033,A0044,2025-05-14,2025-05-15,2025-05-23,Standard Double,8,15300,122400,OTA,completed
B00001759,G000210,R0018,A0021,2024-01-11,2024-04-24,2024-04-27,Standard King,3,22200,66600,OTA,confirmed
B00001760,G001419,R0020,A0041,2024-02-26,2024-03-19,2024-03-29,Standard King,10,18800,188000,Corporate,completed
B00001761,G001672,R0014,A0018,2025-12-02,2026-03-01,2026-03-09,Ocean Suite,8,34900,279200,Direct,confirmed
B00001762,G002251,R0016,A0054,2025-11-11,2025-11-28,2025-12-06,Standard King,8,15700,125600,Corporate,completed
B00001763,G000610,R0020,A0011,2024-01-03,2024-01-16,2024-01-20,Standard Double,4,16800,67200,OTA,completed
B00001764,G002753,R0005,A0057,2025-01-31,2025-04-08,2025-04-10,Ocean Suite,2,40900,81800,Direct,confirmed
B00001765,G000052,R0025,A0039,2025-04-22,2025-07-27,2025-08-05,Standard Double,9,15000,135000,OTA,completed
B00001766,G002938,R0017,A0045,2024-04-12,2024-07-21,2024-07-22,Presidential,1,156700,156700,OTA,completed
B00001767,G002485,R0035,A0054,2024-11-24,2024-12-08,2024-12-11,Standard King,3,15300,45900,OTA,confirmed
B00001768,G002481,R0024,A0027,2025-04-28,2025-05-17,2025-05-27,Standard Double,10,15200,152000,Corporate,completed
B00001769,G002804,R0029,A0047,2024-04-29,2024-07-27,2024-08-09,Ocean Suite,13,38500,500500,Corporate,confirmed
B00001770,G001564,R0026,A0049,2025-03-27,2025-06-05,2025-06-09,Villa,4,62100,248400,OTA,completed
B00001771,G002988,R0003,A0011,2024-05-23,2024-06-20,2024-07-01,Ocean Suite,11,42300,465300,Loyalty,completed
B00001772,G001738,R0012,A0032,2024-07-28,2024-10-30,2024-11-03,Standard King,4,23800,95200,Direct,confirmed
B00001773,G000761,R0007,A0024,2024-10-29,2025-01-03,2025-01-07,Standard King,4,18800,75200,OTA,completed
B00001774,G001588,R0035,A0037,2025-08-30,2025-11-04,2025-11-12,Villa,8,57400,459200,OTA,confirmed
B00001775,G002472,R0032,A0044,2025-10-18,2025-11-17,2025-11-24,Ocean Suite,7,41800,292600,Direct,completed
B00001776,G002451,R0025,A0022,2024-08-16,2024-09-21,2024-09-23,Standard King,2,17600,35200,OTA,cancelled
B00001777,G001151,R0033,A0011,2025-05-06,2025-05-22,2025-05-31,Standard King,9,16000,144000,Direct,completed
B00001778,G002774,R0031,A0022,2025-04-03,2025-06-10,2025-06-20,Ocean Suite,10,44300,443000,OTA,completed
B00001779,G000661,R0004,A0021,2024-05-18,2024-06-01,2024-06-09,Standard King,8,17800,142400,Corporate,confirmed
B00001780,G002805,R0014,A0041,2025-12-24,2026-02-03,2026-02-10,Villa,7,53800,376600,OTA,confirmed
B00001781,G000730,R0029,A0053,2025-02-28,2025-03-14,2025-03-21,Standard Double,7,17300,121100,Direct,cancelled
B00001782,G000194,R0011,A0045,2024-04-26,2024-08-02,2024-08-06,Standard Double,4,12800,51200,Direct,no_show
B00001783,G001594,R0011,A0008,2024-08-15,2024-11-26,2024-12-08,Standard King,12,23500,282000,Corporate,completed
B00001784,G000186,R0003,A0049,2024-11-13,2025-02-10,2025-02-20,Ocean Suite,10,33900,339000,Travel Agent,completed
B00001785,G001725,R0022,A0045,2024-08-28,2024-11-24,2024-12-04,Villa,10,67400,674000,Corporate,completed
B00001786,G001794,R0022,A0007,2024-10-05,2024-10-14,2024-10-28,Standard Double,14,18200,254800,OTA,cancelled
B00001787,G002881,R0007,A0053,2024-07-05,2024-10-04,2024-10-08,Standard Double,4,13000,52000,Travel Agent,completed
B00001788,G002273,R0014,A0047,2024-09-14,2024-10-25,2024-10-29,Standard King,4,18800,75200,Corporate,completed
B00001789,G002547,R0022,A0050,2024-02-17,2024-05-11,2024-05-21,Standard Double,10,17700,177000,OTA,confirmed
B00001790,G002504,R0003,A0036,2025-09-11,2025-12-31,2026-01-03,Ocean Suite,3,37800,113400,Travel Agent,cancelled
B00001791,G002547,R0014,A0014,2025-04-26,2025-05-21,2025-05-28,Standard Double,7,16300,114100,Direct,completed
B00001792,G000544,R0012,A0020,2025-10-28,2025-11-19,2025-11-30,Standard King,11,22900,251900,Direct,completed
B00001793,G000962,R0016,A0012,2025-03-20,2025-04-30,2025-05-05,Villa,5,53800,269000,OTA,completed
B00001794,G001109,R0036,A0056,2024-06-08,2024-09-02,2024-09-13,Standard King,11,21500,236500,Direct,confirmed
B00001795,G002738,R0006,A0008,2025-06-11,2025-08-05,2025-08-16,Standard King,11,18300,201300,Loyalty,completed
B00001796,G002544,R0023,A0013,2025-07-06,2025-09-24,2025-10-06,Standard King,12,17000,204000,Direct,completed
B00001797,G002084,R0040,A0004,2024-07-02,2024-08-21,2024-09-04,Standard King,14,23400,327600,Corporate,completed
B00001798,G002368,R0012,A0048,2025-08-30,2025-09-22,2025-09-23,Standard Double,1,14000,14000,OTA,confirmed
B00001799,G000958,R0037,A0023,2024-08-25,2024-11-02,2024-11-09,Standard King,7,17500,122500,Corporate,completed
B00001800,G001252,R0015,A0051,2024-05-09,2024-06-14,2024-06-25,Standard Double,11,13800,151800,Direct,completed
B00001801,G001229,R0013,A0052,2025-11-21,2026-01-27,2026-02-05,Standard Double,9,19800,178200,Direct,completed
B00001802,G002997,R0040,A0017,2024-02-08,2024-04-13,2024-04-20,Ocean Suite,7,36000,252000,Direct,completed
B00001803,G001351,R0009,A0036,2024-12-17,2024-12-20,2024-12-28,Standard King,8,18300,146400,Corporate,completed
B00001804,G002587,R0031,A0054,2024-01-09,2024-02-10,2024-02-20,Standard Double,10,19500,195000,Corporate,completed
B00001805,G001345,R0031,A0026,2024-02-15,2024-03-20,2024-03-28,Standard King,8,20200,161600,Direct,completed
B00001806,G000870,R0033,A0030,2024-10-08,2024-11-14,2024-11-26,Ocean Suite,12,41000,492000,Travel Agent,completed
B00001807,G000437,R0027,A0045,2025-04-13,2025-07-12,2025-07-26,Villa,14,51600,722400,Corporate,confirmed
B00001808,G000108,R0006,A0006,2024-08-08,2024-11-19,2024-11-28,Standard King,9,23800,214200,Travel Agent,cancelled
B00001809,G002674,R0021,A0001,2024-12-12,2024-12-22,2024-12-31,Ocean Suite,9,37100,333900,Direct,completed
B00001810,G001164,R0012,A0014,2025-12-11,2026-01-07,2026-01-13,Standard Double,6,17500,105000,OTA,completed
B00001811,G001373,R0002,A0042,2025-02-22,2025-04-16,2025-04-30,Ocean Suite,14,43500,609000,Direct,completed
B00001812,G001932,R0028,A0005,2025-12-20,2026-02-27,2026-03-09,Standard King,10,18200,182000,OTA,completed
B00001813,G001326,R0016,A0035,2025-12-23,2026-02-24,2026-03-03,Ocean Suite,7,42900,300300,Corporate,completed
B00001814,G002291,R0027,A0056,2024-02-23,2024-05-19,2024-05-26,Standard King,7,19900,139300,Direct,confirmed
B00001815,G002463,R0037,A0025,2024-12-07,2024-12-18,2024-12-31,Standard Double,13,14300,185900,Corporate,completed
B00001816,G001435,R0032,A0030,2025-06-20,2025-08-08,2025-08-21,Standard Double,13,19400,252200,OTA,completed
B00001817,G001153,R0020,A0044,2024-08-04,2024-10-24,2024-11-03,Standard King,10,19800,198000,OTA,confirmed
B00001818,G000911,R0010,A0013,2025-01-14,2025-03-12,2025-03-23,Standard Double,11,16300,179300,Corporate,cancelled
B00001819,G001891,R0023,A0030,2025-03-14,2025-04-06,2025-04-17,Standard Double,11,13700,150700,Direct,completed
B00001820,G002031,R0017,A0051,2025-01-18,2025-04-07,2025-04-12,Ocean Suite,5,41100,205500,Loyalty,confirmed
B00001821,G001883,R0029,A0048,2024-09-16,2025-01-07,2025-01-21,Villa,14,79800,1117200,Corporate,completed
B00001822,G000616,R0017,A0056,2024-01-24,2024-05-14,2024-05-22,Standard Double,8,15400,123200,OTA,completed
B00001823,G000851,R0031,A0050,2025-10-29,2026-02-06,2026-02-10,Standard King,4,20500,82000,Corporate,completed
B00001824,G001463,R0024,A0026,2025-06-02,2025-06-22,2025-06-26,Ocean Suite,4,42300,169200,OTA,completed
B00001825,G000821,R0012,A0059,2025-11-24,2025-12-11,2025-12-18,Standard Double,7,12900,90300,Travel Agent,cancelled
B00001826,G001911,R0003,A0017,2024-01-30,2024-05-19,2024-05-29,Ocean Suite,10,30900,309000,Travel Agent,confirmed
B00001827,G002449,R0039,A0045,2025-05-28,2025-08-09,2025-08-19,Ocean Suite,10,44300,443000,Loyalty,completed
B00001828,G001134,R0029,A0051,2025-02-15,2025-04-11,2025-04-13,Standard King,2,18000,36000,OTA,cancelled
B00001829,G001638,R0038,A0027,2025-11-18,2026-02-10,2026-02-24,Ocean Suite,14,36400,509600,Corporate,confirmed
B00001830,G002401,R0022,A0039,2025-01-18,2025-01-21,2025-01-30,Standard Double,9,13200,118800,Travel Agent,confirmed
B00001831,G001732,R0012,A0032,2024-10-19,2025-02-06,2025-02-07,Standard King,1,22800,22800,Travel Agent,completed
B00001832,G000886,R0023,A0005,2024-03-31,2024-06-08,2024-06-15,Standard Double,7,15000,105000,OTA,confirmed
B00001833,G000687,R0033,A0022,2024-09-24,2024-11-22,2024-11-27,Villa,5,75800,379000,Direct,completed
B00001834,G002958,R0011,A0059,2024-08-19,2024-11-28,2024-12-07,Standard Double,9,14400,129600,OTA,completed
B00001835,G000370,R0007,A0014,2024-07-27,2024-11-22,2024-11-28,Standard King,6,21300,127800,Direct,completed
B00001836,G000322,R0035,A0053,2024-12-23,2025-01-19,2025-01-29,Villa,10,74200,742000,OTA,completed
B00001837,G002540,R0040,A0052,2024-02-29,2024-06-12,2024-06-22,Standard Double,10,18000,180000,Travel Agent,no_show
B00001838,G000454,R0034,A0054,2025-01-20,2025-03-20,2025-03-26,Ocean Suite,6,32800,196800,OTA,cancelled
B00001839,G000228,R0003,A0047,2024-07-19,2024-09-26,2024-09-28,Ocean Suite,2,44900,89800,Direct,completed
B00001840,G002492,R0007,A0045,2025-01-13,2025-03-28,2025-04-05,Ocean Suite,8,33900,271200,Corporate,completed
B00001841,G001935,R0021,A0010,2024-07-16,2024-08-23,2024-08-25,Presidential,2,119700,239400,OTA,completed
B00001842,G001314,R0004,A0005,2024-08-16,2024-08-21,2024-08-25,Standard King,4,18000,72000,Direct,completed
B00001843,G002515,R0027,A0024,2025-07-16,2025-08-24,2025-09-04,Ocean Suite,11,35300,388300,OTA,confirmed
B00001844,G002288,R0020,A0008,2024-07-07,2024-09-22,2024-10-02,Standard King,10,18900,189000,Travel Agent,cancelled
B00001845,G000422,R0040,A0059,2024-01-24,2024-03-18,2024-03-20,Villa,2,73400,146800,Loyalty,completed
B00001846,G000543,R0034,A0041,2024-06-12,2024-09-06,2024-09-11,Standard King,5,21900,109500,OTA,completed
B00001847,G002614,R0032,A0023,2025-02-15,2025-03-09,2025-03-20,Ocean Suite,11,44300,487300,OTA,completed
B00001848,G002902,R0032,A0037,2024-03-29,2024-07-03,2024-07-04,Standard King,1,20400,20400,Direct,confirmed
B00001849,G002570,R0009,A0036,2025-04-11,2025-04-18,2025-04-30,Standard King,12,16600,199200,Direct,completed
B00001850,G000784,R0009,A0017,2025-07-23,2025-09-21,2025-09-23,Standard King,2,18400,36800,Direct,completed
B00001851,G002632,R0033,A0057,2024-01-24,2024-04-24,2024-04-27,Villa,3,79400,238200,OTA,confirmed
B00001852,G000053,R0012,A0017,2025-03-04,2025-06-13,2025-06-19,Ocean Suite,6,45200,271200,Direct,cancelled
B00001853,G002059,R0006,A0041,2025-08-21,2025-10-25,2025-10-31,Standard Double,6,19900,119400,Direct,completed
B00001854,G002084,R0032,A0034,2025-06-06,2025-08-02,2025-08-14,Villa,12,61400,736800,Travel Agent,cancelled
B00001855,G001595,R0005,A0014,2025-11-05,2025-11-12,2025-11-19,Standard Double,7,19300,135100,Direct,completed
B00001856,G002726,R0038,A0018,2025-04-02,2025-07-27,2025-07-29,Ocean Suite,2,40500,81000,Direct,completed
B00001857,G002942,R0036,A0011,2025-08-06,2025-09-13,2025-09-18,Standard King,5,21700,108500,Direct,completed
B00001858,G002298,R0029,A0009,2024-09-02,2024-11-17,2024-11-23,Villa,6,79700,478200,OTA,completed
B00001859,G000033,R0026,A0032,2025-07-23,2025-08-25,2025-09-08,Standard Double,14,16600,232400,Corporate,completed
B00001860,G000684,R0010,A0038,2025-01-11,2025-04-21,2025-05-02,Villa,11,67000,737000,Direct,cancelled
B00001861,G000171,R0024,A0014,2025-03-23,2025-07-16,2025-07-25,Standard Double,9,15900,143100,Travel Agent,completed
B00001862,G002502,R0033,A0002,2025-02-12,2025-03-20,2025-03-26,Ocean Suite,6,33500,201000,Loyalty,confirmed
B00001863,G002606,R0015,A0023,2024-07-24,2024-08-04,2024-08-12,Standard King,8,18400,147200,Corporate,completed
B00001864,G000357,R0030,A0018,2025-12-03,2025-12-12,2025-12-24,Standard Double,12,20000,240000,OTA,cancelled
B00001865,G000493,R0021,A0049,2025-10-29,2025-11-14,2025-11-27,Standard Double,13,16400,213200,Direct,completed
B00001866,G002627,R0023,A0050,2025-03-22,2025-05-01,2025-05-03,Standard Double,2,16000,32000,OTA,completed
B00001867,G000753,R0033,A0053,2024-03-03,2024-06-18,2024-06-20,Standard Double,2,14100,28200,Direct,confirmed
B00001868,G000518,R0018,A0010,2025-06-20,2025-07-26,2025-08-08,Standard Double,13,18300,237900,OTA,completed
B00001869,G002130,R0037,A0041,2024-09-17,2024-11-12,2024-11-23,Ocean Suite,11,46400,510400,Corporate,confirmed
B00001870,G000898,R0022,A0056,2025-03-25,2025-06-29,2025-07-03,Standard Double,4,19300,77200,OTA,no_show
B00001871,G001117,R0021,A0017,2025-03-02,2025-06-23,2025-06-24,Standard King,1,20500,20500,Corporate,completed
B00001872,G000845,R0022,A0048,2025-02-08,2025-06-07,2025-06-19,Villa,12,59900,718800,OTA,completed
B00001873,G002054,R0010,A0052,2025-01-08,2025-04-13,2025-04-14,Standard King,1,16000,16000,Corporate,completed
B00001874,G001394,R0032,A0030,2024-11-23,2025-02-02,2025-02-05,Standard King,3,16700,50100,Direct,completed
B00001875,G001620,R0018,A0019,2024-01-03,2024-03-01,2024-03-10,Standard Double,9,18900,170100,Corporate,confirmed
B00001876,G000281,R0024,A0024,2024-06-05,2024-08-18,2024-08-29,Ocean Suite,11,34900,383900,Corporate,completed
B00001877,G002218,R0018,A0040,2024-07-01,2024-09-06,2024-09-19,Ocean Suite,13,34000,442000,Corporate,completed
B00001878,G001308,R0023,A0025,2025-08-19,2025-12-12,2025-12-13,Standard Double,1,15400,15400,OTA,completed
B00001879,G001929,R0028,A0035,2025-11-04,2026-01-07,2026-01-09,Standard King,2,18900,37800,OTA,cancelled
B00001880,G002509,R0018,A0050,2024-02-25,2024-04-28,2024-05-05,Villa,7,71800,502600,Direct,completed
B00001881,G000196,R0004,A0043,2024-04-22,2024-05-08,2024-05-14,Standard Double,6,16200,97200,Corporate,confirmed
B00001882,G002198,R0017,A0045,2025-05-10,2025-05-28,2025-05-31,Standard Double,3,15400,46200,Loyalty,completed
B00001883,G000391,R0032,A0020,2025-02-06,2025-04-16,2025-04-22,Villa,6,62200,373200,Direct,completed
B00001884,G000073,R0023,A0036,2025-11-21,2026-02-25,2026-03-07,Ocean Suite,10,44300,443000,OTA,completed
B00001885,G000637,R0026,A0003,2025-06-27,2025-10-04,2025-10-09,Standard Double,5,13600,68000,Direct,completed
B00001886,G001641,R0007,A0017,2025-08-30,2025-10-26,2025-11-06,Ocean Suite,11,34200,376200,Loyalty,completed
B00001887,G001309,R0023,A0046,2025-08-08,2025-09-21,2025-09-22,Standard Double,1,14300,14300,Loyalty,completed
B00001888,G001591,R0013,A0039,2024-04-13,2024-04-16,2024-04-18,Standard Double,2,17300,34600,Direct,confirmed
B00001889,G002647,R0030,A0037,2024-10-03,2024-12-16,2024-12-17,Standard Double,1,15900,15900,OTA,cancelled
B00001890,G000969,R0024,A0038,2025-11-11,2026-01-21,2026-02-03,Ocean Suite,13,39900,518700,OTA,completed
B00001891,G002760,R0016,A0024,2024-12-30,2025-03-31,2025-04-09,Standard Double,9,13000,117000,Direct,completed
B00001892,G001415,R0014,A0015,2024-04-19,2024-07-25,2024-07-29,Standard Double,4,13300,53200,Direct,completed
B00001893,G001966,R0015,A0021,2025-12-30,2026-04-08,2026-04-20,Standard Double,12,16000,192000,Corporate,completed
B00001894,G000212,R0001,A0043,2025-04-12,2025-07-08,2025-07-20,Standard King,12,18500,222000,Travel Agent,confirmed
B00001895,G001404,R0033,A0012,2024-07-04,2024-09-28,2024-10-05,Standard King,7,21800,152600,Corporate,cancelled
B00001896,G002075,R0010,A0057,2025-06-19,2025-08-08,2025-08-15,Villa,7,54100,378700,Corporate,completed
B00001897,G000652,R0011,A0021,2025-01-21,2025-02-01,2025-02-03,Standard Double,2,18600,37200,OTA,confirmed
B00001898,G001082,R0021,A0029,2025-10-06,2025-12-26,2025-12-31,Standard Double,5,15500,77500,Direct,completed
B00001899,G000400,R0008,A0034,2025-12-05,2026-02-12,2026-02-23,Villa,11,78100,859100,OTA,completed
B00001900,G002827,R0035,A0007,2025-08-30,2025-09-27,2025-10-05,Ocean Suite,8,42300,338400,OTA,confirmed
B00001901,G002748,R0017,A0025,2024-05-17,2024-06-08,2024-06-09,Villa,1,58800,58800,OTA,completed
B00001902,G002219,R0029,A0011,2024-07-31,2024-11-25,2024-12-02,Standard King,7,15300,107100,OTA,confirmed
B00001903,G000445,R0031,A0028,2025-07-10,2025-08-10,2025-08-23,Standard Double,13,13800,179400,Travel Agent,completed
B00001904,G002044,R0012,A0007,2024-05-30,2024-06-05,2024-06-10,Standard Double,5,19000,95000,OTA,completed
B00001905,G000927,R0015,A0003,2025-11-18,2025-12-09,2025-12-16,Ocean Suite,7,41200,288400,Corporate,completed
B00001906,G000152,R0006,A0026,2024-11-26,2025-02-26,2025-03-09,Ocean Suite,11,40400,444400,Direct,confirmed
B00001907,G000536,R0015,A0020,2024-12-10,2025-03-25,2025-04-05,Presidential,11,144300,1587300,OTA,completed
B00001908,G001627,R0007,A0013,2025-07-11,2025-07-30,2025-08-09,Standard Double,10,19900,199000,OTA,completed
B00001909,G000568,R0026,A0047,2024-12-15,2025-01-06,2025-01-13,Ocean Suite,7,32200,225400,Direct,completed
B00001910,G002472,R0010,A0056,2024-08-25,2024-09-20,2024-10-03,Presidential,13,134700,1751100,Corporate,confirmed
B00001911,G001337,R0029,A0016,2024-03-27,2024-05-28,2024-06-02,Standard King,5,17500,87500,OTA,confirmed
B00001912,G000193,R0006,A0020,2024-03-31,2024-04-20,2024-04-29,Standard King,9,16000,144000,OTA,completed
B00001913,G002470,R0022,A0052,2025-04-09,2025-04-22,2025-04-30,Villa,8,53400,427200,OTA,completed
B00001914,G000302,R0037,A0020,2024-05-12,2024-06-14,2024-06-26,Standard Double,12,15200,182400,Loyalty,completed
B00001915,G002289,R0029,A0025,2024-09-22,2024-10-07,2024-10-20,Standard Double,13,18400,239200,OTA,completed
B00001916,G001330,R0015,A0020,2025-11-02,2026-02-18,2026-03-02,Villa,12,74900,898800,OTA,completed
B00001917,G000925,R0003,A0015,2024-06-30,2024-08-03,2024-08-13,Ocean Suite,10,42800,428000,Travel Agent,completed
B00001918,G002185,R0018,A0058,2024-02-14,2024-04-30,2024-05-05,Ocean Suite,5,46900,234500,Travel Agent,completed
B00001919,G001186,R0022,A0055,2024-06-15,2024-08-16,2024-08-17,Standard Double,1,18500,18500,OTA,cancelled
B00001920,G001956,R0020,A0052,2025-02-27,2025-06-14,2025-06-16,Standard King,2,15700,31400,Loyalty,completed
B00001921,G001399,R0023,A0027,2025-04-17,2025-05-07,2025-05-16,Standard Double,9,16100,144900,Direct,completed
B00001922,G000833,R0002,A0049,2025-08-16,2025-08-18,2025-08-28,Standard Double,10,19900,199000,OTA,confirmed
B00001923,G002448,R0038,A0047,2024-07-05,2024-11-01,2024-11-15,Presidential,14,145000,2030000,OTA,completed
B00001924,G001806,R0029,A0057,2025-04-12,2025-06-08,2025-06-18,Standard Double,10,13000,130000,Travel Agent,completed
B00001925,G002745,R0029,A0005,2024-03-28,2024-04-05,2024-04-13,Ocean Suite,8,47000,376000,Direct,completed
B00001926,G000827,R0011,A0019,2024-06-16,2024-07-16,2024-07-20,Ocean Suite,4,43300,173200,Direct,completed
B00001927,G001644,R0002,A0051,2025-12-26,2026-04-19,2026-04-20,Ocean Suite,1,46400,46400,OTA,no_show
B00001928,G002507,R0001,A0026,2024-12-18,2025-03-12,2025-03-15,Standard King,3,19200,57600,Corporate,completed
B00001929,G001976,R0022,A0016,2024-02-19,2024-02-24,2024-03-08,Standard Double,13,19800,257400,Direct,cancelled
B00001930,G002132,R0038,A0041,2024-01-11,2024-02-13,2024-02-16,Standard Double,3,19900,59700,Loyalty,completed
B00001931,G001496,R0020,A0009,2024-12-07,2025-03-20,2025-03-21,Standard Double,1,19100,19100,Loyalty,completed
B00001932,G000937,R0012,A0003,2025-08-27,2025-09-13,2025-09-16,Standard King,3,23200,69600,Loyalty,completed
B00001933,G000540,R0037,A0043,2025-07-06,2025-10-18,2025-10-26,Standard Double,8,18500,148000,Direct,cancelled
B00001934,G002361,R0027,A0012,2024-04-25,2024-06-25,2024-07-06,Standard Double,11,15000,165000,Direct,completed
B00001935,G000322,R0002,A0021,2025-12-19,2025-12-25,2025-12-28,Standard Double,3,15000,45000,Travel Agent,completed
B00001936,G001219,R0032,A0024,2025-01-10,2025-02-14,2025-02-16,Standard Double,2,16700,33400,Travel Agent,completed
B00001937,G001911,R0009,A0056,2024-11-23,2025-02-15,2025-02-27,Standard King,12,16100,193200,Direct,completed
B00001938,G002955,R0004,A0015,2025-02-11,2025-02-19,2025-02-27,Standard Double,8,18500,148000,Direct,completed
B00001939,G002022,R0024,A0033,2024-05-25,2024-09-18,2024-09-22,Ocean Suite,4,33500,134000,OTA,completed
B00001940,G000939,R0039,A0010,2024-05-17,2024-07-08,2024-07-16,Standard King,8,21900,175200,OTA,completed
B00001941,G000438,R0003,A0047,2025-08-02,2025-09-27,2025-10-05,Standard Double,8,19100,152800,OTA,completed
B00001942,G002304,R0003,A0008,2024-06-07,2024-08-17,2024-08-29,Ocean Suite,12,31900,382800,Direct,completed
B00001943,G001953,R0013,A0049,2025-08-22,2025-10-05,2025-10-14,Standard King,9,23400,210600,OTA,cancelled
B00001944,G000512,R0021,A0052,2024-03-20,2024-05-14,2024-05-28,Standard King,14,20700,289800,OTA,completed
B00001945,G002851,R0030,A0020,2024-04-23,2024-08-03,2024-08-08,Villa,5,59900,299500,Corporate,confirmed
B00001946,G002119,R0039,A0006,2025-07-12,2025-08-12,2025-08-24,Standard King,12,18000,216000,OTA,no_show
B00001947,G001889,R0028,A0046,2025-05-06,2025-05-28,2025-06-10,Standard King,13,17000,221000,OTA,completed
B00001948,G001542,R0011,A0039,2025-01-05,2025-03-07,2025-03-09,Standard King,2,18900,37800,Travel Agent,completed
B00001949,G000077,R0035,A0042,2025-10-18,2025-11-25,2025-11-28,Standard King,3,20500,61500,OTA,completed
B00001950,G000935,R0023,A0031,2025-05-04,2025-06-27,2025-06-30,Standard King,3,16800,50400,OTA,confirmed
B00001951,G000136,R0039,A0010,2024-08-14,2024-10-06,2024-10-19,Standard Double,13,13100,170300,Corporate,confirmed
B00001952,G000991,R0010,A0030,2024-04-21,2024-07-21,2024-07-23,Ocean Suite,2,32900,65800,Direct,completed
B00001953,G000048,R0001,A0057,2025-10-11,2025-10-20,2025-10-29,Standard King,9,23500,211500,Corporate,completed
B00001954,G000647,R0020,A0011,2025-08-12,2025-10-20,2025-10-31,Standard King,11,22400,246400,Corporate,confirmed
B00001955,G001021,R0006,A0023,2025-09-01,2025-09-04,2025-09-17,Standard King,13,19100,248300,Loyalty,confirmed
B00001956,G000831,R0003,A0047,2024-05-26,2024-08-12,2024-08-22,Standard King,10,15600,156000,Loyalty,completed
B00001957,G000597,R0020,A0020,2025-04-07,2025-06-11,2025-06-19,Standard King,8,21900,175200,OTA,completed
B00001958,G002453,R0040,A0032,2024-05-27,2024-08-28,2024-09-09,Ocean Suite,12,42600,511200,OTA,completed
B00001959,G000079,R0026,A0038,2024-10-10,2024-11-20,2024-12-04,Standard King,14,22300,312200,OTA,completed
B00001960,G002093,R0013,A0016,2024-04-10,2024-08-03,2024-08-07,Standard King,4,23700,94800,Direct,completed
B00001961,G001271,R0015,A0028,2024-04-13,2024-07-31,2024-08-03,Standard King,3,22100,66300,Loyalty,completed
B00001962,G000226,R0030,A0011,2024-09-04,2024-10-04,2024-10-10,Standard King,6,23500,141000,OTA,completed
B00001963,G000368,R0032,A0046,2025-01-09,2025-02-24,2025-03-02,Standard Double,6,16400,98400,Corporate,cancelled
B00001964,G001611,R0020,A0022,2024-11-08,2024-11-18,2024-11-20,Standard Double,2,13900,27800,Corporate,confirmed
B00001965,G002402,R0034,A0005,2024-04-03,2024-07-21,2024-07-25,Ocean Suite,4,42500,170000,Corporate,cancelled
B00001966,G002921,R0005,A0040,2025-04-26,2025-05-11,2025-05-17,Ocean Suite,6,44700,268200,OTA,completed
B00001967,G002588,R0012,A0033,2025-10-27,2025-11-13,2025-11-18,Standard Double,5,12800,64000,Corporate,completed
B00001968,G001295,R0028,A0016,2024-05-14,2024-05-16,2024-05-30,Ocean Suite,14,37700,527800,Loyalty,completed
B00001969,G001469,R0025,A0033,2025-11-14,2026-02-06,2026-02-13,Standard Double,7,16200,113400,Direct,completed
B00001970,G002429,R0033,A0003,2024-02-08,2024-02-22,2024-02-23,Standard King,1,17800,17800,Corporate,confirmed
B00001971,G002052,R0033,A0034,2025-07-24,2025-08-06,2025-08-15,Standard Double,9,13000,117000,Corporate,cancelled
B00001972,G002143,R0016,A0036,2024-04-26,2024-06-18,2024-06-27,Standard Double,9,16700,150300,OTA,completed
B00001973,G002422,R0003,A0043,2025-01-25,2025-03-09,2025-03-16,Ocean Suite,7,39100,273700,Direct,completed
B00001974,G000008,R0032,A0011,2025-10-15,2025-12-25,2025-12-27,Ocean Suite,2,46200,92400,Direct,completed
B00001975,G002113,R0002,A0030,2024-08-16,2024-11-18,2024-11-30,Ocean Suite,12,30200,362400,OTA,completed
B00001976,G001164,R0017,A0023,2025-09-14,2025-11-24,2025-11-28,Standard Double,4,19400,77600,Direct,completed
B00001977,G001527,R0027,A0029,2024-03-11,2024-07-01,2024-07-10,Standard King,9,19700,177300,Direct,completed
B00001978,G001648,R0024,A0053,2024-07-31,2024-09-08,2024-09-12,Villa,4,53600,214400,Direct,completed
B00001979,G002168,R0009,A0023,2024-12-20,2025-02-13,2025-02-19,Ocean Suite,6,33400,200400,Corporate,confirmed
B00001980,G002029,R0007,A0025,2025-12-05,2026-02-15,2026-02-23,Standard King,8,22300,178400,Corporate,completed
B00001981,G000236,R0017,A0043,2024-05-21,2024-07-08,2024-07-22,Standard King,14,18100,253400,Travel Agent,no_show
B00001982,G002309,R0003,A0043,2025-08-23,2025-12-19,2025-12-28,Ocean Suite,9,39600,356400,OTA,completed
B00001983,G001605,R0025,A0007,2024-08-07,2024-08-09,2024-08-13,Ocean Suite,4,43200,172800,Direct,completed
B00001984,G001282,R0019,A0015,2024-06-10,2024-08-28,2024-09-02,Standard Double,5,14400,72000,Direct,completed
B00001985,G001691,R0037,A0042,2024-11-17,2024-12-22,2024-12-29,Ocean Suite,7,32400,226800,Travel Agent,completed
B00001986,G001853,R0022,A0010,2024-12-01,2025-02-20,2025-02-27,Standard King,7,16700,116900,Direct,completed
B00001987,G001473,R0007,A0012,2024-03-21,2024-06-14,2024-06-20,Standard Double,6,18200,109200,Corporate,completed
B00001988,G001767,R0027,A0026,2024-02-14,2024-05-15,2024-05-24,Ocean Suite,9,44600,401400,Direct,completed
B00001989,G002391,R0040,A0003,2025-07-24,2025-09-11,2025-09-24,Standard King,13,16000,208000,Direct,completed
B00001990,G000593,R0010,A0001,2024-06-12,2024-09-23,2024-09-28,Ocean Suite,5,32300,161500,OTA,confirmed
B00001991,G000315,R0016,A0030,2024-11-03,2024-12-20,2024-12-21,Standard King,1,15900,15900,Corporate,completed
B00001992,G000499,R0038,A0052,2024-09-26,2025-01-05,2025-01-07,Standard Double,2,14600,29200,OTA,completed
B00001993,G002054,R0006,A0056,2025-08-04,2025-11-19,2025-12-01,Standard King,12,16200,194400,OTA,confirmed
B00001994,G001245,R0039,A0010,2025-05-12,2025-07-04,2025-07-13,Standard Double,9,18500,166500,Direct,cancelled
B00001995,G000455,R0034,A0007,2025-07-29,2025-10-19,2025-10-21,Standard King,2,23800,47600,OTA,completed
B00001996,G002406,R0029,A0056,2025-11-15,2025-11-16,2025-11-21,Standard King,5,15600,78000,OTA,completed
B00001997,G002062,R0019,A0043,2025-04-14,2025-06-21,2025-06-25,Standard King,4,17000,68000,Direct,confirmed
B00001998,G000625,R0009,A0049,2025-04-13,2025-05-25,2025-06-05,Presidential,11,137900,1516900,Corporate,completed
B00001999,G001058,R0029,A0017,2025-09-25,2025-12-15,2025-12-25,Standard Double,10,20000,200000,OTA,completed
B00002000,G000365,R0040,A0019,2024-07-09,2024-10-22,2024-11-02,Standard Double,11,15000,165000,Direct,completed
B00002001,G002646,R0005,A0045,2025-07-23,2025-07-29,2025-08-04,Standard Double,6,19800,118800,Direct,completed
B00002002,G000388,R0019,A0027,2024-06-18,2024-07-30,2024-08-03,Standard Double,4,15600,62400,Direct,completed
B00002003,G002300,R0020,A0057,2025-01-22,2025-05-02,2025-05-13,Standard Double,11,18800,206800,OTA,completed
B00002004,G000437,R0016,A0026,2024-01-26,2024-02-02,2024-02-10,Ocean Suite,8,29800,238400,Direct,completed
B00002005,G000809,R0020,A0039,2024-07-25,2024-11-07,2024-11-08,Standard Double,1,13500,13500,Loyalty,completed
B00002006,G000097,R0018,A0040,2024-06-23,2024-10-20,2024-10-22,Standard King,2,17900,35800,Loyalty,confirmed
B00002007,G002727,R0015,A0015,2025-11-08,2026-01-14,2026-01-19,Ocean Suite,5,42500,212500,Loyalty,cancelled
B00002008,G000865,R0002,A0053,2024-08-27,2024-10-13,2024-10-17,Villa,4,77200,308800,Corporate,completed
B00002009,G002947,R0023,A0014,2025-01-30,2025-05-02,2025-05-04,Presidential,2,138800,277600,Travel Agent,completed
B00002010,G001752,R0020,A0049,2025-12-12,2026-04-08,2026-04-11,Standard King,3,19700,59100,Travel Agent,cancelled
B00002011,G002547,R0016,A0054,2024-06-06,2024-09-25,2024-10-03,Ocean Suite,8,36500,292000,OTA,completed
B00002012,G001973,R0008,A0058,2025-09-15,2025-11-04,2025-11-12,Villa,8,63900,511200,OTA,completed
B00002013,G002938,R0009,A0008,2024-05-04,2024-06-23,2024-06-26,Standard King,3,18800,56400,Corporate,completed
B00002014,G002428,R0026,A0014,2025-07-01,2025-09-28,2025-10-08,Standard Double,10,13500,135000,Direct,no_show
B00002015,G002939,R0015,A0039,2024-08-31,2024-10-03,2024-10-14,Standard King,11,21500,236500,Loyalty,confirmed
B00002016,G000098,R0004,A0022,2025-09-28,2026-01-25,2026-01-28,Standard Double,3,13100,39300,Direct,completed
B00002017,G001701,R0028,A0005,2024-03-13,2024-06-30,2024-07-10,Standard Double,10,16900,169000,Corporate,cancelled
B00002018,G000360,R0006,A0009,2024-08-24,2024-08-25,2024-08-26,Ocean Suite,1,39400,39400,Direct,confirmed
B00002019,G002787,R0040,A0004,2025-12-04,2026-03-28,2026-04-09,Ocean Suite,12,44600,535200,OTA,completed
B00002020,G002023,R0034,A0008,2025-11-23,2026-03-17,2026-03-25,Villa,8,58300,466400,Loyalty,confirmed
B00002021,G002173,R0009,A0005,2025-07-14,2025-08-01,2025-08-04,Standard King,3,17200,51600,Direct,confirmed
B00002022,G002580,R0005,A0041,2025-10-04,2026-01-04,2026-01-08,Ocean Suite,4,32400,129600,OTA,confirmed
B00002023,G002563,R0013,A0021,2025-09-16,2025-12-01,2025-12-03,Standard Double,2,16200,32400,Direct,confirmed
B00002024,G002186,R0022,A0009,2024-06-01,2024-09-23,2024-10-04,Ocean Suite,11,43800,481800,Loyalty,completed
B00002025,G001054,R0040,A0027,2024-09-21,2024-10-30,2024-11-10,Standard Double,11,18400,202400,Direct,cancelled
B00002026,G002078,R0035,A0028,2024-04-25,2024-08-15,2024-08-17,Standard King,2,22300,44600,Direct,completed
B00002027,G000349,R0032,A0031,2024-12-07,2025-01-17,2025-01-29,Standard King,12,21300,255600,Corporate,completed
B00002028,G002498,R0034,A0031,2024-02-23,2024-03-16,2024-03-22,Standard Double,6,17900,107400,Direct,confirmed
B00002029,G002968,R0012,A0057,2025-02-10,2025-04-02,2025-04-14,Standard King,12,16600,199200,OTA,completed
B00002030,G002537,R0023,A0043,2025-08-26,2025-11-07,2025-11-15,Standard Double,8,14400,115200,OTA,cancelled
B00002031,G002636,R0005,A0037,2024-05-29,2024-07-01,2024-07-13,Standard Double,12,17800,213600,Direct,completed
B00002032,G001455,R0028,A0010,2025-02-06,2025-05-01,2025-05-09,Villa,8,54100,432800,Direct,cancelled
B00002033,G001481,R0035,A0003,2025-02-11,2025-03-15,2025-03-16,Ocean Suite,1,38600,38600,Direct,cancelled
B00002034,G002095,R0036,A0009,2025-04-22,2025-05-21,2025-06-04,Villa,14,74900,1048600,Direct,completed
B00002035,G002934,R0029,A0015,2025-03-13,2025-04-28,2025-05-11,Villa,13,67300,874900,Direct,completed
B00002036,G000565,R0036,A0019,2025-07-11,2025-09-10,2025-09-15,Ocean Suite,5,30900,154500,Travel Agent,completed
B00002037,G000644,R0021,A0005,2025-10-01,2026-01-03,2026-01-15,Standard King,12,18200,218400,Travel Agent,completed
B00002038,G001049,R0035,A0050,2025-12-28,2026-01-14,2026-01-17,Standard Double,3,14000,42000,Travel Agent,completed
B00002039,G000629,R0021,A0003,2025-10-31,2026-01-07,2026-01-11,Standard King,4,23400,93600,Travel Agent,completed
B00002040,G002348,R0028,A0050,2024-05-24,2024-09-10,2024-09-19,Standard King,9,20700,186300,Corporate,confirmed
B00002041,G002978,R0036,A0031,2025-11-23,2026-01-02,2026-01-03,Standard King,1,23000,23000,Direct,completed
B00002042,G002377,R0026,A0017,2025-04-20,2025-04-21,2025-04-22,Ocean Suite,1,34700,34700,Corporate,completed
B00002043,G002377,R0020,A0010,2025-02-26,2025-06-13,2025-06-25,Standard King,12,15300,183600,Direct,completed
B00002044,G002348,R0027,A0040,2025-12-23,2026-02-15,2026-02-17,Ocean Suite,2,43200,86400,Direct,confirmed
B00002045,G002707,R0011,A0009,2025-07-19,2025-11-16,2025-11-17,Standard King,1,22800,22800,Direct,completed
B00002046,G000235,R0018,A0048,2025-12-17,2026-04-05,2026-04-17,Standard King,12,24200,290400,Direct,completed
B00002047,G000652,R0022,A0050,2024-11-28,2025-01-08,2025-01-17,Ocean Suite,9,44300,398700,OTA,confirmed
B00002048,G001132,R0006,A0029,2025-06-28,2025-09-12,2025-09-13,Presidential,1,103100,103100,Loyalty,completed
B00002049,G001268,R0028,A0005,2024-05-14,2024-06-06,2024-06-16,Presidential,10,115200,1152000,Loyalty,completed
B00002050,G001336,R0012,A0003,2024-12-27,2025-03-10,2025-03-17,Standard Double,7,16000,112000,OTA,no_show
B00002051,G002246,R0029,A0038,2024-08-16,2024-08-19,2024-08-31,Standard King,12,18200,218400,OTA,completed
B00002052,G002337,R0023,A0034,2025-04-20,2025-08-15,2025-08-16,Ocean Suite,1,31600,31600,OTA,cancelled
B00002053,G001540,R0039,A0050,2024-03-03,2024-03-04,2024-03-13,Standard King,9,19400,174600,Travel Agent,completed
B00002054,G001600,R0032,A0018,2024-04-18,2024-07-22,2024-07-24,Ocean Suite,2,42500,85000,OTA,confirmed
B00002055,G001614,R0022,A0045,2024-02-19,2024-06-15,2024-06-28,Villa,13,57600,748800,OTA,completed
B00002056,G001498,R0010,A0033,2025-10-20,2025-12-31,2026-01-14,Standard Double,14,15700,219800,Travel Agent,completed
B00002057,G002916,R0016,A0004,2025-08-05,2025-08-07,2025-08-18,Standard King,11,17400,191400,OTA,completed
B00002058,G001269,R0017,A0056,2024-10-10,2024-10-25,2024-11-08,Presidential,14,129100,1807400,OTA,confirmed
B00002059,G002680,R0022,A0019,2024-08-25,2024-10-03,2024-10-16,Standard Double,13,15400,200200,OTA,completed
B00002060,G002504,R0033,A0014,2025-06-12,2025-07-25,2025-08-05,Standard Double,11,19200,211200,Travel Agent,completed
B00002061,G002079,R0021,A0029,2024-08-16,2024-12-13,2024-12-24,Standard Double,11,15800,173800,Loyalty,completed
B00002062,G002774,R0014,A0020,2024-02-09,2024-04-12,2024-04-26,Presidential,14,114600,1604400,Loyalty,completed
B00002063,G002811,R0007,A0057,2025-10-14,2026-02-02,2026-02-06,Standard King,4,15500,62000,Travel Agent,completed
B00002064,G002915,R0013,A0046,2025-05-28,2025-07-09,2025-07-14,Standard King,5,23400,117000,OTA,completed
B00002065,G000768,R0003,A0047,2024-08-17,2024-08-29,2024-09-11,Presidential,13,110200,1432600,Corporate,confirmed
B00002066,G000487,R0022,A0052,2024-10-18,2025-01-06,2025-01-14,Standard King,8,20600,164800,Direct,completed
B00002067,G002509,R0019,A0028,2024-12-03,2025-03-27,2025-03-28,Standard Double,1,18000,18000,OTA,completed
B00002068,G001927,R0027,A0008,2024-09-14,2024-09-24,2024-09-28,Standard Double,4,15000,60000,Loyalty,confirmed
B00002069,G002257,R0011,A0007,2025-07-31,2025-09-01,2025-09-12,Standard Double,11,19900,218900,Direct,completed
B00002070,G001660,R0029,A0048,2024-04-15,2024-08-09,2024-08-12,Standard King,3,16600,49800,Loyalty,completed
B00002071,G002284,R0019,A0027,2025-12-12,2026-01-27,2026-01-31,Ocean Suite,4,46100,184400,OTA,completed
B00002072,G002891,R0027,A0014,2024-12-06,2025-01-30,2025-01-31,Standard Double,1,16400,16400,OTA,confirmed
B00002073,G000786,R0032,A0027,2025-08-13,2025-11-14,2025-11-24,Standard King,10,21400,214000,OTA,completed
B00002074,G002306,R0010,A0028,2024-01-18,2024-02-11,2024-02-22,Standard King,11,15800,173800,OTA,cancelled
B00002075,G002481,R0030,A0050,2024-02-08,2024-04-04,2024-04-15,Villa,11,64800,712800,Loyalty,completed
B00002076,G000856,R0014,A0038,2024-09-15,2024-10-25,2024-11-04,Standard King,10,19200,192000,OTA,completed
B00002077,G000974,R0013,A0044,2025-12-03,2026-03-18,2026-03-22,Standard Double,4,17500,70000,Corporate,confirmed
B00002078,G000102,R0022,A0015,2025-05-06,2025-05-17,2025-05-20,Standard King,3,19000,57000,Corporate,cancelled
B00002079,G000222,R0012,A0030,2024-11-19,2024-12-26,2025-01-05,Standard Double,10,16400,164000,OTA,cancelled
B00002080,G001640,R0010,A0004,2024-07-17,2024-08-06,2024-08-09,Ocean Suite,3,38800,116400,Travel Agent,confirmed
B00002081,G002883,R0017,A0027,2025-03-05,2025-04-21,2025-04-30,Standard Double,9,13700,123300,Corporate,completed
B00002082,G000638,R0017,A0029,2025-12-12,2026-03-03,2026-03-08,Villa,5,80900,404500,Direct,completed
B00002083,G002197,R0036,A0058,2024-09-24,2024-09-26,2024-10-04,Standard King,8,21500,172000,Travel Agent,completed
B00002084,G002519,R0006,A0010,2025-06-10,2025-08-14,2025-08-24,Standard Double,10,19600,196000,OTA,completed
B00002085,G002638,R0005,A0046,2025-01-21,2025-02-23,2025-02-25,Standard Double,2,12700,25400,Direct,completed
B00002086,G002111,R0026,A0035,2024-01-11,2024-04-22,2024-04-26,Standard King,4,22800,91200,Travel Agent,completed
B00002087,G000505,R0013,A0058,2024-06-27,2024-10-03,2024-10-16,Presidential,13,110000,1430000,Travel Agent,completed
B00002088,G002363,R0002,A0006,2025-09-10,2025-09-21,2025-10-01,Standard Double,10,14700,147000,Direct,completed
B00002089,G000421,R0026,A0032,2025-01-10,2025-02-01,2025-02-02,Standard Double,1,17600,17600,Travel Agent,completed
B00002090,G002372,R0028,A0036,2025-01-16,2025-04-20,2025-04-28,Standard Double,8,16100,128800,Direct,cancelled
B00002091,G000003,R0037,A0060,2024-02-22,2024-05-19,2024-05-27,Standard King,8,16200,129600,OTA,completed
B00002092,G001184,R0023,A0043,2025-08-01,2025-10-01,2025-10-04,Ocean Suite,3,46000,138000,Direct,completed
B00002093,G001928,R0012,A0040,2025-01-08,2025-05-04,2025-05-14,Ocean Suite,10,38000,380000,Travel Agent,completed
B00002094,G002438,R0028,A0021,2025-04-07,2025-07-12,2025-07-17,Standard King,5,22100,110500,OTA,completed
B00002095,G001165,R0006,A0026,2024-04-25,2024-06-09,2024-06-22,Ocean Suite,13,37400,486200,Direct,confirmed
B00002096,G001879,R0013,A0016,2025-09-19,2025-12-27,2025-12-31,Villa,4,74600,298400,Corporate,completed
B00002097,G000020,R0025,A0050,2025-06-26,2025-08-06,2025-08-12,Standard Double,6,13400,80400,Corporate,completed
B00002098,G002086,R0026,A0034,2024-03-21,2024-04-26,2024-05-01,Standard Double,5,13000,65000,Direct,cancelled
B00002099,G000185,R0011,A0019,2025-11-21,2026-01-06,2026-01-14,Standard King,8,18200,145600,OTA,completed
B00002100,G000596,R0016,A0021,2025-03-27,2025-06-30,2025-07-10,Standard King,10,23400,234000,Direct,cancelled
B00002101,G001026,R0005,A0035,2025-02-24,2025-05-22,2025-05-29,Villa,7,69200,484400,Travel Agent,confirmed
B00002102,G000483,R0037,A0027,2025-05-27,2025-08-21,2025-08-25,Standard King,4,21200,84800,Travel Agent,completed
B00002103,G000640,R0003,A0057,2024-05-31,2024-08-24,2024-09-07,Standard Double,14,13900,194600,Travel Agent,cancelled
B00002104,G001360,R0022,A0055,2024-10-30,2025-01-08,2025-01-22,Standard King,14,20400,285600,Corporate,cancelled
B00002105,G002498,R0007,A0046,2024-05-24,2024-06-02,2024-06-16,Ocean Suite,14,34600,484400,Loyalty,completed
B00002106,G000715,R0001,A0019,2025-08-20,2025-09-21,2025-09-29,Presidential,8,130900,1047200,OTA,completed
B00002107,G000751,R0006,A0030,2025-05-26,2025-07-09,2025-07-18,Standard King,9,17700,159300,Corporate,completed
B00002108,G001142,R0022,A0019,2024-12-03,2025-02-07,2025-02-12,Villa,5,73700,368500,Loyalty,completed
B00002109,G001345,R0001,A0045,2025-09-08,2025-11-03,2025-11-06,Ocean Suite,3,35500,106500,Loyalty,no_show
B00002110,G002470,R0016,A0034,2024-01-28,2024-02-12,2024-02-15,Ocean Suite,3,44400,133200,OTA,confirmed
B00002111,G000487,R0023,A0027,2024-03-12,2024-04-28,2024-05-05,Standard Double,7,15700,109900,Travel Agent,confirmed
B00002112,G002513,R0027,A0022,2024-09-15,2024-11-21,2024-11-22,Villa,1,80000,80000,Direct,completed
B00002113,G001803,R0004,A0014,2025-11-22,2025-12-15,2025-12-28,Villa,13,70500,916500,Corporate,completed
B00002114,G000771,R0023,A0027,2024-03-05,2024-06-16,2024-06-29,Standard King,13,20900,271700,Direct,completed
B00002115,G001619,R0004,A0058,2025-03-02,2025-03-12,2025-03-18,Ocean Suite,6,34900,209400,Travel Agent,completed
B00002116,G001215,R0021,A0046,2024-03-22,2024-05-28,2024-05-29,Standard King,1,22900,22900,Travel Agent,completed
B00002117,G001295,R0003,A0059,2025-09-20,2025-10-25,2025-11-01,Standard Double,7,18100,126700,OTA,completed
B00002118,G000632,R0003,A0022,2024-02-15,2024-03-18,2024-03-20,Ocean Suite,2,44400,88800,Direct,completed
B00002119,G000653,R0011,A0014,2024-01-18,2024-02-14,2024-02-28,Standard Double,14,15600,218400,OTA,completed
B00002120,G002718,R0035,A0045,2024-12-12,2025-01-05,2025-01-13,Standard King,8,19400,155200,OTA,completed
B00002121,G001101,R0015,A0054,2025-03-24,2025-04-04,2025-04-16,Standard King,12,16900,202800,OTA,confirmed
B00002122,G001742,R0022,A0058,2024-06-26,2024-07-21,2024-08-01,Standard King,11,22500,247500,Corporate,completed
B00002123,G002174,R0014,A0022,2024-12-31,2025-04-01,2025-04-11,Standard Double,10,13200,132000,Direct,completed
B00002124,G000093,R0029,A0060,2024-11-15,2025-02-14,2025-02-17,Ocean Suite,3,30400,91200,Travel Agent,completed
B00002125,G001843,R0015,A0038,2025-04-14,2025-07-07,2025-07-08,Standard King,1,16200,16200,OTA,completed
B00002126,G001407,R0026,A0054,2025-01-24,2025-04-12,2025-04-13,Standard King,1,23900,23900,OTA,cancelled
B00002127,G000289,R0012,A0040,2025-12-07,2025-12-28,2026-01-02,Standard Double,5,15200,76000,OTA,cancelled
B00002128,G002387,R0017,A0021,2025-08-30,2025-11-25,2025-12-09,Standard King,14,16700,233800,Direct,completed
B00002129,G002943,R0006,A0009,2024-02-18,2024-03-18,2024-04-01,Presidential,14,136500,1911000,Direct,completed
B00002130,G002230,R0025,A0010,2024-08-17,2024-09-18,2024-09-24,Standard Double,6,17400,104400,OTA,cancelled
B00002131,G000070,R0035,A0044,2024-04-29,2024-06-15,2024-06-29,Standard King,14,19400,271600,Corporate,completed
B00002132,G000679,R0029,A0032,2025-06-07,2025-09-14,2025-09-22,Standard King,8,18100,144800,OTA,completed
B00002133,G001212,R0038,A0043,2024-12-27,2025-03-01,2025-03-07,Standard Double,6,17300,103800,OTA,completed
B00002134,G001494,R0020,A0033,2024-10-20,2025-02-12,2025-02-14,Standard Double,2,17400,34800,Loyalty,completed
B00002135,G002740,R0004,A0030,2025-06-26,2025-09-17,2025-09-26,Standard King,9,22100,198900,OTA,completed
B00002136,G000611,R0019,A0021,2024-03-02,2024-06-13,2024-06-17,Standard King,4,22500,90000,Direct,completed
B00002137,G002241,R0033,A0047,2024-05-24,2024-07-02,2024-07-03,Standard King,1,21800,21800,Travel Agent,completed
B00002138,G001171,R0019,A0057,2024-01-10,2024-04-14,2024-04-26,Standard King,12,17100,205200,Corporate,completed
B00002139,G002260,R0006,A0053,2024-02-09,2024-03-27,2024-04-08,Ocean Suite,12,32600,391200,OTA,completed
B00002140,G001036,R0031,A0039,2024-03-31,2024-04-18,2024-05-01,Villa,13,58100,755300,Direct,completed
B00002141,G001240,R0008,A0014,2024-08-26,2024-09-29,2024-10-12,Standard Double,13,15500,201500,Direct,completed
B00002142,G001704,R0028,A0035,2024-03-30,2024-04-23,2024-05-01,Standard King,8,22600,180800,Direct,completed
B00002143,G000343,R0014,A0033,2024-08-17,2024-08-23,2024-08-25,Standard King,2,23000,46000,OTA,completed
B00002144,G001477,R0027,A0020,2024-06-10,2024-07-05,2024-07-07,Ocean Suite,2,31600,63200,OTA,completed
B00002145,G002979,R0026,A0036,2025-12-13,2026-01-09,2026-01-11,Standard Double,2,13800,27600,Corporate,cancelled
B00002146,G002915,R0020,A0060,2025-12-13,2025-12-22,2025-12-30,Standard King,8,23000,184000,Direct,completed
B00002147,G000124,R0021,A0053,2024-04-24,2024-05-25,2024-06-06,Standard King,12,16700,200400,Corporate,no_show
B00002148,G002020,R0028,A0002,2024-03-19,2024-04-21,2024-04-30,Standard Double,9,15600,140400,Direct,confirmed
B00002149,G000927,R0030,A0010,2024-03-18,2024-07-02,2024-07-09,Ocean Suite,7,33400,233800,OTA,confirmed
B00002150,G002827,R0004,A0021,2025-03-26,2025-07-13,2025-07-14,Presidential,1,147500,147500,OTA,completed
B00002151,G000056,R0030,A0002,2024-12-19,2025-03-06,2025-03-16,Standard King,10,23500,235000,Corporate,cancelled
B00002152,G002020,R0004,A0002,2024-04-20,2024-07-25,2024-08-05,Standard King,11,22600,248600,Corporate,completed
B00002153,G000126,R0020,A0014,2025-02-19,2025-04-04,2025-04-13,Ocean Suite,9,34800,313200,Corporate,completed
B00002154,G003000,R0022,A0039,2024-01-06,2024-04-23,2024-05-03,Standard Double,10,13800,138000,Corporate,completed
B00002155,G001124,R0022,A0048,2024-12-30,2025-02-09,2025-02-23,Standard King,14,20800,291200,Direct,completed
B00002156,G000677,R0034,A0056,2024-08-28,2024-10-22,2024-10-30,Standard Double,8,19500,156000,OTA,completed
B00002157,G000134,R0035,A0002,2024-09-21,2024-12-19,2024-12-23,Standard Double,4,16000,64000,OTA,completed
B00002158,G000362,R0032,A0050,2024-05-13,2024-05-18,2024-05-25,Standard King,7,19400,135800,OTA,completed
B00002159,G001237,R0023,A0033,2024-01-05,2024-03-11,2024-03-13,Standard King,2,22200,44400,Direct,completed
B00002160,G001554,R0014,A0045,2024-03-11,2024-03-21,2024-03-28,Standard Double,7,13600,95200,OTA,cancelled
B00002161,G002116,R0005,A0006,2025-09-14,2025-10-06,2025-10-13,Ocean Suite,7,30100,210700,OTA,completed
B00002162,G001632,R0012,A0048,2025-05-27,2025-06-28,2025-07-05,Standard Double,7,14600,102200,Corporate,confirmed
B00002163,G000112,R0018,A0052,2024-07-22,2024-08-29,2024-09-11,Ocean Suite,13,40800,530400,OTA,no_show
B00002164,G000946,R0002,A0001,2024-01-08,2024-04-26,2024-04-28,Standard King,2,23800,47600,Travel Agent,completed
B00002165,G002405,R0025,A0052,2025-04-27,2025-08-22,2025-08-27,Ocean Suite,5,41800,209000,Travel Agent,confirmed
B00002166,G001506,R0015,A0035,2025-11-04,2026-02-13,2026-02-27,Standard King,14,20500,287000,Corporate,completed
B00002167,G000349,R0039,A0037,2025-02-20,2025-05-19,2025-05-25,Standard King,6,16300,97800,Direct,confirmed
B00002168,G001032,R0034,A0041,2025-07-29,2025-09-02,2025-09-06,Villa,4,79800,319200,Corporate,completed
B00002169,G002707,R0022,A0046,2025-08-13,2025-09-25,2025-10-07,Standard King,12,22600,271200,OTA,completed
B00002170,G000347,R0019,A0009,2025-12-14,2026-02-13,2026-02-27,Ocean Suite,14,46700,653800,Corporate,completed
B00002171,G002943,R0008,A0027,2024-03-09,2024-05-31,2024-06-08,Standard King,8,18000,144000,OTA,confirmed
B00002172,G001677,R0008,A0053,2025-12-29,2026-01-26,2026-02-04,Standard King,9,16700,150300,Direct,confirmed
B00002173,G001906,R0029,A0001,2025-07-23,2025-08-06,2025-08-09,Ocean Suite,3,40600,121800,Travel Agent,completed
B00002174,G002320,R0018,A0056,2024-11-04,2025-01-15,2025-01-20,Standard King,5,23500,117500,Direct,completed
B00002175,G002622,R0035,A0013,2024-08-06,2024-10-07,2024-10-10,Ocean Suite,3,43900,131700,Travel Agent,confirmed
B00002176,G000568,R0004,A0059,2025-02-28,2025-06-22,2025-06-28,Standard Double,6,17500,105000,Loyalty,completed
B00002177,G002150,R0005,A0054,2025-04-24,2025-04-29,2025-05-10,Villa,11,74700,821700,Direct,cancelled
B00002178,G000476,R0037,A0008,2025-03-02,2025-03-18,2025-03-20,Standard King,2,18900,37800,Direct,confirmed
B00002179,G001488,R0037,A0030,2024-11-06,2024-11-29,2024-12-11,Ocean Suite,12,45000,540000,OTA,cancelled
B00002180,G002669,R0035,A0055,2024-12-10,2025-03-11,2025-03-14,Standard King,3,24200,72600,Travel Agent,no_show
B00002181,G002296,R0004,A0031,2025-07-27,2025-11-18,2025-11-20,Standard Double,2,15300,30600,Direct,cancelled
B00002182,G002342,R0026,A0031,2025-08-22,2025-08-30,2025-09-09,Standard Double,10,15700,157000,Travel Agent,completed
B00002183,G000259,R0024,A0030,2025-02-23,2025-04-04,2025-04-11,Ocean Suite,7,41400,289800,Direct,completed
B00002184,G002432,R0031,A0001,2024-01-22,2024-03-20,2024-03-21,Ocean Suite,1,38200,38200,Corporate,completed
B00002185,G000673,R0038,A0015,2024-02-07,2024-04-11,2024-04-24,Ocean Suite,13,42900,557700,Direct,cancelled
B00002186,G002433,R0033,A0018,2024-06-07,2024-09-02,2024-09-14,Ocean Suite,12,38300,459600,OTA,completed
B00002187,G001174,R0031,A0052,2025-11-20,2026-03-11,2026-03-16,Ocean Suite,5,36600,183000,OTA,completed
B00002188,G002057,R0033,A0011,2024-04-15,2024-06-12,2024-06-22,Standard King,10,19500,195000,OTA,confirmed
B00002189,G000611,R0009,A0049,2024-03-03,2024-03-27,2024-04-03,Presidential,7,125800,880600,Loyalty,completed
B00002190,G000913,R0024,A0029,2024-09-04,2024-09-06,2024-09-16,Villa,10,73700,737000,Loyalty,completed
B00002191,G000355,R0015,A0022,2025-03-19,2025-05-24,2025-05-30,Standard King,6,16600,99600,OTA,confirmed
B00002192,G002593,R0013,A0031,2025-08-11,2025-10-26,2025-10-27,Standard King,1,22400,22400,Corporate,confirmed
B00002193,G000945,R0032,A0028,2024-08-10,2024-09-13,2024-09-16,Standard King,3,23700,71100,Travel Agent,completed
B00002194,G002762,R0015,A0032,2024-06-29,2024-07-23,2024-07-29,Ocean Suite,6,33300,199800,Direct,confirmed
B00002195,G000584,R0038,A0020,2025-11-01,2025-11-28,2025-12-03,Villa,5,52000,260000,Travel Agent,completed
B00002196,G002108,R0035,A0057,2024-08-03,2024-10-11,2024-10-16,Standard Double,5,17500,87500,Loyalty,completed
B00002197,G000414,R0015,A0029,2025-08-29,2025-11-05,2025-11-18,Ocean Suite,13,40700,529100,Corporate,completed
B00002198,G001514,R0025,A0019,2025-12-23,2026-02-07,2026-02-12,Standard King,5,22700,113500,Direct,completed
B00002199,G001186,R0011,A0028,2024-01-31,2024-03-13,2024-03-17,Ocean Suite,4,40700,162800,OTA,completed
B00002200,G002278,R0009,A0034,2024-08-06,2024-10-27,2024-11-09,Standard Double,13,14400,187200,OTA,cancelled
B00002201,G000676,R0002,A0016,2024-04-06,2024-06-22,2024-07-01,Standard Double,9,17100,153900,Travel Agent,cancelled
B00002202,G001359,R0002,A0009,2024-01-12,2024-03-03,2024-03-10,Standard Double,7,19500,136500,Travel Agent,completed
B00002203,G002025,R0015,A0020,2025-03-03,2025-05-03,2025-05-05,Villa,2,75800,151600,OTA,completed
B00002204,G002994,R0006,A0057,2024-01-01,2024-01-31,2024-02-09,Standard King,9,18000,162000,Corporate,completed
B00002205,G002774,R0026,A0016,2025-03-28,2025-05-05,2025-05-09,Standard Double,4,20100,80400,Direct,completed
B00002206,G001313,R0037,A0023,2024-10-19,2024-12-12,2024-12-18,Standard Double,6,17700,106200,OTA,completed
B00002207,G000373,R0010,A0048,2024-01-17,2024-04-11,2024-04-14,Ocean Suite,3,46200,138600,Loyalty,completed
B00002208,G002949,R0030,A0014,2025-12-22,2026-04-07,2026-04-10,Standard King,3,21800,65400,Direct,completed
B00002209,G000394,R0026,A0001,2025-08-17,2025-09-02,2025-09-03,Standard Double,1,15000,15000,OTA,completed
B00002210,G002285,R0029,A0050,2025-08-07,2025-10-27,2025-11-08,Standard King,12,19500,234000,OTA,completed
B00002211,G000096,R0040,A0043,2025-09-05,2025-10-01,2025-10-09,Standard King,8,19000,152000,Loyalty,confirmed
B00002212,G001012,R0032,A0053,2024-10-05,2024-11-28,2024-12-05,Presidential,7,152100,1064700,Direct,completed
B00002213,G002915,R0004,A0048,2024-11-29,2024-12-16,2024-12-25,Villa,9,51800,466200,OTA,completed
B00002214,G002431,R0029,A0006,2025-06-25,2025-10-22,2025-11-04,Standard Double,13,14500,188500,OTA,completed
B00002215,G002062,R0040,A0014,2024-02-11,2024-04-02,2024-04-05,Ocean Suite,3,30700,92100,Direct,completed
B00002216,G000678,R0039,A0041,2024-09-28,2025-01-26,2025-01-30,Standard King,4,23100,92400,OTA,completed
B00002217,G001457,R0007,A0044,2025-02-02,2025-02-07,2025-02-21,Standard King,14,19300,270200,Direct,completed
B00002218,G000003,R0025,A0028,2024-11-02,2025-01-17,2025-01-30,Standard King,13,19500,253500,Direct,completed
B00002219,G000475,R0012,A0012,2024-12-12,2024-12-18,2024-12-31,Standard King,13,20400,265200,Travel Agent,completed
B00002220,G001286,R0020,A0008,2025-06-17,2025-09-03,2025-09-07,Standard King,4,18600,74400,Corporate,completed
B00002221,G001286,R0015,A0033,2024-11-19,2025-02-23,2025-02-24,Ocean Suite,1,30200,30200,OTA,confirmed
B00002222,G000756,R0002,A0005,2024-10-28,2025-02-09,2025-02-15,Villa,6,53800,322800,OTA,cancelled
B00002223,G000777,R0038,A0008,2025-02-14,2025-05-06,2025-05-19,Ocean Suite,13,30300,393900,OTA,completed
B00002224,G001774,R0006,A0033,2025-11-07,2026-01-10,2026-01-12,Standard Double,2,16700,33400,Travel Agent,completed
B00002225,G002931,R0036,A0059,2025-01-09,2025-01-12,2025-01-20,Villa,8,72000,576000,Travel Agent,completed
B00002226,G002362,R0013,A0018,2024-12-27,2025-01-17,2025-01-20,Standard King,3,23100,69300,Corporate,confirmed
B00002227,G001930,R0005,A0060,2025-05-22,2025-07-08,2025-07-17,Standard Double,9,15600,140400,Travel Agent,completed
B00002228,G001698,R0012,A0058,2024-05-14,2024-08-15,2024-08-16,Standard Double,1,19600,19600,Loyalty,completed
B00002229,G000452,R0006,A0011,2024-04-30,2024-07-10,2024-07-17,Standard King,7,21000,147000,OTA,cancelled
B00002230,G002784,R0015,A0056,2025-09-21,2026-01-08,2026-01-18,Villa,10,56800,568000,Direct,completed
B00002231,G001166,R0015,A0008,2025-11-09,2025-12-23,2026-01-02,Standard Double,10,17600,176000,OTA,completed
B00002232,G000442,R0025,A0041,2025-08-07,2025-11-13,2025-11-20,Villa,7,52400,366800,Direct,completed
B00002233,G001730,R0014,A0051,2024-01-07,2024-03-14,2024-03-16,Standard Double,2,14800,29600,Direct,completed
B00002234,G000175,R0027,A0054,2025-07-08,2025-10-06,2025-10-08,Ocean Suite,2,38400,76800,Direct,completed
B00002235,G001149,R0021,A0017,2025-08-02,2025-11-23,2025-11-29,Standard King,6,18900,113400,OTA,confirmed
B00002236,G001871,R0009,A0045,2024-09-25,2024-11-08,2024-11-15,Standard Double,7,16900,118300,Travel Agent,completed
B00002237,G001250,R0018,A0006,2024-05-26,2024-08-20,2024-08-30,Ocean Suite,10,34800,348000,OTA,cancelled
B00002238,G001296,R0028,A0012,2024-07-14,2024-10-09,2024-10-22,Standard Double,13,14900,193700,OTA,completed
B00002239,G001171,R0026,A0055,2025-05-22,2025-06-09,2025-06-18,Presidential,9,126000,1134000,OTA,completed
B00002240,G002812,R0001,A0009,2025-01-31,2025-02-17,2025-02-27,Ocean Suite,10,46500,465000,Direct,confirmed
B00002241,G002445,R0013,A0020,2025-06-18,2025-07-05,2025-07-10,Ocean Suite,5,36700,183500,OTA,cancelled
B00002242,G000189,R0031,A0042,2024-05-07,2024-06-27,2024-07-03,Standard Double,6,19000,114000,Travel Agent,confirmed
B00002243,G000845,R0032,A0009,2024-03-29,2024-06-29,2024-07-02,Standard King,3,17700,53100,Loyalty,completed
B00002244,G002537,R0034,A0054,2024-11-12,2025-01-28,2025-02-04,Villa,7,64500,451500,Direct,cancelled
B00002245,G002945,R0006,A0013,2024-05-01,2024-07-06,2024-07-11,Standard Double,5,15800,79000,OTA,cancelled
B00002246,G000613,R0010,A0016,2024-05-09,2024-08-10,2024-08-22,Ocean Suite,12,29800,357600,Direct,completed
B00002247,G000127,R0005,A0018,2025-07-05,2025-11-01,2025-11-14,Standard Double,13,14400,187200,Travel Agent,confirmed
B00002248,G002823,R0035,A0010,2024-11-07,2024-11-13,2024-11-26,Standard King,13,23600,306800,OTA,completed
B00002249,G002792,R0037,A0056,2025-06-13,2025-06-24,2025-07-03,Standard King,9,15400,138600,Direct,completed
B00002250,G002128,R0023,A0030,2025-09-23,2025-12-29,2026-01-11,Standard Double,13,14300,185900,OTA,completed
B00002251,G002877,R0027,A0014,2024-11-03,2025-01-07,2025-01-16,Presidential,9,110600,995400,Travel Agent,no_show
B00002252,G002619,R0012,A0009,2024-11-25,2024-12-21,2024-12-27,Standard King,6,23300,139800,Loyalty,completed
B00002253,G001378,R0016,A0017,2025-01-09,2025-02-08,2025-02-17,Ocean Suite,9,33000,297000,Loyalty,completed
B00002254,G002214,R0035,A0009,2025-07-13,2025-09-15,2025-09-20,Standard King,5,21500,107500,OTA,completed
B00002255,G000882,R0005,A0044,2025-02-03,2025-04-16,2025-04-22,Standard Double,6,13500,81000,Corporate,confirmed
B00002256,G000337,R0019,A0046,2024-09-20,2024-12-31,2025-01-05,Standard King,5,21000,105000,Direct,confirmed
B00002257,G001253,R0039,A0025,2024-12-26,2025-03-27,2025-04-04,Standard King,8,23600,188800,Direct,completed
B00002258,G000931,R0024,A0015,2024-09-05,2024-12-28,2025-01-02,Ocean Suite,5,46000,230000,Direct,completed
B00002259,G000844,R0003,A0048,2025-10-10,2025-11-18,2025-11-22,Standard King,4,20600,82400,OTA,confirmed
B00002260,G002075,R0034,A0034,2024-04-04,2024-07-21,2024-07-29,Standard Double,8,13100,104800,Travel Agent,cancelled
B00002261,G000629,R0037,A0038,2025-05-26,2025-08-12,2025-08-17,Standard King,5,19200,96000,Loyalty,completed
B00002262,G000482,R0014,A0014,2024-06-13,2024-07-05,2024-07-08,Standard King,3,20700,62100,Direct,completed
B00002263,G001624,R0034,A0014,2025-07-22,2025-09-20,2025-09-25,Standard Double,5,18100,90500,OTA,completed
B00002264,G000052,R0023,A0026,2024-01-04,2024-03-31,2024-04-08,Standard Double,8,18100,144800,Direct,no_show
B00002265,G002816,R0012,A0051,2025-10-22,2025-12-30,2026-01-02,Standard King,3,22700,68100,Direct,confirmed
B00002266,G001804,R0017,A0049,2024-05-16,2024-07-10,2024-07-15,Ocean Suite,5,33500,167500,Direct,confirmed
B00002267,G001627,R0026,A0043,2024-02-03,2024-05-27,2024-06-01,Standard Double,5,20100,100500,Direct,completed
B00002268,G002978,R0034,A0052,2024-10-10,2024-12-24,2025-01-02,Standard King,9,23900,215100,Travel Agent,no_show
B00002269,G000485,R0017,A0012,2024-01-30,2024-05-21,2024-05-28,Ocean Suite,7,37900,265300,Travel Agent,completed
B00002270,G002167,R0017,A0041,2024-04-07,2024-04-18,2024-04-30,Standard Double,12,15200,182400,OTA,completed
B00002271,G000809,R0032,A0037,2024-04-16,2024-05-13,2024-05-26,Villa,13,56800,738400,Travel Agent,completed
B00002272,G001951,R0034,A0032,2025-05-14,2025-06-30,2025-07-10,Standard King,10,22300,223000,OTA,completed
B00002273,G002396,R0039,A0005,2024-12-20,2025-01-18,2025-01-31,Ocean Suite,13,39400,512200,Loyalty,completed
B00002274,G000822,R0009,A0013,2025-09-14,2025-12-01,2025-12-02,Ocean Suite,1,38300,38300,OTA,completed
B00002275,G001370,R0040,A0007,2024-11-11,2025-01-18,2025-01-19,Standard King,1,16900,16900,Direct,no_show
B00002276,G002473,R0017,A0038,2024-01-14,2024-01-26,2024-01-27,Villa,1,66700,66700,OTA,confirmed
B00002277,G002576,R0002,A0020,2025-11-05,2026-01-22,2026-02-01,Presidential,10,122500,1225000,Loyalty,completed
B00002278,G001892,R0037,A0025,2025-11-13,2025-12-13,2025-12-20,Standard Double,7,20000,140000,OTA,completed
B00002279,G000917,R0028,A0020,2025-11-21,2025-12-14,2025-12-15,Standard Double,1,18700,18700,OTA,completed
B00002280,G002723,R0031,A0007,2025-10-23,2025-12-09,2025-12-15,Villa,6,64300,385800,Direct,confirmed
B00002281,G002777,R0022,A0020,2025-09-25,2025-10-08,2025-10-22,Presidential,14,142500,1995000,Direct,confirmed
B00002282,G002081,R0038,A0028,2024-12-14,2025-02-05,2025-02-14,Standard Double,9,16700,150300,Travel Agent,completed
B00002283,G001421,R0031,A0013,2025-05-27,2025-07-15,2025-07-23,Villa,8,75500,604000,Corporate,completed
B00002284,G000690,R0032,A0004,2025-01-26,2025-02-21,2025-02-24,Standard Double,3,19000,57000,Travel Agent,cancelled
B00002285,G001081,R0026,A0052,2024-12-08,2025-02-13,2025-02-21,Ocean Suite,8,36500,292000,Travel Agent,confirmed
B00002286,G001816,R0016,A0018,2024-09-15,2025-01-04,2025-01-10,Standard Double,6,18100,108600,Direct,completed
B00002287,G002970,R0001,A0036,2024-10-06,2025-01-01,2025-01-15,Ocean Suite,14,40400,565600,OTA,completed
B00002288,G002270,R0023,A0018,2024-02-03,2024-05-12,2024-05-20,Standard Double,8,15500,124000,OTA,completed
B00002289,G001015,R0039,A0008,2025-02-20,2025-05-08,2025-05-15,Standard King,7,21900,153300,Direct,cancelled
B00002290,G000857,R0015,A0030,2024-02-26,2024-06-08,2024-06-13,Standard King,5,15300,76500,Corporate,completed
B00002291,G000579,R0003,A0052,2025-02-21,2025-04-09,2025-04-18,Standard King,9,20000,180000,Travel Agent,completed
B00002292,G002834,R0028,A0018,2025-02-07,2025-05-29,2025-06-05,Ocean Suite,7,34000,238000,Corporate,cancelled
B00002293,G001944,R0037,A0040,2024-09-27,2024-10-12,2024-10-18,Standard Double,6,18600,111600,Travel Agent,confirmed
B00002294,G002574,R0002,A0012,2025-05-15,2025-07-10,2025-07-11,Standard Double,1,16700,16700,Travel Agent,completed
B00002295,G002318,R0030,A0031,2025-10-11,2025-12-11,2025-12-15,Standard Double,4,20200,80800,Corporate,completed
B00002296,G002685,R0029,A0056,2025-01-15,2025-02-19,2025-03-03,Villa,12,66800,801600,Direct,completed
B00002297,G002975,R0030,A0002,2025-02-17,2025-06-08,2025-06-17,Standard Double,9,15900,143100,OTA,completed
B00002298,G000980,R0039,A0012,2025-02-12,2025-06-11,2025-06-13,Villa,2,68000,136000,Direct,completed
B00002299,G000849,R0007,A0045,2024-09-11,2024-11-14,2024-11-21,Villa,7,64300,450100,OTA,completed
B00002300,G001657,R0003,A0041,2025-10-18,2025-12-04,2025-12-06,Villa,2,75500,151000,Direct,completed
B00002301,G000804,R0018,A0033,2024-01-11,2024-02-10,2024-02-15,Standard Double,5,18500,92500,OTA,completed
B00002302,G002517,R0033,A0004,2024-01-11,2024-02-05,2024-02-07,Villa,2,67600,135200,Corporate,completed
B00002303,G002018,R0006,A0028,2025-06-15,2025-07-27,2025-08-08,Standard Double,12,18900,226800,Loyalty,no_show
B00002304,G000099,R0038,A0014,2024-07-23,2024-08-16,2024-08-27,Standard King,11,20900,229900,OTA,completed
B00002305,G000222,R0040,A0050,2024-05-07,2024-08-11,2024-08-17,Standard King,6,22800,136800,Travel Agent,cancelled
B00002306,G001561,R0040,A0026,2024-07-19,2024-08-17,2024-08-18,Presidential,1,151300,151300,Direct,completed
B00002307,G000121,R0001,A0016,2025-03-26,2025-06-11,2025-06-22,Standard Double,11,18700,205700,Direct,confirmed
B00002308,G000482,R0011,A0002,2024-05-29,2024-09-17,2024-09-28,Standard Double,11,14300,157300,OTA,cancelled
B00002309,G002867,R0035,A0009,2024-02-09,2024-05-17,2024-05-29,Villa,12,78900,946800,Direct,cancelled
B00002310,G001420,R0004,A0059,2024-10-31,2025-01-07,2025-01-12,Ocean Suite,5,33500,167500,OTA,completed
B00002311,G000616,R0034,A0048,2024-10-04,2025-01-19,2025-01-31,Standard King,12,21400,256800,Direct,confirmed
B00002312,G002111,R0013,A0049,2024-05-21,2024-07-16,2024-07-21,Villa,5,68600,343000,Corporate,completed
B00002313,G002163,R0027,A0050,2025-06-22,2025-09-15,2025-09-27,Standard King,12,23400,280800,OTA,completed
B00002314,G002056,R0017,A0048,2025-04-09,2025-05-29,2025-05-31,Ocean Suite,2,35600,71200,Corporate,confirmed
B00002315,G000125,R0021,A0048,2025-06-06,2025-08-19,2025-08-22,Ocean Suite,3,34700,104100,Travel Agent,completed
B00002316,G001363,R0014,A0024,2025-06-04,2025-08-09,2025-08-11,Villa,2,66200,132400,Travel Agent,completed
B00002317,G002035,R0029,A0041,2025-05-19,2025-06-23,2025-06-29,Standard Double,6,14000,84000,Direct,confirmed
B00002318,G002404,R0019,A0048,2024-09-11,2024-11-12,2024-11-22,Standard Double,10,13000,130000,OTA,confirmed
B00002319,G001747,R0007,A0028,2024-05-15,2024-06-10,2024-06-21,Standard Double,11,18600,204600,Travel Agent,completed
B00002320,G000692,R0002,A0060,2025-04-06,2025-06-01,2025-06-09,Standard King,8,21900,175200,Direct,completed
B00002321,G001477,R0031,A0026,2024-07-21,2024-11-02,2024-11-04,Villa,2,75500,151000,Loyalty,completed
B00002322,G001389,R0004,A0004,2024-10-16,2024-12-02,2024-12-08,Standard Double,6,18600,111600,OTA,completed
B00002323,G002287,R0008,A0028,2025-11-10,2025-12-08,2025-12-12,Standard Double,4,20000,80000,Travel Agent,completed
B00002324,G002378,R0020,A0052,2024-04-03,2024-04-07,2024-04-16,Standard Double,9,18100,162900,Direct,completed
B00002325,G002564,R0011,A0006,2025-08-15,2025-10-13,2025-10-23,Standard King,10,18800,188000,OTA,completed
B00002326,G002121,R0037,A0057,2025-06-02,2025-08-11,2025-08-17,Standard Double,6,12900,77400,Direct,completed
B00002327,G001514,R0006,A0007,2024-07-28,2024-08-20,2024-08-21,Standard King,1,17800,17800,Direct,confirmed
B00002328,G002048,R0028,A0016,2025-08-24,2025-08-30,2025-09-02,Villa,3,70900,212700,Corporate,completed
B00002329,G002181,R0005,A0036,2025-09-21,2025-10-19,2025-10-28,Standard King,9,23800,214200,OTA,completed
B00002330,G000554,R0018,A0057,2024-01-09,2024-03-19,2024-03-23,Standard King,4,21500,86000,Direct,completed
B00002331,G001692,R0010,A0047,2024-11-10,2024-12-16,2024-12-30,Standard King,14,19400,271600,OTA,confirmed
B00002332,G002668,R0029,A0039,2024-12-01,2025-02-06,2025-02-08,Ocean Suite,2,39300,78600,OTA,confirmed
B00002333,G000362,R0029,A0043,2024-11-09,2025-03-09,2025-03-14,Standard Double,5,17300,86500,Loyalty,completed
B00002334,G001791,R0022,A0052,2025-02-17,2025-03-29,2025-04-09,Standard King,11,20800,228800,Direct,completed
B00002335,G001600,R0038,A0025,2025-03-04,2025-05-29,2025-06-11,Standard Double,13,19900,258700,Direct,no_show
B00002336,G002724,R0010,A0016,2025-10-27,2026-01-16,2026-01-27,Standard King,11,18700,205700,OTA,completed
B00002337,G001106,R0036,A0050,2024-02-24,2024-04-14,2024-04-25,Ocean Suite,11,33300,366300,OTA,cancelled
B00002338,G002054,R0021,A0032,2024-09-07,2024-09-14,2024-09-19,Ocean Suite,5,35400,177000,OTA,confirmed
B00002339,G000009,R0036,A0044,2024-02-25,2024-06-18,2024-06-24,Standard King,6,22900,137400,Direct,completed
B00002340,G000880,R0039,A0017,2025-02-28,2025-06-26,2025-06-30,Standard King,4,15600,62400,OTA,completed
B00002341,G000252,R0012,A0003,2024-10-25,2024-11-14,2024-11-16,Presidential,2,132600,265200,OTA,completed
B00002342,G002587,R0021,A0006,2025-08-11,2025-08-23,2025-09-02,Presidential,10,122800,1228000,Loyalty,completed
B00002343,G002242,R0021,A0057,2024-11-23,2024-11-30,2024-12-09,Standard King,9,17600,158400,Direct,completed
B00002344,G000839,R0027,A0046,2024-07-09,2024-10-27,2024-11-04,Ocean Suite,8,41800,334400,Direct,completed
B00002345,G000318,R0033,A0040,2025-05-17,2025-05-23,2025-05-24,Standard Double,1,13700,13700,Direct,completed
B00002346,G001368,R0039,A0002,2024-05-15,2024-07-15,2024-07-16,Ocean Suite,1,35800,35800,Travel Agent,completed
B00002347,G000794,R0033,A0053,2024-02-15,2024-03-26,2024-04-09,Standard King,14,19600,274400,Travel Agent,confirmed
B00002348,G000628,R0001,A0039,2024-05-23,2024-06-06,2024-06-13,Standard Double,7,16100,112700,OTA,cancelled
B00002349,G000635,R0029,A0016,2024-02-14,2024-03-22,2024-03-26,Standard King,4,16400,65600,Direct,confirmed
B00002350,G000908,R0003,A0012,2024-07-25,2024-09-15,2024-09-17,Villa,2,80000,160000,OTA,completed
B00002351,G001725,R0022,A0010,2025-04-12,2025-04-30,2025-05-01,Ocean Suite,1,36800,36800,Corporate,confirmed
B00002352,G002807,R0023,A0058,2025-03-23,2025-06-02,2025-06-10,Standard King,8,20500,164000,OTA,cancelled
B00002353,G002141,R0006,A0045,2024-04-03,2024-07-21,2024-07-28,Standard Double,7,17900,125300,Direct,completed
B00002354,G002580,R0015,A0002,2025-01-14,2025-02-18,2025-02-27,Standard King,9,20500,184500,OTA,completed
B00002355,G002163,R0007,A0046,2024-08-20,2024-08-25,2024-08-28,Standard King,3,18800,56400,Direct,confirmed
B00002356,G000142,R0010,A0047,2024-11-07,2024-11-16,2024-11-30,Ocean Suite,14,45600,638400,OTA,completed
B00002357,G001166,R0015,A0013,2025-02-04,2025-05-15,2025-05-21,Ocean Suite,6,33600,201600,OTA,confirmed
B00002358,G002870,R0013,A0030,2024-02-24,2024-02-25,2024-03-06,Ocean Suite,10,45400,454000,Direct,confirmed
B00002359,G001895,R0010,A0007,2024-01-11,2024-04-27,2024-05-09,Standard King,12,15800,189600,Corporate,completed
B00002360,G001928,R0037,A0048,2024-04-04,2024-06-01,2024-06-12,Ocean Suite,11,39100,430100,OTA,completed
B00002361,G002022,R0039,A0007,2024-08-30,2024-11-27,2024-12-10,Standard Double,13,12900,167700,Travel Agent,no_show
B00002362,G001551,R0038,A0006,2025-09-13,2025-12-21,2025-12-30,Standard King,9,21700,195300,Direct,completed
B00002363,G001436,R0003,A0025,2025-12-22,2026-03-24,2026-04-06,Standard Double,13,19700,256100,Corporate,confirmed
B00002364,G001511,R0025,A0056,2024-01-07,2024-03-21,2024-03-26,Standard Double,5,19200,96000,OTA,cancelled
B00002365,G000107,R0011,A0027,2024-05-11,2024-09-08,2024-09-22,Standard Double,14,15600,218400,Travel Agent,cancelled
B00002366,G000014,R0015,A0028,2025-08-24,2025-11-16,2025-11-18,Standard Double,2,19000,38000,Direct,completed
B00002367,G002828,R0009,A0032,2025-02-19,2025-05-16,2025-05-19,Standard Double,3,15300,45900,Corporate,completed
B00002368,G000204,R0032,A0051,2024-03-27,2024-05-02,2024-05-13,Standard Double,11,13700,150700,OTA,completed
B00002369,G001644,R0039,A0059,2024-11-09,2025-01-04,2025-01-05,Presidential,1,128900,128900,Travel Agent,cancelled
B00002370,G001509,R0008,A0014,2025-02-14,2025-03-17,2025-03-31,Villa,14,76000,1064000,Loyalty,completed
B00002371,G001462,R0004,A0032,2024-04-18,2024-06-12,2024-06-20,Ocean Suite,8,45100,360800,Travel Agent,completed
B00002372,G002978,R0008,A0032,2025-05-23,2025-06-26,2025-07-05,Standard Double,9,20100,180900,OTA,completed
B00002373,G001584,R0016,A0024,2025-09-10,2025-11-24,2025-12-04,Standard Double,10,13600,136000,OTA,confirmed
B00002374,G002624,R0017,A0028,2025-08-14,2025-08-30,2025-09-02,Standard Double,3,16400,49200,OTA,completed
B00002375,G002569,R0003,A0014,2024-03-19,2024-04-20,2024-05-03,Standard Double,13,16900,219700,Direct,completed
B00002376,G001358,R0016,A0022,2024-07-01,2024-08-25,2024-09-06,Standard King,12,16500,198000,Travel Agent,confirmed
B00002377,G001652,R0036,A0011,2025-08-28,2025-12-16,2025-12-27,Standard Double,11,14900,163900,OTA,completed
B00002378,G001805,R0015,A0006,2025-10-22,2025-12-20,2025-12-29,Standard Double,9,19500,175500,Direct,completed
B00002379,G001334,R0004,A0021,2025-05-08,2025-08-05,2025-08-16,Standard Double,11,16300,179300,Corporate,completed
B00002380,G002625,R0014,A0020,2024-11-22,2024-12-19,2024-12-25,Standard King,6,23600,141600,Direct,completed
B00002381,G000206,R0030,A0011,2025-09-25,2025-10-30,2025-11-08,Standard King,9,22300,200700,OTA,confirmed
B00002382,G000808,R0040,A0017,2024-07-23,2024-10-05,2024-10-07,Standard Double,2,15500,31000,Corporate,completed
B00002383,G001116,R0026,A0037,2024-08-21,2024-11-29,2024-12-09,Standard Double,10,14700,147000,Corporate,completed
B00002384,G002429,R0032,A0050,2025-04-30,2025-06-03,2025-06-13,Standard King,10,17800,178000,OTA,completed
B00002385,G002504,R0040,A0027,2025-09-29,2025-12-21,2025-12-23,Standard King,2,16700,33400,Corporate,completed
B00002386,G002060,R0020,A0051,2025-10-11,2025-10-21,2025-10-23,Standard King,2,21700,43400,Direct,completed
B00002387,G002815,R0027,A0019,2024-06-14,2024-08-03,2024-08-06,Standard King,3,23700,71100,Loyalty,completed
B00002388,G002905,R0025,A0040,2025-12-13,2026-01-04,2026-01-07,Ocean Suite,3,39700,119100,Direct,confirmed
B00002389,G001577,R0015,A0018,2025-01-27,2025-05-24,2025-05-25,Villa,1,75000,75000,Loyalty,confirmed
B00002390,G002338,R0016,A0060,2025-06-22,2025-10-10,2025-10-12,Standard King,2,20500,41000,Corporate,completed
B00002391,G000727,R0006,A0048,2024-01-01,2024-04-27,2024-04-30,Standard King,3,20900,62700,OTA,completed
B00002392,G002998,R0006,A0034,2024-12-09,2025-01-13,2025-01-15,Standard King,2,21300,42600,OTA,completed
B00002393,G000276,R0039,A0052,2024-12-02,2025-03-28,2025-04-04,Ocean Suite,7,45100,315700,OTA,completed
B00002394,G002884,R0037,A0004,2024-12-03,2024-12-26,2025-01-07,Ocean Suite,12,40100,481200,Direct,confirmed
B00002395,G001165,R0019,A0008,2024-01-08,2024-04-14,2024-04-16,Standard King,2,19900,39800,OTA,confirmed
B00002396,G000495,R0001,A0058,2024-06-15,2024-09-29,2024-10-11,Standard King,12,19300,231600,Corporate,completed
B00002397,G002062,R0028,A0040,2025-06-09,2025-08-15,2025-08-22,Standard Double,7,17400,121800,OTA,completed
B00002398,G002737,R0025,A0030,2024-11-30,2025-02-16,2025-02-18,Villa,2,60300,120600,Direct,completed
B00002399,G002682,R0008,A0036,2024-01-27,2024-05-21,2024-05-23,Standard King,2,15800,31600,OTA,completed
B00002400,G000750,R0016,A0019,2025-07-10,2025-08-12,2025-08-24,Presidential,12,145600,1747200,Direct,confirmed
B00002401,G000335,R0026,A0031,2025-10-06,2025-11-07,2025-11-20,Standard King,13,24200,314600,OTA,cancelled
B00002402,G002200,R0011,A0016,2025-03-10,2025-05-06,2025-05-19,Standard King,13,19300,250900,OTA,completed
B00002403,G001619,R0028,A0046,2025-04-26,2025-06-04,2025-06-05,Presidential,1,144000,144000,Corporate,completed
B00002404,G000988,R0004,A0002,2024-08-11,2024-11-09,2024-11-10,Villa,1,62100,62100,Direct,completed
B00002405,G000564,R0030,A0052,2024-12-18,2025-01-23,2025-01-26,Standard Double,3,14900,44700,Direct,confirmed
B00002406,G001780,R0032,A0055,2025-12-27,2026-03-29,2026-04-02,Standard Double,4,15100,60400,Direct,completed
B00002407,G000782,R0033,A0037,2025-01-25,2025-04-18,2025-04-22,Presidential,4,139500,558000,Corporate,completed
B00002408,G000740,R0003,A0018,2025-10-28,2026-02-18,2026-02-22,Standard Double,4,19600,78400,Corporate,completed
B00002409,G001747,R0006,A0047,2025-11-29,2026-02-12,2026-02-22,Standard King,10,16000,160000,Direct,completed
B00002410,G001964,R0001,A0032,2025-01-18,2025-01-19,2025-01-31,Standard Double,12,19600,235200,Loyalty,completed
B00002411,G002067,R0030,A0025,2025-03-02,2025-06-01,2025-06-08,Standard King,7,15900,111300,OTA,completed
B00002412,G001145,R0017,A0036,2025-01-02,2025-02-07,2025-02-19,Standard King,12,23400,280800,OTA,completed
B00002413,G001438,R0040,A0005,2024-10-28,2024-11-10,2024-11-20,Standard Double,10,17600,176000,OTA,cancelled
B00002414,G001683,R0002,A0039,2025-05-24,2025-07-03,2025-07-09,Standard King,6,17300,103800,Corporate,cancelled
B00002415,G002035,R0032,A0016,2024-05-25,2024-06-13,2024-06-17,Standard King,4,19000,76000,Travel Agent,confirmed
B00002416,G002779,R0013,A0057,2024-06-25,2024-07-23,2024-08-03,Ocean Suite,11,31700,348700,OTA,completed
B00002417,G000570,R0021,A0057,2024-05-02,2024-05-12,2024-05-15,Standard Double,3,15100,45300,OTA,completed
B00002418,G000431,R0014,A0016,2024-01-17,2024-03-26,2024-04-04,Standard Double,9,20000,180000,Direct,completed
B00002419,G002087,R0035,A0007,2024-01-20,2024-02-21,2024-03-04,Standard Double,12,16800,201600,OTA,completed
B00002420,G000311,R0010,A0020,2025-12-24,2026-01-26,2026-01-27,Standard Double,1,16100,16100,Direct,completed
B00002421,G000264,R0013,A0012,2024-10-15,2024-12-27,2025-01-06,Standard Double,10,19200,192000,Corporate,completed
B00002422,G002030,R0020,A0043,2024-09-18,2024-10-16,2024-10-28,Standard King,12,18000,216000,Direct,completed
B00002423,G000269,R0026,A0001,2024-01-13,2024-04-03,2024-04-08,Standard King,5,16300,81500,OTA,completed
B00002424,G000602,R0031,A0049,2025-12-02,2026-02-28,2026-03-03,Ocean Suite,3,40100,120300,OTA,confirmed
B00002425,G002291,R0039,A0058,2025-08-19,2025-10-29,2025-11-06,Ocean Suite,8,45600,364800,Corporate,completed
B00002426,G001968,R0014,A0033,2025-04-20,2025-07-14,2025-07-16,Standard King,2,17200,34400,OTA,completed
B00002427,G000921,R0033,A0031,2024-02-09,2024-03-16,2024-03-22,Standard King,6,17500,105000,OTA,completed
B00002428,G002809,R0036,A0058,2024-02-01,2024-04-05,2024-04-15,Ocean Suite,10,43300,433000,Travel Agent,completed
B00002429,G001358,R0021,A0033,2025-09-26,2025-10-21,2025-10-31,Standard King,10,24100,241000,Travel Agent,completed
B00002430,G001253,R0018,A0053,2025-09-07,2025-10-02,2025-10-15,Standard King,13,16900,219700,Direct,completed
B00002431,G001869,R0027,A0058,2024-01-09,2024-01-27,2024-01-28,Ocean Suite,1,46600,46600,Direct,completed
B00002432,G002796,R0023,A0023,2025-10-26,2025-12-10,2025-12-22,Standard King,12,17200,206400,OTA,completed
B00002433,G002431,R0034,A0046,2025-11-24,2026-01-16,2026-01-24,Standard Double,8,20000,160000,Corporate,completed
B00002434,G000129,R0007,A0049,2024-02-09,2024-04-08,2024-04-21,Standard King,13,21200,275600,Loyalty,completed
B00002435,G000712,R0005,A0008,2024-10-29,2024-12-20,2024-12-22,Ocean Suite,2,36100,72200,OTA,completed
B00002436,G001714,R0006,A0034,2024-09-20,2024-10-25,2024-10-28,Presidential,3,109500,328500,Direct,confirmed
B00002437,G000065,R0008,A0052,2024-04-30,2024-07-04,2024-07-12,Standard Double,8,12800,102400,Direct,completed
B00002438,G001001,R0002,A0030,2024-05-17,2024-06-26,2024-07-10,Standard Double,14,15900,222600,OTA,no_show
B00002439,G000876,R0004,A0049,2025-10-16,2026-01-24,2026-01-25,Standard King,1,23900,23900,OTA,completed
B00002440,G001162,R0037,A0011,2025-04-23,2025-04-26,2025-05-01,Villa,5,54600,273000,Loyalty,completed
B00002441,G000557,R0019,A0016,2024-09-10,2024-09-21,2024-10-05,Standard King,14,18500,259000,OTA,completed
B00002442,G001945,R0039,A0006,2024-02-28,2024-03-02,2024-03-06,Standard King,4,23400,93600,OTA,completed
B00002443,G000117,R0031,A0019,2025-12-06,2026-01-18,2026-01-22,Standard Double,4,15100,60400,Corporate,completed
B00002444,G002425,R0005,A0008,2024-01-28,2024-04-19,2024-04-22,Standard King,3,15400,46200,Direct,confirmed
B00002445,G000527,R0024,A0056,2024-06-29,2024-07-09,2024-07-20,Standard King,11,16700,183700,Corporate,confirmed
B00002446,G002744,R0036,A0017,2024-05-19,2024-06-29,2024-07-12,Standard Double,13,13600,176800,OTA,cancelled
B00002447,G001128,R0006,A0035,2024-12-03,2025-01-13,2025-01-17,Standard Double,4,18500,74000,Corporate,completed
B00002448,G000246,R0040,A0024,2025-06-30,2025-07-14,2025-07-19,Villa,5,68400,342000,Corporate,completed
B00002449,G002430,R0036,A0024,2024-08-23,2024-12-07,2024-12-13,Standard Double,6,17900,107400,Loyalty,confirmed
B00002450,G000187,R0032,A0021,2025-05-24,2025-08-24,2025-09-04,Standard Double,11,17100,188100,Corporate,completed
B00002451,G000539,R0019,A0059,2025-01-01,2025-01-25,2025-01-30,Ocean Suite,5,38000,190000,OTA,completed
B00002452,G000139,R0038,A0016,2024-11-09,2025-01-03,2025-01-08,Ocean Suite,5,30600,153000,Direct,completed
B00002453,G001496,R0030,A0024,2024-07-31,2024-10-03,2024-10-11,Standard Double,8,18600,148800,Corporate,completed
B00002454,G001917,R0017,A0002,2024-06-09,2024-09-28,2024-10-04,Standard King,6,24000,144000,Travel Agent,completed
B00002455,G000912,R0040,A0055,2024-05-24,2024-09-09,2024-09-20,Ocean Suite,11,37900,416900,OTA,completed
B00002456,G001615,R0008,A0044,2024-02-28,2024-03-27,2024-03-30,Standard Double,3,17600,52800,Direct,completed
B00002457,G002176,R0039,A0033,2024-09-21,2024-10-26,2024-10-29,Standard Double,3,17000,51000,Direct,cancelled
B00002458,G001255,R0022,A0060,2025-09-11,2025-12-10,2025-12-22,Villa,12,72300,867600,OTA,completed
B00002459,G000448,R0013,A0047,2025-05-19,2025-08-18,2025-09-01,Standard King,14,21800,305200,Travel Agent,completed
B00002460,G002797,R0010,A0060,2024-10-13,2025-02-06,2025-02-07,Standard King,1,20600,20600,Direct,confirmed
B00002461,G001140,R0018,A0003,2025-02-02,2025-03-18,2025-03-29,Standard Double,11,13300,146300,OTA,completed
B00002462,G000538,R0009,A0046,2025-06-28,2025-09-28,2025-10-08,Standard King,10,19500,195000,Travel Agent,completed
B00002463,G000553,R0034,A0046,2025-03-28,2025-07-06,2025-07-13,Standard Double,7,18700,130900,Direct,completed
B00002464,G002617,R0015,A0053,2025-04-12,2025-05-07,2025-05-19,Ocean Suite,12,42200,506400,OTA,completed
B00002465,G000169,R0023,A0008,2024-01-13,2024-01-31,2024-02-07,Standard King,7,19200,134400,Direct,completed
B00002466,G001480,R0032,A0005,2024-12-31,2025-03-02,2025-03-06,Standard King,4,15500,62000,Direct,completed
B00002467,G000212,R0037,A0024,2025-05-02,2025-07-21,2025-07-25,Ocean Suite,4,37900,151600,Corporate,cancelled
B00002468,G001393,R0020,A0034,2024-02-22,2024-06-16,2024-06-29,Standard King,13,21500,279500,Travel Agent,no_show
B00002469,G002489,R0002,A0001,2024-03-01,2024-05-01,2024-05-04,Standard King,3,20300,60900,Travel Agent,completed
B00002470,G002635,R0016,A0039,2025-12-17,2026-01-28,2026-02-07,Standard Double,10,13000,130000,Direct,completed
B00002471,G001478,R0008,A0030,2025-04-01,2025-07-12,2025-07-22,Standard King,10,16800,168000,Direct,cancelled
B00002472,G000049,R0030,A0022,2024-06-22,2024-10-02,2024-10-14,Standard King,12,23800,285600,Loyalty,completed
B00002473,G002870,R0023,A0034,2025-05-11,2025-06-22,2025-06-28,Ocean Suite,6,35600,213600,Loyalty,completed
B00002474,G001793,R0019,A0040,2024-06-29,2024-10-23,2024-10-27,Standard Double,4,17400,69600,Travel Agent,completed
B00002475,G002826,R0008,A0019,2024-05-17,2024-05-23,2024-05-28,Ocean Suite,5,45800,229000,Travel Agent,completed
B00002476,G001995,R0010,A0007,2025-01-30,2025-03-05,2025-03-16,Standard King,11,17900,196900,Corporate,confirmed
B00002477,G002847,R0036,A0044,2025-03-05,2025-05-17,2025-05-26,Ocean Suite,9,44800,403200,Travel Agent,confirmed
B00002478,G000353,R0005,A0049,2024-02-25,2024-04-16,2024-04-27,Ocean Suite,11,37300,410300,Travel Agent,no_show
B00002479,G002676,R0040,A0016,2025-08-15,2025-10-12,2025-10-21,Standard Double,9,15100,135900,OTA,completed
B00002480,G002769,R0018,A0023,2025-11-17,2026-02-02,2026-02-11,Presidential,9,157500,1417500,Direct,completed
B00002481,G001977,R0019,A0003,2025-10-05,2025-12-20,2025-12-24,Standard Double,4,13200,52800,OTA,completed
B00002482,G000206,R0038,A0009,2024-08-13,2024-11-07,2024-11-19,Standard King,12,23800,285600,Loyalty,confirmed
B00002483,G000633,R0012,A0005,2024-09-12,2024-09-13,2024-09-14,Standard Double,1,15300,15300,Travel Agent,confirmed
B00002484,G001395,R0020,A0012,2025-02-01,2025-03-22,2025-03-23,Standard King,1,20100,20100,Travel Agent,completed
B00002485,G000829,R0014,A0002,2024-10-02,2024-10-12,2024-10-26,Villa,14,58300,816200,Travel Agent,completed
B00002486,G002526,R0035,A0018,2025-11-26,2026-02-12,2026-02-26,Standard Double,14,18100,253400,OTA,cancelled
B00002487,G000102,R0028,A0003,2025-05-25,2025-06-29,2025-07-06,Standard King,7,17800,124600,Direct,confirmed
B00002488,G002706,R0006,A0047,2025-05-14,2025-06-23,2025-06-28,Standard King,5,20300,101500,Direct,confirmed
B00002489,G000764,R0030,A0028,2024-03-22,2024-07-17,2024-07-23,Villa,6,72200,433200,Corporate,confirmed
B00002490,G000500,R0028,A0028,2025-06-20,2025-07-10,2025-07-15,Ocean Suite,5,42400,212000,OTA,completed
B00002491,G002973,R0017,A0007,2025-09-10,2025-11-14,2025-11-23,Standard Double,9,15800,142200,Travel Agent,completed
B00002492,G002398,R0015,A0037,2025-06-20,2025-10-13,2025-10-27,Ocean Suite,14,32500,455000,OTA,confirmed
B00002493,G002851,R0009,A0043,2024-01-07,2024-02-14,2024-02-26,Standard King,12,19900,238800,Loyalty,completed
B00002494,G001904,R0018,A0008,2025-10-27,2026-01-25,2026-02-01,Standard Double,7,14900,104300,OTA,completed
B00002495,G001803,R0020,A0024,2025-10-30,2025-12-21,2025-12-29,Villa,8,75500,604000,Loyalty,confirmed
B00002496,G001031,R0025,A0026,2025-05-07,2025-06-27,2025-06-28,Standard Double,1,13600,13600,OTA,confirmed
B00002497,G000758,R0021,A0060,2024-03-13,2024-05-15,2024-05-21,Standard King,6,20400,122400,OTA,completed
B00002498,G001226,R0030,A0024,2024-10-09,2024-10-28,2024-10-31,Standard King,3,15900,47700,Travel Agent,completed
B00002499,G002156,R0015,A0042,2025-03-18,2025-06-27,2025-07-08,Standard King,11,15800,173800,Corporate,completed
B00002500,G000360,R0016,A0011,2024-09-20,2024-10-22,2024-10-23,Standard King,1,20100,20100,Direct,completed
B00002501,G002739,R0033,A0017,2024-01-22,2024-03-14,2024-03-20,Standard King,6,20000,120000,OTA,completed
B00002502,G001408,R0026,A0007,2024-03-17,2024-04-22,2024-04-26,Standard Double,4,16100,64400,Direct,completed
B00002503,G002238,R0037,A0057,2024-07-23,2024-10-15,2024-10-24,Standard Double,9,19600,176400,Travel Agent,completed
B00002504,G002223,R0014,A0052,2025-12-30,2026-04-13,2026-04-23,Standard Double,10,19300,193000,OTA,completed
B00002505,G000189,R0025,A0058,2025-12-10,2025-12-26,2026-01-05,Standard Double,10,17100,171000,Direct,confirmed
B00002506,G002597,R0039,A0020,2025-04-26,2025-06-19,2025-07-01,Villa,12,68700,824400,OTA,cancelled
B00002507,G001483,R0028,A0034,2024-04-29,2024-07-01,2024-07-11,Standard Double,10,16000,160000,OTA,confirmed
B00002508,G002541,R0004,A0044,2024-11-16,2025-03-06,2025-03-18,Ocean Suite,12,44800,537600,Corporate,completed
B00002509,G001497,R0008,A0050,2025-10-14,2025-10-24,2025-11-03,Standard King,10,17700,177000,OTA,confirmed
B00002510,G000147,R0012,A0010,2024-04-06,2024-05-27,2024-06-02,Standard Double,6,14300,85800,Corporate,completed
B00002511,G001324,R0025,A0009,2024-09-03,2024-11-29,2024-12-08,Standard King,9,17700,159300,Direct,completed
B00002512,G000654,R0018,A0058,2024-03-03,2024-03-22,2024-03-27,Standard Double,5,14100,70500,Loyalty,completed
B00002513,G002112,R0016,A0012,2024-02-25,2024-06-14,2024-06-24,Standard Double,10,19300,193000,Travel Agent,completed
B00002514,G000099,R0013,A0006,2025-09-26,2025-09-28,2025-10-06,Standard Double,8,17700,141600,Direct,completed
B00002515,G002579,R0032,A0031,2025-10-20,2025-11-18,2025-11-26,Standard Double,8,15300,122400,OTA,completed
B00002516,G001270,R0022,A0021,2025-07-24,2025-11-20,2025-11-22,Standard King,2,23700,47400,Direct,completed
B00002517,G000523,R0037,A0048,2025-09-13,2025-10-18,2025-10-21,Standard Double,3,13100,39300,Direct,completed
B00002518,G001023,R0015,A0041,2025-08-06,2025-08-13,2025-08-20,Standard King,7,20800,145600,Travel Agent,no_show
B00002519,G000774,R0029,A0031,2024-08-08,2024-11-07,2024-11-21,Standard Double,14,18900,264600,Travel Agent,completed
B00002520,G001809,R0008,A0010,2024-12-20,2025-03-07,2025-03-11,Standard Double,4,18600,74400,OTA,completed
B00002521,G002759,R0006,A0027,2024-07-10,2024-08-02,2024-08-03,Ocean Suite,1,42100,42100,Corporate,confirmed
B00002522,G001614,R0017,A0013,2024-09-14,2025-01-05,2025-01-09,Standard Double,4,14900,59600,Direct,completed
B00002523,G002899,R0011,A0045,2024-01-08,2024-03-29,2024-03-30,Standard Double,1,13800,13800,Loyalty,cancelled
B00002524,G002570,R0004,A0055,2025-06-03,2025-09-27,2025-10-05,Villa,8,60500,484000,OTA,completed
B00002525,G000246,R0003,A0058,2025-11-12,2026-01-06,2026-01-10,Standard Double,4,13800,55200,OTA,confirmed
B00002526,G001515,R0019,A0026,2025-07-18,2025-09-09,2025-09-11,Standard Double,2,16800,33600,OTA,completed
B00002527,G000753,R0014,A0015,2025-12-29,2026-02-04,2026-02-18,Standard Double,14,17600,246400,Loyalty,completed
B00002528,G001907,R0022,A0008,2024-11-16,2025-01-19,2025-01-23,Standard King,4,24100,96400,Direct,no_show
B00002529,G002331,R0032,A0026,2025-11-21,2026-01-10,2026-01-16,Ocean Suite,6,39600,237600,Loyalty,completed
B00002530,G000897,R0015,A0046,2025-04-03,2025-07-08,2025-07-14,Standard King,6,20400,122400,OTA,completed
B00002531,G000380,R0009,A0021,2024-09-28,2024-11-11,2024-11-17,Standard Double,6,17100,102600,OTA,confirmed
B00002532,G001119,R0027,A0003,2024-03-12,2024-04-18,2024-04-21,Villa,3,60200,180600,Direct,completed
B00002533,G000733,R0032,A0010,2025-08-27,2025-11-07,2025-11-10,Standard King,3,20800,62400,Direct,completed
B00002534,G000357,R0024,A0003,2025-11-20,2026-02-14,2026-02-19,Standard Double,5,19400,97000,OTA,completed
B00002535,G002206,R0035,A0030,2024-08-05,2024-10-29,2024-11-09,Standard King,11,19700,216700,OTA,completed
B00002536,G001607,R0026,A0028,2025-01-21,2025-04-09,2025-04-14,Ocean Suite,5,33600,168000,Loyalty,confirmed
B00002537,G002795,R0033,A0011,2024-12-30,2025-04-25,2025-05-07,Standard King,12,18200,218400,OTA,completed
B00002538,G002317,R0025,A0025,2024-05-29,2024-06-25,2024-07-08,Villa,13,55200,717600,OTA,confirmed
B00002539,G000679,R0039,A0046,2025-04-29,2025-05-07,2025-05-19,Ocean Suite,12,37900,454800,Direct,completed
B00002540,G001448,R0007,A0003,2024-04-12,2024-08-10,2024-08-15,Standard Double,5,18300,91500,Direct,completed
B00002541,G002130,R0036,A0025,2025-12-13,2026-02-18,2026-02-26,Villa,8,69400,555200,Direct,no_show
B00002542,G000342,R0040,A0024,2025-06-16,2025-08-10,2025-08-20,Ocean Suite,10,37000,370000,Direct,completed
B00002543,G000416,R0016,A0056,2025-07-11,2025-08-12,2025-08-21,Standard King,9,18800,169200,Travel Agent,completed
B00002544,G002023,R0014,A0032,2025-09-08,2025-12-18,2025-12-22,Standard Double,4,17300,69200,Corporate,completed
B00002545,G001580,R0002,A0005,2024-08-08,2024-08-21,2024-08-30,Ocean Suite,9,32900,296100,Direct,completed
B00002546,G001618,R0013,A0016,2025-10-14,2026-01-20,2026-01-31,Standard King,11,15800,173800,Corporate,completed
B00002547,G002250,R0016,A0008,2025-09-01,2025-12-28,2026-01-04,Standard Double,7,13000,91000,Direct,completed
B00002548,G002604,R0030,A0032,2024-11-23,2025-01-14,2025-01-24,Ocean Suite,10,29900,299000,Travel Agent,completed
B00002549,G000871,R0022,A0054,2024-06-27,2024-08-04,2024-08-18,Standard King,14,17400,243600,Loyalty,confirmed
B00002550,G001167,R0005,A0021,2025-05-19,2025-06-27,2025-07-04,Standard Double,7,13600,95200,Loyalty,completed
B00002551,G000136,R0035,A0012,2024-09-17,2024-09-24,2024-09-25,Standard Double,1,17600,17600,Travel Agent,completed
B00002552,G001559,R0011,A0008,2025-11-13,2026-02-09,2026-02-10,Standard King,1,23000,23000,Corporate,completed
B00002553,G002914,R0023,A0012,2025-04-06,2025-05-26,2025-05-29,Standard Double,3,17600,52800,Direct,completed
B00002554,G001189,R0023,A0047,2024-06-18,2024-08-25,2024-09-06,Standard King,12,23300,279600,OTA,completed
B00002555,G001774,R0008,A0008,2025-04-24,2025-08-04,2025-08-18,Ocean Suite,14,36900,516600,Direct,completed
B00002556,G001051,R0026,A0056,2024-06-22,2024-08-17,2024-08-25,Standard King,8,15400,123200,Direct,completed
B00002557,G002760,R0002,A0019,2024-01-13,2024-02-29,2024-03-13,Standard King,13,20700,269100,Direct,completed
B00002558,G002162,R0021,A0001,2024-09-22,2024-11-26,2024-12-02,Standard King,6,17900,107400,Loyalty,completed
B00002559,G000203,R0040,A0032,2024-01-08,2024-03-20,2024-03-31,Ocean Suite,11,47100,518100,Travel Agent,completed
B00002560,G001343,R0015,A0021,2024-01-08,2024-01-19,2024-01-27,Villa,8,64200,513600,OTA,completed
B00002561,G002825,R0008,A0055,2025-07-14,2025-11-08,2025-11-12,Standard King,4,18500,74000,Direct,completed
B00002562,G001571,R0013,A0055,2025-06-30,2025-07-04,2025-07-06,Villa,2,68800,137600,OTA,completed
B00002563,G002922,R0031,A0041,2024-10-06,2025-01-24,2025-02-01,Ocean Suite,8,42300,338400,OTA,completed
B00002564,G001662,R0033,A0036,2024-07-18,2024-10-07,2024-10-18,Standard King,11,23300,256300,Corporate,completed
B00002565,G000329,R0035,A0044,2024-09-09,2024-11-18,2024-11-29,Standard Double,11,17000,187000,Loyalty,completed
B00002566,G002848,R0032,A0051,2025-02-15,2025-04-16,2025-04-24,Standard Double,8,13200,105600,Corporate,completed
B00002567,G000388,R0037,A0010,2025-04-05,2025-05-30,2025-06-04,Standard King,5,23600,118000,OTA,cancelled
B00002568,G000843,R0010,A0043,2025-07-22,2025-07-23,2025-07-28,Ocean Suite,5,35800,179000,Direct,completed
B00002569,G002409,R0023,A0041,2025-10-21,2026-01-18,2026-01-21,Standard Double,3,16600,49800,OTA,confirmed
B00002570,G002538,R0030,A0011,2025-09-14,2026-01-05,2026-01-09,Standard King,4,21800,87200,Travel Agent,cancelled
B00002571,G002509,R0017,A0002,2024-09-05,2024-11-18,2024-11-27,Standard Double,9,15900,143100,Travel Agent,confirmed
B00002572,G002775,R0018,A0009,2025-04-10,2025-05-12,2025-05-22,Standard Double,10,15100,151000,Corporate,confirmed
B00002573,G002710,R0036,A0027,2025-04-09,2025-05-31,2025-06-03,Ocean Suite,3,32400,97200,Direct,no_show
B00002574,G002584,R0001,A0025,2024-06-10,2024-06-18,2024-07-02,Standard King,14,19100,267400,Direct,confirmed
B00002575,G002823,R0013,A0017,2024-12-17,2025-01-09,2025-01-23,Standard Double,14,15700,219800,Corporate,completed
B00002576,G001131,R0003,A0019,2024-09-29,2024-11-15,2024-11-21,Ocean Suite,6,31800,190800,Loyalty,completed
B00002577,G000432,R0006,A0005,2025-04-23,2025-06-06,2025-06-11,Villa,5,58900,294500,Loyalty,completed
B00002578,G001226,R0035,A0046,2024-07-02,2024-10-20,2024-10-31,Ocean Suite,11,36300,399300,OTA,cancelled
B00002579,G001031,R0040,A0012,2025-11-07,2025-12-27,2026-01-01,Standard King,5,20600,103000,OTA,completed
B00002580,G002164,R0040,A0040,2025-05-22,2025-07-09,2025-07-22,Standard Double,13,18800,244400,OTA,confirmed
B00002581,G002167,R0005,A0052,2024-08-13,2024-12-01,2024-12-06,Standard Double,5,17000,85000,Loyalty,cancelled
B00002582,G002967,R0005,A0002,2025-05-30,2025-06-11,2025-06-14,Standard King,3,24100,72300,Loyalty,completed
B00002583,G002604,R0004,A0053,2024-03-13,2024-07-09,2024-07-14,Standard Double,5,12800,64000,OTA,confirmed
B00002584,G001693,R0039,A0041,2024-09-05,2024-12-10,2024-12-18,Villa,8,69200,553600,Corporate,completed
B00002585,G000343,R0018,A0029,2024-12-24,2025-03-09,2025-03-10,Standard King,1,23400,23400,OTA,completed
B00002586,G002286,R0031,A0011,2025-09-27,2025-12-06,2025-12-13,Ocean Suite,7,46500,325500,OTA,completed
B00002587,G002876,R0006,A0017,2025-09-23,2025-12-03,2025-12-08,Standard King,5,15600,78000,OTA,completed
B00002588,G000277,R0004,A0042,2024-10-19,2024-10-30,2024-11-04,Ocean Suite,5,32100,160500,OTA,completed
B00002589,G001734,R0035,A0059,2024-03-10,2024-06-10,2024-06-16,Standard Double,6,14000,84000,Travel Agent,confirmed
B00002590,G001790,R0031,A0045,2024-08-06,2024-11-29,2024-12-12,Villa,13,72000,936000,Travel Agent,completed
B00002591,G002704,R0037,A0031,2025-09-07,2025-11-29,2025-12-08,Ocean Suite,9,33400,300600,OTA,completed
B00002592,G001117,R0014,A0039,2025-11-19,2026-01-27,2026-01-29,Standard King,2,22200,44400,Corporate,completed
B00002593,G000105,R0028,A0048,2024-05-16,2024-07-23,2024-07-29,Ocean Suite,6,40800,244800,Travel Agent,cancelled
B00002594,G001609,R0030,A0059,2024-01-18,2024-05-14,2024-05-22,Standard King,8,16000,128000,Direct,completed
B00002595,G001274,R0009,A0025,2025-11-02,2025-12-09,2025-12-11,Standard Double,2,19300,38600,Direct,completed
B00002596,G000960,R0039,A0041,2024-11-25,2025-01-16,2025-01-22,Standard King,6,16700,100200,Direct,completed
B00002597,G002793,R0027,A0059,2025-01-06,2025-04-16,2025-04-29,Standard King,13,23300,302900,OTA,confirmed
B00002598,G001356,R0011,A0011,2025-07-18,2025-11-02,2025-11-07,Standard Double,5,18600,93000,Corporate,completed
B00002599,G002600,R0031,A0038,2024-06-28,2024-09-16,2024-09-21,Standard Double,5,18400,92000,Loyalty,completed
B00002600,G002310,R0038,A0060,2025-09-23,2025-09-30,2025-10-03,Standard King,3,17300,51900,OTA,completed
B00002601,G002927,R0022,A0037,2024-03-25,2024-04-11,2024-04-16,Standard King,5,20300,101500,OTA,cancelled
B00002602,G001975,R0039,A0056,2025-01-19,2025-04-20,2025-04-24,Standard King,4,20800,83200,OTA,completed
B00002603,G000577,R0033,A0023,2024-01-23,2024-03-14,2024-03-27,Standard King,13,17600,228800,OTA,completed
B00002604,G000736,R0010,A0034,2025-10-28,2025-12-16,2025-12-22,Presidential,6,155500,933000,Direct,completed
B00002605,G001971,R0040,A0005,2024-03-28,2024-07-09,2024-07-22,Standard Double,13,20100,261300,Direct,confirmed
B00002606,G001153,R0024,A0019,2024-03-29,2024-06-05,2024-06-16,Standard King,11,19000,209000,Corporate,completed
B00002607,G002267,R0031,A0059,2025-07-07,2025-07-14,2025-07-26,Standard King,12,23400,280800,Direct,completed
B00002608,G000984,R0030,A0030,2025-03-02,2025-04-15,2025-04-28,Presidential,13,124600,1619800,OTA,completed
B00002609,G002513,R0033,A0008,2024-12-04,2025-03-18,2025-04-01,Ocean Suite,14,33200,464800,Corporate,confirmed
B00002610,G001291,R0014,A0037,2025-01-15,2025-02-11,2025-02-15,Ocean Suite,4,39100,156400,Travel Agent,completed
B00002611,G002683,R0005,A0020,2025-06-16,2025-07-27,2025-08-02,Ocean Suite,6,30200,181200,Direct,completed
B00002612,G002590,R0007,A0021,2024-05-06,2024-08-10,2024-08-24,Standard King,14,22600,316400,OTA,completed
B00002613,G000557,R0017,A0043,2025-04-09,2025-07-08,2025-07-22,Villa,14,64600,904400,Direct,completed
B00002614,G002731,R0023,A0011,2024-02-04,2024-02-25,2024-02-29,Ocean Suite,4,43300,173200,OTA,completed
B00002615,G001084,R0012,A0035,2025-06-27,2025-10-04,2025-10-13,Standard Double,9,13300,119700,Travel Agent,confirmed
B00002616,G002971,R0025,A0044,2024-12-07,2025-02-25,2025-03-07,Standard King,10,21600,216000,OTA,completed
B00002617,G000976,R0021,A0010,2025-08-21,2025-08-22,2025-08-23,Standard King,1,24000,24000,Direct,confirmed
B00002618,G000039,R0032,A0057,2024-03-11,2024-05-15,2024-05-25,Standard Double,10,16400,164000,Travel Agent,confirmed
B00002619,G002524,R0003,A0048,2025-11-26,2026-03-03,2026-03-07,Standard Double,4,13800,55200,Travel Agent,completed
B00002620,G000315,R0020,A0043,2025-04-17,2025-06-18,2025-06-30,Standard King,12,21000,252000,Direct,confirmed
B00002621,G001221,R0015,A0043,2024-01-13,2024-04-18,2024-04-26,Standard Double,8,13700,109600,Travel Agent,completed
B00002622,G002060,R0012,A0046,2025-12-29,2026-04-26,2026-05-07,Villa,11,77000,847000,Corporate,confirmed
B00002623,G000214,R0023,A0044,2025-03-09,2025-07-04,2025-07-11,Standard Double,7,16500,115500,OTA,confirmed
B00002624,G001726,R0027,A0006,2025-02-28,2025-05-11,2025-05-21,Villa,10,80400,804000,OTA,completed
B00002625,G002330,R0001,A0022,2025-01-14,2025-02-24,2025-02-26,Ocean Suite,2,31700,63400,Loyalty,completed
B00002626,G001522,R0017,A0059,2024-03-17,2024-05-22,2024-05-25,Standard Double,3,17300,51900,Direct,completed
B00002627,G001992,R0025,A0038,2025-07-20,2025-08-28,2025-09-06,Standard Double,9,18400,165600,OTA,completed
B00002628,G001424,R0015,A0004,2024-06-14,2024-08-17,2024-08-28,Standard King,11,21600,237600,OTA,confirmed
B00002629,G000550,R0001,A0008,2025-05-09,2025-06-15,2025-06-22,Standard Double,7,18100,126700,Direct,completed
B00002630,G001742,R0033,A0056,2024-09-06,2024-11-05,2024-11-16,Ocean Suite,11,44300,487300,OTA,completed
B00002631,G000050,R0012,A0013,2025-02-27,2025-03-24,2025-03-30,Standard Double,6,14200,85200,Travel Agent,completed
B00002632,G000266,R0034,A0020,2024-01-02,2024-04-14,2024-04-19,Villa,5,76100,380500,Travel Agent,completed
B00002633,G002146,R0020,A0050,2024-06-27,2024-09-26,2024-10-04,Standard King,8,21500,172000,OTA,confirmed
B00002634,G002281,R0006,A0008,2025-06-11,2025-09-08,2025-09-21,Standard King,13,23900,310700,Corporate,completed
B00002635,G002709,R0027,A0009,2024-03-09,2024-05-20,2024-05-26,Standard King,6,21100,126600,Travel Agent,completed
B00002636,G000857,R0039,A0002,2025-10-14,2025-12-04,2025-12-11,Standard Double,7,14400,100800,Travel Agent,cancelled
B00002637,G002112,R0021,A0038,2024-10-13,2024-11-26,2024-11-27,Standard King,1,24000,24000,OTA,completed
B00002638,G000896,R0032,A0024,2024-12-19,2025-03-11,2025-03-23,Standard King,12,21900,262800,Travel Agent,completed
B00002639,G001352,R0029,A0045,2025-02-28,2025-04-27,2025-05-11,Standard King,14,20900,292600,Direct,confirmed
B00002640,G002276,R0033,A0030,2024-03-04,2024-05-02,2024-05-15,Standard King,13,21600,280800,Corporate,completed
B00002641,G002963,R0011,A0052,2025-09-05,2025-11-09,2025-11-13,Standard Double,4,19400,77600,Loyalty,cancelled
B00002642,G002353,R0027,A0018,2024-04-01,2024-05-03,2024-05-10,Ocean Suite,7,36800,257600,OTA,completed
B00002643,G002325,R0025,A0007,2025-11-02,2025-12-14,2025-12-25,Standard King,11,23600,259600,Travel Agent,completed
B00002644,G001311,R0017,A0048,2025-04-14,2025-06-15,2025-06-29,Ocean Suite,14,36900,516600,OTA,confirmed
B00002645,G000140,R0022,A0002,2025-12-25,2026-04-19,2026-04-29,Villa,10,71900,719000,OTA,confirmed
B00002646,G002855,R0014,A0037,2025-10-28,2026-01-31,2026-02-13,Ocean Suite,13,46500,604500,Corporate,confirmed
B00002647,G000632,R0019,A0006,2025-10-14,2025-12-12,2025-12-13,Standard Double,1,13500,13500,Corporate,completed
B00002648,G000003,R0029,A0009,2025-11-15,2025-12-03,2025-12-04,Villa,1,78000,78000,Loyalty,confirmed
B00002649,G002367,R0011,A0001,2025-09-24,2025-11-18,2025-11-25,Villa,7,63800,446600,Direct,completed
B00002650,G000917,R0017,A0033,2025-01-19,2025-03-07,2025-03-14,Standard Double,7,16200,113400,Direct,completed
B00002651,G000794,R0019,A0054,2025-08-26,2025-10-18,2025-10-26,Standard Double,8,15100,120800,OTA,completed
B00002652,G002419,R0039,A0001,2024-12-15,2025-01-19,2025-01-26,Villa,7,70600,494200,OTA,cancelled
B00002653,G002059,R0023,A0034,2025-03-15,2025-05-23,2025-05-25,Standard King,2,16700,33400,Direct,completed
B00002654,G002083,R0018,A0032,2024-02-19,2024-05-17,2024-05-18,Standard Double,1,16600,16600,OTA,confirmed
B00002655,G001913,R0039,A0051,2024-01-14,2024-01-20,2024-01-21,Standard King,1,20500,20500,Direct,cancelled
B00002656,G001266,R0015,A0041,2025-05-23,2025-06-29,2025-07-03,Ocean Suite,4,42900,171600,Direct,completed
B00002657,G001303,R0037,A0034,2025-08-12,2025-09-30,2025-10-08,Standard King,8,17200,137600,Direct,cancelled
B00002658,G002388,R0007,A0006,2025-11-02,2025-11-08,2025-11-12,Ocean Suite,4,40200,160800,Corporate,completed
B00002659,G001837,R0021,A0037,2025-09-28,2025-12-17,2025-12-29,Ocean Suite,12,30300,363600,Travel Agent,confirmed
B00002660,G001763,R0030,A0025,2024-02-07,2024-04-28,2024-05-05,Ocean Suite,7,44400,310800,OTA,cancelled
B00002661,G001269,R0013,A0050,2024-01-18,2024-04-10,2024-04-14,Standard Double,4,18800,75200,OTA,completed
B00002662,G000806,R0007,A0033,2025-02-21,2025-03-24,2025-03-27,Ocean Suite,3,39600,118800,Direct,completed
B00002663,G002089,R0025,A0016,2024-06-19,2024-10-10,2024-10-11,Standard Double,1,15300,15300,OTA,completed
B00002664,G001925,R0007,A0005,2025-06-05,2025-07-29,2025-07-30,Standard King,1,22700,22700,OTA,completed
B00002665,G000640,R0015,A0004,2025-06-27,2025-08-23,2025-08-29,Ocean Suite,6,34400,206400,OTA,completed
B00002666,G001975,R0032,A0034,2024-04-23,2024-07-09,2024-07-23,Standard Double,14,14700,205800,OTA,completed
B00002667,G000776,R0030,A0005,2025-02-18,2025-03-27,2025-04-06,Ocean Suite,10,38000,380000,Direct,completed
B00002668,G000728,R0023,A0049,2024-12-29,2025-02-24,2025-03-08,Standard King,12,22500,270000,Travel Agent,cancelled
B00002669,G000199,R0039,A0037,2025-12-25,2026-01-09,2026-01-23,Standard Double,14,19800,277200,Corporate,completed
B00002670,G001411,R0015,A0035,2024-03-17,2024-04-27,2024-05-05,Standard Double,8,18200,145600,OTA,completed
B00002671,G002065,R0035,A0013,2024-08-02,2024-08-11,2024-08-25,Standard Double,14,14600,204400,OTA,completed
B00002672,G001410,R0020,A0048,2025-01-20,2025-02-15,2025-02-27,Standard King,12,17100,205200,OTA,completed
B00002673,G000220,R0021,A0029,2024-12-13,2024-12-23,2024-12-29,Villa,6,77200,463200,Travel Agent,confirmed
B00002674,G002621,R0001,A0053,2024-07-26,2024-11-06,2024-11-09,Presidential,3,161700,485100,Travel Agent,cancelled
B00002675,G002589,R0033,A0059,2025-01-21,2025-04-06,2025-04-14,Presidential,8,117000,936000,OTA,confirmed
B00002676,G002669,R0036,A0023,2024-10-12,2024-12-12,2024-12-21,Ocean Suite,9,42900,386100,Travel Agent,completed
B00002677,G002966,R0010,A0012,2025-08-08,2025-09-13,2025-09-15,Ocean Suite,2,42200,84400,Direct,cancelled
B00002678,G003000,R0038,A0017,2024-04-07,2024-08-02,2024-08-11,Standard Double,9,15300,137700,Direct,confirmed
B00002679,G000952,R0001,A0004,2024-12-21,2025-02-11,2025-02-15,Standard King,4,23400,93600,Direct,completed
B00002680,G001830,R0001,A0020,2025-08-16,2025-11-29,2025-12-12,Standard Double,13,15600,202800,OTA,completed
B00002681,G001502,R0010,A0050,2024-03-02,2024-05-09,2024-05-16,Standard King,7,20100,140700,Loyalty,completed
B00002682,G002786,R0004,A0044,2025-06-20,2025-10-04,2025-10-18,Villa,14,56200,786800,Direct,completed
B00002683,G001913,R0019,A0026,2025-11-11,2025-12-09,2025-12-16,Standard King,7,18800,131600,Direct,confirmed
B00002684,G000624,R0026,A0058,2025-06-10,2025-09-17,2025-09-18,Standard King,1,17100,17100,Corporate,completed
B00002685,G000370,R0006,A0041,2025-03-19,2025-07-01,2025-07-05,Standard King,4,21100,84400,Direct,no_show
B00002686,G002825,R0004,A0046,2024-04-10,2024-05-30,2024-06-06,Standard King,7,18600,130200,Direct,confirmed
B00002687,G001189,R0020,A0005,2024-01-03,2024-03-12,2024-03-23,Standard King,11,20800,228800,Loyalty,cancelled
B00002688,G000327,R0034,A0028,2024-02-07,2024-03-27,2024-04-08,Presidential,12,126800,1521600,Direct,completed
B00002689,G002610,R0038,A0002,2024-04-16,2024-06-12,2024-06-17,Standard Double,5,15200,76000,OTA,completed
B00002690,G000098,R0018,A0005,2025-03-02,2025-04-21,2025-05-02,Standard Double,11,16800,184800,OTA,completed
B00002691,G002799,R0012,A0059,2024-10-07,2024-10-27,2024-10-31,Ocean Suite,4,39700,158800,OTA,confirmed
B00002692,G000063,R0005,A0042,2025-12-04,2026-02-02,2026-02-15,Standard King,13,19900,258700,Direct,completed
B00002693,G000387,R0028,A0029,2024-09-15,2024-11-24,2024-11-30,Standard King,6,17300,103800,Direct,completed
B00002694,G001047,R0021,A0023,2024-03-08,2024-03-30,2024-04-09,Villa,10,76900,769000,Travel Agent,completed
B00002695,G002249,R0033,A0043,2024-03-14,2024-04-29,2024-05-12,Ocean Suite,13,30500,396500,OTA,no_show
B00002696,G001608,R0029,A0056,2025-07-14,2025-07-15,2025-07-17,Presidential,2,111400,222800,Travel Agent,completed
B00002697,G002459,R0009,A0018,2024-03-05,2024-04-04,2024-04-14,Standard King,10,15700,157000,Corporate,completed
B00002698,G000623,R0039,A0026,2024-09-02,2024-11-13,2024-11-17,Standard Double,4,14800,59200,Direct,cancelled
B00002699,G002632,R0015,A0031,2025-02-06,2025-03-24,2025-03-29,Standard King,5,20500,102500,Direct,confirmed
B00002700,G001683,R0002,A0034,2025-10-17,2025-11-19,2025-12-03,Standard King,14,20300,284200,Travel Agent,confirmed
B00002701,G001116,R0022,A0004,2025-11-18,2026-01-23,2026-02-06,Standard Double,14,13500,189000,OTA,confirmed
B00002702,G000244,R0011,A0007,2025-09-21,2025-09-28,2025-10-06,Standard King,8,17600,140800,OTA,completed
B00002703,G002926,R0017,A0055,2024-01-11,2024-01-15,2024-01-19,Ocean Suite,4,35900,143600,OTA,cancelled
B00002704,G001350,R0034,A0026,2025-11-21,2026-03-21,2026-03-29,Ocean Suite,8,38100,304800,Corporate,completed
B00002705,G002989,R0026,A0025,2024-02-29,2024-06-07,2024-06-12,Villa,5,74800,374000,Direct,completed
B00002706,G000864,R0034,A0039,2025-05-28,2025-08-18,2025-08-21,Standard Double,3,19100,57300,Corporate,completed
B00002707,G001496,R0038,A0016,2024-04-29,2024-06-20,2024-06-21,Standard King,1,20700,20700,Travel Agent,completed
B00002708,G000211,R0019,A0036,2024-08-10,2024-11-04,2024-11-16,Standard King,12,17000,204000,OTA,completed
B00002709,G001579,R0016,A0032,2024-10-01,2024-10-22,2024-11-01,Ocean Suite,10,46300,463000,Direct,completed
B00002710,G002860,R0009,A0048,2025-02-10,2025-02-16,2025-02-25,Ocean Suite,9,46900,422100,Direct,completed
B00002711,G000345,R0002,A0006,2024-09-17,2024-12-06,2024-12-19,Standard Double,13,19000,247000,OTA,no_show
B00002712,G001898,R0029,A0055,2024-02-07,2024-03-14,2024-03-27,Standard Double,13,17300,224900,OTA,completed
B00002713,G001378,R0025,A0056,2025-08-11,2025-10-12,2025-10-20,Standard King,8,18700,149600,Corporate,completed
B00002714,G001645,R0014,A0059,2025-07-08,2025-11-01,2025-11-15,Ocean Suite,14,31400,439600,Direct,confirmed
B00002715,G002560,R0021,A0028,2025-10-16,2025-11-21,2025-11-25,Standard King,4,22900,91600,Loyalty,confirmed
B00002716,G002361,R0028,A0060,2025-08-25,2025-09-07,2025-09-14,Standard King,7,19400,135800,Direct,completed
B00002717,G002278,R0022,A0029,2025-03-05,2025-05-02,2025-05-04,Villa,2,62500,125000,Corporate,completed
B00002718,G000482,R0038,A0054,2024-06-19,2024-10-06,2024-10-14,Ocean Suite,8,40600,324800,Corporate,completed
B00002719,G002295,R0023,A0044,2024-12-08,2025-03-31,2025-04-06,Standard King,6,21700,130200,Direct,confirmed
B00002720,G002317,R0021,A0024,2025-02-17,2025-04-22,2025-04-23,Standard Double,1,13600,13600,Corporate,confirmed
B00002721,G000243,R0001,A0001,2024-10-05,2024-10-10,2024-10-23,Standard Double,13,15800,205400,Direct,confirmed
B00002722,G000651,R0039,A0032,2025-08-21,2025-10-13,2025-10-22,Ocean Suite,9,32800,295200,OTA,completed
B00002723,G001096,R0014,A0048,2024-09-21,2024-12-06,2024-12-18,Standard Double,12,18900,226800,OTA,cancelled
B00002724,G001825,R0021,A0018,2025-01-10,2025-03-17,2025-03-31,Standard Double,14,16900,236600,Loyalty,completed
B00002725,G002405,R0021,A0013,2025-12-13,2026-01-01,2026-01-07,Standard Double,6,17100,102600,Corporate,completed
B00002726,G002602,R0026,A0001,2024-04-19,2024-06-19,2024-06-24,Villa,5,72000,360000,Direct,cancelled
B00002727,G002794,R0007,A0027,2025-02-10,2025-05-30,2025-06-07,Standard Double,8,13800,110400,Corporate,completed
B00002728,G001799,R0030,A0007,2025-03-16,2025-04-13,2025-04-25,Presidential,12,102500,1230000,Corporate,confirmed
B00002729,G000097,R0039,A0059,2025-12-05,2026-01-12,2026-01-16,Standard Double,4,17400,69600,OTA,confirmed
B00002730,G000590,R0029,A0003,2024-12-22,2025-01-31,2025-02-04,Presidential,4,125700,502800,Loyalty,completed
B00002731,G001977,R0018,A0057,2024-05-09,2024-06-21,2024-06-28,Standard King,7,17800,124600,Corporate,no_show
B00002732,G000837,R0003,A0044,2025-03-22,2025-06-10,2025-06-11,Standard Double,1,19500,19500,OTA,confirmed
B00002733,G000121,R0016,A0017,2025-12-19,2026-03-09,2026-03-23,Presidential,14,115500,1617000,Corporate,completed
B00002734,G001323,R0028,A0026,2024-10-20,2025-01-12,2025-01-13,Standard King,1,21900,21900,Direct,completed
B00002735,G001780,R0011,A0033,2024-03-16,2024-05-15,2024-05-24,Ocean Suite,9,36100,324900,Corporate,completed
B00002736,G001549,R0008,A0015,2025-03-30,2025-07-18,2025-07-27,Ocean Suite,9,45700,411300,OTA,completed
B00002737,G000124,R0021,A0008,2025-03-27,2025-03-29,2025-04-10,Standard King,12,18500,222000,OTA,completed
B00002738,G000380,R0018,A0019,2024-05-09,2024-08-16,2024-08-20,Standard King,4,21300,85200,OTA,confirmed
B00002739,G001627,R0021,A0036,2025-09-03,2025-09-23,2025-10-07,Standard Double,14,15100,211400,Direct,completed
B00002740,G002406,R0031,A0052,2025-04-02,2025-06-30,2025-07-06,Standard King,6,20500,123000,OTA,completed
B00002741,G000811,R0012,A0030,2024-09-30,2025-01-06,2025-01-20,Standard King,14,23100,323400,OTA,completed
B00002742,G001102,R0008,A0013,2025-03-02,2025-06-08,2025-06-10,Standard Double,2,17800,35600,Direct,completed
B00002743,G002766,R0010,A0009,2024-09-24,2025-01-18,2025-01-31,Standard Double,13,18300,237900,OTA,no_show
B00002744,G002388,R0007,A0011,2025-03-29,2025-04-08,2025-04-18,Standard Double,10,14700,147000,Corporate,completed
B00002745,G000451,R0026,A0033,2025-05-14,2025-08-19,2025-08-29,Standard King,10,21800,218000,OTA,completed
B00002746,G002239,R0033,A0003,2024-05-03,2024-06-07,2024-06-08,Standard King,1,17800,17800,Corporate,completed
B00002747,G002628,R0015,A0022,2025-06-14,2025-09-15,2025-09-29,Ocean Suite,14,43900,614600,OTA,completed
B00002748,G002874,R0007,A0027,2025-02-28,2025-05-12,2025-05-17,Standard Double,5,19400,97000,Loyalty,completed
B00002749,G002891,R0008,A0010,2025-12-02,2026-03-05,2026-03-17,Standard King,12,20000,240000,Direct,confirmed
B00002750,G000307,R0021,A0039,2024-06-25,2024-08-14,2024-08-15,Villa,1,55400,55400,Direct,completed
B00002751,G002931,R0023,A0032,2024-05-02,2024-08-08,2024-08-15,Standard Double,7,16400,114800,Corporate,completed
B00002752,G000235,R0040,A0023,2024-11-06,2024-12-07,2024-12-16,Standard Double,9,18400,165600,Direct,completed
B00002753,G001323,R0037,A0057,2024-07-13,2024-10-23,2024-10-26,Ocean Suite,3,44500,133500,Direct,no_show
B00002754,G000764,R0007,A0059,2025-02-27,2025-03-12,2025-03-16,Ocean Suite,4,39600,158400,Corporate,cancelled
B00002755,G001323,R0001,A0045,2025-05-31,2025-06-26,2025-07-06,Standard King,10,23200,232000,Direct,completed
B00002756,G002173,R0031,A0033,2024-12-27,2025-03-10,2025-03-19,Villa,9,54700,492300,Direct,completed
B00002757,G000582,R0039,A0027,2025-04-14,2025-06-09,2025-06-21,Standard King,12,17400,208800,OTA,completed
B00002758,G000844,R0008,A0035,2025-09-19,2025-12-23,2026-01-02,Ocean Suite,10,47200,472000,Loyalty,completed
B00002759,G002106,R0009,A0058,2024-01-19,2024-01-31,2024-02-14,Standard Double,14,13300,186200,Loyalty,completed
B00002760,G002341,R0025,A0043,2024-10-20,2024-11-24,2024-12-02,Standard King,8,18500,148000,Direct,completed
B00002761,G002869,R0016,A0048,2024-05-06,2024-08-20,2024-08-29,Standard Double,9,17700,159300,OTA,completed
B00002762,G001053,R0032,A0048,2025-04-26,2025-06-27,2025-07-08,Standard Double,11,18300,201300,Travel Agent,completed
B00002763,G001919,R0017,A0016,2025-07-25,2025-08-17,2025-08-24,Standard King,7,16000,112000,OTA,completed
B00002764,G000546,R0019,A0010,2024-11-28,2024-12-26,2025-01-05,Standard King,10,20800,208000,Direct,completed
B00002765,G001389,R0029,A0044,2024-02-19,2024-03-12,2024-03-14,Ocean Suite,2,38800,77600,Corporate,completed
B00002766,G002913,R0003,A0015,2025-01-22,2025-02-16,2025-02-25,Standard King,9,22700,204300,Travel Agent,completed
B00002767,G002733,R0002,A0049,2024-10-19,2024-12-18,2024-12-24,Villa,6,69700,418200,Corporate,confirmed
B00002768,G001571,R0031,A0004,2025-08-13,2025-11-11,2025-11-23,Ocean Suite,12,41600,499200,Direct,completed
B00002769,G001669,R0021,A0020,2024-03-24,2024-07-12,2024-07-19,Ocean Suite,7,42000,294000,OTA,cancelled
B00002770,G001780,R0037,A0034,2024-08-08,2024-11-08,2024-11-15,Ocean Suite,7,31100,217700,Direct,completed
B00002771,G002885,R0038,A0009,2024-03-07,2024-03-22,2024-04-03,Standard Double,12,18300,219600,Direct,cancelled
B00002772,G002339,R0032,A0032,2025-03-08,2025-03-26,2025-04-02,Ocean Suite,7,38500,269500,Corporate,completed
B00002773,G002900,R0037,A0006,2025-05-05,2025-07-15,2025-07-26,Standard Double,11,18800,206800,Corporate,completed
B00002774,G001047,R0007,A0048,2024-07-01,2024-09-04,2024-09-18,Standard Double,14,15800,221200,Direct,completed
B00002775,G002387,R0007,A0017,2024-02-13,2024-04-26,2024-05-08,Standard Double,12,13400,160800,Travel Agent,completed
B00002776,G002846,R0023,A0033,2025-05-10,2025-09-03,2025-09-06,Standard King,3,21200,63600,OTA,completed
B00002777,G001219,R0009,A0040,2025-06-12,2025-07-08,2025-07-22,Standard King,14,24200,338800,Direct,completed
B00002778,G001049,R0014,A0056,2024-07-29,2024-11-04,2024-11-08,Standard King,4,23800,95200,OTA,completed
B00002779,G001372,R0009,A0025,2025-06-28,2025-10-16,2025-10-24,Standard King,8,17100,136800,Direct,completed
B00002780,G001956,R0031,A0059,2024-03-17,2024-06-06,2024-06-17,Standard Double,11,19200,211200,Direct,confirmed
B00002781,G002900,R0026,A0026,2025-02-26,2025-05-15,2025-05-28,Standard Double,13,17700,230100,OTA,confirmed
B00002782,G001734,R0024,A0025,2025-05-27,2025-08-20,2025-09-02,Standard King,13,24200,314600,Direct,completed
B00002783,G002180,R0024,A0021,2025-04-01,2025-07-04,2025-07-16,Villa,12,65600,787200,OTA,completed
B00002784,G002439,R0015,A0042,2024-10-31,2025-02-12,2025-02-20,Ocean Suite,8,34400,275200,Travel Agent,confirmed
B00002785,G002618,R0040,A0045,2025-09-14,2025-10-11,2025-10-22,Standard Double,11,19700,216700,Direct,completed
B00002786,G000914,R0020,A0017,2025-08-17,2025-12-07,2025-12-20,Standard King,13,18100,235300,Travel Agent,confirmed
B00002787,G001614,R0004,A0042,2024-07-24,2024-09-12,2024-09-15,Ocean Suite,3,31800,95400,Loyalty,completed
B00002788,G002918,R0030,A0056,2025-10-25,2025-11-02,2025-11-16,Standard King,14,23400,327600,Direct,completed
B00002789,G001703,R0016,A0039,2025-01-08,2025-05-08,2025-05-11,Standard Double,3,17400,52200,Direct,confirmed
B00002790,G000251,R0031,A0045,2024-12-08,2025-01-24,2025-01-29,Standard Double,5,17100,85500,Corporate,completed
B00002791,G001959,R0012,A0053,2024-01-10,2024-01-17,2024-01-28,Standard King,11,17500,192500,Corporate,confirmed
B00002792,G001073,R0013,A0031,2025-03-06,2025-03-09,2025-03-12,Standard King,3,19200,57600,OTA,completed
B00002793,G002489,R0009,A0048,2024-03-10,2024-05-17,2024-05-22,Standard King,5,20900,104500,OTA,confirmed
B00002794,G002286,R0024,A0022,2025-09-06,2025-09-27,2025-09-30,Standard King,3,18600,55800,Corporate,completed
B00002795,G000024,R0028,A0013,2025-11-13,2025-12-03,2025-12-16,Standard King,13,22300,289900,Travel Agent,completed
B00002796,G001798,R0035,A0055,2025-06-23,2025-09-10,2025-09-18,Standard King,8,21800,174400,Direct,confirmed
B00002797,G002156,R0011,A0027,2025-11-11,2025-12-21,2026-01-04,Ocean Suite,14,34400,481600,Direct,completed
B00002798,G000504,R0001,A0060,2025-07-17,2025-09-01,2025-09-13,Ocean Suite,12,38900,466800,Direct,completed
B00002799,G000456,R0022,A0035,2025-10-28,2025-10-30,2025-11-05,Standard Double,6,13500,81000,OTA,completed
B00002800,G000869,R0006,A0038,2025-04-02,2025-06-10,2025-06-23,Ocean Suite,13,39300,510900,OTA,completed
B00002801,G000899,R0016,A0060,2024-08-27,2024-10-05,2024-10-19,Standard Double,14,14800,207200,OTA,no_show
B00002802,G002837,R0010,A0010,2025-03-16,2025-07-12,2025-07-15,Standard Double,3,17300,51900,Direct,completed
B00002803,G001181,R0032,A0016,2024-11-16,2024-11-23,2024-11-29,Presidential,6,108900,653400,Direct,completed
B00002804,G002558,R0027,A0002,2025-05-04,2025-08-23,2025-09-03,Standard Double,11,13900,152900,Direct,completed
B00002805,G000066,R0027,A0025,2025-08-08,2025-10-16,2025-10-29,Ocean Suite,13,35200,457600,Direct,completed
B00002806,G001786,R0015,A0025,2025-01-08,2025-02-04,2025-02-14,Standard Double,10,16700,167000,OTA,completed
B00002807,G002588,R0016,A0008,2025-09-18,2025-11-26,2025-12-01,Presidential,5,117800,589000,Corporate,completed
B00002808,G001389,R0021,A0012,2025-05-05,2025-06-07,2025-06-15,Standard Double,8,14800,118400,OTA,completed
B00002809,G001571,R0029,A0024,2024-03-15,2024-06-24,2024-07-08,Villa,14,53400,747600,OTA,completed
B00002810,G000905,R0035,A0055,2024-05-09,2024-08-11,2024-08-14,Ocean Suite,3,30400,91200,Corporate,cancelled
B00002811,G001556,R0029,A0015,2024-11-25,2025-02-04,2025-02-10,Standard King,6,18200,109200,OTA,completed
B00002812,G000552,R0031,A0007,2024-07-11,2024-09-28,2024-10-02,Standard King,4,23200,92800,Direct,no_show
B00002813,G000798,R0024,A0057,2025-12-31,2026-02-17,2026-02-27,Villa,10,60400,604000,Loyalty,completed
B00002814,G001653,R0008,A0039,2024-01-01,2024-03-09,2024-03-17,Standard Double,8,18400,147200,OTA,completed
B00002815,G001905,R0031,A0013,2025-03-11,2025-04-12,2025-04-13,Standard Double,1,16200,16200,Direct,completed
B00002816,G002332,R0027,A0002,2025-05-26,2025-08-19,2025-08-29,Presidential,10,132100,1321000,OTA,completed
B00002817,G000190,R0024,A0043,2025-03-30,2025-06-29,2025-07-02,Standard Double,3,13900,41700,Travel Agent,no_show
B00002818,G000746,R0015,A0046,2025-12-07,2025-12-26,2026-01-02,Standard Double,7,16100,112700,Direct,completed
B00002819,G002048,R0023,A0028,2024-05-03,2024-05-12,2024-05-20,Standard Double,8,14200,113600,OTA,confirmed
B00002820,G000371,R0021,A0036,2025-08-27,2025-12-06,2025-12-20,Ocean Suite,14,37800,529200,Direct,completed
B00002821,G000822,R0021,A0049,2025-12-08,2026-02-17,2026-03-02,Standard King,13,17000,221000,OTA,completed
B00002822,G001858,R0024,A0003,2025-12-15,2025-12-19,2025-12-25,Standard King,6,17000,102000,Direct,completed
B00002823,G002243,R0021,A0025,2024-09-05,2024-11-15,2024-11-23,Ocean Suite,8,44200,353600,Direct,confirmed
B00002824,G000638,R0036,A0050,2024-04-24,2024-05-31,2024-06-12,Standard Double,12,15000,180000,Direct,completed
B00002825,G002174,R0034,A0024,2024-08-08,2024-08-13,2024-08-20,Standard Double,7,17800,124600,OTA,no_show
B00002826,G002195,R0011,A0013,2025-02-08,2025-04-04,2025-04-10,Ocean Suite,6,30500,183000,OTA,completed
B00002827,G002617,R0001,A0021,2025-11-16,2026-03-10,2026-03-18,Standard Double,8,17600,140800,OTA,completed
B00002828,G001312,R0035,A0059,2024-11-29,2025-02-05,2025-02-13,Standard King,8,18300,146400,OTA,confirmed
B00002829,G000468,R0010,A0019,2024-01-17,2024-04-28,2024-05-03,Standard King,5,15800,79000,OTA,cancelled
B00002830,G001553,R0008,A0026,2024-01-15,2024-03-22,2024-04-02,Standard King,11,22100,243100,Corporate,completed
B00002831,G002887,R0019,A0002,2024-10-09,2024-12-05,2024-12-16,Ocean Suite,11,30500,335500,Direct,confirmed
B00002832,G000565,R0036,A0038,2024-05-13,2024-08-02,2024-08-10,Standard King,8,23100,184800,OTA,completed
B00002833,G002777,R0033,A0003,2024-08-18,2024-11-27,2024-12-08,Standard Double,11,16900,185900,OTA,completed
B00002834,G001432,R0015,A0016,2024-03-07,2024-06-16,2024-06-29,Ocean Suite,13,44900,583700,Travel Agent,completed
B00002835,G000167,R0039,A0003,2024-02-05,2024-03-10,2024-03-16,Standard King,6,23400,140400,Travel Agent,completed
B00002836,G001296,R0011,A0054,2024-04-16,2024-05-25,2024-05-26,Ocean Suite,1,36300,36300,Travel Agent,completed
B00002837,G002053,R0001,A0038,2024-04-28,2024-08-20,2024-08-27,Presidential,7,159500,1116500,Loyalty,completed
B00002838,G001495,R0036,A0007,2024-02-25,2024-03-09,2024-03-16,Standard King,7,17600,123200,OTA,no_show
B00002839,G001431,R0010,A0056,2024-08-12,2024-10-05,2024-10-07,Standard King,2,18900,37800,OTA,completed
B00002840,G002001,R0038,A0020,2024-10-13,2024-11-29,2024-11-30,Standard Double,1,17400,17400,Travel Agent,completed
B00002841,G001380,R0006,A0049,2025-05-22,2025-06-04,2025-06-11,Standard King,7,17700,123900,OTA,cancelled
B00002842,G000430,R0017,A0017,2025-01-13,2025-02-06,2025-02-13,Standard King,7,24000,168000,Travel Agent,completed
B00002843,G000354,R0024,A0017,2025-11-06,2026-02-01,2026-02-15,Standard Double,14,19300,270200,Corporate,cancelled
B00002844,G002073,R0017,A0039,2025-05-11,2025-08-26,2025-09-02,Standard King,7,20700,144900,Corporate,confirmed
B00002845,G000712,R0020,A0058,2025-05-01,2025-07-26,2025-08-02,Standard King,7,22500,157500,Direct,completed
B00002846,G001444,R0008,A0013,2024-07-14,2024-08-20,2024-08-23,Standard King,3,18300,54900,Direct,completed
B00002847,G001048,R0014,A0035,2024-05-05,2024-08-24,2024-09-05,Standard Double,12,13200,158400,Direct,completed
B00002848,G000028,R0031,A0022,2025-01-11,2025-03-04,2025-03-13,Standard Double,9,13200,118800,Loyalty,completed
B00002849,G000620,R0031,A0005,2025-02-04,2025-03-01,2025-03-05,Standard King,4,21500,86000,Direct,completed
B00002850,G001849,R0031,A0011,2024-09-10,2024-10-12,2024-10-15,Villa,3,54700,164100,OTA,confirmed
B00002851,G000507,R0033,A0056,2025-08-17,2025-11-07,2025-11-21,Standard King,14,18700,261800,Loyalty,completed
B00002852,G002487,R0019,A0018,2025-09-17,2025-10-12,2025-10-25,Standard King,13,19000,247000,OTA,cancelled
B00002853,G000019,R0039,A0057,2025-12-04,2026-01-16,2026-01-20,Standard Double,4,15900,63600,OTA,completed
B00002854,G002922,R0008,A0058,2025-12-29,2026-04-08,2026-04-12,Villa,4,65500,262000,OTA,completed
B00002855,G001307,R0007,A0042,2025-11-11,2026-03-05,2026-03-17,Standard King,12,15400,184800,OTA,completed
B00002856,G000489,R0035,A0004,2025-09-03,2025-10-02,2025-10-11,Standard Double,9,17900,161100,Loyalty,completed
B00002857,G002737,R0018,A0050,2024-09-03,2024-11-15,2024-11-23,Standard Double,8,13400,107200,OTA,completed
B00002858,G001747,R0025,A0050,2024-01-13,2024-03-18,2024-03-25,Ocean Suite,7,33800,236600,OTA,completed
B00002859,G000588,R0012,A0052,2024-11-14,2025-03-05,2025-03-13,Standard Double,8,17200,137600,Direct,cancelled
B00002860,G000177,R0016,A0022,2025-03-01,2025-03-18,2025-03-20,Standard King,2,17900,35800,Direct,confirmed
B00002861,G002145,R0040,A0057,2024-03-06,2024-03-11,2024-03-21,Presidential,10,130600,1306000,OTA,confirmed
B00002862,G000879,R0004,A0035,2025-03-04,2025-05-14,2025-05-16,Ocean Suite,2,39500,79000,Corporate,cancelled
B00002863,G002810,R0004,A0034,2025-04-09,2025-04-20,2025-04-25,Ocean Suite,5,39800,199000,Direct,completed
B00002864,G000030,R0003,A0031,2025-10-09,2025-11-01,2025-11-12,Villa,11,65700,722700,OTA,completed
B00002865,G000936,R0011,A0030,2025-06-29,2025-07-15,2025-07-21,Villa,6,55500,333000,Corporate,completed
B00002866,G000153,R0021,A0017,2024-04-24,2024-06-01,2024-06-11,Ocean Suite,10,41500,415000,OTA,cancelled
B00002867,G000962,R0024,A0019,2025-10-18,2025-10-29,2025-11-07,Standard Double,9,18600,167400,OTA,completed
B00002868,G001105,R0037,A0012,2025-03-14,2025-04-11,2025-04-18,Standard Double,7,17200,120400,OTA,completed
B00002869,G001000,R0022,A0035,2025-07-06,2025-09-08,2025-09-14,Standard King,6,23100,138600,OTA,completed
B00002870,G002582,R0010,A0007,2024-03-20,2024-06-30,2024-07-04,Ocean Suite,4,47000,188000,Travel Agent,completed
B00002871,G001723,R0024,A0044,2025-08-17,2025-10-10,2025-10-15,Standard King,5,15700,78500,OTA,completed
B00002872,G000714,R0028,A0011,2025-01-27,2025-02-03,2025-02-14,Standard Double,11,13300,146300,OTA,completed
B00002873,G001200,R0025,A0007,2024-02-23,2024-06-18,2024-06-27,Presidential,9,113400,1020600,Direct,completed
B00002874,G001370,R0017,A0003,2024-04-22,2024-07-09,2024-07-20,Standard Double,11,15400,169400,OTA,completed
B00002875,G000954,R0029,A0052,2025-10-14,2025-11-29,2025-12-02,Ocean Suite,3,47200,141600,OTA,completed
B00002876,G000983,R0017,A0008,2025-10-29,2025-11-02,2025-11-05,Ocean Suite,3,43800,131400,Loyalty,confirmed
B00002877,G001735,R0021,A0048,2024-01-23,2024-02-14,2024-02-19,Standard Double,5,20000,100000,OTA,completed
B00002878,G000351,R0024,A0031,2025-05-25,2025-07-08,2025-07-12,Standard King,4,21700,86800,Corporate,completed
B00002879,G002159,R0008,A0021,2025-04-20,2025-08-15,2025-08-24,Standard Double,9,19500,175500,Loyalty,completed
B00002880,G000465,R0007,A0021,2024-04-05,2024-04-14,2024-04-19,Standard King,5,17600,88000,Direct,confirmed
B00002881,G000305,R0029,A0014,2025-11-19,2026-03-19,2026-03-23,Standard Double,4,19600,78400,OTA,confirmed
B00002882,G001316,R0026,A0039,2024-11-13,2025-03-09,2025-03-15,Ocean Suite,6,39200,235200,OTA,confirmed
B00002883,G002020,R0006,A0060,2025-02-16,2025-06-10,2025-06-12,Standard Double,2,15600,31200,Direct,confirmed
B00002884,G000371,R0015,A0055,2025-11-11,2026-01-17,2026-01-28,Ocean Suite,11,31200,343200,Direct,cancelled
B00002885,G001729,R0025,A0023,2024-09-22,2024-09-24,2024-09-25,Standard King,1,15800,15800,Corporate,completed
B00002886,G000235,R0026,A0047,2025-12-27,2026-04-21,2026-05-05,Standard Double,14,18800,263200,Direct,completed
B00002887,G002707,R0012,A0020,2025-12-25,2026-04-12,2026-04-14,Ocean Suite,2,34100,68200,Loyalty,completed
B00002888,G000520,R0034,A0010,2024-08-22,2024-12-08,2024-12-09,Standard Double,1,19400,19400,Corporate,completed
B00002889,G000225,R0017,A0026,2024-08-17,2024-10-23,2024-11-05,Villa,13,68900,895700,OTA,completed
B00002890,G001305,R0028,A0026,2024-05-30,2024-06-08,2024-06-22,Ocean Suite,14,34700,485800,Direct,completed
B00002891,G001180,R0021,A0042,2024-04-15,2024-04-28,2024-05-10,Villa,12,65200,782400,Loyalty,completed
B00002892,G002226,R0001,A0032,2025-09-04,2025-12-22,2026-01-02,Standard King,11,19600,215600,OTA,confirmed
B00002893,G002159,R0036,A0052,2024-08-20,2024-08-22,2024-08-27,Standard King,5,21300,106500,Travel Agent,cancelled
B00002894,G000976,R0032,A0016,2024-09-30,2024-12-29,2025-01-02,Standard Double,4,17600,70400,Travel Agent,completed
B00002895,G001476,R0028,A0033,2024-06-08,2024-09-24,2024-09-30,Ocean Suite,6,31000,186000,Corporate,confirmed
B00002896,G002309,R0001,A0051,2024-08-07,2024-10-07,2024-10-08,Standard King,1,22000,22000,OTA,completed
B00002897,G000693,R0040,A0023,2025-08-01,2025-08-04,2025-08-10,Ocean Suite,6,41200,247200,OTA,completed
B00002898,G000628,R0029,A0047,2025-02-03,2025-03-26,2025-04-04,Standard King,9,23800,214200,Travel Agent,completed
B00002899,G002445,R0007,A0006,2024-12-20,2025-04-10,2025-04-15,Standard King,5,21500,107500,Travel Agent,cancelled
B00002900,G001999,R0012,A0048,2025-06-09,2025-08-31,2025-09-10,Standard King,10,24000,240000,Loyalty,confirmed
B00002901,G002736,R0008,A0010,2024-04-30,2024-06-28,2024-07-08,Standard King,10,16500,165000,OTA,confirmed
B00002902,G000010,R0009,A0023,2025-12-07,2026-03-08,2026-03-22,Standard King,14,22900,320600,Loyalty,cancelled
B00002903,G000715,R0018,A0051,2025-05-23,2025-08-15,2025-08-27,Standard Double,12,13800,165600,OTA,completed
B00002904,G001268,R0007,A0044,2024-06-03,2024-06-05,2024-06-15,Standard King,10,15600,156000,OTA,cancelled
B00002905,G002714,R0004,A0056,2024-12-03,2025-02-14,2025-02-17,Ocean Suite,3,44500,133500,OTA,cancelled
B00002906,G002354,R0001,A0056,2025-01-07,2025-02-22,2025-03-06,Ocean Suite,12,41700,500400,OTA,completed
B00002907,G000864,R0012,A0032,2025-04-16,2025-06-30,2025-07-06,Standard Double,6,14400,86400,Travel Agent,completed
B00002908,G000418,R0021,A0007,2025-11-06,2026-02-28,2026-03-11,Standard King,11,21200,233200,Direct,completed
B00002909,G002363,R0017,A0026,2024-10-12,2024-12-19,2025-01-02,Ocean Suite,14,34700,485800,Travel Agent,completed
B00002910,G000137,R0011,A0059,2025-07-25,2025-09-25,2025-10-08,Standard King,13,22000,286000,Corporate,confirmed
B00002911,G001967,R0007,A0016,2024-01-13,2024-03-21,2024-03-27,Standard Double,6,16000,96000,OTA,completed
B00002912,G000576,R0036,A0012,2025-01-19,2025-04-13,2025-04-14,Standard Double,1,17300,17300,Corporate,completed
B00002913,G002226,R0029,A0054,2024-11-04,2024-12-09,2024-12-21,Standard Double,12,16900,202800,Corporate,completed
B00002914,G000948,R0029,A0057,2025-07-10,2025-07-26,2025-07-28,Standard King,2,17100,34200,Direct,completed
B00002915,G000128,R0021,A0020,2025-03-26,2025-07-14,2025-07-22,Villa,8,51400,411200,OTA,completed
B00002916,G002964,R0017,A0036,2024-04-13,2024-07-08,2024-07-10,Ocean Suite,2,30200,60400,OTA,completed
B00002917,G002192,R0009,A0047,2024-10-14,2024-12-16,2024-12-24,Standard Double,8,16900,135200,Direct,completed
B00002918,G001208,R0024,A0028,2024-04-12,2024-05-24,2024-06-07,Ocean Suite,14,33800,473200,Travel Agent,completed
B00002919,G002641,R0032,A0004,2025-11-09,2026-02-07,2026-02-14,Standard King,7,23400,163800,Direct,completed
B00002920,G002437,R0015,A0002,2024-09-07,2024-11-09,2024-11-13,Ocean Suite,4,44400,177600,Direct,completed
B00002921,G002585,R0032,A0037,2025-10-29,2025-11-26,2025-11-27,Standard Double,1,18800,18800,OTA,confirmed
B00002922,G000748,R0007,A0026,2024-10-03,2024-11-30,2024-12-12,Standard King,12,17900,214800,OTA,cancelled
B00002923,G002706,R0009,A0037,2025-09-12,2025-09-16,2025-09-22,Ocean Suite,6,33500,201000,Corporate,cancelled
B00002924,G001845,R0002,A0053,2024-06-11,2024-10-06,2024-10-18,Ocean Suite,12,40600,487200,OTA,confirmed
B00002925,G002201,R0021,A0001,2024-04-11,2024-06-23,2024-07-03,Ocean Suite,10,43500,435000,Corporate,completed
B00002926,G001830,R0021,A0046,2025-12-14,2026-03-17,2026-03-26,Ocean Suite,9,44100,396900,OTA,completed
B00002927,G000348,R0024,A0058,2025-01-13,2025-05-12,2025-05-24,Ocean Suite,12,37000,444000,Corporate,completed
B00002928,G002042,R0026,A0042,2024-11-19,2025-02-04,2025-02-16,Standard Double,12,14500,174000,Loyalty,completed
B00002929,G002577,R0003,A0023,2025-07-05,2025-07-12,2025-07-19,Standard Double,7,12800,89600,Direct,completed
B00002930,G000201,R0017,A0001,2024-01-14,2024-01-20,2024-01-25,Standard King,5,17900,89500,OTA,confirmed
B00002931,G002998,R0014,A0019,2025-07-02,2025-10-14,2025-10-22,Standard Double,8,15400,123200,Direct,no_show
B00002932,G000552,R0026,A0028,2024-11-19,2025-01-15,2025-01-22,Standard King,7,23900,167300,OTA,completed
B00002933,G002735,R0008,A0011,2024-04-19,2024-07-30,2024-08-13,Standard Double,14,14000,196000,Travel Agent,completed
B00002934,G000446,R0020,A0016,2024-12-12,2024-12-15,2024-12-23,Villa,8,78800,630400,Direct,completed
B00002935,G002957,R0031,A0055,2025-11-08,2025-12-28,2026-01-01,Ocean Suite,4,44300,177200,Direct,completed
B00002936,G001933,R0030,A0026,2024-02-29,2024-03-21,2024-03-27,Standard King,6,18600,111600,OTA,completed
B00002937,G000738,R0033,A0039,2024-09-14,2024-12-11,2024-12-16,Standard King,5,21200,106000,Direct,completed
B00002938,G002797,R0009,A0018,2025-11-28,2026-01-03,2026-01-16,Standard Double,13,18000,234000,Corporate,completed
B00002939,G001227,R0018,A0059,2025-06-26,2025-10-21,2025-10-31,Presidential,10,103200,1032000,Direct,completed
B00002940,G002376,R0016,A0057,2024-06-07,2024-08-29,2024-09-10,Standard King,12,21900,262800,Corporate,completed
B00002941,G001044,R0031,A0027,2025-08-08,2025-10-08,2025-10-12,Standard Double,4,13000,52000,Direct,confirmed
B00002942,G002205,R0009,A0055,2025-08-08,2025-10-05,2025-10-10,Standard Double,5,18800,94000,OTA,completed
B00002943,G001495,R0039,A0013,2024-06-16,2024-08-04,2024-08-18,Standard King,14,18300,256200,Travel Agent,completed
B00002944,G001455,R0001,A0034,2025-03-06,2025-06-11,2025-06-25,Standard Double,14,17000,238000,Direct,completed
B00002945,G001137,R0020,A0055,2025-04-01,2025-06-02,2025-06-10,Villa,8,80800,646400,Direct,completed
B00002946,G000075,R0024,A0048,2025-12-14,2025-12-25,2025-12-31,Standard Double,6,14800,88800,Travel Agent,completed
B00002947,G001517,R0021,A0009,2025-02-02,2025-04-24,2025-04-28,Standard Double,4,19800,79200,Direct,confirmed
B00002948,G002758,R0031,A0025,2025-02-23,2025-03-22,2025-03-26,Ocean Suite,4,41800,167200,Loyalty,completed
B00002949,G002163,R0031,A0009,2025-10-02,2026-01-01,2026-01-13,Ocean Suite,12,38000,456000,OTA,completed
B00002950,G001679,R0002,A0016,2025-03-09,2025-06-21,2025-07-01,Standard Double,10,18600,186000,Direct,completed
B00002951,G001170,R0039,A0053,2024-07-20,2024-10-17,2024-10-23,Standard King,6,23900,143400,Travel Agent,completed
B00002952,G002153,R0030,A0044,2024-09-19,2024-10-07,2024-10-12,Standard Double,5,15900,79500,Direct,no_show
B00002953,G001367,R0028,A0038,2024-01-23,2024-05-12,2024-05-26,Ocean Suite,14,43700,611800,OTA,completed
B00002954,G002172,R0040,A0031,2024-03-04,2024-05-05,2024-05-15,Standard Double,10,14300,143000,OTA,completed
B00002955,G002374,R0020,A0053,2024-01-19,2024-02-07,2024-02-11,Villa,4,65400,261600,Direct,confirmed
B00002956,G000016,R0007,A0036,2024-04-02,2024-07-01,2024-07-08,Ocean Suite,7,40900,286300,Loyalty,completed
B00002957,G001013,R0017,A0003,2024-03-10,2024-03-24,2024-04-02,Standard King,9,19400,174600,OTA,completed
B00002958,G000595,R0006,A0042,2024-01-29,2024-05-12,2024-05-16,Ocean Suite,4,39600,158400,Loyalty,no_show
B00002959,G002375,R0028,A0042,2024-09-16,2024-10-06,2024-10-10,Standard Double,4,19700,78800,Corporate,completed
B00002960,G000652,R0019,A0057,2025-06-26,2025-08-30,2025-09-04,Standard Double,5,16300,81500,OTA,completed
B00002961,G002995,R0001,A0053,2024-07-02,2024-10-22,2024-10-30,Standard Double,8,13700,109600,Corporate,no_show
B00002962,G001352,R0023,A0003,2024-12-26,2025-01-21,2025-01-24,Standard Double,3,17300,51900,Direct,confirmed
B00002963,G002288,R0010,A0026,2025-04-17,2025-07-24,2025-08-05,Standard Double,12,19300,231600,Travel Agent,confirmed
B00002964,G001813,R0034,A0028,2024-06-18,2024-08-22,2024-08-30,Standard Double,8,16400,131200,OTA,cancelled
B00002965,G001545,R0011,A0039,2025-09-27,2026-01-07,2026-01-14,Standard King,7,22800,159600,Direct,confirmed
B00002966,G001081,R0019,A0002,2024-03-20,2024-06-19,2024-06-20,Standard Double,1,13500,13500,Direct,completed
B00002967,G001493,R0012,A0028,2025-03-24,2025-05-31,2025-06-02,Standard King,2,18800,37600,Corporate,completed
B00002968,G000326,R0005,A0043,2024-02-01,2024-05-24,2024-05-26,Ocean Suite,2,38600,77200,OTA,completed
B00002969,G002857,R0003,A0047,2024-03-08,2024-06-02,2024-06-14,Standard Double,12,17000,204000,Direct,cancelled
B00002970,G002869,R0007,A0046,2025-03-31,2025-04-28,2025-05-06,Standard King,8,22800,182400,OTA,completed
B00002971,G000704,R0019,A0037,2025-02-27,2025-03-20,2025-03-22,Ocean Suite,2,46800,93600,Travel Agent,completed
B00002972,G001371,R0034,A0025,2024-10-03,2025-01-20,2025-02-01,Standard Double,12,19600,235200,Direct,cancelled
B00002973,G001134,R0003,A0054,2025-04-27,2025-05-08,2025-05-10,Ocean Suite,2,42100,84200,Direct,confirmed
B00002974,G000287,R0016,A0060,2025-12-25,2026-01-09,2026-01-19,Villa,10,69300,693000,Loyalty,cancelled
B00002975,G001664,R0010,A0031,2025-09-06,2025-12-15,2025-12-19,Ocean Suite,4,42000,168000,Direct,cancelled
B00002976,G001709,R0039,A0028,2024-02-20,2024-06-08,2024-06-14,Standard King,6,19800,118800,Corporate,completed
B00002977,G001269,R0011,A0012,2025-02-14,2025-06-05,2025-06-10,Ocean Suite,5,36500,182500,Corporate,completed
B00002978,G001057,R0032,A0022,2024-04-18,2024-07-22,2024-07-31,Standard King,9,22200,199800,Direct,completed
B00002979,G000310,R0036,A0002,2025-08-04,2025-10-07,2025-10-18,Ocean Suite,11,35500,390500,Loyalty,completed
B00002980,G000192,R0021,A0057,2024-09-25,2024-10-30,2024-11-11,Standard King,12,23400,280800,Loyalty,completed
B00002981,G002578,R0032,A0051,2024-01-20,2024-03-28,2024-04-06,Standard King,9,18400,165600,Direct,completed
B00002982,G002089,R0012,A0027,2024-09-15,2025-01-06,2025-01-16,Villa,10,64300,643000,Direct,completed
B00002983,G001566,R0001,A0029,2025-11-06,2026-01-14,2026-01-16,Standard Double,2,12800,25600,OTA,completed
B00002984,G000925,R0010,A0043,2025-09-02,2025-12-07,2025-12-18,Ocean Suite,11,36600,402600,Travel Agent,completed
B00002985,G000120,R0021,A0003,2025-05-21,2025-07-16,2025-07-17,Standard King,1,22700,22700,OTA,confirmed
B00002986,G001026,R0031,A0036,2024-07-02,2024-09-05,2024-09-10,Presidential,5,123700,618500,OTA,completed
B00002987,G002000,R0028,A0028,2024-05-14,2024-08-11,2024-08-13,Standard Double,2,13900,27800,Corporate,completed
B00002988,G000619,R0038,A0051,2024-04-23,2024-06-09,2024-06-12,Standard Double,3,14000,42000,OTA,completed
B00002989,G002819,R0018,A0051,2024-02-25,2024-06-19,2024-06-28,Ocean Suite,9,31500,283500,Travel Agent,completed
B00002990,G002185,R0026,A0038,2025-07-06,2025-07-10,2025-07-12,Standard King,2,22200,44400,OTA,completed
B00002991,G002292,R0001,A0056,2025-07-06,2025-07-11,2025-07-14,Standard Double,3,18900,56700,Direct,completed
B00002992,G000987,R0026,A0046,2025-04-13,2025-04-21,2025-04-25,Villa,4,78800,315200,Travel Agent,cancelled
B00002993,G001552,R0026,A0029,2024-03-19,2024-05-14,2024-05-26,Standard Double,12,20100,241200,OTA,confirmed
B00002994,G001474,R0004,A0009,2024-09-06,2024-12-26,2025-01-02,Standard Double,7,14100,98700,Direct,completed
B00002995,G000081,R0036,A0059,2025-01-31,2025-04-20,2025-04-25,Standard King,5,19200,96000,Corporate,completed
B00002996,G000820,R0035,A0059,2025-10-13,2026-02-04,2026-02-09,Villa,5,73600,368000,Loyalty,completed
B00002997,G002915,R0016,A0055,2025-07-31,2025-08-30,2025-08-31,Ocean Suite,1,34500,34500,Direct,confirmed
B00002998,G002576,R0039,A0045,2025-05-23,2025-09-14,2025-09-15,Standard Double,1,16900,16900,Corporate,completed
B00002999,G002603,R0040,A0004,2024-11-18,2025-02-22,2025-03-03,Ocean Suite,9,30700,276300,OTA,completed
B00003000,G001509,R0028,A0017,2024-04-26,2024-05-21,2024-05-22,Ocean Suite,1,43100,43100,OTA,completed
B00003001,G001976,R0022,A0020,2024-08-02,2024-11-26,2024-12-05,Standard Double,9,12700,114300,Direct,completed
B00003002,G000671,R0001,A0029,2024-12-18,2025-01-28,2025-02-01,Standard King,4,18600,74400,Direct,completed
B00003003,G001036,R0022,A0011,2025-04-24,2025-05-05,2025-05-07,Ocean Suite,2,39400,78800,OTA,confirmed
B00003004,G002833,R0040,A0048,2024-05-03,2024-08-24,2024-09-02,Standard Double,9,13400,120600,Direct,confirmed
B00003005,G001058,R0001,A0032,2025-10-09,2026-02-05,2026-02-06,Presidential,1,146000,146000,OTA,completed
B00003006,G001668,R0010,A0031,2025-12-17,2026-03-07,2026-03-10,Ocean Suite,3,36400,109200,OTA,cancelled
B00003007,G001515,R0010,A0044,2024-07-01,2024-10-18,2024-10-22,Standard Double,4,15500,62000,Direct,completed
B00003008,G000505,R0020,A0054,2024-07-27,2024-09-27,2024-10-01,Standard Double,4,14900,59600,Direct,completed
B00003009,G001177,R0025,A0038,2024-07-13,2024-09-07,2024-09-12,Standard King,5,19100,95500,Travel Agent,completed
B00003010,G000481,R0027,A0036,2025-01-11,2025-01-16,2025-01-29,Standard Double,13,15100,196300,Direct,completed
B00003011,G001683,R0038,A0031,2024-08-21,2024-09-21,2024-10-02,Ocean Suite,11,32000,352000,Direct,completed
B00003012,G000981,R0034,A0041,2024-04-16,2024-07-10,2024-07-20,Standard Double,10,18500,185000,OTA,completed
B00003013,G002238,R0020,A0016,2025-03-21,2025-07-18,2025-07-25,Standard Double,7,15000,105000,Direct,completed
B00003014,G002074,R0031,A0047,2025-09-12,2025-11-05,2025-11-12,Standard King,7,19800,138600,OTA,no_show
B00003015,G002154,R0036,A0050,2024-05-30,2024-06-25,2024-06-29,Villa,4,52200,208800,OTA,completed
B00003016,G002585,R0032,A0004,2025-12-04,2026-02-02,2026-02-08,Standard King,6,21500,129000,OTA,completed
B00003017,G002809,R0034,A0060,2024-06-27,2024-08-31,2024-09-11,Ocean Suite,11,45100,496100,OTA,completed
B00003018,G002145,R0033,A0044,2024-03-05,2024-06-26,2024-06-29,Standard Double,3,13100,39300,Travel Agent,completed
B00003019,G002237,R0002,A0028,2024-03-17,2024-06-12,2024-06-20,Standard Double,8,13900,111200,Direct,completed
B00003020,G002176,R0036,A0004,2024-08-05,2024-09-08,2024-09-17,Ocean Suite,9,40500,364500,Loyalty,completed
B00003021,G001113,R0003,A0053,2025-06-30,2025-08-01,2025-08-05,Standard King,4,23400,93600,OTA,completed
B00003022,G000288,R0007,A0014,2025-11-17,2026-01-21,2026-02-02,Standard King,12,21600,259200,Travel Agent,completed
B00003023,G002043,R0002,A0034,2025-07-23,2025-07-25,2025-08-08,Ocean Suite,14,37500,525000,Direct,no_show
B00003024,G002155,R0009,A0027,2025-06-24,2025-08-27,2025-08-28,Standard King,1,23300,23300,OTA,cancelled
B00003025,G000685,R0019,A0053,2024-05-02,2024-08-18,2024-08-26,Ocean Suite,8,36500,292000,Direct,completed
B00003026,G002231,R0008,A0032,2024-06-11,2024-08-08,2024-08-12,Ocean Suite,4,30400,121600,Travel Agent,completed
B00003027,G001805,R0001,A0059,2025-06-17,2025-07-23,2025-08-04,Villa,12,58500,702000,Direct,completed
B00003028,G002458,R0009,A0008,2025-09-21,2025-12-20,2025-12-28,Standard Double,8,15100,120800,OTA,completed
B00003029,G001729,R0022,A0036,2025-02-15,2025-04-15,2025-04-18,Standard Double,3,17000,51000,Direct,completed
B00003030,G002729,R0003,A0028,2024-01-25,2024-02-07,2024-02-13,Presidential,6,117500,705000,Direct,completed
B00003031,G000970,R0034,A0014,2025-09-22,2025-10-10,2025-10-23,Standard King,13,20100,261300,Corporate,completed
B00003032,G001726,R0033,A0048,2024-07-10,2024-09-21,2024-09-28,Villa,7,80400,562800,Direct,completed
B00003033,G002010,R0020,A0013,2025-10-29,2026-02-25,2026-02-27,Ocean Suite,2,44300,88600,OTA,completed
B00003034,G002990,R0003,A0004,2024-03-20,2024-04-09,2024-04-23,Standard Double,14,19200,268800,Corporate,completed
B00003035,G000343,R0003,A0037,2024-01-07,2024-01-14,2024-01-24,Standard King,10,18800,188000,Corporate,completed
B00003036,G000224,R0016,A0003,2024-04-08,2024-06-08,2024-06-17,Villa,9,76600,689400,Direct,confirmed
B00003037,G002649,R0001,A0059,2024-11-18,2024-12-12,2024-12-26,Ocean Suite,14,35600,498400,Travel Agent,completed
B00003038,G000447,R0013,A0011,2025-02-25,2025-04-17,2025-04-23,Ocean Suite,6,45500,273000,OTA,completed
B00003039,G000484,R0005,A0056,2025-05-21,2025-06-02,2025-06-06,Ocean Suite,4,34100,136400,Travel Agent,completed
B00003040,G001054,R0030,A0027,2024-09-08,2024-10-18,2024-11-01,Standard Double,14,15000,210000,Travel Agent,completed
B00003041,G001079,R0032,A0044,2024-03-22,2024-04-02,2024-04-09,Standard King,7,19800,138600,Travel Agent,confirmed
B00003042,G002298,R0039,A0041,2025-05-20,2025-09-16,2025-09-22,Standard Double,6,18200,109200,Direct,confirmed
B00003043,G000675,R0034,A0048,2024-08-21,2024-08-28,2024-09-10,Villa,13,62900,817700,Loyalty,confirmed
B00003044,G002888,R0032,A0030,2024-10-12,2024-11-19,2024-11-30,Ocean Suite,11,33700,370700,Corporate,no_show
B00003045,G002044,R0034,A0028,2025-12-10,2026-03-03,2026-03-15,Standard King,12,21600,259200,Direct,confirmed
B00003046,G001123,R0026,A0047,2025-09-27,2025-11-28,2025-12-01,Ocean Suite,3,43500,130500,Corporate,completed
B00003047,G000132,R0005,A0002,2025-09-02,2025-11-15,2025-11-23,Standard Double,8,14900,119200,Direct,completed
B00003048,G000497,R0017,A0009,2024-05-11,2024-07-15,2024-07-18,Standard Double,3,16500,49500,Loyalty,completed
B00003049,G001403,R0005,A0001,2025-10-20,2025-12-06,2025-12-14,Standard Double,8,17000,136000,OTA,confirmed
B00003050,G001552,R0023,A0058,2024-12-24,2025-01-08,2025-01-19,Standard King,11,22200,244200,Direct,cancelled
B00003051,G000981,R0014,A0005,2025-08-28,2025-10-10,2025-10-20,Standard Double,10,14500,145000,Loyalty,completed
B00003052,G002831,R0031,A0014,2024-05-06,2024-05-26,2024-06-04,Standard King,9,21000,189000,Corporate,completed
B00003053,G001309,R0033,A0006,2024-09-19,2024-10-23,2024-11-05,Standard Double,13,16900,219700,OTA,confirmed
B00003054,G000116,R0024,A0055,2025-03-30,2025-04-03,2025-04-13,Standard Double,10,17500,175000,Direct,completed
B00003055,G001046,R0012,A0060,2025-12-31,2026-03-26,2026-04-09,Ocean Suite,14,47000,658000,Direct,completed
B00003056,G001972,R0032,A0003,2025-06-09,2025-08-28,2025-09-10,Ocean Suite,13,40900,531700,OTA,cancelled
B00003057,G002318,R0013,A0025,2024-04-21,2024-08-03,2024-08-12,Standard King,9,17700,159300,Direct,completed
B00003058,G002160,R0037,A0010,2024-06-18,2024-08-09,2024-08-22,Standard King,13,20700,269100,Direct,confirmed
B00003059,G002226,R0019,A0029,2025-05-20,2025-06-02,2025-06-08,Standard Double,6,18200,109200,Direct,completed
B00003060,G001569,R0022,A0058,2024-03-06,2024-05-24,2024-06-07,Standard Double,14,13400,187600,OTA,completed
B00003061,G002043,R0003,A0011,2025-06-25,2025-08-19,2025-08-24,Ocean Suite,5,43200,216000,OTA,confirmed
B00003062,G002608,R0023,A0008,2024-05-08,2024-06-19,2024-06-23,Standard Double,4,17600,70400,Corporate,confirmed
B00003063,G001570,R0032,A0054,2025-09-04,2025-10-01,2025-10-04,Ocean Suite,3,37900,113700,OTA,confirmed
B00003064,G000768,R0025,A0050,2024-07-02,2024-08-22,2024-08-31,Ocean Suite,9,38000,342000,Direct,completed
B00003065,G001332,R0002,A0029,2025-04-01,2025-06-18,2025-06-22,Ocean Suite,4,35100,140400,Travel Agent,completed
B00003066,G002354,R0021,A0044,2025-10-29,2025-12-18,2025-12-21,Standard Double,3,17700,53100,OTA,completed
B00003067,G001454,R0005,A0055,2025-04-06,2025-07-25,2025-07-29,Ocean Suite,4,36900,147600,OTA,completed
B00003068,G000126,R0008,A0051,2024-07-15,2024-07-27,2024-08-07,Standard Double,11,16100,177100,Loyalty,completed
B00003069,G001760,R0024,A0027,2024-03-20,2024-06-08,2024-06-15,Ocean Suite,7,42400,296800,Travel Agent,confirmed
B00003070,G000333,R0001,A0050,2024-01-02,2024-01-26,2024-02-02,Ocean Suite,7,35700,249900,OTA,completed
B00003071,G000571,R0013,A0047,2025-08-25,2025-11-16,2025-11-24,Standard Double,8,15000,120000,Corporate,completed
B00003072,G000999,R0010,A0016,2024-02-25,2024-05-14,2024-05-27,Standard King,13,23100,300300,Corporate,completed
B00003073,G001537,R0007,A0054,2024-12-08,2025-01-06,2025-01-20,Ocean Suite,14,37800,529200,Corporate,confirmed
B00003074,G002906,R0001,A0032,2025-06-24,2025-07-03,2025-07-14,Villa,11,63500,698500,OTA,completed
B00003075,G000457,R0004,A0031,2024-02-21,2024-04-17,2024-04-24,Standard King,7,20700,144900,Direct,confirmed
B00003076,G002691,R0008,A0030,2025-08-10,2025-10-31,2025-11-14,Ocean Suite,14,37500,525000,OTA,completed
B00003077,G002548,R0037,A0060,2025-01-31,2025-04-28,2025-04-29,Standard Double,1,14700,14700,OTA,completed
B00003078,G002118,R0032,A0035,2024-11-14,2025-02-14,2025-02-22,Standard Double,8,16900,135200,OTA,completed
B00003079,G001605,R0026,A0034,2025-07-04,2025-09-30,2025-10-07,Presidential,7,128800,901600,Direct,completed
B00003080,G001329,R0029,A0005,2024-09-20,2024-11-22,2024-12-06,Standard King,14,24100,337400,Direct,confirmed
B00003081,G002695,R0010,A0047,2024-03-30,2024-04-08,2024-04-22,Standard King,14,19300,270200,Travel Agent,cancelled
B00003082,G002495,R0026,A0020,2025-10-19,2026-02-03,2026-02-17,Ocean Suite,14,43900,614600,Travel Agent,completed
B00003083,G000888,R0011,A0043,2025-11-07,2025-11-21,2025-11-27,Villa,6,63200,379200,Direct,no_show
B00003084,G001494,R0040,A0005,2024-04-18,2024-06-23,2024-07-05,Standard King,12,17400,208800,Corporate,confirmed
B00003085,G002452,R0020,A0019,2024-09-25,2024-10-03,2024-10-16,Standard King,13,22500,292500,Direct,completed
B00003086,G000382,R0037,A0057,2025-12-21,2026-03-12,2026-03-14,Standard Double,2,17800,35600,OTA,confirmed
B00003087,G001732,R0004,A0041,2025-06-19,2025-06-29,2025-07-13,Standard King,14,23000,322000,OTA,completed
B00003088,G000009,R0018,A0011,2025-02-23,2025-06-17,2025-07-01,Standard Double,14,16900,236600,Direct,confirmed
B00003089,G002553,R0001,A0017,2025-10-25,2025-12-26,2026-01-03,Ocean Suite,8,40000,320000,Travel Agent,confirmed
B00003090,G001498,R0013,A0006,2024-03-07,2024-06-11,2024-06-24,Standard Double,13,15800,205400,OTA,completed
B00003091,G002596,R0040,A0020,2025-04-24,2025-06-17,2025-06-22,Standard Double,5,13500,67500,Direct,cancelled
B00003092,G000339,R0037,A0003,2024-01-11,2024-01-29,2024-02-12,Villa,14,63100,883400,Direct,cancelled
B00003093,G001992,R0029,A0059,2025-12-15,2026-03-23,2026-03-31,Standard King,8,18200,145600,OTA,completed
B00003094,G001519,R0024,A0048,2024-09-27,2024-10-23,2024-11-04,Standard King,12,20100,241200,Direct,completed
B00003095,G001661,R0022,A0031,2025-09-08,2025-10-14,2025-10-27,Standard King,13,23900,310700,Corporate,completed
B00003096,G000839,R0016,A0011,2025-04-26,2025-06-12,2025-06-13,Standard Double,1,14300,14300,OTA,completed
B00003097,G001142,R0015,A0010,2024-08-28,2024-09-30,2024-10-12,Standard King,12,21900,262800,OTA,confirmed
B00003098,G000027,R0011,A0036,2025-05-17,2025-06-12,2025-06-16,Standard Double,4,12800,51200,Travel Agent,confirmed
B00003099,G002124,R0020,A0051,2024-06-23,2024-09-10,2024-09-15,Standard King,5,23000,115000,OTA,completed
B00003100,G001851,R0037,A0013,2024-01-24,2024-05-02,2024-05-09,Villa,7,55700,389900,Travel Agent,confirmed
B00003101,G002206,R0024,A0023,2024-05-16,2024-08-30,2024-09-10,Standard King,11,16500,181500,Direct,confirmed
B00003102,G000346,R0002,A0005,2025-01-13,2025-02-08,2025-02-22,Standard King,14,23700,331800,Travel Agent,no_show
B00003103,G001818,R0019,A0060,2025-05-03,2025-08-30,2025-09-05,Ocean Suite,6,44600,267600,OTA,completed
B00003104,G002408,R0029,A0038,2025-07-04,2025-09-03,2025-09-04,Standard Double,1,19200,19200,Travel Agent,confirmed
B00003105,G000914,R0010,A0042,2025-11-05,2026-02-25,2026-03-07,Standard Double,10,18900,189000,OTA,confirmed
B00003106,G000467,R0019,A0022,2024-06-11,2024-08-31,2024-09-06,Villa,6,55600,333600,Direct,completed
B00003107,G000539,R0018,A0052,2025-08-25,2025-11-06,2025-11-17,Ocean Suite,11,31800,349800,OTA,completed
B00003108,G002428,R0028,A0037,2025-10-29,2025-11-24,2025-12-04,Standard Double,10,15200,152000,Direct,completed
B00003109,G000597,R0005,A0025,2025-08-19,2025-10-25,2025-11-06,Standard Double,12,15000,180000,Direct,completed
B00003110,G000052,R0013,A0041,2025-01-03,2025-02-21,2025-03-03,Standard King,10,23800,238000,Corporate,cancelled
B00003111,G000689,R0014,A0021,2025-07-14,2025-09-20,2025-09-29,Standard Double,9,17800,160200,Corporate,completed
B00003112,G000376,R0034,A0005,2024-01-04,2024-03-03,2024-03-05,Standard King,2,22000,44000,Loyalty,completed
B00003113,G001367,R0033,A0042,2025-07-25,2025-10-18,2025-10-27,Standard King,9,22300,200700,Direct,confirmed
B00003114,G001707,R0032,A0032,2024-08-05,2024-11-24,2024-12-03,Ocean Suite,9,33600,302400,Loyalty,confirmed
B00003115,G001217,R0015,A0033,2025-12-16,2026-01-16,2026-01-17,Ocean Suite,1,46900,46900,OTA,completed
B00003116,G002278,R0036,A0008,2024-02-03,2024-02-12,2024-02-25,Standard Double,13,18300,237900,Direct,completed
B00003117,G002536,R0025,A0023,2025-12-09,2026-02-04,2026-02-09,Standard Double,5,14300,71500,Direct,completed
B00003118,G000728,R0002,A0020,2025-12-21,2026-01-22,2026-02-05,Standard King,14,23000,322000,OTA,completed
B00003119,G001561,R0017,A0008,2024-12-18,2025-01-04,2025-01-18,Standard Double,14,19300,270200,Direct,cancelled
B00003120,G002466,R0005,A0030,2025-11-05,2026-02-21,2026-02-24,Ocean Suite,3,30800,92400,OTA,completed
B00003121,G000724,R0029,A0003,2024-01-31,2024-05-19,2024-05-29,Ocean Suite,10,39500,395000,Corporate,confirmed
B00003122,G002886,R0025,A0006,2024-08-29,2024-12-12,2024-12-19,Standard King,7,19400,135800,Direct,completed
B00003123,G000030,R0037,A0036,2025-03-20,2025-06-23,2025-07-07,Villa,14,71600,1002400,Corporate,completed
B00003124,G000768,R0026,A0046,2025-03-07,2025-03-24,2025-03-30,Presidential,6,104100,624600,Corporate,completed
B00003125,G000306,R0024,A0043,2024-12-12,2024-12-25,2024-12-29,Standard King,4,16400,65600,OTA,completed
B00003126,G000383,R0031,A0020,2025-10-15,2026-01-31,2026-02-04,Standard King,4,20900,83600,OTA,completed
B00003127,G002120,R0015,A0043,2025-01-05,2025-03-08,2025-03-13,Standard King,5,20700,103500,OTA,confirmed
B00003128,G001606,R0020,A0007,2024-05-25,2024-08-21,2024-08-28,Standard Double,7,13000,91000,Travel Agent,completed
B00003129,G000073,R0001,A0054,2024-08-18,2024-10-31,2024-11-05,Ocean Suite,5,45500,227500,OTA,confirmed
B00003130,G000661,R0019,A0042,2024-03-01,2024-03-14,2024-03-23,Standard King,9,21100,189900,OTA,completed
B00003131,G002140,R0007,A0039,2025-07-14,2025-11-11,2025-11-21,Standard King,10,21900,219000,Corporate,completed
B00003132,G002370,R0022,A0008,2024-06-14,2024-08-03,2024-08-17,Villa,14,65100,911400,OTA,completed
B00003133,G001163,R0033,A0041,2024-07-19,2024-10-21,2024-10-31,Ocean Suite,10,35800,358000,OTA,confirmed
B00003134,G002277,R0017,A0055,2025-05-12,2025-05-23,2025-05-24,Ocean Suite,1,36400,36400,Travel Agent,completed
B00003135,G002912,R0010,A0047,2025-04-25,2025-05-10,2025-05-21,Villa,11,79000,869000,Loyalty,completed
B00003136,G002294,R0023,A0001,2024-02-22,2024-02-29,2024-03-03,Standard Double,3,19400,58200,Loyalty,confirmed
B00003137,G001042,R0028,A0059,2024-05-18,2024-08-30,2024-09-07,Ocean Suite,8,40100,320800,Direct,completed
B00003138,G002137,R0004,A0042,2024-04-29,2024-06-02,2024-06-14,Standard Double,12,14900,178800,Direct,confirmed
B00003139,G001753,R0004,A0051,2024-01-14,2024-02-05,2024-02-08,Standard Double,3,15200,45600,Loyalty,completed
B00003140,G000764,R0029,A0027,2024-07-10,2024-09-18,2024-09-19,Villa,1,61300,61300,Loyalty,completed
B00003141,G000149,R0029,A0040,2024-12-25,2025-04-03,2025-04-12,Standard King,9,16700,150300,Direct,completed
B00003142,G002397,R0035,A0011,2025-03-09,2025-06-01,2025-06-12,Presidential,11,128000,1408000,Direct,confirmed
B00003143,G001965,R0027,A0054,2025-01-20,2025-02-23,2025-03-03,Standard Double,8,15400,123200,Direct,cancelled
B00003144,G002314,R0037,A0038,2024-06-07,2024-07-23,2024-07-31,Villa,8,77400,619200,OTA,completed
B00003145,G000439,R0022,A0049,2024-09-13,2024-10-14,2024-10-23,Ocean Suite,9,32400,291600,Travel Agent,completed
B00003146,G002199,R0037,A0008,2024-05-05,2024-08-24,2024-09-07,Standard Double,14,19100,267400,Direct,completed
B00003147,G000062,R0022,A0013,2025-03-19,2025-05-21,2025-05-25,Villa,4,73000,292000,OTA,confirmed
B00003148,G001646,R0031,A0030,2025-08-29,2025-09-17,2025-09-29,Ocean Suite,12,30800,369600,Corporate,completed
B00003149,G000144,R0038,A0030,2025-09-08,2025-10-24,2025-11-01,Standard King,8,23500,188000,OTA,cancelled
B00003150,G000849,R0028,A0031,2025-07-19,2025-10-10,2025-10-15,Standard King,5,22200,111000,Loyalty,completed
B00003151,G001892,R0021,A0039,2025-10-01,2025-10-22,2025-11-01,Standard Double,10,18200,182000,Direct,confirmed
B00003152,G002771,R0003,A0013,2025-10-11,2025-12-29,2025-12-31,Standard Double,2,20100,40200,OTA,completed
B00003153,G000784,R0015,A0020,2024-01-22,2024-05-16,2024-05-24,Standard Double,8,17600,140800,Direct,cancelled
B00003154,G002626,R0036,A0006,2025-10-10,2026-01-14,2026-01-21,Standard King,7,18400,128800,Travel Agent,completed
B00003155,G000974,R0012,A0056,2025-03-14,2025-06-18,2025-06-22,Standard Double,4,18200,72800,Direct,completed
B00003156,G001177,R0017,A0013,2024-03-17,2024-04-11,2024-04-17,Villa,6,65400,392400,Direct,completed
B00003157,G001564,R0019,A0030,2024-06-23,2024-06-27,2024-07-05,Standard King,8,19400,155200,OTA,confirmed
B00003158,G001430,R0021,A0060,2025-03-03,2025-06-23,2025-06-28,Standard Double,5,19700,98500,Direct,completed
B00003159,G000948,R0026,A0026,2025-04-29,2025-07-20,2025-08-01,Standard King,12,20200,242400,Travel Agent,cancelled
B00003160,G002078,R0024,A0031,2024-04-16,2024-06-07,2024-06-13,Villa,6,51200,307200,OTA,completed
B00003161,G002749,R0040,A0003,2024-05-12,2024-06-18,2024-06-23,Villa,5,75100,375500,Direct,completed
B00003162,G002233,R0025,A0003,2025-04-13,2025-05-11,2025-05-24,Ocean Suite,13,44300,575900,Direct,completed
B00003163,G000622,R0009,A0049,2025-08-26,2025-11-29,2025-12-03,Standard Double,4,20200,80800,OTA,completed
B00003164,G000332,R0008,A0042,2025-02-15,2025-03-24,2025-04-01,Standard Double,8,17100,136800,Travel Agent,completed
B00003165,G002983,R0015,A0060,2025-05-01,2025-07-24,2025-07-27,Villa,3,55800,167400,OTA,completed
B00003166,G002375,R0014,A0043,2024-07-08,2024-08-24,2024-09-05,Standard Double,12,14600,175200,Loyalty,completed
B00003167,G002063,R0016,A0016,2024-11-14,2024-11-24,2024-12-06,Standard Double,12,16600,199200,OTA,completed
B00003168,G002085,R0017,A0034,2024-03-13,2024-03-14,2024-03-20,Ocean Suite,6,34000,204000,Direct,completed
B00003169,G002655,R0015,A0039,2025-07-07,2025-08-19,2025-08-30,Standard Double,11,19800,217800,Loyalty,confirmed
B00003170,G001024,R0037,A0023,2025-08-30,2025-10-10,2025-10-14,Ocean Suite,4,37100,148400,OTA,completed
B00003171,G002096,R0020,A0053,2025-02-28,2025-03-13,2025-03-27,Ocean Suite,14,35700,499800,Corporate,completed
B00003172,G002264,R0025,A0032,2024-01-31,2024-02-09,2024-02-20,Standard Double,11,15600,171600,Direct,completed
B00003173,G001208,R0001,A0017,2025-03-24,2025-04-07,2025-04-21,Standard King,14,24100,337400,Direct,completed
B00003174,G000877,R0026,A0012,2025-04-04,2025-06-13,2025-06-24,Presidential,11,127500,1402500,Direct,cancelled
B00003175,G001669,R0029,A0030,2024-01-26,2024-04-26,2024-05-03,Presidential,7,113200,792400,Corporate,completed
B00003176,G001748,R0038,A0004,2025-01-03,2025-04-12,2025-04-20,Standard King,8,21500,172000,OTA,completed
B00003177,G001011,R0016,A0044,2025-05-02,2025-08-05,2025-08-19,Ocean Suite,14,37000,518000,Direct,confirmed
B00003178,G002032,R0031,A0046,2025-06-21,2025-08-07,2025-08-17,Standard King,10,20700,207000,Loyalty,completed
B00003179,G002317,R0020,A0035,2024-06-19,2024-07-14,2024-07-27,Standard Double,13,20100,261300,Direct,completed
B00003180,G002624,R0025,A0032,2024-03-04,2024-03-24,2024-03-26,Presidential,2,150700,301400,Direct,completed
B00003181,G000014,R0007,A0047,2024-08-27,2024-10-23,2024-11-04,Standard Double,12,18400,220800,OTA,completed
B00003182,G000369,R0032,A0017,2025-10-02,2025-10-23,2025-10-30,Standard Double,7,18900,132300,Loyalty,completed
B00003183,G002432,R0007,A0040,2025-04-18,2025-08-14,2025-08-15,Villa,1,76400,76400,Travel Agent,completed
B00003184,G000682,R0020,A0003,2025-11-23,2026-01-23,2026-02-05,Standard Double,13,14900,193700,OTA,completed
B00003185,G000870,R0034,A0025,2025-10-11,2025-10-31,2025-11-09,Standard King,9,15300,137700,Loyalty,completed
B00003186,G001962,R0022,A0021,2024-08-03,2024-10-09,2024-10-21,Standard Double,12,19900,238800,Direct,completed
B00003187,G002761,R0008,A0027,2024-03-09,2024-06-02,2024-06-08,Standard King,6,16000,96000,OTA,completed
B00003188,G001897,R0025,A0039,2025-12-20,2026-03-06,2026-03-08,Standard Double,2,14900,29800,Direct,completed
B00003189,G001611,R0024,A0017,2024-01-18,2024-03-08,2024-03-17,Standard King,9,22200,199800,Direct,completed
B00003190,G002886,R0020,A0039,2025-08-25,2025-10-20,2025-10-30,Standard Double,10,18100,181000,OTA,confirmed
B00003191,G000149,R0034,A0036,2024-10-22,2024-11-05,2024-11-10,Standard Double,5,14100,70500,Loyalty,cancelled
B00003192,G002310,R0025,A0008,2024-09-03,2024-12-23,2024-12-31,Standard Double,8,19200,153600,Direct,confirmed
B00003193,G000669,R0005,A0044,2024-03-27,2024-07-07,2024-07-11,Standard King,4,22900,91600,OTA,confirmed
B00003194,G001587,R0022,A0026,2025-07-24,2025-09-25,2025-09-28,Villa,3,52700,158100,Travel Agent,cancelled
B00003195,G000216,R0024,A0007,2024-10-18,2024-10-31,2024-11-04,Standard Double,4,16100,64400,Loyalty,no_show
B00003196,G002464,R0009,A0018,2025-01-27,2025-03-30,2025-04-03,Standard Double,4,17100,68400,OTA,completed
B00003197,G001371,R0039,A0020,2024-09-27,2024-12-22,2024-12-23,Villa,1,67100,67100,Travel Agent,completed
B00003198,G000965,R0018,A0008,2025-11-22,2026-01-11,2026-01-18,Standard Double,7,18400,128800,OTA,confirmed
B00003199,G001737,R0031,A0034,2024-08-25,2024-11-06,2024-11-08,Presidential,2,119800,239600,OTA,completed
B00003200,G001911,R0019,A0017,2024-10-12,2024-11-05,2024-11-13,Standard King,8,16500,132000,OTA,completed
B00003201,G001035,R0039,A0022,2025-04-16,2025-07-31,2025-08-11,Standard King,11,19500,214500,Loyalty,completed
B00003202,G002237,R0016,A0029,2024-06-21,2024-09-01,2024-09-02,Standard King,1,19000,19000,Loyalty,completed
B00003203,G000002,R0031,A0030,2025-04-25,2025-06-10,2025-06-11,Standard King,1,20400,20400,Travel Agent,completed
B00003204,G002507,R0029,A0054,2025-05-04,2025-08-01,2025-08-14,Standard King,13,21300,276900,OTA,completed
B00003205,G001665,R0026,A0012,2025-02-20,2025-05-25,2025-06-02,Ocean Suite,8,44600,356800,OTA,completed
B00003206,G000991,R0035,A0008,2024-01-11,2024-02-06,2024-02-09,Ocean Suite,3,36900,110700,OTA,confirmed
B00003207,G001501,R0026,A0026,2024-10-10,2024-12-22,2024-12-30,Standard Double,8,18500,148000,Direct,completed
B00003208,G002674,R0009,A0007,2025-04-21,2025-06-09,2025-06-12,Standard King,3,20100,60300,Direct,completed
B00003209,G002182,R0033,A0011,2024-01-10,2024-05-07,2024-05-08,Ocean Suite,1,40000,40000,Corporate,completed
B00003210,G000158,R0039,A0003,2024-03-22,2024-06-07,2024-06-10,Villa,3,56600,169800,Corporate,completed
B00003211,G001284,R0008,A0060,2025-10-14,2025-12-12,2025-12-18,Standard Double,6,14700,88200,Corporate,completed
B00003212,G000809,R0037,A0048,2024-09-04,2024-10-03,2024-10-07,Ocean Suite,4,37300,149200,Corporate,completed
B00003213,G001613,R0021,A0029,2025-01-22,2025-02-02,2025-02-09,Villa,7,72500,507500,Loyalty,cancelled
B00003214,G002996,R0024,A0004,2025-02-28,2025-04-06,2025-04-08,Standard King,2,16000,32000,OTA,completed
B00003215,G000576,R0024,A0053,2024-08-05,2024-09-07,2024-09-18,Presidential,11,124100,1365100,Corporate,completed
B00003216,G002219,R0004,A0015,2024-10-14,2025-01-17,2025-01-24,Standard Double,7,14000,98000,Direct,completed
B00003217,G002465,R0033,A0058,2024-04-27,2024-08-20,2024-08-25,Ocean Suite,5,44200,221000,Loyalty,completed
B00003218,G002183,R0028,A0009,2025-11-15,2026-03-06,2026-03-13,Ocean Suite,7,41000,287000,OTA,no_show
B00003219,G002915,R0033,A0019,2025-04-10,2025-07-21,2025-07-27,Ocean Suite,6,34000,204000,Corporate,confirmed
B00003220,G001534,R0021,A0002,2025-12-16,2026-04-08,2026-04-17,Villa,9,55100,495900,Direct,confirmed
B00003221,G000538,R0023,A0005,2024-03-01,2024-04-22,2024-05-02,Standard King,10,20900,209000,OTA,completed
B00003222,G000977,R0010,A0022,2024-01-02,2024-02-01,2024-02-03,Standard King,2,17700,35400,OTA,cancelled
B00003223,G000070,R0017,A0044,2024-03-03,2024-05-17,2024-05-20,Ocean Suite,3,42500,127500,Direct,completed
B00003224,G000774,R0022,A0044,2025-08-18,2025-08-22,2025-09-05,Standard King,14,22100,309400,Travel Agent,confirmed
B00003225,G001356,R0010,A0002,2025-11-28,2026-01-14,2026-01-27,Ocean Suite,13,42100,547300,Loyalty,confirmed
B00003226,G001414,R0024,A0025,2025-03-29,2025-06-07,2025-06-19,Standard King,12,24100,289200,Direct,completed
B00003227,G001439,R0038,A0044,2024-03-22,2024-05-31,2024-06-09,Standard Double,9,18400,165600,OTA,completed
B00003228,G001976,R0037,A0022,2024-07-03,2024-10-04,2024-10-18,Ocean Suite,14,33900,474600,OTA,completed
B00003229,G002787,R0038,A0055,2025-06-19,2025-07-27,2025-08-03,Ocean Suite,7,40800,285600,Travel Agent,confirmed
B00003230,G001545,R0021,A0044,2025-10-17,2025-12-16,2025-12-17,Villa,1,78300,78300,OTA,cancelled
B00003231,G001852,R0023,A0034,2024-12-02,2024-12-09,2024-12-22,Standard Double,13,19200,249600,Travel Agent,completed
B00003232,G000193,R0038,A0059,2025-04-18,2025-05-25,2025-05-29,Standard Double,4,17400,69600,Corporate,cancelled
B00003233,G001047,R0020,A0041,2024-10-02,2024-10-04,2024-10-15,Standard Double,11,17500,192500,OTA,completed
B00003234,G000803,R0004,A0049,2025-02-11,2025-04-15,2025-04-18,Standard Double,3,20000,60000,Direct,completed
B00003235,G001607,R0006,A0041,2025-03-01,2025-05-25,2025-06-01,Standard King,7,15800,110600,Direct,completed
B00003236,G002872,R0024,A0009,2025-12-25,2025-12-29,2026-01-07,Standard King,9,23800,214200,Loyalty,confirmed
B00003237,G002150,R0006,A0041,2024-08-14,2024-09-06,2024-09-08,Standard King,2,24200,48400,Loyalty,completed
B00003238,G000155,R0018,A0014,2025-07-17,2025-09-04,2025-09-05,Ocean Suite,1,32300,32300,Corporate,completed
B00003239,G001033,R0020,A0025,2024-10-14,2024-12-14,2024-12-16,Standard King,2,15700,31400,OTA,completed
B00003240,G000297,R0040,A0011,2024-09-18,2024-10-04,2024-10-13,Standard King,9,15800,142200,Direct,completed
B00003241,G000191,R0035,A0047,2024-04-17,2024-07-10,2024-07-12,Standard Double,2,18200,36400,Corporate,completed
B00003242,G001494,R0024,A0030,2025-04-05,2025-06-20,2025-06-21,Villa,1,75100,75100,Direct,completed
B00003243,G002535,R0040,A0046,2025-08-20,2025-12-06,2025-12-17,Standard King,11,22700,249700,OTA,completed
B00003244,G000019,R0003,A0035,2024-10-22,2024-12-02,2024-12-16,Standard King,14,17600,246400,Direct,completed
B00003245,G000097,R0003,A0001,2024-06-06,2024-07-27,2024-08-09,Standard Double,13,15200,197600,OTA,completed
B00003246,G000864,R0006,A0028,2025-06-25,2025-07-13,2025-07-19,Standard King,6,19500,117000,Corporate,confirmed
B00003247,G000672,R0023,A0033,2024-04-01,2024-06-01,2024-06-14,Presidential,13,160900,2091700,Loyalty,completed
B00003248,G001759,R0033,A0046,2025-12-12,2025-12-23,2025-12-25,Standard King,2,18600,37200,Direct,completed
B00003249,G000439,R0009,A0029,2025-12-20,2026-02-10,2026-02-19,Standard King,9,20300,182700,Corporate,cancelled
B00003250,G001757,R0027,A0058,2024-08-26,2024-12-21,2024-12-27,Standard King,6,18300,109800,Loyalty,completed
B00003251,G000027,R0029,A0049,2025-02-08,2025-04-18,2025-04-25,Standard Double,7,15900,111300,OTA,confirmed
B00003252,G002486,R0023,A0056,2024-11-14,2025-01-08,2025-01-17,Standard Double,9,14100,126900,OTA,no_show
B00003253,G001556,R0029,A0060,2025-07-05,2025-09-18,2025-10-02,Standard Double,14,17900,250600,Travel Agent,confirmed
B00003254,G000920,R0025,A0003,2024-06-13,2024-09-07,2024-09-18,Standard King,11,19600,215600,Corporate,completed
B00003255,G001802,R0004,A0044,2025-10-23,2026-02-04,2026-02-06,Standard Double,2,20200,40400,Direct,completed
B00003256,G002013,R0020,A0032,2024-06-03,2024-07-17,2024-07-29,Standard Double,12,13300,159600,Direct,completed
B00003257,G001193,R0033,A0050,2024-04-03,2024-05-24,2024-05-27,Villa,3,80600,241800,Corporate,completed
B00003258,G000220,R0027,A0026,2025-11-08,2026-02-23,2026-03-08,Villa,13,51800,673400,Loyalty,completed
B00003259,G002325,R0013,A0018,2024-07-28,2024-09-19,2024-09-23,Standard King,4,20000,80000,Travel Agent,cancelled
B00003260,G002883,R0017,A0007,2025-03-10,2025-05-09,2025-05-16,Standard King,7,22500,157500,OTA,completed
B00003261,G002623,R0009,A0039,2024-07-24,2024-08-11,2024-08-18,Standard Double,7,18200,127400,OTA,completed
B00003262,G002907,R0011,A0036,2025-08-26,2025-09-01,2025-09-10,Standard King,9,17600,158400,Corporate,completed
B00003263,G002135,R0012,A0022,2024-04-08,2024-04-25,2024-05-06,Ocean Suite,11,44400,488400,Loyalty,completed
B00003264,G001812,R0007,A0040,2024-09-15,2024-10-19,2024-10-27,Standard Double,8,18100,144800,Corporate,completed
B00003265,G002428,R0008,A0027,2024-07-01,2024-07-10,2024-07-18,Standard Double,8,16200,129600,Direct,completed
B00003266,G002916,R0030,A0002,2025-10-03,2026-01-18,2026-01-24,Standard King,6,15500,93000,Corporate,completed
B00003267,G002191,R0027,A0020,2025-04-15,2025-06-21,2025-06-26,Standard King,5,20200,101000,Direct,completed
B00003268,G002215,R0039,A0019,2024-06-29,2024-09-19,2024-10-03,Ocean Suite,14,45800,641200,OTA,completed
B00003269,G000775,R0001,A0043,2025-01-08,2025-04-22,2025-04-26,Standard King,4,19600,78400,Travel Agent,completed
B00003270,G000448,R0038,A0042,2024-02-03,2024-04-27,2024-04-29,Standard King,2,22200,44400,Corporate,completed
B00003271,G002672,R0033,A0053,2024-08-28,2024-12-10,2024-12-16,Standard Double,6,14800,88800,Loyalty,confirmed
B00003272,G001813,R0009,A0057,2025-05-16,2025-08-14,2025-08-16,Villa,2,62500,125000,OTA,completed
B00003273,G001997,R0019,A0018,2025-08-06,2025-12-01,2025-12-06,Standard King,5,20000,100000,Travel Agent,completed
B00003274,G001649,R0003,A0056,2024-09-24,2025-01-08,2025-01-10,Standard Double,2,18400,36800,OTA,confirmed
B00003275,G001704,R0021,A0009,2025-10-17,2025-11-27,2025-12-06,Standard Double,9,13700,123300,Direct,completed
B00003276,G000055,R0027,A0003,2025-07-21,2025-07-23,2025-07-29,Standard Double,6,12900,77400,Corporate,confirmed
B00003277,G000800,R0001,A0022,2025-04-12,2025-06-20,2025-06-23,Standard Double,3,15700,47100,OTA,completed
B00003278,G001861,R0013,A0001,2024-03-13,2024-03-21,2024-04-04,Standard Double,14,19400,271600,OTA,confirmed
B00003279,G000463,R0026,A0011,2025-01-10,2025-02-14,2025-02-16,Standard King,2,24100,48200,Direct,completed
B00003280,G000550,R0009,A0030,2025-09-26,2025-12-20,2025-12-23,Ocean Suite,3,41900,125700,OTA,confirmed
B00003281,G000974,R0035,A0050,2024-11-09,2025-01-23,2025-01-26,Ocean Suite,3,36500,109500,OTA,confirmed
B00003282,G001327,R0018,A0040,2024-12-25,2025-03-13,2025-03-15,Standard King,2,16500,33000,Corporate,completed
B00003283,G002112,R0010,A0058,2025-10-27,2025-11-25,2025-11-30,Standard Double,5,14300,71500,OTA,completed
B00003284,G002607,R0002,A0045,2024-06-02,2024-08-17,2024-08-24,Standard King,7,21700,151900,Travel Agent,confirmed
B00003285,G000173,R0011,A0042,2024-07-10,2024-09-08,2024-09-18,Ocean Suite,10,38600,386000,Travel Agent,completed
B00003286,G000496,R0036,A0040,2025-04-29,2025-07-19,2025-07-22,Standard Double,3,15200,45600,OTA,completed
B00003287,G000714,R0037,A0056,2025-03-06,2025-03-30,2025-04-08,Villa,9,66500,598500,OTA,confirmed
B00003288,G002613,R0004,A0036,2025-11-08,2025-11-11,2025-11-17,Standard Double,6,12900,77400,OTA,completed
B00003289,G001353,R0040,A0009,2024-12-18,2025-04-02,2025-04-14,Ocean Suite,12,45000,540000,OTA,completed
B00003290,G000426,R0001,A0001,2024-12-13,2025-03-12,2025-03-23,Standard Double,11,13700,150700,Direct,confirmed
B00003291,G001981,R0019,A0051,2025-11-25,2025-11-30,2025-12-01,Standard King,1,23500,23500,Direct,completed
B00003292,G001741,R0018,A0050,2024-02-21,2024-05-11,2024-05-17,Ocean Suite,6,38000,228000,OTA,completed
B00003293,G000223,R0025,A0016,2025-12-03,2026-02-10,2026-02-14,Standard King,4,16400,65600,OTA,completed
B00003294,G001094,R0027,A0016,2025-10-18,2025-12-16,2025-12-21,Standard Double,5,17800,89000,OTA,confirmed
B00003295,G001411,R0037,A0031,2025-04-12,2025-05-14,2025-05-18,Presidential,4,151500,606000,Loyalty,confirmed
B00003296,G002981,R0029,A0024,2024-12-31,2025-02-14,2025-02-17,Standard King,3,19000,57000,OTA,completed
B00003297,G001954,R0018,A0033,2025-06-21,2025-07-13,2025-07-24,Standard Double,11,19300,212300,OTA,completed
B00003298,G002626,R0017,A0026,2024-09-28,2024-11-11,2024-11-25,Standard King,14,17800,249200,Travel Agent,completed
B00003299,G000485,R0001,A0019,2025-12-06,2026-03-06,2026-03-11,Standard Double,5,15200,76000,Travel Agent,completed
B00003300,G000434,R0022,A0042,2024-03-08,2024-05-14,2024-05-16,Standard Double,2,17600,35200,Direct,completed
B00003301,G002725,R0034,A0007,2024-07-14,2024-08-15,2024-08-26,Standard King,11,15900,174900,Travel Agent,completed
B00003302,G002841,R0007,A0046,2025-01-21,2025-03-19,2025-03-31,Ocean Suite,12,34900,418800,Corporate,completed
B00003303,G002473,R0034,A0022,2024-06-07,2024-08-03,2024-08-05,Presidential,2,115400,230800,OTA,confirmed
B00003304,G002117,R0025,A0045,2025-06-30,2025-09-13,2025-09-17,Ocean Suite,4,37000,148000,OTA,confirmed
B00003305,G002979,R0025,A0020,2024-11-19,2025-01-26,2025-02-06,Standard King,11,17900,196900,Direct,completed
B00003306,G002312,R0029,A0054,2024-02-07,2024-04-29,2024-05-12,Standard King,13,18100,235300,Travel Agent,completed
B00003307,G000255,R0032,A0020,2024-05-23,2024-09-17,2024-09-28,Presidential,11,133800,1471800,Loyalty,cancelled
B00003308,G002348,R0029,A0028,2024-11-24,2025-01-11,2025-01-21,Villa,10,53800,538000,Direct,completed
B00003309,G002131,R0014,A0007,2025-12-12,2026-03-11,2026-03-15,Standard King,4,23500,94000,Direct,confirmed
B00003310,G000723,R0012,A0013,2025-01-13,2025-04-12,2025-04-21,Standard King,9,22000,198000,Direct,completed
B00003311,G000851,R0030,A0018,2024-12-06,2024-12-20,2025-01-02,Standard King,13,16400,213200,Corporate,completed
B00003312,G002597,R0030,A0017,2024-02-04,2024-02-21,2024-03-01,Ocean Suite,9,30500,274500,OTA,confirmed
B00003313,G000744,R0027,A0001,2025-10-27,2026-02-18,2026-03-02,Standard Double,12,19900,238800,Direct,completed
B00003314,G002029,R0036,A0043,2024-02-08,2024-05-22,2024-05-25,Standard King,3,16100,48300,Travel Agent,confirmed
B00003315,G000536,R0007,A0031,2025-10-27,2025-11-22,2025-12-03,Standard Double,11,16500,181500,Direct,confirmed
B00003316,G000581,R0004,A0041,2024-09-08,2024-10-21,2024-10-26,Ocean Suite,5,32400,162000,Direct,completed
B00003317,G000315,R0026,A0058,2024-04-28,2024-05-27,2024-06-06,Standard King,10,17600,176000,Travel Agent,cancelled
B00003318,G001533,R0032,A0003,2025-03-04,2025-05-15,2025-05-28,Villa,13,80700,1049100,Direct,completed
B00003319,G000631,R0005,A0034,2025-07-23,2025-08-26,2025-08-30,Standard Double,4,18500,74000,Direct,confirmed
B00003320,G002915,R0024,A0032,2024-08-01,2024-11-15,2024-11-29,Ocean Suite,14,45600,638400,Direct,completed
B00003321,G002760,R0001,A0037,2024-10-22,2024-10-24,2024-10-29,Standard King,5,23200,116000,OTA,completed
B00003322,G001324,R0026,A0023,2025-06-12,2025-08-28,2025-09-10,Standard Double,13,19900,258700,Direct,completed
B00003323,G000828,R0009,A0011,2024-06-22,2024-07-30,2024-08-02,Standard King,3,17400,52200,Direct,completed
B00003324,G000413,R0037,A0031,2024-09-09,2024-10-28,2024-11-10,Standard King,13,20600,267800,Corporate,confirmed
B00003325,G001630,R0010,A0036,2024-04-21,2024-05-09,2024-05-23,Standard King,14,16700,233800,OTA,confirmed
B00003326,G002436,R0010,A0017,2024-06-08,2024-06-30,2024-07-05,Standard King,5,16600,83000,Travel Agent,confirmed
B00003327,G002473,R0029,A0034,2024-06-24,2024-09-02,2024-09-13,Ocean Suite,11,34300,377300,Direct,completed
B00003328,G000944,R0015,A0022,2024-06-14,2024-08-31,2024-09-06,Presidential,6,108900,653400,Loyalty,no_show
B00003329,G001671,R0034,A0018,2025-05-14,2025-08-25,2025-09-01,Standard King,7,23300,163100,OTA,cancelled
B00003330,G001487,R0030,A0038,2024-08-08,2024-09-26,2024-09-28,Villa,2,51100,102200,Direct,completed
B00003331,G000225,R0016,A0025,2024-05-11,2024-07-13,2024-07-17,Villa,4,72600,290400,OTA,completed
B00003332,G000767,R0013,A0028,2025-08-24,2025-09-12,2025-09-17,Standard King,5,20600,103000,OTA,completed
B00003333,G001232,R0012,A0045,2024-07-17,2024-09-20,2024-09-23,Standard King,3,19100,57300,OTA,completed
B00003334,G002957,R0021,A0012,2024-06-16,2024-07-14,2024-07-20,Standard Double,6,12900,77400,Direct,completed
B00003335,G001226,R0007,A0018,2024-03-17,2024-04-08,2024-04-13,Standard King,5,16700,83500,OTA,completed
B00003336,G002643,R0034,A0043,2025-08-03,2025-09-01,2025-09-11,Ocean Suite,10,45500,455000,Travel Agent,completed
B00003337,G000463,R0030,A0018,2024-12-26,2025-04-24,2025-04-28,Villa,4,67500,270000,Corporate,cancelled
B00003338,G002083,R0034,A0029,2025-10-21,2026-01-04,2026-01-10,Ocean Suite,6,31100,186600,Loyalty,cancelled
B00003339,G002337,R0031,A0024,2024-12-19,2024-12-27,2025-01-05,Ocean Suite,9,32900,296100,Corporate,completed
B00003340,G000287,R0027,A0056,2025-07-24,2025-09-18,2025-09-28,Ocean Suite,10,38500,385000,Direct,completed
B00003341,G002244,R0007,A0018,2024-09-12,2024-12-16,2024-12-22,Presidential,6,124800,748800,OTA,completed
B00003342,G000708,R0001,A0048,2024-12-06,2025-03-21,2025-03-24,Ocean Suite,3,36200,108600,Corporate,completed
B00003343,G001508,R0004,A0058,2024-12-29,2025-04-03,2025-04-10,Standard King,7,18000,126000,Direct,completed
B00003344,G001087,R0037,A0053,2024-02-20,2024-05-25,2024-05-31,Standard Double,6,15000,90000,Direct,completed
B00003345,G000814,R0021,A0049,2024-06-08,2024-06-12,2024-06-19,Standard King,7,22900,160300,Travel Agent,completed
B00003346,G000241,R0020,A0056,2025-12-13,2026-03-09,2026-03-23,Ocean Suite,14,44300,620200,OTA,completed
B00003347,G001014,R0027,A0035,2025-10-28,2026-02-22,2026-02-23,Standard Double,1,19400,19400,OTA,confirmed
B00003348,G002403,R0026,A0018,2025-03-30,2025-05-06,2025-05-14,Standard Double,8,13200,105600,OTA,completed
B00003349,G001912,R0015,A0003,2025-11-05,2026-02-08,2026-02-09,Standard Double,1,13300,13300,Direct,completed
B00003350,G000038,R0019,A0034,2025-01-15,2025-03-07,2025-03-17,Standard Double,10,19800,198000,Direct,confirmed
B00003351,G000224,R0038,A0005,2025-11-04,2026-02-12,2026-02-24,Standard King,12,16800,201600,Direct,completed
B00003352,G002462,R0019,A0037,2024-07-31,2024-08-03,2024-08-15,Presidential,12,119300,1431600,Corporate,completed
B00003353,G000848,R0018,A0044,2024-03-17,2024-03-21,2024-04-03,Standard King,13,22300,289900,Direct,completed
B00003354,G001764,R0027,A0001,2025-03-31,2025-07-13,2025-07-19,Standard Double,6,14700,88200,Direct,completed
B00003355,G002947,R0008,A0018,2024-05-14,2024-09-11,2024-09-19,Standard Double,8,17800,142400,Direct,confirmed
B00003356,G000325,R0008,A0008,2025-12-27,2026-02-21,2026-02-24,Villa,3,65100,195300,Direct,completed
B00003357,G002651,R0026,A0007,2025-03-07,2025-04-18,2025-04-19,Standard Double,1,19900,19900,Corporate,completed
B00003358,G000820,R0003,A0032,2025-05-26,2025-09-18,2025-09-20,Standard King,2,15300,30600,Direct,confirmed
B00003359,G000082,R0012,A0020,2025-07-15,2025-09-20,2025-09-27,Ocean Suite,7,30300,212100,Travel Agent,completed
B00003360,G000062,R0007,A0044,2025-08-19,2025-11-22,2025-12-03,Standard Double,11,14500,159500,Direct,confirmed
B00003361,G002898,R0040,A0029,2024-04-23,2024-08-03,2024-08-13,Standard King,10,21600,216000,Corporate,completed
B00003362,G001053,R0038,A0056,2025-09-29,2025-10-19,2025-11-01,Standard Double,13,17500,227500,Direct,completed
B00003363,G000995,R0012,A0031,2025-06-29,2025-10-27,2025-11-08,Standard Double,12,17200,206400,OTA,completed
B00003364,G000701,R0005,A0050,2025-08-02,2025-10-23,2025-11-04,Standard King,12,23200,278400,Direct,completed
B00003365,G000957,R0040,A0034,2025-11-10,2025-12-30,2026-01-07,Standard Double,8,13200,105600,OTA,completed
B00003366,G000398,R0015,A0013,2024-12-29,2025-02-26,2025-03-08,Standard King,10,20300,203000,Travel Agent,confirmed
B00003367,G001333,R0010,A0038,2024-04-29,2024-07-25,2024-07-28,Standard Double,3,19000,57000,OTA,cancelled
B00003368,G001110,R0002,A0036,2024-01-02,2024-03-29,2024-04-02,Standard Double,4,18300,73200,Direct,completed
B00003369,G002166,R0027,A0002,2025-03-03,2025-04-02,2025-04-15,Standard King,13,22600,293800,OTA,no_show
B00003370,G002021,R0026,A0042,2025-03-14,2025-03-16,2025-03-29,Ocean Suite,13,35900,466700,OTA,completed
B00003371,G002564,R0003,A0027,2025-09-28,2025-10-22,2025-10-28,Standard King,6,21600,129600,Corporate,confirmed
B00003372,G000319,R0020,A0052,2025-08-22,2025-11-04,2025-11-16,Standard King,12,15900,190800,Direct,completed
B00003373,G000174,R0038,A0040,2025-03-26,2025-05-17,2025-05-19,Standard Double,2,18400,36800,OTA,confirmed
B00003374,G000971,R0040,A0001,2024-05-17,2024-09-02,2024-09-04,Standard Double,2,14800,29600,Corporate,completed
B00003375,G000772,R0003,A0018,2025-05-20,2025-07-03,2025-07-14,Villa,11,73100,804100,Direct,confirmed
B00003376,G002206,R0004,A0046,2024-09-10,2024-12-25,2025-01-03,Standard Double,9,19500,175500,Loyalty,completed
B00003377,G001621,R0024,A0057,2025-04-28,2025-06-15,2025-06-29,Standard King,14,22400,313600,Loyalty,cancelled
B00003378,G000700,R0034,A0007,2024-02-28,2024-04-27,2024-05-06,Standard King,9,22700,204300,Direct,completed
B00003379,G000624,R0001,A0033,2024-09-02,2024-10-05,2024-10-07,Ocean Suite,2,36800,73600,OTA,completed
B00003380,G001449,R0035,A0052,2024-04-26,2024-08-18,2024-08-25,Standard Double,7,16900,118300,OTA,completed
B00003381,G002751,R0038,A0019,2025-12-24,2026-04-18,2026-04-25,Ocean Suite,7,37300,261100,Travel Agent,completed
B00003382,G001395,R0007,A0002,2024-10-02,2025-01-10,2025-01-21,Ocean Suite,11,46300,509300,Direct,completed
B00003383,G002954,R0027,A0023,2024-12-05,2025-02-18,2025-02-21,Villa,3,72200,216600,OTA,completed
B00003384,G000890,R0040,A0037,2024-07-15,2024-10-09,2024-10-19,Standard Double,10,14800,148000,Direct,completed
B00003385,G001806,R0019,A0036,2025-02-24,2025-03-07,2025-03-20,Standard Double,13,15000,195000,Direct,confirmed
B00003386,G000254,R0003,A0040,2025-06-08,2025-07-21,2025-07-29,Standard King,8,22300,178400,OTA,completed
B00003387,G001045,R0014,A0042,2024-07-03,2024-10-02,2024-10-12,Standard King,10,16700,167000,Loyalty,completed
B00003388,G002968,R0019,A0026,2025-11-05,2025-11-16,2025-11-22,Standard King,6,24000,144000,Loyalty,completed
B00003389,G002493,R0034,A0060,2025-02-22,2025-02-28,2025-03-02,Standard King,2,23800,47600,OTA,completed
B00003390,G000536,R0024,A0036,2025-08-13,2025-09-10,2025-09-19,Ocean Suite,9,34100,306900,Travel Agent,completed
B00003391,G001636,R0037,A0036,2024-07-17,2024-09-23,2024-09-27,Ocean Suite,4,36300,145200,Loyalty,completed
B00003392,G002176,R0019,A0039,2025-02-04,2025-02-10,2025-02-13,Standard Double,3,15700,47100,OTA,completed
B00003393,G001964,R0013,A0002,2024-01-18,2024-03-18,2024-03-28,Ocean Suite,10,31500,315000,Direct,completed
B00003394,G000255,R0005,A0023,2025-06-11,2025-09-10,2025-09-23,Standard Double,13,14400,187200,Loyalty,cancelled
B00003395,G001120,R0017,A0023,2024-03-30,2024-06-04,2024-06-08,Standard King,4,19700,78800,OTA,completed
B00003396,G001264,R0002,A0030,2024-08-15,2024-10-22,2024-11-05,Standard King,14,22600,316400,OTA,confirmed
B00003397,G001364,R0029,A0029,2024-12-08,2024-12-09,2024-12-10,Ocean Suite,1,33000,33000,Travel Agent,completed
B00003398,G001594,R0014,A0014,2024-03-10,2024-04-14,2024-04-17,Presidential,3,130300,390900,Direct,completed
B00003399,G001703,R0021,A0028,2025-12-26,2026-01-04,2026-01-15,Standard King,11,23200,255200,Corporate,completed
B00003400,G001818,R0022,A0005,2025-06-24,2025-07-15,2025-07-27,Standard Double,12,15400,184800,OTA,completed
B00003401,G000328,R0026,A0002,2025-05-19,2025-08-13,2025-08-18,Ocean Suite,5,40100,200500,OTA,cancelled
B00003402,G002460,R0022,A0060,2025-11-01,2026-02-27,2026-03-06,Ocean Suite,7,37500,262500,Direct,confirmed
B00003403,G000550,R0017,A0001,2024-08-17,2024-09-25,2024-10-03,Ocean Suite,8,34700,277600,Direct,completed
B00003404,G001459,R0011,A0027,2025-10-22,2026-01-29,2026-02-05,Presidential,7,112800,789600,Direct,completed
B00003405,G002762,R0017,A0022,2024-09-21,2024-09-23,2024-09-27,Ocean Suite,4,39900,159600,Loyalty,confirmed
B00003406,G001223,R0026,A0043,2025-10-05,2025-10-27,2025-10-30,Ocean Suite,3,44700,134100,Direct,completed
B00003407,G002903,R0023,A0033,2025-12-16,2026-01-11,2026-01-21,Ocean Suite,10,43100,431000,Corporate,completed
B00003408,G000984,R0004,A0018,2025-06-07,2025-08-16,2025-08-22,Villa,6,55400,332400,Corporate,completed
B00003409,G002388,R0009,A0053,2025-09-26,2025-12-24,2026-01-04,Standard Double,11,18100,199100,OTA,completed
B00003410,G000031,R0035,A0049,2024-11-04,2025-02-02,2025-02-09,Standard Double,7,15600,109200,Travel Agent,completed
B00003411,G000817,R0029,A0026,2024-09-18,2024-12-12,2024-12-15,Standard Double,3,15000,45000,Corporate,completed
B00003412,G001399,R0035,A0006,2025-02-20,2025-03-08,2025-03-22,Villa,14,55700,779800,Travel Agent,completed
B00003413,G002862,R0019,A0002,2025-10-17,2025-11-14,2025-11-16,Standard Double,2,19000,38000,OTA,completed
B00003414,G002968,R0026,A0040,2025-07-12,2025-09-17,2025-09-29,Standard Double,12,18200,218400,OTA,cancelled
B00003415,G001056,R0012,A0009,2025-05-20,2025-07-11,2025-07-22,Presidential,11,157700,1734700,OTA,completed
B00003416,G001097,R0006,A0041,2025-06-15,2025-09-09,2025-09-19,Standard Double,10,17300,173000,OTA,completed
B00003417,G000226,R0039,A0033,2024-01-27,2024-05-07,2024-05-17,Standard King,10,22100,221000,Direct,completed
B00003418,G000393,R0031,A0054,2024-03-08,2024-04-22,2024-04-28,Standard Double,6,14100,84600,Direct,completed
B00003419,G001848,R0039,A0001,2024-01-27,2024-03-23,2024-03-31,Standard Double,8,15900,127200,Travel Agent,completed
B00003420,G001213,R0013,A0026,2024-06-14,2024-07-29,2024-08-04,Presidential,6,153300,919800,Loyalty,completed
B00003421,G001229,R0011,A0022,2025-12-15,2026-02-05,2026-02-13,Standard King,8,23000,184000,Direct,completed
B00003422,G002880,R0015,A0007,2025-05-06,2025-05-07,2025-05-13,Standard Double,6,17600,105600,Direct,completed
B00003423,G001256,R0014,A0022,2025-01-14,2025-03-05,2025-03-18,Villa,13,56700,737100,OTA,completed
B00003424,G002592,R0016,A0027,2024-11-03,2025-01-28,2025-02-02,Ocean Suite,5,45400,227000,OTA,completed
B00003425,G000791,R0029,A0049,2025-08-01,2025-08-19,2025-08-30,Standard King,11,22600,248600,Corporate,completed
B00003426,G001831,R0012,A0018,2024-09-25,2024-10-23,2024-11-03,Ocean Suite,11,40700,447700,Direct,completed
B00003427,G001967,R0014,A0033,2024-05-17,2024-09-06,2024-09-08,Standard King,2,23600,47200,Direct,completed
B00003428,G000168,R0039,A0057,2024-04-17,2024-06-04,2024-06-05,Ocean Suite,1,46300,46300,Travel Agent,completed
B00003429,G002289,R0006,A0028,2024-03-03,2024-06-04,2024-06-15,Presidential,11,132700,1459700,Loyalty,completed
B00003430,G002855,R0021,A0044,2024-10-03,2025-01-23,2025-01-30,Standard Double,7,13300,93100,Travel Agent,completed
B00003431,G001466,R0027,A0001,2025-05-20,2025-06-23,2025-06-27,Standard King,4,21900,87600,Direct,cancelled
B00003432,G000442,R0031,A0039,2025-09-02,2025-10-21,2025-11-04,Presidential,14,155100,2171400,Corporate,completed
B00003433,G000075,R0037,A0009,2025-01-12,2025-03-27,2025-04-01,Standard Double,5,14200,71000,OTA,cancelled
B00003434,G002130,R0005,A0027,2024-01-14,2024-01-28,2024-02-10,Standard King,13,23300,302900,Corporate,completed
B00003435,G001491,R0039,A0020,2025-10-08,2026-01-25,2026-01-29,Ocean Suite,4,45400,181600,OTA,completed
B00003436,G001372,R0024,A0013,2024-07-25,2024-11-05,2024-11-16,Presidential,11,149400,1643400,OTA,completed
B00003437,G002301,R0036,A0035,2025-10-24,2026-01-21,2026-02-04,Presidential,14,103000,1442000,Corporate,no_show
B00003438,G002872,R0018,A0036,2024-12-04,2025-01-15,2025-01-21,Presidential,6,107800,646800,OTA,confirmed
B00003439,G002754,R0029,A0049,2024-10-23,2024-11-05,2024-11-07,Villa,2,67900,135800,OTA,completed
B00003440,G001805,R0026,A0032,2025-12-04,2025-12-08,2025-12-18,Villa,10,80500,805000,Direct,no_show
B00003441,G002847,R0003,A0017,2024-07-12,2024-09-28,2024-10-03,Standard King,5,15400,77000,Loyalty,completed
B00003442,G002599,R0035,A0054,2024-11-28,2025-01-29,2025-02-07,Ocean Suite,9,40400,363600,Corporate,completed
B00003443,G000339,R0014,A0049,2024-06-06,2024-06-13,2024-06-19,Presidential,6,149400,896400,OTA,completed
B00003444,G002132,R0030,A0017,2025-04-14,2025-06-24,2025-06-26,Ocean Suite,2,34200,68400,Direct,completed
B00003445,G000414,R0005,A0036,2024-09-05,2024-12-05,2024-12-19,Ocean Suite,14,31000,434000,Corporate,completed
B00003446,G000554,R0007,A0047,2025-11-29,2025-12-24,2026-01-04,Standard King,11,23600,259600,Direct,confirmed
B00003447,G002344,R0016,A0045,2025-01-29,2025-02-17,2025-02-23,Ocean Suite,6,37200,223200,Direct,completed
B00003448,G000782,R0004,A0040,2025-11-08,2025-11-25,2025-11-27,Standard King,2,20500,41000,Direct,confirmed
B00003449,G001027,R0015,A0011,2025-12-21,2025-12-26,2026-01-05,Standard Double,10,15300,153000,Corporate,cancelled
B00003450,G002309,R0027,A0046,2024-11-01,2025-01-07,2025-01-09,Villa,2,76300,152600,Direct,completed
B00003451,G001720,R0002,A0008,2025-04-10,2025-06-24,2025-07-08,Standard Double,14,20100,281400,Travel Agent,completed
B00003452,G002069,R0013,A0025,2024-11-10,2024-11-23,2024-11-28,Standard King,5,17800,89000,Corporate,completed
B00003453,G000819,R0004,A0021,2025-06-08,2025-09-03,2025-09-17,Ocean Suite,14,43300,606200,Direct,confirmed
B00003454,G002226,R0005,A0028,2024-08-24,2024-10-14,2024-10-17,Standard King,3,19300,57900,Direct,completed
B00003455,G001527,R0008,A0004,2025-08-19,2025-08-30,2025-09-05,Ocean Suite,6,45500,273000,OTA,confirmed
B00003456,G001278,R0006,A0036,2025-08-30,2025-10-15,2025-10-27,Presidential,12,124000,1488000,Travel Agent,completed
B00003457,G002260,R0013,A0009,2024-11-08,2024-11-27,2024-12-02,Ocean Suite,5,38100,190500,Travel Agent,completed
B00003458,G002636,R0040,A0005,2025-04-14,2025-05-07,2025-05-14,Standard King,7,16200,113400,Travel Agent,confirmed
B00003459,G000456,R0034,A0049,2024-09-07,2024-09-21,2024-09-26,Standard Double,5,18400,92000,OTA,confirmed
B00003460,G000268,R0018,A0055,2024-08-12,2024-08-15,2024-08-16,Standard King,1,17100,17100,Direct,completed
B00003461,G002777,R0031,A0033,2025-11-24,2025-11-28,2025-12-12,Standard Double,14,17700,247800,Travel Agent,confirmed
B00003462,G001637,R0037,A0030,2025-09-29,2026-01-27,2026-02-07,Standard Double,11,17100,188100,Loyalty,cancelled
B00003463,G002655,R0038,A0028,2024-11-09,2024-11-19,2024-11-21,Standard King,2,15400,30800,OTA,completed
B00003464,G001651,R0029,A0046,2024-07-13,2024-08-10,2024-08-20,Standard Double,10,12900,129000,Direct,completed
B00003465,G000754,R0023,A0041,2024-05-11,2024-05-17,2024-05-19,Standard King,2,23200,46400,Corporate,completed
B00003466,G002335,R0024,A0060,2024-08-16,2024-09-16,2024-09-27,Ocean Suite,11,32100,353100,Corporate,completed
B00003467,G001664,R0005,A0028,2025-09-28,2026-01-19,2026-01-30,Standard Double,11,17800,195800,Loyalty,completed
B00003468,G002940,R0034,A0052,2025-08-16,2025-09-28,2025-09-30,Ocean Suite,2,31800,63600,OTA,cancelled
B00003469,G002113,R0024,A0060,2025-02-14,2025-02-16,2025-02-19,Standard Double,3,13700,41100,OTA,completed
B00003470,G000846,R0038,A0055,2025-04-01,2025-04-10,2025-04-23,Standard King,13,21100,274300,OTA,confirmed
B00003471,G000269,R0030,A0041,2024-03-10,2024-07-02,2024-07-16,Ocean Suite,14,39000,546000,Travel Agent,completed
B00003472,G000697,R0039,A0017,2024-10-09,2024-11-18,2024-11-22,Standard Double,4,18900,75600,OTA,completed
B00003473,G000490,R0030,A0008,2025-07-05,2025-09-11,2025-09-13,Standard Double,2,16600,33200,Travel Agent,confirmed
B00003474,G001795,R0038,A0027,2025-06-14,2025-09-17,2025-09-22,Standard Double,5,13600,68000,Corporate,completed
B00003475,G001167,R0032,A0021,2024-05-03,2024-08-16,2024-08-20,Ocean Suite,4,34600,138400,Corporate,completed
B00003476,G001886,R0002,A0047,2025-09-07,2025-12-17,2025-12-29,Standard King,12,23300,279600,Travel Agent,confirmed
B00003477,G000292,R0002,A0002,2025-05-11,2025-06-06,2025-06-08,Ocean Suite,2,34300,68600,Direct,completed
B00003478,G002271,R0037,A0041,2024-12-31,2025-02-18,2025-02-26,Ocean Suite,8,34200,273600,OTA,completed
B00003479,G001922,R0007,A0032,2024-10-22,2025-01-12,2025-01-21,Standard Double,9,15100,135900,Loyalty,completed
B00003480,G000631,R0009,A0051,2024-01-25,2024-02-18,2024-02-21,Standard King,3,15900,47700,OTA,cancelled
B00003481,G002813,R0004,A0054,2024-04-19,2024-07-21,2024-07-26,Standard Double,5,15800,79000,Travel Agent,completed
B00003482,G000659,R0037,A0016,2024-04-30,2024-08-03,2024-08-13,Standard King,10,21700,217000,Loyalty,completed
B00003483,G001626,R0023,A0003,2025-08-04,2025-09-23,2025-10-04,Standard King,11,21700,238700,Loyalty,cancelled
B00003484,G001083,R0038,A0059,2024-03-14,2024-03-28,2024-04-09,Standard King,12,15500,186000,Corporate,completed
B00003485,G000240,R0003,A0020,2025-02-25,2025-03-16,2025-03-20,Villa,4,53800,215200,OTA,completed
B00003486,G000733,R0031,A0038,2025-08-13,2025-10-05,2025-10-06,Standard King,1,19100,19100,Direct,cancelled
B00003487,G000135,R0012,A0012,2025-05-22,2025-09-05,2025-09-06,Villa,1,57500,57500,Corporate,completed
B00003488,G002531,R0030,A0017,2025-09-03,2025-12-24,2025-12-30,Villa,6,67900,407400,Travel Agent,completed
B00003489,G001606,R0032,A0050,2025-12-08,2026-03-01,2026-03-09,Ocean Suite,8,39000,312000,Loyalty,cancelled
B00003490,G000262,R0008,A0007,2024-07-30,2024-08-04,2024-08-15,Standard Double,11,17900,196900,OTA,cancelled
B00003491,G001105,R0022,A0003,2024-10-20,2025-01-30,2025-02-08,Ocean Suite,9,36700,330300,Direct,completed
B00003492,G000450,R0018,A0055,2025-12-31,2026-01-22,2026-01-29,Standard King,7,21800,152600,OTA,completed
B00003493,G000229,R0037,A0031,2024-05-15,2024-05-31,2024-06-05,Ocean Suite,5,31100,155500,OTA,confirmed
B00003494,G000610,R0005,A0004,2025-09-17,2026-01-05,2026-01-12,Ocean Suite,7,41000,287000,Loyalty,completed
B00003495,G000136,R0030,A0056,2024-06-19,2024-09-07,2024-09-18,Standard Double,11,19600,215600,Direct,completed
B00003496,G001124,R0012,A0049,2025-02-10,2025-05-07,2025-05-12,Ocean Suite,5,46900,234500,Corporate,completed
B00003497,G001658,R0038,A0003,2024-11-23,2025-02-28,2025-03-07,Ocean Suite,7,32800,229600,Direct,completed
B00003498,G000468,R0033,A0022,2024-07-03,2024-08-17,2024-08-27,Ocean Suite,10,41600,416000,Direct,cancelled
B00003499,G001427,R0039,A0010,2024-09-09,2024-11-18,2024-11-23,Standard King,5,19200,96000,Corporate,completed
B00003500,G001492,R0017,A0056,2025-06-17,2025-10-10,2025-10-24,Standard Double,14,19200,268800,Direct,completed
B00003501,G002105,R0019,A0004,2024-07-24,2024-10-26,2024-11-09,Ocean Suite,14,38000,532000,Direct,confirmed
B00003502,G002640,R0026,A0025,2025-06-14,2025-06-18,2025-06-27,Villa,9,65400,588600,OTA,completed
B00003503,G000056,R0032,A0024,2025-09-22,2025-10-18,2025-10-30,Standard Double,12,18800,225600,Direct,confirmed
B00003504,G000357,R0015,A0029,2024-09-28,2024-10-17,2024-10-28,Standard King,11,22500,247500,Direct,confirmed
B00003505,G002882,R0027,A0047,2025-05-30,2025-08-18,2025-08-23,Villa,5,60800,304000,Direct,confirmed
B00003506,G002995,R0016,A0026,2025-08-10,2025-11-30,2025-12-09,Standard King,9,22000,198000,Direct,completed
B00003507,G001416,R0040,A0054,2025-09-18,2025-11-22,2025-11-24,Standard Double,2,17700,35400,Loyalty,completed
B00003508,G000256,R0036,A0047,2024-09-26,2024-09-29,2024-10-09,Standard King,10,18800,188000,Direct,completed
B00003509,G001473,R0012,A0031,2025-09-08,2025-10-12,2025-10-15,Standard Double,3,14400,43200,Direct,confirmed
B00003510,G001292,R0007,A0052,2024-12-22,2025-01-22,2025-01-25,Standard King,3,22200,66600,OTA,confirmed
B00003511,G002887,R0007,A0006,2025-11-12,2026-01-02,2026-01-08,Ocean Suite,6,47000,282000,Corporate,completed
B00003512,G000436,R0021,A0057,2024-08-18,2024-09-13,2024-09-23,Standard Double,10,18800,188000,Direct,confirmed
B00003513,G001619,R0037,A0026,2024-11-08,2025-03-05,2025-03-13,Standard King,8,21400,171200,OTA,completed
B00003514,G001078,R0006,A0035,2025-02-13,2025-03-28,2025-04-03,Villa,6,74200,445200,Loyalty,completed
B00003515,G001877,R0005,A0025,2025-03-06,2025-05-29,2025-06-12,Standard Double,14,17400,243600,Loyalty,completed
B00003516,G000753,R0026,A0004,2024-05-21,2024-06-16,2024-06-23,Standard King,7,18000,126000,Travel Agent,confirmed
B00003517,G001102,R0001,A0048,2024-07-20,2024-11-11,2024-11-22,Standard King,11,16600,182600,Travel Agent,confirmed
B00003518,G001113,R0031,A0049,2025-12-26,2026-04-21,2026-04-26,Standard King,5,16600,83000,Corporate,completed
B00003519,G002737,R0033,A0006,2025-11-29,2026-02-11,2026-02-12,Villa,1,58700,58700,Direct,completed
B00003520,G000061,R0036,A0021,2025-06-02,2025-09-05,2025-09-09,Standard King,4,19500,78000,Direct,completed
B00003521,G001747,R0021,A0042,2024-07-25,2024-10-20,2024-11-01,Standard King,12,17300,207600,Travel Agent,cancelled
B00003522,G001560,R0005,A0058,2024-08-23,2024-12-21,2025-01-03,Standard King,13,18400,239200,OTA,completed
B00003523,G000682,R0033,A0058,2024-11-27,2025-01-05,2025-01-07,Standard Double,2,15800,31600,OTA,completed
B00003524,G002642,R0009,A0037,2025-08-29,2025-12-23,2026-01-04,Standard King,12,22200,266400,Travel Agent,completed
B00003525,G002347,R0036,A0027,2025-12-04,2025-12-17,2025-12-30,Standard Double,13,17500,227500,Loyalty,completed
B00003526,G001020,R0020,A0021,2025-03-04,2025-04-17,2025-04-19,Standard King,2,23500,47000,Loyalty,completed
B00003527,G000412,R0006,A0028,2025-03-15,2025-06-29,2025-06-30,Standard King,1,17400,17400,OTA,completed
B00003528,G002871,R0009,A0032,2024-09-22,2024-11-23,2024-11-24,Standard Double,1,18300,18300,Corporate,cancelled
B00003529,G002166,R0030,A0051,2025-09-01,2025-10-10,2025-10-24,Standard King,14,21400,299600,Travel Agent,completed
B00003530,G000801,R0011,A0040,2024-03-07,2024-05-25,2024-06-07,Presidential,13,140600,1827800,Corporate,completed
B00003531,G000480,R0001,A0057,2025-09-14,2025-12-29,2026-01-01,Standard Double,3,15300,45900,Corporate,completed
B00003532,G000460,R0007,A0028,2024-10-29,2025-01-28,2025-02-01,Standard Double,4,18200,72800,Loyalty,completed
B00003533,G001153,R0031,A0022,2024-12-19,2025-02-14,2025-02-21,Ocean Suite,7,40800,285600,OTA,completed
B00003534,G002996,R0027,A0044,2024-02-27,2024-03-26,2024-04-04,Standard King,9,18100,162900,OTA,completed
B00003535,G002097,R0028,A0032,2024-08-09,2024-12-02,2024-12-16,Villa,14,57000,798000,OTA,completed
B00003536,G001013,R0030,A0027,2025-06-08,2025-07-25,2025-08-03,Villa,9,72100,648900,Travel Agent,completed
B00003537,G001725,R0027,A0013,2025-02-18,2025-03-13,2025-03-22,Standard Double,9,13300,119700,Corporate,cancelled
B00003538,G001104,R0013,A0039,2025-01-13,2025-04-27,2025-04-28,Standard Double,1,17000,17000,Travel Agent,completed
B00003539,G002351,R0004,A0039,2025-04-17,2025-07-17,2025-07-20,Standard Double,3,15100,45300,Travel Agent,completed
B00003540,G000487,R0037,A0046,2024-09-26,2024-10-17,2024-10-19,Standard Double,2,15000,30000,Corporate,confirmed
B00003541,G001478,R0010,A0036,2025-05-21,2025-06-24,2025-06-25,Standard King,1,23800,23800,OTA,confirmed
B00003542,G001892,R0017,A0059,2025-03-17,2025-05-05,2025-05-19,Ocean Suite,14,33800,473200,Loyalty,confirmed
B00003543,G000116,R0001,A0038,2025-02-08,2025-05-10,2025-05-21,Standard Double,11,18800,206800,Loyalty,completed
B00003544,G001672,R0015,A0018,2024-04-15,2024-06-01,2024-06-13,Standard King,12,16300,195600,Travel Agent,completed
B00003545,G001302,R0010,A0053,2024-03-31,2024-07-06,2024-07-18,Standard King,12,15500,186000,Direct,completed
B00003546,G002527,R0029,A0012,2025-08-08,2025-08-16,2025-08-28,Standard King,12,18600,223200,Direct,completed
B00003547,G001967,R0032,A0023,2025-12-20,2026-03-29,2026-04-03,Standard King,5,23600,118000,Direct,completed
B00003548,G002600,R0016,A0050,2025-07-25,2025-10-03,2025-10-08,Villa,5,76900,384500,OTA,completed
B00003549,G001207,R0036,A0009,2024-04-01,2024-04-28,2024-04-29,Standard King,1,22400,22400,OTA,confirmed
B00003550,G001191,R0037,A0016,2024-05-01,2024-07-03,2024-07-14,Standard Double,11,19300,212300,Loyalty,completed
B00003551,G002241,R0030,A0008,2024-06-04,2024-09-19,2024-09-21,Standard Double,2,16700,33400,Direct,completed
B00003552,G002164,R0015,A0005,2025-01-20,2025-03-21,2025-04-01,Ocean Suite,11,31700,348700,Direct,confirmed
B00003553,G002219,R0016,A0059,2025-07-24,2025-08-24,2025-08-31,Presidential,7,142700,998900,Loyalty,confirmed
B00003554,G001466,R0021,A0016,2025-03-09,2025-04-18,2025-04-23,Ocean Suite,5,45500,227500,Travel Agent,completed
B00003555,G002317,R0016,A0038,2025-12-19,2026-02-08,2026-02-11,Standard King,3,15400,46200,Direct,completed
B00003556,G001414,R0031,A0041,2025-09-29,2025-10-09,2025-10-14,Standard King,5,20700,103500,Travel Agent,completed
B00003557,G000990,R0025,A0040,2025-09-21,2025-11-04,2025-11-08,Standard Double,4,17500,70000,Loyalty,confirmed
B00003558,G001822,R0034,A0012,2025-01-28,2025-03-10,2025-03-24,Standard King,14,22100,309400,OTA,completed
B00003559,G002885,R0040,A0037,2024-06-24,2024-07-25,2024-08-03,Standard Double,9,15300,137700,OTA,completed
B00003560,G001263,R0020,A0050,2025-07-17,2025-11-03,2025-11-08,Standard Double,5,13800,69000,OTA,completed
B00003561,G000421,R0009,A0011,2025-10-29,2025-12-26,2026-01-03,Standard King,8,20800,166400,Direct,confirmed
B00003562,G000721,R0002,A0014,2024-01-07,2024-04-05,2024-04-10,Standard King,5,15700,78500,Travel Agent,completed
B00003563,G000706,R0039,A0030,2025-09-01,2025-10-15,2025-10-29,Ocean Suite,14,35400,495600,OTA,cancelled
B00003564,G002684,R0039,A0028,2024-08-04,2024-08-31,2024-09-12,Standard King,12,16900,202800,OTA,completed
B00003565,G001171,R0011,A0032,2025-03-03,2025-03-24,2025-03-26,Villa,2,57400,114800,OTA,cancelled
B00003566,G000701,R0005,A0038,2025-09-04,2026-01-02,2026-01-14,Standard King,12,20600,247200,OTA,confirmed
B00003567,G000853,R0032,A0024,2025-03-25,2025-05-19,2025-06-02,Standard King,14,19300,270200,OTA,confirmed
B00003568,G002226,R0033,A0023,2025-03-14,2025-07-09,2025-07-14,Presidential,5,128200,641000,OTA,cancelled
B00003569,G001497,R0027,A0056,2024-02-23,2024-04-14,2024-04-22,Standard Double,8,18500,148000,OTA,completed
B00003570,G002525,R0001,A0021,2024-05-20,2024-09-09,2024-09-23,Standard King,14,19800,277200,Direct,confirmed
B00003571,G002988,R0003,A0055,2025-07-12,2025-07-19,2025-08-01,Ocean Suite,13,41800,543400,OTA,completed
B00003572,G001212,R0003,A0046,2024-04-14,2024-06-07,2024-06-10,Ocean Suite,3,35500,106500,Corporate,completed
B00003573,G000919,R0008,A0012,2025-07-28,2025-07-30,2025-08-02,Standard Double,3,17700,53100,Direct,completed
B00003574,G000393,R0021,A0047,2024-10-27,2025-01-01,2025-01-09,Standard King,8,22900,183200,Travel Agent,completed
B00003575,G000985,R0036,A0039,2025-07-13,2025-08-23,2025-08-27,Villa,4,80600,322400,Direct,completed
B00003576,G002643,R0015,A0023,2025-10-25,2026-01-10,2026-01-22,Standard King,12,16500,198000,Travel Agent,completed
B00003577,G002246,R0003,A0005,2024-04-01,2024-06-04,2024-06-15,Standard King,11,20400,224400,Direct,completed
B00003578,G002224,R0002,A0037,2025-09-16,2025-12-17,2025-12-19,Villa,2,52600,105200,Travel Agent,completed
B00003579,G000115,R0018,A0004,2025-12-22,2026-02-07,2026-02-17,Standard Double,10,18500,185000,Direct,cancelled
B00003580,G000365,R0018,A0011,2024-01-17,2024-04-18,2024-04-23,Standard King,5,21300,106500,Loyalty,confirmed
B00003581,G000713,R0036,A0029,2024-11-28,2025-01-10,2025-01-11,Ocean Suite,1,35100,35100,OTA,cancelled
B00003582,G001834,R0030,A0024,2025-04-22,2025-04-23,2025-05-07,Villa,14,75800,1061200,OTA,completed
B00003583,G000412,R0024,A0053,2024-06-24,2024-10-07,2024-10-16,Standard King,9,23000,207000,Direct,confirmed
B00003584,G001897,R0011,A0032,2024-03-04,2024-06-01,2024-06-08,Standard Double,7,19000,133000,Corporate,completed
B00003585,G000118,R0017,A0039,2025-03-21,2025-07-13,2025-07-14,Villa,1,70300,70300,OTA,completed
B00003586,G002556,R0009,A0002,2024-09-22,2024-11-08,2024-11-18,Ocean Suite,10,36400,364000,Direct,cancelled
B00003587,G000838,R0028,A0013,2025-05-03,2025-06-18,2025-06-28,Villa,10,71800,718000,Direct,completed
B00003588,G000012,R0034,A0032,2024-04-25,2024-07-06,2024-07-15,Standard King,9,22300,200700,Travel Agent,confirmed
B00003589,G002739,R0040,A0021,2024-06-12,2024-07-09,2024-07-13,Standard King,4,17400,69600,Direct,completed
B00003590,G002465,R0033,A0032,2025-03-02,2025-04-02,2025-04-06,Ocean Suite,4,38200,152800,Corporate,completed
B00003591,G000207,R0012,A0012,2025-06-03,2025-06-22,2025-06-25,Villa,3,60100,180300,OTA,completed
B00003592,G002302,R0033,A0050,2024-04-10,2024-06-03,2024-06-08,Standard Double,5,16300,81500,Corporate,completed
B00003593,G000061,R0038,A0002,2025-12-21,2026-04-01,2026-04-15,Standard Double,14,16500,231000,Direct,completed
B00003594,G002568,R0015,A0055,2024-04-07,2024-05-08,2024-05-16,Standard Double,8,14800,118400,Direct,completed
B00003595,G000915,R0006,A0032,2024-08-16,2024-09-17,2024-09-23,Standard Double,6,14400,86400,OTA,confirmed
B00003596,G001714,R0032,A0040,2025-07-20,2025-09-06,2025-09-11,Standard Double,5,13300,66500,OTA,completed
B00003597,G000544,R0009,A0007,2024-10-01,2024-10-03,2024-10-11,Ocean Suite,8,41200,329600,OTA,confirmed
B00003598,G000477,R0037,A0009,2025-12-13,2026-01-14,2026-01-26,Standard King,12,20900,250800,Direct,completed
B00003599,G002308,R0009,A0053,2024-03-25,2024-07-11,2024-07-25,Standard Double,14,16500,231000,OTA,completed
B00003600,G000601,R0019,A0030,2025-11-05,2026-03-01,2026-03-14,Standard King,13,19700,256100,Corporate,completed
B00003601,G002331,R0027,A0015,2024-09-20,2024-12-05,2024-12-06,Villa,1,75300,75300,OTA,confirmed
B00003602,G001268,R0024,A0032,2025-06-13,2025-06-22,2025-07-05,Standard King,13,18100,235300,OTA,confirmed
B00003603,G000071,R0021,A0056,2025-07-27,2025-10-14,2025-10-18,Villa,4,58500,234000,Loyalty,completed
B00003604,G000917,R0039,A0007,2025-03-23,2025-06-21,2025-07-01,Standard Double,10,16400,164000,Direct,completed
B00003605,G001808,R0009,A0048,2024-05-04,2024-06-20,2024-06-25,Ocean Suite,5,32600,163000,Direct,no_show
B00003606,G000402,R0014,A0018,2024-07-09,2024-08-15,2024-08-23,Standard King,8,17300,138400,Corporate,completed
B00003607,G001416,R0039,A0031,2024-08-09,2024-11-23,2024-12-01,Standard King,8,21300,170400,Corporate,completed
B00003608,G001528,R0014,A0015,2024-06-12,2024-06-25,2024-06-26,Standard Double,1,19600,19600,Direct,completed
B00003609,G000359,R0015,A0011,2025-06-24,2025-09-10,2025-09-15,Ocean Suite,5,43200,216000,OTA,completed
B00003610,G002823,R0037,A0046,2025-08-15,2025-10-21,2025-11-02,Ocean Suite,12,38900,466800,Loyalty,confirmed
B00003611,G002912,R0032,A0053,2025-07-27,2025-08-27,2025-09-01,Standard King,5,21000,105000,OTA,completed
B00003612,G000769,R0020,A0013,2024-10-17,2024-12-29,2025-01-09,Standard Double,11,13400,147400,OTA,completed
B00003613,G000803,R0010,A0018,2025-10-03,2026-01-10,2026-01-24,Ocean Suite,14,44900,628600,Travel Agent,completed
B00003614,G000548,R0013,A0015,2024-10-27,2025-01-18,2025-01-22,Standard King,4,19900,79600,Corporate,completed
B00003615,G000117,R0037,A0048,2025-05-12,2025-05-28,2025-05-31,Standard King,3,23400,70200,OTA,completed
B00003616,G000457,R0020,A0055,2025-08-05,2025-10-09,2025-10-23,Ocean Suite,14,32800,459200,Corporate,no_show
B00003617,G001573,R0003,A0029,2025-08-07,2025-10-21,2025-11-01,Ocean Suite,11,35900,394900,Corporate,completed
B00003618,G001746,R0023,A0007,2025-02-19,2025-04-06,2025-04-20,Villa,14,78900,1104600,Corporate,completed
B00003619,G001597,R0030,A0029,2024-03-01,2024-03-16,2024-03-27,Villa,11,57600,633600,OTA,completed
B00003620,G001581,R0002,A0014,2025-02-24,2025-06-01,2025-06-10,Standard King,9,23000,207000,Direct,confirmed
B00003621,G001500,R0035,A0018,2025-05-29,2025-06-08,2025-06-22,Standard Double,14,19200,268800,Loyalty,completed
B00003622,G001944,R0013,A0055,2024-05-17,2024-06-29,2024-07-13,Standard King,14,16500,231000,Travel Agent,cancelled
B00003623,G000632,R0006,A0004,2025-01-24,2025-02-13,2025-02-17,Standard Double,4,15400,61600,OTA,completed
B00003624,G000655,R0010,A0037,2024-11-29,2025-01-05,2025-01-19,Villa,14,62700,877800,Loyalty,confirmed
B00003625,G002466,R0005,A0028,2024-04-04,2024-05-13,2024-05-19,Standard Double,6,17200,103200,Corporate,completed
B00003626,G000653,R0014,A0029,2024-09-18,2024-11-13,2024-11-20,Standard Double,7,15600,109200,Corporate,completed
B00003627,G001457,R0018,A0052,2024-12-09,2024-12-31,2025-01-13,Standard King,13,21800,283400,Direct,completed
B00003628,G001184,R0010,A0024,2025-09-10,2025-11-07,2025-11-16,Standard King,9,17700,159300,OTA,completed
B00003629,G001990,R0033,A0040,2024-08-15,2024-08-24,2024-08-26,Standard Double,2,13600,27200,OTA,completed
B00003630,G000752,R0021,A0018,2024-09-18,2024-09-19,2024-09-21,Standard King,2,21300,42600,Direct,confirmed
B00003631,G002097,R0002,A0034,2024-09-03,2024-10-17,2024-10-26,Ocean Suite,9,36200,325800,OTA,completed
B00003632,G001529,R0036,A0029,2025-09-19,2025-11-16,2025-11-26,Standard Double,10,18400,184000,OTA,completed
B00003633,G001576,R0020,A0014,2025-06-26,2025-07-18,2025-07-31,Standard Double,13,15700,204100,Direct,no_show
B00003634,G002626,R0029,A0034,2025-03-17,2025-07-12,2025-07-25,Standard Double,13,14100,183300,OTA,completed
B00003635,G002140,R0026,A0029,2025-11-21,2026-03-01,2026-03-11,Standard King,10,16200,162000,Corporate,cancelled
B00003636,G001161,R0011,A0052,2025-02-26,2025-04-29,2025-05-01,Standard Double,2,17500,35000,Travel Agent,completed
B00003637,G000035,R0002,A0057,2024-05-30,2024-09-01,2024-09-14,Standard Double,13,18600,241800,Corporate,completed
B00003638,G000836,R0004,A0024,2024-07-04,2024-07-10,2024-07-20,Ocean Suite,10,36300,363000,Direct,completed
B00003639,G001976,R0007,A0040,2024-06-10,2024-09-09,2024-09-19,Ocean Suite,10,41200,412000,Direct,completed
B00003640,G002905,R0015,A0010,2025-06-20,2025-10-13,2025-10-23,Standard King,10,15900,159000,Direct,completed
B00003641,G002536,R0032,A0002,2025-04-15,2025-04-28,2025-05-07,Standard King,9,22800,205200,OTA,completed
B00003642,G002340,R0007,A0027,2024-05-26,2024-07-23,2024-07-29,Standard Double,6,16400,98400,OTA,completed
B00003643,G002435,R0004,A0001,2025-12-06,2026-02-04,2026-02-05,Standard King,1,17200,17200,OTA,completed
B00003644,G000014,R0025,A0007,2025-06-23,2025-10-18,2025-10-24,Ocean Suite,6,43900,263400,Direct,completed
B00003645,G002970,R0009,A0009,2024-04-29,2024-05-21,2024-06-02,Standard Double,12,18900,226800,Corporate,cancelled
B00003646,G000280,R0035,A0059,2025-01-22,2025-04-05,2025-04-09,Ocean Suite,4,42400,169600,Direct,confirmed
B00003647,G002515,R0008,A0019,2024-11-08,2024-11-19,2024-11-21,Ocean Suite,2,46200,92400,Loyalty,completed
B00003648,G001054,R0037,A0025,2024-05-18,2024-09-12,2024-09-22,Villa,10,66200,662000,OTA,completed
B00003649,G001235,R0021,A0017,2025-09-01,2025-10-21,2025-10-27,Standard King,6,24000,144000,Travel Agent,cancelled
B00003650,G002849,R0004,A0022,2025-04-22,2025-06-06,2025-06-16,Ocean Suite,10,35500,355000,Loyalty,completed
B00003651,G000735,R0016,A0024,2024-08-20,2024-09-04,2024-09-15,Standard Double,11,15100,166100,OTA,completed
B00003652,G000846,R0006,A0045,2025-09-22,2026-01-03,2026-01-14,Standard King,11,17400,191400,Corporate,completed
B00003653,G002091,R0011,A0012,2025-05-15,2025-07-25,2025-07-26,Standard Double,1,14200,14200,Direct,cancelled
B00003654,G002859,R0015,A0003,2025-08-15,2025-12-11,2025-12-18,Standard Double,7,19200,134400,Corporate,completed
B00003655,G001779,R0039,A0055,2025-10-28,2025-12-07,2025-12-21,Standard Double,14,13200,184800,Loyalty,completed
B00003656,G002439,R0020,A0053,2024-12-01,2025-03-22,2025-03-27,Presidential,5,160200,801000,Travel Agent,confirmed
B00003657,G002818,R0008,A0016,2025-10-10,2025-12-07,2025-12-09,Standard King,2,17500,35000,OTA,confirmed
B00003658,G000711,R0010,A0060,2025-04-24,2025-08-01,2025-08-08,Standard Double,7,15100,105700,Corporate,completed
B00003659,G002821,R0019,A0028,2024-11-08,2024-12-22,2025-01-02,Standard King,11,15800,173800,Corporate,completed
B00003660,G002308,R0027,A0021,2024-10-27,2024-12-12,2024-12-16,Standard Double,4,16800,67200,Loyalty,completed
B00003661,G000664,R0033,A0052,2024-05-15,2024-08-23,2024-09-05,Standard Double,13,19900,258700,Corporate,confirmed
B00003662,G000022,R0010,A0043,2024-08-14,2024-11-30,2024-12-12,Standard Double,12,12700,152400,Direct,confirmed
B00003663,G001497,R0005,A0058,2025-11-19,2026-01-17,2026-01-25,Presidential,8,107900,863200,OTA,completed
B00003664,G002497,R0023,A0016,2024-10-06,2024-10-27,2024-11-05,Standard King,9,18500,166500,OTA,confirmed
B00003665,G002612,R0039,A0029,2025-01-08,2025-01-11,2025-01-17,Villa,6,75600,453600,Travel Agent,confirmed
B00003666,G000379,R0039,A0036,2024-03-04,2024-03-08,2024-03-19,Standard Double,11,14700,161700,Direct,completed
B00003667,G001627,R0025,A0022,2025-08-02,2025-09-09,2025-09-12,Standard Double,3,15800,47400,Direct,completed
B00003668,G001613,R0011,A0056,2025-03-31,2025-05-24,2025-06-05,Standard King,12,21000,252000,Direct,completed
B00003669,G001949,R0039,A0033,2024-03-21,2024-04-26,2024-04-28,Standard King,2,24000,48000,Direct,confirmed
B00003670,G001563,R0017,A0047,2024-04-24,2024-05-31,2024-06-04,Standard Double,4,14200,56800,Loyalty,completed
B00003671,G002213,R0009,A0045,2025-09-01,2025-12-17,2025-12-23,Villa,6,77100,462600,OTA,completed
B00003672,G002082,R0022,A0009,2025-08-26,2025-10-27,2025-11-09,Ocean Suite,13,41100,534300,OTA,completed
B00003673,G002983,R0019,A0002,2025-10-28,2025-12-03,2025-12-06,Standard King,3,15300,45900,OTA,completed
B00003674,G001146,R0021,A0052,2025-01-15,2025-02-11,2025-02-21,Ocean Suite,10,41100,411000,Travel Agent,completed
B00003675,G000724,R0028,A0039,2024-08-08,2024-09-08,2024-09-18,Standard King,10,17400,174000,Loyalty,confirmed
B00003676,G001371,R0013,A0039,2025-11-05,2025-11-29,2025-12-13,Standard Double,14,15700,219800,Direct,confirmed
B00003677,G001276,R0023,A0011,2025-01-05,2025-03-14,2025-03-26,Ocean Suite,12,43800,525600,Direct,no_show
B00003678,G000974,R0008,A0032,2025-11-14,2025-12-11,2025-12-17,Standard Double,6,15800,94800,Corporate,confirmed
B00003679,G001266,R0028,A0038,2024-11-14,2024-12-13,2024-12-22,Standard Double,9,16800,151200,Direct,cancelled
B00003680,G001142,R0023,A0051,2025-07-05,2025-10-28,2025-11-10,Ocean Suite,13,32700,425100,OTA,confirmed
B00003681,G000511,R0013,A0055,2025-03-16,2025-03-27,2025-04-09,Standard King,13,21000,273000,Travel Agent,cancelled
B00003682,G001354,R0031,A0031,2024-04-15,2024-05-26,2024-05-30,Standard Double,4,16000,64000,Direct,completed
B00003683,G002429,R0025,A0040,2024-04-16,2024-07-13,2024-07-24,Standard King,11,21800,239800,OTA,confirmed
B00003684,G002343,R0027,A0019,2024-08-30,2024-09-26,2024-09-28,Ocean Suite,2,31200,62400,OTA,confirmed
B00003685,G000513,R0011,A0025,2024-04-11,2024-06-17,2024-06-18,Standard Double,1,17900,17900,Corporate,confirmed
B00003686,G000502,R0024,A0048,2025-07-17,2025-08-28,2025-09-11,Standard King,14,20600,288400,Direct,confirmed
B00003687,G002541,R0016,A0052,2025-06-11,2025-08-07,2025-08-09,Standard Double,2,14900,29800,Direct,completed
B00003688,G002767,R0022,A0053,2025-04-06,2025-07-10,2025-07-18,Standard Double,8,14900,119200,Travel Agent,completed
B00003689,G001002,R0007,A0026,2024-07-24,2024-10-29,2024-11-01,Villa,3,57600,172800,Corporate,cancelled
B00003690,G001447,R0022,A0030,2025-04-19,2025-07-17,2025-07-26,Ocean Suite,9,36800,331200,Direct,no_show
B00003691,G001748,R0025,A0028,2024-02-15,2024-06-14,2024-06-21,Standard Double,7,17800,124600,Direct,cancelled
B00003692,G002101,R0004,A0027,2025-09-23,2025-11-15,2025-11-21,Standard King,6,22900,137400,Direct,completed
B00003693,G001065,R0001,A0044,2024-07-19,2024-09-30,2024-10-07,Standard Double,7,16600,116200,Direct,completed
B00003694,G002104,R0010,A0001,2025-05-14,2025-05-28,2025-06-04,Standard Double,7,16700,116900,OTA,completed
B00003695,G002427,R0007,A0033,2025-08-12,2025-11-24,2025-11-28,Standard Double,4,19100,76400,Loyalty,completed
B00003696,G001483,R0005,A0030,2025-04-12,2025-06-05,2025-06-17,Standard King,12,19900,238800,Loyalty,completed
B00003697,G002446,R0009,A0020,2024-03-29,2024-05-11,2024-05-14,Ocean Suite,3,40500,121500,Direct,completed
B00003698,G002004,R0006,A0032,2024-07-24,2024-08-03,2024-08-07,Standard King,4,20800,83200,Corporate,cancelled
B00003699,G001748,R0032,A0044,2024-07-05,2024-10-14,2024-10-27,Standard King,13,20800,270400,Loyalty,completed
B00003700,G001383,R0028,A0041,2024-04-22,2024-06-11,2024-06-15,Standard Double,4,16100,64400,OTA,confirmed
B00003701,G000800,R0006,A0056,2024-10-21,2024-11-06,2024-11-10,Ocean Suite,4,30100,120400,Direct,completed
B00003702,G001335,R0033,A0029,2025-04-01,2025-05-10,2025-05-21,Ocean Suite,11,37200,409200,OTA,confirmed
B00003703,G000725,R0036,A0043,2024-04-18,2024-07-25,2024-07-28,Villa,3,78100,234300,OTA,cancelled
B00003704,G001440,R0003,A0058,2024-02-29,2024-03-28,2024-04-10,Standard King,13,15800,205400,OTA,completed
B00003705,G002305,R0027,A0040,2025-03-15,2025-06-12,2025-06-24,Standard King,12,19700,236400,Direct,completed
B00003706,G000977,R0022,A0048,2025-10-18,2026-01-29,2026-02-07,Ocean Suite,9,45800,412200,Corporate,completed
B00003707,G001727,R0040,A0029,2025-01-26,2025-03-14,2025-03-21,Ocean Suite,7,46300,324100,Corporate,confirmed
B00003708,G001540,R0015,A0014,2025-03-27,2025-07-15,2025-07-26,Standard Double,11,14600,160600,Corporate,completed
B00003709,G000500,R0031,A0058,2024-04-24,2024-06-30,2024-07-03,Presidential,3,105200,315600,Direct,completed
B00003710,G001990,R0008,A0059,2024-07-21,2024-10-17,2024-10-29,Villa,12,75400,904800,Loyalty,completed
B00003711,G001474,R0028,A0045,2024-04-08,2024-07-25,2024-08-03,Villa,9,65200,586800,Corporate,completed
B00003712,G002870,R0023,A0030,2025-08-17,2025-10-18,2025-10-20,Standard King,2,23100,46200,Direct,cancelled
B00003713,G002508,R0005,A0042,2024-02-25,2024-06-24,2024-07-01,Standard Double,7,19500,136500,Direct,completed
B00003714,G002021,R0014,A0009,2025-11-17,2026-01-23,2026-01-30,Standard Double,7,19100,133700,OTA,completed
B00003715,G000768,R0002,A0015,2025-01-29,2025-05-13,2025-05-19,Standard King,6,17300,103800,Direct,completed
B00003716,G001815,R0011,A0003,2025-02-20,2025-04-09,2025-04-23,Standard King,14,22500,315000,Direct,completed
B00003717,G002583,R0016,A0046,2025-08-06,2025-09-29,2025-10-13,Ocean Suite,14,47100,659400,OTA,confirmed
B00003718,G002137,R0021,A0014,2025-03-10,2025-05-19,2025-05-27,Standard Double,8,13800,110400,Corporate,completed
B00003719,G001229,R0013,A0022,2025-10-08,2025-11-19,2025-11-26,Ocean Suite,7,47100,329700,Travel Agent,no_show
B00003720,G000784,R0033,A0041,2025-12-01,2026-03-24,2026-03-29,Standard Double,5,19000,95000,OTA,completed
B00003721,G000175,R0022,A0037,2024-11-15,2024-11-22,2024-12-05,Standard King,13,16800,218400,Direct,completed
B00003722,G002011,R0016,A0052,2024-09-11,2024-10-09,2024-10-11,Standard King,2,22600,45200,Direct,completed
B00003723,G001922,R0031,A0051,2025-09-12,2025-12-31,2026-01-11,Ocean Suite,11,42400,466400,Direct,completed
B00003724,G000557,R0007,A0032,2025-05-22,2025-09-14,2025-09-19,Standard Double,5,13700,68500,Travel Agent,cancelled
B00003725,G002009,R0002,A0047,2025-12-01,2026-02-12,2026-02-19,Standard King,7,17300,121100,Direct,completed
B00003726,G000704,R0026,A0026,2025-05-07,2025-05-19,2025-05-24,Standard Double,5,13100,65500,OTA,cancelled
B00003727,G001838,R0024,A0045,2025-04-18,2025-05-01,2025-05-12,Villa,11,64800,712800,Direct,completed
B00003728,G002728,R0031,A0001,2025-05-16,2025-08-06,2025-08-07,Standard King,1,16800,16800,OTA,confirmed
B00003729,G001189,R0029,A0033,2024-07-19,2024-07-20,2024-08-01,Presidential,12,115100,1381200,OTA,completed
B00003730,G002311,R0022,A0054,2024-11-10,2025-02-13,2025-02-23,Standard King,10,22100,221000,OTA,completed
B00003731,G000793,R0039,A0046,2025-12-16,2026-01-08,2026-01-09,Standard King,1,20500,20500,Direct,completed
B00003732,G001504,R0014,A0031,2025-01-16,2025-04-21,2025-05-04,Standard Double,13,15500,201500,Corporate,completed
B00003733,G001068,R0038,A0010,2025-03-04,2025-04-10,2025-04-14,Standard King,4,19800,79200,Direct,completed
B00003734,G001611,R0011,A0027,2024-11-09,2025-02-14,2025-02-18,Ocean Suite,4,36200,144800,Corporate,completed
B00003735,G000402,R0029,A0015,2024-10-20,2025-01-27,2025-02-06,Standard King,10,23900,239000,OTA,completed
B00003736,G000624,R0013,A0036,2025-11-27,2026-01-31,2026-02-01,Standard Double,1,13200,13200,Direct,completed
B00003737,G002407,R0030,A0042,2024-09-02,2024-11-18,2024-11-28,Ocean Suite,10,40400,404000,Travel Agent,completed
B00003738,G000803,R0013,A0047,2025-06-23,2025-08-20,2025-09-03,Standard Double,14,16500,231000,OTA,confirmed
B00003739,G000862,R0008,A0029,2025-07-24,2025-11-13,2025-11-25,Standard Double,12,16700,200400,Loyalty,completed
B00003740,G002601,R0032,A0052,2025-09-09,2025-12-25,2026-01-06,Standard Double,12,14500,174000,OTA,completed
B00003741,G000103,R0039,A0034,2025-01-20,2025-03-28,2025-04-02,Villa,5,68900,344500,Direct,completed
B00003742,G001438,R0040,A0047,2024-02-28,2024-05-08,2024-05-15,Standard Double,7,20200,141400,Direct,completed
B00003743,G001804,R0029,A0026,2025-04-12,2025-07-16,2025-07-24,Ocean Suite,8,39100,312800,OTA,completed
B00003744,G000186,R0005,A0039,2025-01-02,2025-03-27,2025-04-06,Standard Double,10,19500,195000,OTA,confirmed
B00003745,G001050,R0028,A0011,2024-05-23,2024-07-12,2024-07-14,Standard King,2,17400,34800,Direct,no_show
B00003746,G002164,R0023,A0007,2025-07-03,2025-08-08,2025-08-21,Standard Double,13,17300,224900,Corporate,confirmed
B00003747,G001936,R0016,A0024,2024-07-05,2024-08-08,2024-08-16,Standard Double,8,14200,113600,OTA,completed
B00003748,G002265,R0030,A0009,2025-11-24,2026-02-23,2026-02-28,Ocean Suite,5,38600,193000,Travel Agent,completed
B00003749,G002093,R0038,A0059,2025-03-15,2025-05-10,2025-05-21,Villa,11,68000,748000,Corporate,no_show
B00003750,G001095,R0005,A0056,2025-09-23,2025-09-27,2025-10-02,Standard Double,5,16200,81000,Direct,confirmed
B00003751,G001564,R0021,A0016,2024-10-27,2025-01-15,2025-01-25,Standard Double,10,18100,181000,OTA,confirmed
B00003752,G002858,R0011,A0010,2025-03-15,2025-04-24,2025-05-08,Villa,14,72900,1020600,Direct,no_show
B00003753,G002035,R0001,A0010,2024-01-12,2024-01-30,2024-02-07,Ocean Suite,8,42700,341600,Corporate,completed
B00003754,G002202,R0016,A0055,2025-12-09,2025-12-14,2025-12-20,Standard King,6,18500,111000,Corporate,completed
B00003755,G000289,R0034,A0058,2024-06-07,2024-09-13,2024-09-14,Standard Double,1,19200,19200,Direct,completed
B00003756,G002398,R0015,A0056,2025-11-08,2025-11-29,2025-12-13,Standard King,14,17600,246400,OTA,cancelled
B00003757,G001267,R0035,A0040,2024-10-13,2025-01-20,2025-01-22,Standard King,2,22500,45000,OTA,completed
B00003758,G000213,R0013,A0014,2024-09-01,2024-11-11,2024-11-13,Standard King,2,20500,41000,OTA,completed
B00003759,G001767,R0001,A0054,2024-08-01,2024-09-23,2024-09-25,Ocean Suite,2,30800,61600,Direct,confirmed
B00003760,G002814,R0013,A0002,2025-01-19,2025-04-03,2025-04-16,Standard Double,13,18900,245700,Direct,completed
B00003761,G000031,R0037,A0016,2025-10-19,2025-11-12,2025-11-21,Standard King,9,18500,166500,Direct,completed
B00003762,G000614,R0037,A0007,2025-10-30,2025-12-22,2025-12-23,Standard King,1,21800,21800,OTA,no_show
B00003763,G002245,R0036,A0005,2024-10-05,2024-11-09,2024-11-10,Standard Double,1,14500,14500,Loyalty,confirmed
B00003764,G002047,R0012,A0058,2025-10-18,2026-02-04,2026-02-05,Ocean Suite,1,36200,36200,OTA,completed
B00003765,G002977,R0015,A0002,2024-02-18,2024-06-04,2024-06-10,Standard Double,6,12800,76800,Travel Agent,completed
B00003766,G001371,R0015,A0059,2024-02-23,2024-04-17,2024-04-24,Standard Double,7,19100,133700,OTA,completed
B00003767,G001351,R0030,A0028,2025-05-11,2025-07-19,2025-07-29,Standard King,10,22500,225000,OTA,cancelled
B00003768,G002432,R0037,A0054,2024-02-12,2024-05-13,2024-05-17,Standard King,4,16600,66400,Travel Agent,confirmed
B00003769,G001867,R0002,A0009,2025-03-08,2025-07-03,2025-07-16,Standard King,13,15900,206700,Corporate,confirmed
B00003770,G002591,R0005,A0053,2025-08-17,2025-08-24,2025-08-27,Standard Double,3,15800,47400,Travel Agent,completed
B00003771,G002508,R0016,A0001,2025-07-04,2025-08-05,2025-08-07,Presidential,2,124100,248200,Direct,completed
B00003772,G001815,R0012,A0033,2024-09-27,2024-12-18,2024-12-21,Ocean Suite,3,37000,111000,OTA,cancelled
B00003773,G002279,R0024,A0059,2025-08-12,2025-11-05,2025-11-11,Villa,6,71900,431400,Direct,completed
B00003774,G000905,R0021,A0018,2025-12-02,2026-02-10,2026-02-22,Ocean Suite,12,46700,560400,OTA,completed
B00003775,G002966,R0018,A0040,2024-04-19,2024-07-31,2024-08-05,Villa,5,80300,401500,Corporate,completed
B00003776,G002444,R0027,A0006,2025-11-04,2026-01-20,2026-01-26,Standard King,6,19300,115800,Direct,confirmed
B00003777,G001754,R0026,A0026,2025-07-03,2025-09-12,2025-09-18,Standard King,6,22300,133800,Travel Agent,completed
B00003778,G001443,R0039,A0040,2025-09-25,2025-12-11,2025-12-12,Standard King,1,17300,17300,Direct,confirmed
B00003779,G001562,R0012,A0012,2025-03-15,2025-04-19,2025-04-28,Ocean Suite,9,40400,363600,Direct,completed
B00003780,G000893,R0015,A0026,2025-12-30,2026-02-11,2026-02-20,Villa,9,70700,636300,Corporate,completed
B00003781,G001766,R0013,A0023,2024-04-26,2024-08-09,2024-08-11,Villa,2,77900,155800,Direct,completed
B00003782,G000785,R0037,A0051,2025-04-01,2025-04-23,2025-05-05,Standard King,12,22200,266400,Corporate,confirmed
B00003783,G000658,R0027,A0036,2024-06-23,2024-08-07,2024-08-16,Standard Double,9,17700,159300,OTA,cancelled
B00003784,G002600,R0008,A0014,2025-12-23,2026-03-30,2026-04-05,Ocean Suite,6,41600,249600,OTA,completed
B00003785,G001953,R0013,A0040,2024-06-04,2024-08-17,2024-08-28,Standard Double,11,18300,201300,OTA,completed
B00003786,G001185,R0016,A0048,2024-09-25,2024-10-15,2024-10-21,Standard King,6,19800,118800,OTA,completed
B00003787,G001770,R0009,A0033,2024-08-30,2024-10-09,2024-10-18,Standard King,9,15900,143100,OTA,confirmed
B00003788,G001254,R0008,A0020,2024-11-29,2024-12-27,2024-12-31,Standard Double,4,19900,79600,Corporate,completed
B00003789,G002806,R0007,A0025,2024-11-01,2024-11-11,2024-11-17,Villa,6,57800,346800,OTA,cancelled
B00003790,G000282,R0032,A0033,2024-01-16,2024-04-05,2024-04-06,Standard Double,1,17000,17000,OTA,completed
B00003791,G002386,R0007,A0018,2025-12-08,2026-03-02,2026-03-08,Standard King,6,22200,133200,OTA,confirmed
B00003792,G002976,R0026,A0028,2024-03-20,2024-07-07,2024-07-21,Standard Double,14,16700,233800,Direct,completed
B00003793,G002672,R0011,A0013,2024-01-24,2024-05-09,2024-05-19,Standard Double,10,16100,161000,Direct,completed
B00003794,G002751,R0001,A0025,2024-01-03,2024-02-06,2024-02-12,Ocean Suite,6,31900,191400,Travel Agent,completed
B00003795,G000727,R0004,A0002,2025-05-19,2025-08-09,2025-08-23,Standard Double,14,18100,253400,Direct,no_show
B00003796,G001748,R0032,A0015,2025-09-19,2026-01-07,2026-01-13,Standard King,6,22700,136200,Direct,completed
B00003797,G000577,R0021,A0054,2024-06-17,2024-08-10,2024-08-23,Ocean Suite,13,45600,592800,Direct,completed
B00003798,G001513,R0020,A0054,2024-04-08,2024-05-03,2024-05-14,Ocean Suite,11,43900,482900,OTA,completed
B00003799,G002549,R0040,A0036,2025-12-24,2026-02-21,2026-02-24,Standard Double,3,19300,57900,Travel Agent,completed
B00003800,G000374,R0025,A0019,2024-03-11,2024-05-28,2024-06-07,Villa,10,72000,720000,OTA,completed
B00003801,G000167,R0012,A0028,2024-02-13,2024-04-06,2024-04-09,Standard Double,3,17500,52500,Travel Agent,completed
B00003802,G002524,R0039,A0059,2024-07-11,2024-09-18,2024-09-29,Standard Double,11,19600,215600,OTA,confirmed
B00003803,G001992,R0031,A0018,2024-11-25,2024-12-18,2024-12-28,Standard King,10,19300,193000,OTA,completed
B00003804,G000771,R0013,A0035,2025-03-14,2025-05-16,2025-05-23,Standard Double,7,18500,129500,Direct,completed
B00003805,G002638,R0016,A0015,2025-12-17,2026-02-22,2026-03-02,Standard Double,8,14300,114400,Corporate,confirmed
B00003806,G001376,R0014,A0053,2024-10-22,2025-01-17,2025-01-30,Ocean Suite,13,42900,557700,OTA,completed
B00003807,G002840,R0013,A0036,2024-05-10,2024-06-26,2024-06-29,Standard Double,3,14800,44400,Direct,confirmed
B00003808,G002008,R0023,A0005,2024-07-19,2024-10-15,2024-10-20,Ocean Suite,5,37000,185000,Corporate,cancelled
B00003809,G001315,R0023,A0031,2025-03-01,2025-06-24,2025-06-26,Standard King,2,15700,31400,Loyalty,completed
B00003810,G000573,R0007,A0046,2024-08-02,2024-10-16,2024-10-22,Presidential,6,108300,649800,Direct,confirmed
B00003811,G001063,R0036,A0023,2024-04-11,2024-05-15,2024-05-18,Villa,3,63200,189600,Direct,completed
B00003812,G001945,R0021,A0013,2024-04-18,2024-06-01,2024-06-12,Standard King,11,18100,199100,Corporate,completed
B00003813,G000322,R0003,A0050,2025-11-26,2025-12-12,2025-12-23,Standard Double,11,17200,189200,Direct,completed
B00003814,G001384,R0026,A0013,2024-12-29,2025-04-10,2025-04-15,Standard Double,5,17800,89000,Direct,confirmed
B00003815,G000340,R0022,A0029,2025-08-04,2025-10-02,2025-10-06,Standard King,4,21600,86400,Direct,completed
B00003816,G001561,R0011,A0041,2024-01-07,2024-04-29,2024-05-02,Villa,3,60800,182400,Direct,no_show
B00003817,G001776,R0040,A0035,2025-06-05,2025-08-22,2025-08-24,Standard Double,2,15500,31000,OTA,completed
B00003818,G002647,R0007,A0037,2024-05-06,2024-08-28,2024-09-08,Standard Double,11,16900,185900,Corporate,completed
B00003819,G002851,R0006,A0039,2025-11-09,2025-11-11,2025-11-12,Standard King,1,16100,16100,OTA,completed
B00003820,G001940,R0013,A0011,2024-02-05,2024-02-22,2024-03-02,Ocean Suite,9,40100,360900,OTA,cancelled
B00003821,G000662,R0006,A0025,2024-03-09,2024-03-17,2024-03-29,Ocean Suite,12,36800,441600,Corporate,confirmed
B00003822,G001649,R0040,A0060,2025-01-07,2025-04-05,2025-04-18,Standard King,13,17100,222300,Direct,completed
B00003823,G001354,R0010,A0030,2025-08-10,2025-10-03,2025-10-04,Standard Double,1,17400,17400,Loyalty,confirmed
B00003824,G000835,R0034,A0020,2024-09-18,2025-01-12,2025-01-15,Standard King,3,17600,52800,Direct,completed
B00003825,G000186,R0036,A0028,2025-03-10,2025-03-28,2025-04-08,Presidential,11,102200,1124200,Travel Agent,completed
B00003826,G000473,R0040,A0038,2024-11-20,2024-12-06,2024-12-19,Presidential,13,146700,1907100,Direct,completed
B00003827,G001091,R0016,A0044,2025-05-05,2025-07-25,2025-07-30,Ocean Suite,5,46700,233500,Travel Agent,cancelled
B00003828,G001688,R0012,A0011,2024-11-06,2025-01-03,2025-01-06,Standard King,3,17700,53100,Direct,completed
B00003829,G000343,R0002,A0035,2025-04-09,2025-05-16,2025-05-28,Standard Double,12,13700,164400,Travel Agent,cancelled
B00003830,G002668,R0026,A0034,2024-12-11,2025-03-18,2025-03-29,Standard King,11,22400,246400,Loyalty,completed
B00003831,G000504,R0025,A0025,2024-09-22,2025-01-14,2025-01-17,Ocean Suite,3,39100,117300,Travel Agent,completed
B00003832,G000416,R0016,A0023,2025-12-03,2026-01-13,2026-01-23,Standard King,10,19500,195000,Travel Agent,completed
B00003833,G002452,R0016,A0032,2025-04-30,2025-05-01,2025-05-10,Standard Double,9,15000,135000,Travel Agent,completed
B00003834,G001914,R0024,A0013,2024-03-29,2024-06-01,2024-06-04,Standard King,3,16300,48900,Direct,completed
B00003835,G001703,R0037,A0059,2024-10-05,2024-12-01,2024-12-14,Standard King,13,23400,304200,Direct,cancelled
B00003836,G002210,R0040,A0019,2025-12-09,2026-01-17,2026-01-20,Standard King,3,21200,63600,Direct,completed
B00003837,G001561,R0023,A0053,2025-10-17,2025-11-30,2025-12-04,Villa,4,72200,288800,OTA,completed
B00003838,G000692,R0020,A0021,2024-07-07,2024-09-11,2024-09-24,Standard Double,13,14300,185900,Corporate,completed
B00003839,G002509,R0039,A0029,2025-08-04,2025-09-01,2025-09-13,Standard King,12,22900,274800,OTA,completed
B00003840,G002489,R0008,A0043,2025-05-23,2025-05-24,2025-06-04,Standard Double,11,12700,139700,OTA,completed
B00003841,G001071,R0010,A0020,2025-04-16,2025-06-20,2025-06-24,Standard King,4,23800,95200,Corporate,completed
B00003842,G001104,R0013,A0042,2025-08-07,2025-08-22,2025-08-27,Standard King,5,15400,77000,OTA,completed
B00003843,G001219,R0027,A0060,2024-06-20,2024-08-19,2024-08-22,Ocean Suite,3,33000,99000,Corporate,cancelled
B00003844,G001971,R0033,A0042,2025-09-17,2025-11-12,2025-11-20,Ocean Suite,8,36500,292000,Travel Agent,cancelled
B00003845,G000953,R0006,A0045,2024-07-30,2024-08-28,2024-08-31,Standard Double,3,18500,55500,Travel Agent,cancelled
B00003846,G001983,R0027,A0043,2024-05-03,2024-07-20,2024-07-30,Standard Double,10,14900,149000,Travel Agent,completed
B00003847,G000171,R0027,A0048,2024-08-01,2024-10-10,2024-10-15,Standard Double,5,15100,75500,Travel Agent,completed
B00003848,G002320,R0033,A0030,2024-11-16,2025-02-15,2025-02-22,Standard King,7,22300,156100,Corporate,completed
B00003849,G000779,R0040,A0057,2024-06-10,2024-09-12,2024-09-18,Presidential,6,129100,774600,OTA,cancelled
B00003850,G001977,R0015,A0019,2024-03-13,2024-03-24,2024-03-27,Standard King,3,19500,58500,Direct,confirmed
B00003851,G000399,R0022,A0045,2025-12-11,2026-03-09,2026-03-12,Standard Double,3,13900,41700,Loyalty,completed
B00003852,G000912,R0036,A0010,2024-08-17,2024-10-30,2024-11-08,Standard Double,9,15400,138600,Direct,completed
B00003853,G002710,R0016,A0035,2025-04-13,2025-06-30,2025-07-03,Standard Double,3,20100,60300,OTA,completed
B00003854,G001201,R0036,A0046,2024-07-05,2024-07-22,2024-08-01,Ocean Suite,10,43900,439000,Corporate,confirmed
B00003855,G001388,R0033,A0025,2025-04-15,2025-05-20,2025-05-24,Standard King,4,18900,75600,Corporate,completed
B00003856,G000506,R0040,A0041,2025-08-24,2025-10-28,2025-11-09,Standard Double,12,13100,157200,Corporate,completed
B00003857,G002650,R0016,A0060,2024-08-11,2024-10-25,2024-10-27,Presidential,2,155900,311800,OTA,completed
B00003858,G000799,R0016,A0058,2024-01-22,2024-04-12,2024-04-18,Presidential,6,161900,971400,Corporate,completed
B00003859,G000397,R0011,A0029,2025-08-27,2025-09-18,2025-09-28,Standard Double,10,17600,176000,Direct,confirmed
B00003860,G002762,R0027,A0006,2025-01-21,2025-04-07,2025-04-11,Presidential,4,159600,638400,Corporate,completed
B00003861,G002682,R0008,A0058,2025-10-29,2025-12-23,2025-12-27,Standard King,4,19800,79200,Direct,completed
B00003862,G001698,R0011,A0012,2024-12-08,2025-02-23,2025-02-28,Standard King,5,18200,91000,OTA,confirmed
B00003863,G001290,R0028,A0015,2025-05-19,2025-07-25,2025-07-27,Presidential,2,109100,218200,Direct,confirmed
B00003864,G000779,R0007,A0053,2024-06-23,2024-09-19,2024-09-29,Standard King,10,23400,234000,Corporate,cancelled
B00003865,G002762,R0022,A0034,2024-12-15,2025-03-13,2025-03-15,Ocean Suite,2,39300,78600,OTA,cancelled
B00003866,G000187,R0019,A0025,2024-05-14,2024-06-08,2024-06-21,Ocean Suite,13,34100,443300,OTA,confirmed
B00003867,G000576,R0035,A0008,2025-12-10,2026-01-11,2026-01-17,Standard Double,6,18800,112800,OTA,confirmed
B00003868,G000738,R0036,A0038,2025-04-19,2025-06-26,2025-07-07,Standard Double,11,14800,162800,OTA,confirmed
B00003869,G002179,R0013,A0055,2024-08-23,2024-10-02,2024-10-10,Ocean Suite,8,37500,300000,Direct,no_show
B00003870,G002273,R0001,A0041,2024-02-01,2024-02-25,2024-03-05,Standard King,9,16100,144900,Direct,completed
B00003871,G001233,R0006,A0054,2024-08-27,2024-08-30,2024-09-04,Ocean Suite,5,35100,175500,OTA,completed
B00003872,G002375,R0015,A0020,2024-01-17,2024-04-24,2024-04-25,Villa,1,68700,68700,OTA,confirmed
B00003873,G000426,R0004,A0017,2025-09-25,2025-11-11,2025-11-13,Ocean Suite,2,33200,66400,Direct,completed
B00003874,G000436,R0025,A0045,2025-02-01,2025-04-30,2025-05-12,Standard Double,12,18200,218400,Corporate,completed
B00003875,G000519,R0034,A0032,2025-06-27,2025-08-06,2025-08-19,Standard Double,13,18900,245700,Direct,completed
B00003876,G001049,R0018,A0017,2024-02-27,2024-04-09,2024-04-15,Standard Double,6,19100,114600,OTA,confirmed
B00003877,G000105,R0026,A0010,2025-12-25,2026-03-10,2026-03-12,Standard Double,2,19800,39600,Loyalty,completed
B00003878,G001798,R0002,A0005,2024-02-27,2024-05-27,2024-06-09,Standard Double,13,20100,261300,OTA,completed
B00003879,G002273,R0024,A0051,2025-08-12,2025-09-09,2025-09-23,Standard King,14,23700,331800,Travel Agent,cancelled
B00003880,G000162,R0020,A0031,2025-01-09,2025-04-08,2025-04-16,Standard King,8,23300,186400,Direct,completed
B00003881,G002788,R0018,A0007,2025-03-14,2025-04-24,2025-05-01,Standard Double,7,16100,112700,OTA,confirmed
B00003882,G000429,R0032,A0002,2025-06-18,2025-09-15,2025-09-26,Standard King,11,18300,201300,OTA,completed
B00003883,G001677,R0012,A0052,2024-07-05,2024-08-21,2024-09-02,Villa,12,55100,661200,OTA,completed
B00003884,G002573,R0039,A0052,2025-06-09,2025-08-31,2025-09-05,Standard Double,5,19000,95000,OTA,completed
B00003885,G001148,R0017,A0014,2024-05-28,2024-06-18,2024-06-28,Standard Double,10,17700,177000,OTA,completed
B00003886,G002388,R0016,A0015,2025-07-11,2025-09-22,2025-10-06,Standard King,14,20300,284200,Direct,completed
B00003887,G000066,R0037,A0043,2024-04-18,2024-08-11,2024-08-16,Standard King,5,18300,91500,OTA,completed
B00003888,G002502,R0039,A0003,2024-11-28,2025-02-15,2025-02-16,Standard King,1,23500,23500,Travel Agent,completed
B00003889,G002437,R0005,A0050,2025-08-12,2025-12-07,2025-12-09,Standard Double,2,14100,28200,OTA,cancelled
B00003890,G001692,R0027,A0006,2025-12-18,2026-01-12,2026-01-19,Presidential,7,142300,996100,OTA,completed
B00003891,G001465,R0040,A0007,2024-10-05,2025-01-04,2025-01-13,Standard Double,9,16200,145800,OTA,confirmed
B00003892,G000672,R0017,A0021,2025-03-31,2025-07-06,2025-07-20,Standard Double,14,15400,215600,Corporate,confirmed
B00003893,G001210,R0011,A0017,2025-07-01,2025-07-12,2025-07-21,Ocean Suite,9,43700,393300,Travel Agent,confirmed
B00003894,G001508,R0038,A0046,2024-01-26,2024-02-08,2024-02-12,Villa,4,54300,217200,OTA,completed
B00003895,G000415,R0011,A0002,2024-09-03,2024-10-09,2024-10-23,Standard Double,14,17600,246400,OTA,completed
B00003896,G001200,R0020,A0002,2025-02-03,2025-02-26,2025-03-03,Standard Double,5,16000,80000,Travel Agent,confirmed
B00003897,G000931,R0011,A0031,2024-08-26,2024-09-02,2024-09-11,Ocean Suite,9,29900,269100,OTA,confirmed
B00003898,G000732,R0016,A0049,2024-03-05,2024-06-09,2024-06-10,Villa,1,68800,68800,Direct,completed
B00003899,G001935,R0013,A0004,2025-08-02,2025-11-30,2025-12-01,Standard Double,1,13300,13300,Corporate,completed
B00003900,G001907,R0027,A0005,2024-01-20,2024-04-06,2024-04-16,Standard Double,10,13400,134000,Direct,confirmed
B00003901,G000283,R0026,A0009,2024-02-28,2024-05-31,2024-06-11,Standard Double,11,13800,151800,Direct,completed
B00003902,G001124,R0017,A0020,2024-03-16,2024-04-30,2024-05-07,Villa,7,76000,532000,OTA,completed
B00003903,G000768,R0028,A0010,2024-01-23,2024-02-13,2024-02-15,Standard Double,2,16800,33600,Direct,cancelled
B00003904,G001959,R0015,A0042,2025-12-26,2026-02-15,2026-02-27,Ocean Suite,12,46600,559200,Travel Agent,completed
B00003905,G002490,R0018,A0034,2024-07-16,2024-10-31,2024-11-13,Standard King,13,21100,274300,Corporate,completed
B00003906,G001540,R0018,A0060,2025-02-01,2025-05-23,2025-06-01,Standard King,9,22700,204300,Direct,cancelled
B00003907,G001951,R0029,A0023,2025-10-10,2026-02-07,2026-02-12,Standard Double,5,15300,76500,OTA,confirmed
B00003908,G001135,R0038,A0012,2024-05-20,2024-07-17,2024-07-27,Standard King,10,18700,187000,Travel Agent,confirmed
B00003909,G000752,R0023,A0010,2025-11-14,2026-01-20,2026-01-28,Presidential,8,114400,915200,Direct,completed
B00003910,G001166,R0005,A0018,2025-07-27,2025-11-20,2025-11-28,Ocean Suite,8,37400,299200,OTA,completed
B00003911,G000276,R0002,A0013,2025-06-20,2025-08-28,2025-09-05,Villa,8,80900,647200,Loyalty,completed
B00003912,G002138,R0035,A0033,2025-11-16,2026-01-04,2026-01-12,Ocean Suite,8,43400,347200,Travel Agent,completed
B00003913,G000719,R0019,A0026,2024-05-27,2024-09-10,2024-09-12,Standard Double,2,14700,29400,OTA,completed
B00003914,G000261,R0006,A0009,2024-10-27,2025-02-19,2025-02-21,Ocean Suite,2,33800,67600,OTA,completed
B00003915,G002085,R0028,A0043,2025-03-13,2025-04-23,2025-05-06,Standard King,13,21000,273000,OTA,completed
B00003916,G000971,R0023,A0037,2025-09-20,2025-11-13,2025-11-21,Standard King,8,24200,193600,Corporate,completed
B00003917,G000548,R0005,A0048,2024-09-26,2024-11-15,2024-11-21,Standard King,6,21400,128400,Loyalty,completed
B00003918,G001300,R0013,A0059,2024-04-27,2024-06-15,2024-06-24,Standard King,9,15300,137700,Corporate,completed
B00003919,G001139,R0006,A0048,2025-09-07,2025-11-13,2025-11-14,Standard King,1,22100,22100,OTA,completed
B00003920,G001189,R0032,A0016,2025-12-04,2026-02-25,2026-03-01,Standard King,4,16900,67600,Corporate,completed
B00003921,G002976,R0038,A0052,2024-09-25,2024-12-14,2024-12-23,Standard King,9,20500,184500,Travel Agent,completed
B00003922,G001857,R0037,A0051,2024-11-19,2025-01-24,2025-01-29,Ocean Suite,5,37200,186000,OTA,cancelled
B00003923,G001134,R0040,A0034,2024-12-22,2025-03-05,2025-03-14,Presidential,9,145500,1309500,Travel Agent,completed
B00003924,G001744,R0027,A0010,2024-10-24,2024-12-15,2024-12-27,Presidential,12,132100,1585200,OTA,completed
B00003925,G000994,R0020,A0025,2024-03-25,2024-04-13,2024-04-25,Standard Double,12,14800,177600,Direct,cancelled
B00003926,G002113,R0003,A0038,2024-04-04,2024-07-01,2024-07-03,Standard King,2,15600,31200,Loyalty,completed
B00003927,G001143,R0025,A0033,2024-02-02,2024-03-15,2024-03-20,Ocean Suite,5,42200,211000,Travel Agent,completed
B00003928,G001951,R0029,A0032,2025-01-15,2025-01-25,2025-02-04,Standard King,10,15700,157000,Direct,cancelled
B00003929,G000659,R0019,A0016,2025-03-12,2025-05-11,2025-05-16,Villa,5,60200,301000,Direct,completed
B00003930,G002720,R0015,A0035,2024-12-28,2025-04-11,2025-04-16,Standard King,5,21700,108500,Loyalty,completed
B00003931,G001732,R0005,A0040,2024-10-11,2025-01-17,2025-01-23,Standard Double,6,17300,103800,OTA,completed
B00003932,G002056,R0024,A0033,2025-09-20,2025-11-26,2025-11-30,Ocean Suite,4,32600,130400,Direct,completed
B00003933,G000085,R0022,A0030,2025-11-09,2026-01-01,2026-01-09,Villa,8,64700,517600,Corporate,confirmed
B00003934,G001921,R0022,A0020,2024-11-29,2025-02-21,2025-03-03,Presidential,10,106100,1061000,Direct,completed
B00003935,G001223,R0003,A0009,2024-06-10,2024-07-30,2024-08-12,Standard King,13,20700,269100,Corporate,cancelled
B00003936,G000408,R0014,A0046,2024-01-13,2024-04-25,2024-05-05,Standard King,10,23000,230000,OTA,completed
B00003937,G001940,R0012,A0045,2024-12-24,2024-12-29,2025-01-12,Standard King,14,21000,294000,Travel Agent,completed
B00003938,G000666,R0029,A0053,2025-06-12,2025-09-28,2025-10-07,Standard King,9,17500,157500,Loyalty,cancelled
B00003939,G002022,R0020,A0037,2024-02-12,2024-04-01,2024-04-12,Standard Double,11,15000,165000,Travel Agent,completed
B00003940,G002712,R0018,A0015,2025-12-29,2026-01-29,2026-02-04,Standard Double,6,14100,84600,OTA,completed
B00003941,G000022,R0033,A0031,2025-12-03,2025-12-09,2025-12-10,Standard King,1,23100,23100,Direct,no_show
B00003942,G002220,R0011,A0003,2025-08-23,2025-09-23,2025-10-03,Ocean Suite,10,36400,364000,Corporate,completed
B00003943,G000064,R0029,A0008,2024-04-04,2024-05-11,2024-05-19,Villa,8,56400,451200,Corporate,confirmed
B00003944,G001328,R0026,A0027,2024-02-29,2024-06-03,2024-06-10,Standard Double,7,17400,121800,OTA,completed
B00003945,G001740,R0013,A0008,2024-01-21,2024-02-21,2024-03-06,Presidential,14,105100,1471400,Travel Agent,cancelled
B00003946,G002830,R0004,A0060,2025-12-12,2026-03-09,2026-03-15,Standard King,6,23400,140400,Loyalty,completed
B00003947,G002199,R0020,A0025,2025-03-01,2025-04-19,2025-04-27,Standard Double,8,17500,140000,Travel Agent,confirmed
B00003948,G000035,R0033,A0020,2024-01-18,2024-01-19,2024-02-02,Standard King,14,21500,301000,Direct,cancelled
B00003949,G001945,R0007,A0002,2024-09-03,2024-11-07,2024-11-20,Standard King,13,23900,310700,Direct,confirmed
B00003950,G002992,R0011,A0042,2024-05-24,2024-09-13,2024-09-17,Ocean Suite,4,34400,137600,Direct,completed
B00003951,G001791,R0035,A0027,2024-03-21,2024-03-27,2024-04-08,Ocean Suite,12,30300,363600,Corporate,completed
B00003952,G000882,R0016,A0040,2025-10-02,2025-10-29,2025-11-03,Standard Double,5,17000,85000,Direct,completed
B00003953,G001438,R0023,A0041,2025-11-23,2026-01-30,2026-01-31,Standard Double,1,16500,16500,OTA,confirmed
B00003954,G002968,R0015,A0048,2025-07-18,2025-08-05,2025-08-09,Standard Double,4,17700,70800,OTA,completed
B00003955,G002219,R0013,A0041,2024-03-30,2024-05-01,2024-05-10,Standard Double,9,20100,180900,Travel Agent,confirmed
B00003956,G001147,R0011,A0026,2024-11-26,2025-01-24,2025-01-25,Standard King,1,23000,23000,Loyalty,cancelled
B00003957,G000182,R0013,A0026,2024-12-20,2025-01-27,2025-02-09,Ocean Suite,13,39600,514800,Direct,completed
B00003958,G002655,R0011,A0042,2025-05-07,2025-07-06,2025-07-12,Standard Double,6,18500,111000,Travel Agent,completed
B00003959,G002071,R0020,A0008,2025-03-20,2025-06-07,2025-06-21,Standard Double,14,17300,242200,OTA,completed
B00003960,G000357,R0009,A0056,2025-12-24,2025-12-27,2026-01-04,Standard King,8,19100,152800,Direct,completed
B00003961,G001546,R0013,A0045,2024-07-21,2024-08-05,2024-08-10,Standard Double,5,20100,100500,Direct,completed
B00003962,G002650,R0031,A0021,2025-02-08,2025-04-19,2025-04-26,Standard King,7,23400,163800,Travel Agent,confirmed
B00003963,G002349,R0037,A0058,2025-11-11,2025-12-01,2025-12-07,Ocean Suite,6,39000,234000,Direct,completed
B00003964,G001885,R0036,A0050,2025-01-12,2025-03-05,2025-03-16,Presidential,11,116700,1283700,Travel Agent,completed
B00003965,G002238,R0019,A0036,2024-09-02,2024-12-29,2024-12-31,Villa,2,76000,152000,Loyalty,completed
B00003966,G002056,R0013,A0009,2024-03-21,2024-06-01,2024-06-03,Standard Double,2,16300,32600,Corporate,completed
B00003967,G000219,R0003,A0012,2025-05-18,2025-09-07,2025-09-11,Standard Double,4,16400,65600,OTA,confirmed
B00003968,G000074,R0034,A0001,2024-03-04,2024-03-08,2024-03-21,Standard King,13,22700,295100,Direct,completed
B00003969,G000076,R0036,A0038,2024-09-18,2025-01-14,2025-01-15,Standard King,1,21800,21800,Corporate,confirmed
B00003970,G002976,R0036,A0056,2024-03-20,2024-06-03,2024-06-06,Standard Double,3,16400,49200,Direct,completed
B00003971,G002996,R0005,A0034,2024-11-13,2025-01-07,2025-01-16,Standard Double,9,13400,120600,Loyalty,completed
B00003972,G001816,R0022,A0040,2024-11-12,2025-01-14,2025-01-15,Villa,1,69800,69800,OTA,completed
B00003973,G000062,R0039,A0049,2025-06-07,2025-09-16,2025-09-20,Standard King,4,19900,79600,Direct,confirmed
B00003974,G002226,R0038,A0025,2024-03-13,2024-03-31,2024-04-07,Standard Double,7,17800,124600,OTA,completed
B00003975,G002058,R0002,A0044,2025-10-11,2025-12-05,2025-12-17,Ocean Suite,12,35900,430800,Loyalty,confirmed
B00003976,G001777,R0030,A0032,2025-05-08,2025-06-05,2025-06-17,Ocean Suite,12,43800,525600,OTA,completed
B00003977,G002995,R0013,A0042,2024-09-11,2024-12-20,2024-12-28,Standard King,8,23400,187200,OTA,completed
B00003978,G001657,R0036,A0033,2024-12-11,2025-02-07,2025-02-08,Standard Double,1,17500,17500,OTA,cancelled
B00003979,G000861,R0030,A0057,2024-05-18,2024-05-27,2024-05-31,Standard King,4,21000,84000,OTA,completed
B00003980,G002690,R0011,A0038,2024-12-20,2025-02-01,2025-02-14,Ocean Suite,13,44000,572000,OTA,confirmed
B00003981,G002452,R0003,A0029,2025-08-19,2025-11-20,2025-11-22,Ocean Suite,2,41500,83000,Corporate,completed
B00003982,G001256,R0015,A0050,2024-10-27,2025-01-15,2025-01-17,Standard Double,2,16400,32800,Corporate,completed
B00003983,G001802,R0008,A0046,2024-06-11,2024-07-19,2024-07-29,Standard Double,10,15100,151000,OTA,completed
B00003984,G001711,R0017,A0007,2024-05-24,2024-08-13,2024-08-25,Ocean Suite,12,43200,518400,Loyalty,completed
B00003985,G000342,R0032,A0004,2025-12-31,2026-02-01,2026-02-04,Ocean Suite,3,36200,108600,Corporate,completed
B00003986,G001097,R0008,A0001,2024-12-07,2025-03-09,2025-03-19,Standard Double,10,17200,172000,Travel Agent,completed
B00003987,G000429,R0006,A0016,2025-07-22,2025-10-05,2025-10-16,Standard Double,11,15000,165000,Direct,completed
B00003988,G002895,R0006,A0031,2024-09-19,2025-01-14,2025-01-16,Standard King,2,22800,45600,OTA,completed
B00003989,G002405,R0022,A0024,2024-03-17,2024-05-10,2024-05-23,Presidential,13,120100,1561300,Travel Agent,completed
B00003990,G000954,R0025,A0013,2025-06-08,2025-07-31,2025-08-12,Standard King,12,18800,225600,Direct,completed
B00003991,G002669,R0021,A0055,2024-01-02,2024-01-11,2024-01-21,Standard King,10,18500,185000,OTA,completed
B00003992,G002078,R0031,A0032,2025-10-02,2025-10-15,2025-10-29,Ocean Suite,14,34300,480200,OTA,completed
B00003993,G002807,R0038,A0005,2024-11-19,2024-12-17,2024-12-23,Villa,6,68100,408600,Travel Agent,completed
B00003994,G002452,R0025,A0014,2024-06-06,2024-08-22,2024-09-03,Standard King,12,21800,261600,OTA,confirmed
B00003995,G002685,R0020,A0040,2025-08-19,2025-09-02,2025-09-16,Standard King,14,22100,309400,Loyalty,confirmed
B00003996,G002359,R0036,A0007,2024-06-11,2024-09-02,2024-09-03,Standard Double,1,19700,19700,Direct,completed
B00003997,G001302,R0026,A0009,2025-08-19,2025-09-17,2025-09-20,Villa,3,63800,191400,OTA,confirmed
B00003998,G002093,R0007,A0009,2024-08-04,2024-08-05,2024-08-06,Standard Double,1,19200,19200,Corporate,completed
B00003999,G002337,R0027,A0032,2024-04-01,2024-06-04,2024-06-12,Standard Double,8,17800,142400,OTA,completed
B00004000,G000612,R0040,A0059,2024-08-30,2024-09-29,2024-10-11,Standard King,12,16400,196800,Travel Agent,completed
B00004001,G002226,R0011,A0046,2025-04-16,2025-07-18,2025-07-21,Ocean Suite,3,46900,140700,Travel Agent,completed
B00004002,G002034,R0029,A0043,2024-04-02,2024-07-08,2024-07-22,Standard Double,14,13900,194600,Travel Agent,completed
B00004003,G000397,R0036,A0011,2025-02-13,2025-03-10,2025-03-17,Standard King,7,19600,137200,Direct,completed
B00004004,G000570,R0011,A0014,2024-05-21,2024-06-23,2024-06-26,Villa,3,56900,170700,Loyalty,completed
B00004005,G001203,R0017,A0007,2024-12-16,2025-01-03,2025-01-12,Ocean Suite,9,46200,415800,OTA,completed
B00004006,G001738,R0006,A0029,2024-11-15,2024-12-13,2024-12-18,Standard King,5,15300,76500,OTA,completed
B00004007,G000724,R0023,A0014,2025-08-15,2025-09-16,2025-09-27,Standard King,11,17900,196900,Direct,completed
B00004008,G001308,R0038,A0024,2024-01-06,2024-04-12,2024-04-21,Ocean Suite,9,40300,362700,OTA,cancelled
B00004009,G000729,R0028,A0028,2024-12-20,2025-04-01,2025-04-13,Standard King,12,21600,259200,Loyalty,completed
B00004010,G001169,R0017,A0040,2025-07-15,2025-11-11,2025-11-19,Standard King,8,19900,159200,OTA,completed
B00004011,G002983,R0036,A0009,2024-02-22,2024-06-12,2024-06-21,Villa,9,66200,595800,Direct,completed
B00004012,G000530,R0003,A0038,2024-12-30,2025-01-22,2025-02-02,Standard King,11,21100,232100,Corporate,completed
B00004013,G000204,R0006,A0014,2024-06-09,2024-08-11,2024-08-25,Ocean Suite,14,32000,448000,Corporate,completed
B00004014,G001963,R0011,A0011,2025-09-04,2025-11-15,2025-11-28,Standard King,13,18500,240500,OTA,no_show
B00004015,G002734,R0040,A0045,2024-09-13,2025-01-10,2025-01-14,Standard King,4,22400,89600,Direct,confirmed
B00004016,G002629,R0030,A0031,2024-02-02,2024-02-04,2024-02-08,Standard Double,4,16700,66800,OTA,confirmed
B00004017,G002074,R0025,A0001,2025-06-06,2025-09-29,2025-10-08,Ocean Suite,9,36200,325800,OTA,cancelled
B00004018,G002090,R0009,A0042,2025-03-02,2025-06-28,2025-07-05,Presidential,7,103200,722400,OTA,completed
B00004019,G001811,R0007,A0050,2024-04-22,2024-06-09,2024-06-19,Villa,10,58000,580000,Direct,cancelled
B00004020,G001409,R0009,A0045,2025-09-20,2025-12-16,2025-12-29,Ocean Suite,13,30100,391300,Direct,completed
B00004021,G000940,R0014,A0018,2025-12-16,2026-01-03,2026-01-13,Villa,10,71600,716000,OTA,completed
B00004022,G002999,R0012,A0052,2025-08-03,2025-10-31,2025-11-13,Villa,13,71100,924300,Loyalty,completed
B00004023,G002459,R0030,A0006,2024-03-26,2024-06-29,2024-07-10,Ocean Suite,11,45800,503800,Direct,completed
B00004024,G001926,R0008,A0041,2024-07-02,2024-07-28,2024-08-02,Standard King,5,18300,91500,Travel Agent,completed
B00004025,G002659,R0008,A0043,2024-10-05,2024-12-30,2025-01-03,Standard Double,4,13100,52400,Direct,completed
B00004026,G002049,R0034,A0049,2025-09-27,2026-01-09,2026-01-15,Standard Double,6,17200,103200,Corporate,completed
B00004027,G001950,R0022,A0008,2024-07-29,2024-08-28,2024-09-04,Ocean Suite,7,37100,259700,OTA,completed
B00004028,G000381,R0001,A0045,2025-08-03,2025-10-12,2025-10-13,Villa,1,75700,75700,Direct,completed
B00004029,G001575,R0016,A0011,2024-12-21,2025-03-30,2025-04-04,Presidential,5,136100,680500,Travel Agent,completed
B00004030,G002679,R0032,A0033,2025-11-10,2025-12-23,2026-01-06,Standard King,14,24200,338800,OTA,completed
B00004031,G002435,R0017,A0035,2024-07-28,2024-08-01,2024-08-06,Standard Double,5,13100,65500,Direct,confirmed
B00004032,G002216,R0026,A0040,2024-04-05,2024-06-22,2024-07-01,Ocean Suite,9,33000,297000,Loyalty,cancelled
B00004033,G000198,R0016,A0046,2025-04-02,2025-05-17,2025-05-18,Standard King,1,22600,22600,OTA,completed
B00004034,G000236,R0029,A0008,2025-08-12,2025-08-26,2025-09-03,Standard Double,8,15500,124000,Direct,confirmed
B00004035,G002967,R0022,A0014,2025-05-25,2025-07-02,2025-07-12,Standard King,10,21500,215000,Travel Agent,completed
B00004036,G002937,R0028,A0025,2024-12-06,2025-01-08,2025-01-18,Presidential,10,117300,1173000,OTA,completed
B00004037,G001540,R0036,A0056,2025-12-22,2026-03-13,2026-03-24,Standard King,11,15800,173800,OTA,completed
B00004038,G001902,R0034,A0008,2025-03-09,2025-03-26,2025-03-30,Presidential,4,112300,449200,OTA,completed
B00004039,G000404,R0030,A0027,2025-01-06,2025-04-25,2025-04-27,Standard Double,2,16100,32200,OTA,completed
B00004040,G001041,R0002,A0004,2025-11-05,2025-11-23,2025-12-06,Presidential,13,138400,1799200,Corporate,completed
B00004041,G001235,R0023,A0035,2025-03-27,2025-06-08,2025-06-19,Presidential,11,123100,1354100,OTA,completed
B00004042,G002838,R0017,A0002,2025-08-24,2025-08-27,2025-09-02,Standard King,6,21100,126600,OTA,completed
B00004043,G001009,R0027,A0023,2025-07-18,2025-11-11,2025-11-25,Standard Double,14,18800,263200,Loyalty,confirmed
B00004044,G001648,R0025,A0048,2025-05-12,2025-06-27,2025-07-09,Standard King,12,17600,211200,Direct,completed
B00004045,G000038,R0038,A0032,2025-02-18,2025-06-16,2025-06-22,Ocean Suite,6,30800,184800,Loyalty,completed
B00004046,G001341,R0028,A0015,2024-02-13,2024-05-10,2024-05-23,Standard Double,13,18200,236600,Direct,completed
B00004047,G000702,R0027,A0027,2024-07-30,2024-11-17,2024-11-27,Standard Double,10,15400,154000,Loyalty,completed
B00004048,G002069,R0022,A0022,2024-03-09,2024-06-25,2024-06-29,Standard King,4,24000,96000,Direct,completed
B00004049,G002751,R0001,A0006,2025-07-18,2025-08-04,2025-08-08,Standard King,4,22200,88800,Direct,completed
B00004050,G001129,R0015,A0003,2025-02-12,2025-04-14,2025-04-26,Standard King,12,22300,267600,Direct,cancelled
B00004051,G000464,R0015,A0015,2024-03-20,2024-05-03,2024-05-10,Standard King,7,19800,138600,OTA,completed
B00004052,G002086,R0007,A0050,2024-09-21,2024-11-30,2024-12-14,Standard King,14,18700,261800,OTA,completed
B00004053,G000259,R0034,A0030,2025-01-22,2025-03-13,2025-03-17,Standard Double,4,14300,57200,Direct,no_show
B00004054,G002104,R0036,A0046,2024-02-17,2024-04-17,2024-04-18,Standard King,1,16700,16700,Loyalty,confirmed
B00004055,G000549,R0006,A0058,2025-01-11,2025-01-24,2025-01-27,Standard King,3,20200,60600,Loyalty,completed
B00004056,G001246,R0005,A0038,2024-09-29,2024-12-28,2025-01-09,Standard King,12,18500,222000,OTA,completed
B00004057,G000423,R0027,A0029,2024-04-14,2024-06-16,2024-06-18,Ocean Suite,2,30500,61000,OTA,completed
B00004058,G000708,R0040,A0047,2024-08-01,2024-08-02,2024-08-03,Villa,1,56500,56500,Loyalty,completed
B00004059,G000890,R0020,A0015,2025-11-08,2026-02-10,2026-02-14,Ocean Suite,4,44600,178400,Travel Agent,cancelled
B00004060,G000655,R0029,A0041,2024-03-08,2024-03-17,2024-03-19,Standard King,2,23900,47800,Travel Agent,completed
B00004061,G002583,R0031,A0028,2024-09-19,2024-10-06,2024-10-07,Standard Double,1,18100,18100,Corporate,confirmed
B00004062,G000470,R0003,A0040,2024-02-01,2024-04-29,2024-05-12,Standard King,13,15600,202800,Corporate,completed
B00004063,G000821,R0006,A0002,2025-07-15,2025-10-31,2025-11-10,Standard Double,10,16200,162000,Travel Agent,completed
B00004064,G002460,R0012,A0048,2024-01-09,2024-01-31,2024-02-06,Ocean Suite,6,32900,197400,Direct,completed
B00004065,G001278,R0026,A0021,2024-08-06,2024-10-19,2024-10-25,Presidential,6,159200,955200,OTA,completed
B00004066,G002801,R0019,A0022,2024-08-30,2024-10-03,2024-10-11,Standard King,8,21600,172800,Loyalty,confirmed
B00004067,G002789,R0030,A0035,2024-05-03,2024-07-14,2024-07-17,Standard King,3,17200,51600,Travel Agent,completed
B00004068,G001245,R0020,A0035,2025-06-21,2025-08-06,2025-08-19,Ocean Suite,13,43300,562900,Corporate,confirmed
B00004069,G002578,R0012,A0008,2025-01-11,2025-03-12,2025-03-15,Standard Double,3,17100,51300,Direct,completed
B00004070,G001106,R0038,A0006,2024-08-27,2024-12-21,2024-12-30,Standard King,9,18900,170100,Direct,completed
B00004071,G002612,R0024,A0048,2024-05-30,2024-09-22,2024-09-28,Ocean Suite,6,43300,259800,Corporate,completed
B00004072,G002733,R0029,A0041,2024-08-10,2024-08-18,2024-08-28,Presidential,10,129600,1296000,Direct,confirmed
B00004073,G000209,R0026,A0011,2025-05-05,2025-06-18,2025-06-22,Standard Double,4,18800,75200,Direct,completed
B00004074,G000344,R0037,A0053,2025-06-06,2025-09-22,2025-10-04,Standard King,12,23500,282000,OTA,completed
B00004075,G001603,R0024,A0003,2025-06-05,2025-06-21,2025-06-27,Standard King,6,16000,96000,OTA,completed
B00004076,G002893,R0031,A0060,2025-02-06,2025-06-05,2025-06-08,Ocean Suite,3,45000,135000,Direct,completed
B00004077,G001438,R0024,A0027,2024-03-26,2024-06-25,2024-07-09,Villa,14,68700,961800,OTA,completed
B00004078,G002229,R0014,A0016,2024-09-24,2024-11-05,2024-11-11,Standard King,6,22400,134400,Direct,completed
B00004079,G000525,R0014,A0006,2024-02-24,2024-04-10,2024-04-20,Standard King,10,20200,202000,OTA,confirmed
B00004080,G002939,R0003,A0011,2024-11-12,2025-03-05,2025-03-07,Ocean Suite,2,37200,74400,Loyalty,completed
B00004081,G000675,R0011,A0036,2025-01-22,2025-04-23,2025-04-30,Standard Double,7,13200,92400,Loyalty,completed
B00004082,G002698,R0019,A0038,2025-02-23,2025-03-19,2025-03-25,Ocean Suite,6,40200,241200,OTA,confirmed
B00004083,G000485,R0013,A0004,2024-06-14,2024-07-28,2024-08-01,Standard King,4,24200,96800,OTA,completed
B00004084,G001345,R0031,A0041,2025-03-21,2025-04-29,2025-05-04,Standard King,5,20900,104500,Direct,completed
B00004085,G000078,R0032,A0012,2024-12-21,2025-02-07,2025-02-13,Presidential,6,111700,670200,OTA,cancelled
B00004086,G001329,R0036,A0054,2024-12-26,2025-02-05,2025-02-06,Standard King,1,22700,22700,OTA,confirmed
B00004087,G000652,R0004,A0030,2024-06-01,2024-08-12,2024-08-21,Standard King,9,20500,184500,Direct,cancelled
B00004088,G002779,R0026,A0041,2024-12-14,2025-03-23,2025-04-04,Standard King,12,18400,220800,Loyalty,confirmed
B00004089,G001043,R0028,A0007,2024-04-07,2024-06-02,2024-06-16,Ocean Suite,14,46700,653800,Travel Agent,completed
B00004090,G002699,R0002,A0003,2025-10-14,2026-02-01,2026-02-07,Standard King,6,21100,126600,Direct,confirmed
B00004091,G001514,R0017,A0033,2025-08-22,2025-09-04,2025-09-10,Ocean Suite,6,30100,180600,OTA,completed
B00004092,G000428,R0020,A0032,2024-09-23,2024-09-24,2024-10-05,Standard Double,11,18400,202400,Corporate,completed
B00004093,G002412,R0026,A0040,2024-06-13,2024-07-01,2024-07-11,Standard King,10,21100,211000,OTA,confirmed
B00004094,G000057,R0019,A0044,2024-11-11,2025-02-09,2025-02-17,Ocean Suite,8,41800,334400,Direct,confirmed
B00004095,G001249,R0039,A0007,2024-04-14,2024-08-08,2024-08-14,Ocean Suite,6,43900,263400,Direct,cancelled
B00004096,G000420,R0030,A0018,2025-03-19,2025-05-02,2025-05-06,Ocean Suite,4,34600,138400,OTA,completed
B00004097,G001548,R0029,A0007,2024-10-30,2024-11-30,2024-12-07,Standard King,7,24100,168700,Direct,cancelled
B00004098,G000567,R0024,A0057,2024-11-14,2024-11-24,2024-12-02,Standard King,8,19900,159200,OTA,completed
B00004099,G001330,R0014,A0012,2024-03-30,2024-04-01,2024-04-03,Villa,2,51800,103600,Travel Agent,confirmed
B00004100,G000277,R0037,A0043,2024-10-03,2024-10-13,2024-10-14,Standard King,1,21900,21900,Direct,completed
B00004101,G001284,R0036,A0006,2025-12-04,2026-02-03,2026-02-13,Standard Double,10,20200,202000,Corporate,completed
B00004102,G001055,R0005,A0012,2024-11-25,2025-03-08,2025-03-20,Standard Double,12,14700,176400,Corporate,confirmed
B00004103,G002120,R0012,A0030,2025-10-21,2026-01-30,2026-02-05,Standard Double,6,18200,109200,OTA,completed
B00004104,G001582,R0004,A0012,2025-10-01,2026-01-22,2026-01-24,Standard Double,2,18900,37800,Travel Agent,completed
B00004105,G001881,R0012,A0037,2024-06-01,2024-06-18,2024-07-01,Ocean Suite,13,33800,439400,Direct,cancelled
B00004106,G001681,R0033,A0057,2025-12-09,2026-01-09,2026-01-13,Ocean Suite,4,35000,140000,Travel Agent,completed
B00004107,G002680,R0037,A0058,2024-01-21,2024-04-19,2024-04-23,Presidential,4,145100,580400,OTA,confirmed
B00004108,G000630,R0018,A0001,2025-04-06,2025-06-12,2025-06-16,Standard Double,4,13700,54800,OTA,cancelled
B00004109,G002805,R0019,A0007,2025-11-25,2026-03-18,2026-03-23,Ocean Suite,5,37700,188500,Direct,completed
B00004110,G001642,R0039,A0011,2025-10-15,2025-10-18,2025-11-01,Ocean Suite,14,30100,421400,OTA,confirmed
B00004111,G002608,R0001,A0044,2024-06-25,2024-09-10,2024-09-18,Standard Double,8,15900,127200,OTA,confirmed
B00004112,G000020,R0021,A0013,2025-09-16,2025-10-05,2025-10-08,Standard King,3,16800,50400,Direct,completed
B00004113,G002198,R0021,A0053,2024-08-10,2024-11-18,2024-11-21,Ocean Suite,3,32300,96900,Direct,completed
B00004114,G000238,R0026,A0055,2025-06-12,2025-07-10,2025-07-19,Standard Double,9,17500,157500,Direct,confirmed
B00004115,G002809,R0011,A0014,2024-07-15,2024-08-01,2024-08-04,Standard Double,3,18200,54600,OTA,confirmed
B00004116,G002085,R0007,A0050,2025-02-13,2025-03-11,2025-03-14,Villa,3,78200,234600,Direct,completed
B00004117,G001464,R0023,A0043,2024-11-05,2024-12-08,2024-12-16,Standard King,8,19600,156800,Travel Agent,confirmed
B00004118,G002798,R0022,A0040,2025-04-08,2025-05-04,2025-05-05,Standard King,1,17500,17500,Corporate,completed
B00004119,G000207,R0015,A0010,2024-02-23,2024-04-15,2024-04-26,Standard King,11,21100,232100,OTA,completed
B00004120,G001489,R0025,A0031,2025-06-03,2025-07-19,2025-07-29,Standard Double,10,19500,195000,Loyalty,confirmed
B00004121,G002044,R0033,A0014,2025-08-26,2025-08-31,2025-09-03,Standard King,3,21800,65400,Loyalty,completed
B00004122,G001879,R0019,A0044,2025-01-23,2025-05-01,2025-05-03,Presidential,2,112100,224200,Loyalty,cancelled
B00004123,G002353,R0035,A0003,2025-09-20,2025-11-05,2025-11-08,Standard King,3,21200,63600,Corporate,completed
B00004124,G000223,R0029,A0010,2024-03-21,2024-05-21,2024-06-04,Ocean Suite,14,44200,618800,Direct,completed
B00004125,G001206,R0030,A0030,2025-05-06,2025-06-07,2025-06-13,Standard King,6,23300,139800,OTA,completed
B00004126,G002872,R0032,A0008,2025-02-12,2025-04-16,2025-04-27,Standard Double,11,19400,213400,Travel Agent,completed
B00004127,G000556,R0037,A0055,2024-08-12,2024-11-07,2024-11-18,Ocean Suite,11,46800,514800,Direct,completed
B00004128,G001312,R0008,A0050,2025-12-24,2026-02-03,2026-02-16,Ocean Suite,13,47100,612300,Direct,completed
B00004129,G000843,R0024,A0018,2024-04-17,2024-08-01,2024-08-05,Standard Double,4,14400,57600,Direct,confirmed
B00004130,G002235,R0033,A0041,2024-04-20,2024-07-28,2024-08-07,Standard Double,10,18000,180000,OTA,no_show
B00004131,G002390,R0012,A0042,2024-05-16,2024-09-05,2024-09-19,Standard Double,14,13000,182000,OTA,cancelled
B00004132,G000128,R0027,A0012,2024-10-10,2024-12-04,2024-12-18,Standard Double,14,15800,221200,Direct,completed
B00004133,G001055,R0037,A0049,2025-07-12,2025-09-01,2025-09-09,Standard King,8,21100,168800,Travel Agent,cancelled
B00004134,G001123,R0017,A0018,2025-08-23,2025-09-01,2025-09-03,Standard Double,2,13300,26600,Direct,completed
B00004135,G000061,R0030,A0015,2024-04-14,2024-06-18,2024-06-30,Standard King,12,19700,236400,OTA,completed
B00004136,G000470,R0024,A0011,2025-12-04,2026-01-18,2026-02-01,Presidential,14,131200,1836800,Loyalty,no_show
B00004137,G001092,R0008,A0045,2024-08-14,2024-09-20,2024-09-22,Ocean Suite,2,36400,72800,Corporate,completed
B00004138,G001906,R0029,A0009,2025-03-27,2025-05-26,2025-05-28,Ocean Suite,2,38600,77200,Direct,completed
B00004139,G001804,R0022,A0041,2024-10-20,2025-02-12,2025-02-25,Ocean Suite,13,40400,525200,Corporate,completed
B00004140,G002006,R0039,A0033,2024-04-06,2024-05-31,2024-06-12,Standard King,12,24000,288000,Corporate,completed
B00004141,G000080,R0025,A0050,2024-11-29,2024-12-30,2025-01-12,Ocean Suite,13,29700,386100,Loyalty,completed
B00004142,G000969,R0031,A0035,2024-04-29,2024-08-15,2024-08-24,Ocean Suite,9,32400,291600,OTA,completed
B00004143,G000752,R0004,A0014,2024-07-09,2024-08-19,2024-08-20,Ocean Suite,1,31200,31200,Direct,completed
B00004144,G002703,R0024,A0017,2025-12-11,2026-01-25,2026-02-06,Presidential,12,148100,1777200,Loyalty,cancelled
B00004145,G000311,R0030,A0060,2025-04-11,2025-05-21,2025-05-22,Standard Double,1,15600,15600,OTA,completed
B00004146,G000896,R0025,A0008,2025-04-28,2025-06-22,2025-07-02,Presidential,10,154100,1541000,Direct,completed
B00004147,G000837,R0039,A0055,2024-01-31,2024-04-10,2024-04-18,Standard Double,8,18500,148000,OTA,completed
B00004148,G001663,R0011,A0058,2024-08-10,2024-09-20,2024-10-03,Villa,13,72400,941200,OTA,completed
B00004149,G000699,R0025,A0011,2025-12-27,2026-02-07,2026-02-20,Ocean Suite,13,31500,409500,Direct,completed
B00004150,G000751,R0032,A0044,2025-07-08,2025-08-01,2025-08-10,Standard King,9,21800,196200,Direct,completed
B00004151,G000642,R0005,A0035,2025-05-27,2025-09-02,2025-09-13,Standard King,11,17900,196900,Loyalty,completed
B00004152,G000695,R0007,A0032,2025-09-03,2025-12-08,2025-12-13,Standard King,5,20700,103500,Corporate,completed
B00004153,G001057,R0035,A0052,2025-06-27,2025-07-12,2025-07-17,Ocean Suite,5,31500,157500,OTA,completed
B00004154,G000629,R0005,A0040,2024-01-03,2024-03-09,2024-03-21,Presidential,12,161500,1938000,Travel Agent,completed
B00004155,G001529,R0017,A0003,2025-02-16,2025-04-27,2025-05-02,Ocean Suite,5,35800,179000,Corporate,completed
B00004156,G001892,R0007,A0004,2025-01-07,2025-04-28,2025-05-01,Standard Double,3,18000,54000,Loyalty,completed
B00004157,G000528,R0021,A0004,2024-06-27,2024-08-10,2024-08-20,Standard King,10,21700,217000,Direct,completed
B00004158,G002336,R0019,A0044,2025-01-09,2025-05-08,2025-05-14,Standard Double,6,14600,87600,Direct,completed
B00004159,G000609,R0031,A0029,2024-08-31,2024-11-19,2024-11-26,Standard Double,7,16300,114100,Direct,completed
B00004160,G001746,R0001,A0026,2024-07-04,2024-08-25,2024-09-07,Standard Double,13,19600,254800,Direct,completed
B00004161,G002529,R0009,A0011,2024-04-24,2024-06-27,2024-07-04,Standard King,7,15400,107800,OTA,completed
B00004162,G000328,R0012,A0039,2025-09-18,2025-11-04,2025-11-11,Standard King,7,21200,148400,OTA,completed
B00004163,G000918,R0009,A0035,2024-12-01,2025-03-03,2025-03-10,Standard King,7,16500,115500,Corporate,completed
B00004164,G002094,R0020,A0057,2025-10-11,2025-12-02,2025-12-06,Standard Double,4,14500,58000,OTA,completed
B00004165,G001382,R0017,A0015,2025-11-17,2026-02-15,2026-02-17,Standard Double,2,17200,34400,Direct,completed
B00004166,G001028,R0005,A0049,2025-04-02,2025-06-29,2025-07-09,Presidential,10,108200,1082000,Direct,completed
B00004167,G001311,R0033,A0053,2024-07-18,2024-11-09,2024-11-17,Standard Double,8,17700,141600,Loyalty,cancelled
B00004168,G002601,R0027,A0033,2024-02-14,2024-05-04,2024-05-11,Standard King,7,16200,113400,OTA,confirmed
B00004169,G000741,R0031,A0013,2024-03-26,2024-05-26,2024-06-06,Standard Double,11,16500,181500,OTA,completed
B00004170,G002613,R0003,A0034,2024-12-16,2025-03-21,2025-03-27,Standard Double,6,16500,99000,Direct,completed
B00004171,G000683,R0015,A0060,2025-04-22,2025-07-22,2025-07-28,Standard King,6,24000,144000,Direct,confirmed
B00004172,G002632,R0006,A0060,2024-12-18,2025-04-02,2025-04-09,Standard King,7,18900,132300,Corporate,completed
B00004173,G000109,R0038,A0010,2024-02-16,2024-04-28,2024-05-04,Standard King,6,17400,104400,Direct,confirmed
B00004174,G001266,R0026,A0041,2025-07-31,2025-11-08,2025-11-12,Villa,4,58100,232400,OTA,completed
B00004175,G002679,R0015,A0015,2024-04-01,2024-05-05,2024-05-15,Standard King,10,16600,166000,Corporate,completed
B00004176,G001781,R0026,A0028,2024-11-25,2024-12-22,2024-12-27,Standard Double,5,16100,80500,Travel Agent,completed
B00004177,G000161,R0006,A0001,2024-01-21,2024-02-17,2024-02-20,Ocean Suite,3,36700,110100,Corporate,completed
B00004178,G002560,R0020,A0045,2025-12-22,2026-03-07,2026-03-09,Standard Double,2,20000,40000,Loyalty,completed
B00004179,G001209,R0039,A0049,2024-06-14,2024-07-30,2024-07-31,Ocean Suite,1,32400,32400,Corporate,completed
B00004180,G000641,R0021,A0038,2025-05-07,2025-05-17,2025-05-27,Standard Double,10,15700,157000,OTA,completed
B00004181,G002741,R0002,A0008,2024-02-19,2024-05-27,2024-06-09,Standard Double,13,17800,231400,Direct,completed
B00004182,G001538,R0036,A0059,2024-09-28,2024-12-11,2024-12-13,Standard Double,2,15100,30200,OTA,confirmed
B00004183,G002452,R0015,A0018,2025-05-25,2025-07-13,2025-07-16,Standard King,3,19700,59100,Direct,completed
B00004184,G001556,R0020,A0007,2024-10-13,2024-12-24,2025-01-05,Ocean Suite,12,41900,502800,OTA,completed
B00004185,G000536,R0013,A0042,2025-03-31,2025-06-07,2025-06-14,Standard King,7,22600,158200,Direct,completed
B00004186,G001458,R0024,A0059,2025-11-02,2026-01-27,2026-01-28,Standard King,1,15800,15800,Travel Agent,confirmed
B00004187,G001380,R0013,A0057,2025-08-13,2025-09-29,2025-10-03,Villa,4,53500,214000,OTA,completed
B00004188,G001188,R0040,A0056,2024-09-19,2024-11-05,2024-11-16,Ocean Suite,11,39600,435600,Direct,completed
B00004189,G002602,R0016,A0054,2025-03-15,2025-03-18,2025-04-01,Standard King,14,16400,229600,Direct,cancelled
B00004190,G002494,R0035,A0032,2025-04-27,2025-06-12,2025-06-15,Standard King,3,23300,69900,OTA,completed
B00004191,G001776,R0022,A0046,2025-12-22,2026-02-27,2026-03-06,Ocean Suite,7,32900,230300,Travel Agent,cancelled
B00004192,G000388,R0019,A0052,2025-04-16,2025-04-28,2025-04-29,Standard King,1,23000,23000,OTA,completed
B00004193,G000038,R0003,A0030,2025-01-24,2025-02-26,2025-03-09,Standard Double,11,16400,180400,Travel Agent,completed
B00004194,G000569,R0024,A0041,2024-02-25,2024-04-04,2024-04-12,Standard Double,8,13000,104000,OTA,completed
B00004195,G000697,R0016,A0057,2025-01-05,2025-02-18,2025-02-22,Standard Double,4,16200,64800,Travel Agent,completed
B00004196,G001744,R0022,A0004,2024-08-01,2024-09-09,2024-09-18,Standard King,9,17400,156600,Travel Agent,confirmed
B00004197,G000123,R0031,A0024,2024-09-11,2024-11-18,2024-11-19,Ocean Suite,1,46800,46800,Travel Agent,cancelled
B00004198,G000179,R0007,A0055,2024-05-03,2024-07-31,2024-08-01,Standard King,1,17700,17700,Direct,completed
B00004199,G000989,R0038,A0058,2024-09-17,2024-09-23,2024-10-04,Standard Double,11,15800,173800,Direct,confirmed
B00004200,G001242,R0034,A0043,2024-06-08,2024-06-29,2024-07-05,Standard King,6,19400,116400,OTA,completed
B00004201,G000719,R0010,A0038,2025-05-21,2025-07-24,2025-07-30,Standard King,6,20700,124200,Direct,completed
B00004202,G000767,R0009,A0055,2024-06-26,2024-07-08,2024-07-15,Standard Double,7,17300,121100,Corporate,completed
B00004203,G002823,R0029,A0005,2024-10-21,2024-11-14,2024-11-26,Standard King,12,23500,282000,Direct,completed
B00004204,G002120,R0038,A0016,2025-01-27,2025-04-29,2025-05-03,Standard Double,4,18400,73600,Loyalty,cancelled
B00004205,G001979,R0020,A0059,2025-04-24,2025-07-17,2025-07-24,Standard King,7,23100,161700,Travel Agent,completed
B00004206,G002548,R0025,A0055,2025-08-23,2025-09-01,2025-09-07,Ocean Suite,6,45100,270600,OTA,completed
B00004207,G000422,R0021,A0034,2024-10-01,2024-12-26,2025-01-08,Ocean Suite,13,45000,585000,OTA,confirmed
B00004208,G002557,R0027,A0008,2024-01-22,2024-03-21,2024-03-27,Standard King,6,18800,112800,Direct,confirmed
B00004209,G002438,R0020,A0052,2025-10-02,2025-12-11,2025-12-13,Standard Double,2,15700,31400,Corporate,confirmed
B00004210,G000517,R0033,A0029,2025-08-29,2025-10-27,2025-10-28,Ocean Suite,1,42500,42500,Corporate,completed
B00004211,G000247,R0017,A0012,2025-02-03,2025-02-10,2025-02-16,Standard Double,6,20000,120000,Corporate,completed
B00004212,G001011,R0022,A0018,2024-12-07,2025-03-15,2025-03-18,Villa,3,77200,231600,Corporate,confirmed
B00004213,G000537,R0001,A0045,2025-11-13,2025-12-15,2025-12-18,Standard Double,3,13500,40500,Loyalty,completed
B00004214,G000574,R0024,A0040,2024-05-03,2024-05-27,2024-05-31,Ocean Suite,4,43800,175200,Direct,completed
B00004215,G000838,R0017,A0052,2024-03-24,2024-05-20,2024-05-23,Ocean Suite,3,31100,93300,Direct,completed
B00004216,G000292,R0005,A0051,2025-06-21,2025-09-18,2025-09-25,Ocean Suite,7,42500,297500,Corporate,completed
B00004217,G001210,R0021,A0020,2025-01-05,2025-03-26,2025-03-30,Standard King,4,16200,64800,Loyalty,completed
B00004218,G002047,R0037,A0038,2024-07-16,2024-08-18,2024-09-01,Standard King,14,18500,259000,Corporate,completed
B00004219,G001978,R0027,A0017,2024-04-22,2024-07-15,2024-07-24,Ocean Suite,9,36400,327600,Direct,completed
B00004220,G001365,R0019,A0057,2024-08-27,2024-12-02,2024-12-12,Standard King,10,21100,211000,Corporate,confirmed
B00004221,G002122,R0023,A0043,2024-10-10,2024-11-22,2024-12-01,Standard King,9,16800,151200,Direct,confirmed
B00004222,G001987,R0028,A0056,2024-05-09,2024-06-21,2024-06-24,Standard Double,3,14100,42300,Travel Agent,confirmed
B00004223,G002412,R0008,A0046,2024-02-09,2024-04-01,2024-04-09,Standard Double,8,17500,140000,Direct,confirmed
B00004224,G002975,R0019,A0013,2025-05-16,2025-05-30,2025-05-31,Ocean Suite,1,38800,38800,Direct,completed
B00004225,G000977,R0015,A0030,2024-12-11,2025-01-07,2025-01-19,Standard King,12,22900,274800,Direct,completed
B00004226,G000906,R0022,A0055,2024-12-10,2024-12-14,2024-12-17,Presidential,3,112900,338700,Loyalty,completed
B00004227,G000454,R0017,A0032,2024-08-12,2024-12-09,2024-12-17,Villa,8,61100,488800,Corporate,confirmed
B00004228,G002797,R0006,A0055,2025-10-03,2025-12-28,2025-12-31,Presidential,3,156400,469200,Direct,completed
B00004229,G000927,R0004,A0013,2025-11-25,2026-03-11,2026-03-20,Standard Double,9,14300,128700,OTA,cancelled
B00004230,G000223,R0003,A0051,2024-05-08,2024-05-21,2024-05-27,Ocean Suite,6,36900,221400,OTA,completed
B00004231,G001538,R0022,A0033,2025-09-29,2026-01-25,2026-01-30,Standard Double,5,17200,86000,OTA,completed
B00004232,G001292,R0020,A0019,2024-11-24,2024-12-26,2025-01-07,Standard King,12,18800,225600,OTA,completed
B00004233,G002652,R0006,A0033,2025-07-10,2025-09-16,2025-09-27,Standard Double,11,15700,172700,OTA,completed
B00004234,G001064,R0007,A0022,2024-04-25,2024-06-13,2024-06-22,Standard King,9,20700,186300,OTA,completed
B00004235,G000130,R0017,A0057,2025-03-14,2025-05-01,2025-05-12,Standard King,11,19700,216700,OTA,no_show
B00004236,G000072,R0018,A0039,2025-04-14,2025-05-30,2025-06-12,Standard King,13,16200,210600,OTA,completed
B00004237,G001729,R0039,A0021,2024-12-04,2024-12-18,2024-12-24,Ocean Suite,6,32400,194400,Travel Agent,cancelled
B00004238,G001643,R0020,A0032,2024-02-07,2024-03-22,2024-04-01,Standard Double,10,15800,158000,Travel Agent,completed
B00004239,G000895,R0036,A0044,2024-08-23,2024-12-01,2024-12-06,Standard King,5,18100,90500,OTA,completed
B00004240,G002520,R0011,A0055,2024-04-13,2024-07-26,2024-07-31,Standard Double,5,14400,72000,OTA,completed
B00004241,G000329,R0015,A0006,2025-12-19,2026-02-08,2026-02-20,Ocean Suite,12,37100,445200,Travel Agent,cancelled
B00004242,G000260,R0001,A0030,2025-06-28,2025-07-10,2025-07-12,Standard Double,2,14600,29200,Corporate,completed
B00004243,G000936,R0008,A0022,2025-08-08,2025-10-19,2025-10-30,Standard Double,11,19800,217800,Direct,confirmed
B00004244,G002593,R0039,A0035,2024-11-22,2025-02-15,2025-02-28,Standard King,13,16300,211900,OTA,completed
B00004245,G001216,R0020,A0002,2025-01-01,2025-01-12,2025-01-15,Ocean Suite,3,38900,116700,OTA,confirmed
B00004246,G000967,R0008,A0004,2024-12-19,2025-02-15,2025-02-26,Standard King,11,23400,257400,OTA,no_show
B00004247,G000735,R0038,A0060,2024-09-18,2024-11-09,2024-11-10,Ocean Suite,1,31800,31800,Corporate,completed
B00004248,G000934,R0026,A0050,2024-04-12,2024-07-05,2024-07-11,Standard King,6,15900,95400,OTA,completed
B00004249,G002815,R0023,A0053,2025-04-04,2025-06-20,2025-06-21,Presidential,1,121300,121300,Travel Agent,confirmed
B00004250,G002052,R0024,A0037,2024-10-13,2025-01-25,2025-02-03,Standard Double,9,16300,146700,Loyalty,completed
B00004251,G001157,R0034,A0045,2024-03-18,2024-04-10,2024-04-12,Standard King,2,17800,35600,OTA,completed
B00004252,G000571,R0015,A0022,2025-02-04,2025-03-11,2025-03-23,Presidential,12,114500,1374000,Direct,completed
B00004253,G000421,R0021,A0031,2025-03-18,2025-04-08,2025-04-22,Standard Double,14,14800,207200,Travel Agent,cancelled
B00004254,G001538,R0008,A0018,2025-08-10,2025-10-28,2025-11-02,Standard Double,5,20100,100500,Corporate,confirmed
B00004255,G001387,R0028,A0033,2025-07-21,2025-11-16,2025-11-29,Standard Double,13,20000,260000,OTA,completed
B00004256,G000883,R0022,A0052,2025-09-19,2025-10-16,2025-10-17,Standard King,1,18800,18800,Direct,completed
B00004257,G002220,R0016,A0051,2025-12-05,2026-03-10,2026-03-17,Presidential,7,139900,979300,Travel Agent,confirmed
B00004258,G001610,R0013,A0056,2025-07-01,2025-07-27,2025-08-04,Ocean Suite,8,29800,238400,Direct,completed
B00004259,G001869,R0035,A0002,2024-10-18,2024-12-09,2024-12-22,Standard King,13,16600,215800,Direct,completed
B00004260,G001579,R0015,A0045,2024-08-02,2024-09-22,2024-09-26,Presidential,4,135100,540400,Corporate,completed
B00004261,G001164,R0004,A0058,2024-07-06,2024-07-19,2024-07-20,Standard King,1,20600,20600,Loyalty,completed
B00004262,G002935,R0029,A0037,2024-08-08,2024-10-11,2024-10-23,Standard King,12,22100,265200,Direct,completed
B00004263,G000029,R0023,A0039,2024-03-23,2024-04-15,2024-04-25,Standard King,10,22700,227000,Travel Agent,completed
B00004264,G001095,R0031,A0057,2025-12-31,2026-01-01,2026-01-12,Standard Double,11,15100,166100,Loyalty,cancelled
B00004265,G000332,R0006,A0060,2024-08-19,2024-11-05,2024-11-08,Standard Double,3,14200,42600,Loyalty,completed
B00004266,G000359,R0036,A0015,2024-09-01,2024-11-11,2024-11-12,Ocean Suite,1,42200,42200,Direct,completed
B00004267,G001658,R0013,A0045,2024-03-12,2024-04-20,2024-05-02,Villa,12,59500,714000,Travel Agent,completed
B00004268,G000442,R0021,A0035,2025-06-01,2025-06-16,2025-06-27,Standard King,11,18800,206800,Loyalty,completed
B00004269,G002542,R0016,A0005,2025-05-17,2025-08-21,2025-08-30,Standard Double,9,19500,175500,OTA,completed
B00004270,G002122,R0036,A0039,2025-12-05,2025-12-15,2025-12-16,Standard Double,1,14400,14400,Travel Agent,completed
B00004271,G001266,R0006,A0040,2024-09-30,2024-10-16,2024-10-17,Standard Double,1,16700,16700,OTA,cancelled
B00004272,G001230,R0039,A0049,2024-04-04,2024-07-17,2024-07-25,Standard Double,8,16800,134400,OTA,completed
B00004273,G001533,R0039,A0005,2025-03-25,2025-07-20,2025-07-22,Standard Double,2,13400,26800,Direct,completed
B00004274,G002743,R0006,A0002,2024-06-05,2024-09-22,2024-09-27,Standard King,5,15700,78500,Travel Agent,completed
B00004275,G001154,R0036,A0019,2024-03-08,2024-05-18,2024-05-26,Ocean Suite,8,37900,303200,OTA,completed
B00004276,G002185,R0028,A0041,2025-03-24,2025-06-22,2025-06-25,Standard Double,3,15800,47400,Travel Agent,completed
B00004277,G000361,R0035,A0041,2024-02-29,2024-03-12,2024-03-24,Presidential,12,120500,1446000,Direct,completed
B00004278,G000194,R0012,A0014,2025-01-31,2025-03-17,2025-03-19,Standard King,2,19000,38000,Direct,confirmed
B00004279,G001494,R0027,A0002,2024-10-07,2024-11-30,2024-12-10,Standard King,10,22800,228000,OTA,completed
B00004280,G001062,R0001,A0059,2024-05-08,2024-08-20,2024-08-21,Ocean Suite,1,38100,38100,Corporate,cancelled
B00004281,G000520,R0029,A0022,2025-01-30,2025-02-28,2025-03-03,Standard King,3,22000,66000,Corporate,completed
B00004282,G000717,R0004,A0056,2025-11-30,2026-03-29,2026-03-31,Standard King,2,19600,39200,OTA,completed
B00004283,G000097,R0013,A0022,2025-03-23,2025-04-15,2025-04-23,Standard King,8,16000,128000,Corporate,confirmed
B00004284,G000147,R0026,A0055,2024-09-27,2024-10-10,2024-10-17,Standard King,7,17300,121100,Corporate,completed
B00004285,G001292,R0023,A0043,2025-04-08,2025-07-11,2025-07-16,Ocean Suite,5,40700,203500,Travel Agent,completed
B00004286,G002725,R0003,A0043,2025-12-19,2026-02-01,2026-02-10,Ocean Suite,9,38500,346500,OTA,completed
B00004287,G002468,R0028,A0009,2024-06-04,2024-07-21,2024-08-04,Standard Double,14,13000,182000,Travel Agent,confirmed
B00004288,G000803,R0029,A0060,2024-08-31,2024-09-28,2024-09-30,Standard King,2,24200,48400,Travel Agent,completed
B00004289,G002694,R0036,A0022,2024-03-01,2024-06-19,2024-06-22,Villa,3,51200,153600,OTA,completed
B00004290,G002851,R0037,A0057,2024-06-05,2024-08-02,2024-08-12,Standard Double,10,14300,143000,Direct,confirmed
B00004291,G002434,R0024,A0057,2024-04-11,2024-05-14,2024-05-21,Standard King,7,16800,117600,Direct,completed
B00004292,G001822,R0001,A0029,2024-03-18,2024-06-29,2024-07-10,Ocean Suite,11,40700,447700,Direct,completed
B00004293,G000990,R0029,A0052,2024-11-12,2025-02-27,2025-03-09,Ocean Suite,10,37200,372000,Direct,completed
B00004294,G000417,R0021,A0013,2025-05-21,2025-07-02,2025-07-05,Ocean Suite,3,46100,138300,OTA,completed
B00004295,G000552,R0004,A0003,2024-11-16,2025-01-29,2025-02-02,Standard Double,4,18000,72000,Corporate,completed
B00004296,G001096,R0036,A0031,2024-01-14,2024-04-09,2024-04-18,Standard Double,9,15500,139500,Travel Agent,no_show
B00004297,G000333,R0015,A0023,2025-10-05,2025-12-16,2025-12-27,Standard King,11,22800,250800,Corporate,completed
B00004298,G000298,R0033,A0020,2025-01-31,2025-05-04,2025-05-08,Villa,4,72200,288800,Corporate,completed
B00004299,G000815,R0027,A0040,2025-09-24,2025-12-19,2026-01-02,Ocean Suite,14,29800,417200,OTA,completed
B00004300,G000947,R0013,A0048,2024-01-12,2024-02-19,2024-02-23,Standard King,4,17700,70800,Direct,cancelled
B00004301,G002757,R0015,A0016,2025-05-19,2025-09-13,2025-09-17,Standard King,4,17600,70400,Loyalty,completed
B00004302,G002488,R0001,A0015,2024-04-02,2024-04-11,2024-04-13,Standard Double,2,12800,25600,OTA,no_show
B00004303,G000881,R0027,A0059,2024-09-15,2024-11-19,2024-11-24,Ocean Suite,5,46200,231000,Direct,completed
B00004304,G002109,R0023,A0002,2024-05-31,2024-09-23,2024-09-27,Standard Double,4,16700,66800,OTA,completed
B00004305,G001340,R0038,A0057,2025-12-01,2026-02-05,2026-02-14,Villa,9,51800,466200,Direct,confirmed
B00004306,G001406,R0015,A0023,2024-10-28,2024-11-16,2024-11-25,Standard King,9,22600,203400,Corporate,completed
B00004307,G002152,R0011,A0013,2024-08-16,2024-11-22,2024-11-25,Ocean Suite,3,38100,114300,OTA,completed
B00004308,G002528,R0036,A0021,2024-07-03,2024-08-06,2024-08-12,Standard Double,6,13100,78600,Direct,confirmed
B00004309,G002197,R0018,A0047,2024-01-25,2024-05-09,2024-05-15,Ocean Suite,6,43500,261000,Direct,completed
B00004310,G002369,R0018,A0058,2024-02-17,2024-05-03,2024-05-13,Standard King,10,17800,178000,Loyalty,completed
B00004311,G000614,R0003,A0027,2024-03-14,2024-06-15,2024-06-20,Presidential,5,107600,538000,Direct,completed
B00004312,G001422,R0021,A0021,2025-12-07,2026-01-27,2026-01-31,Standard King,4,20200,80800,Loyalty,completed
B00004313,G000554,R0017,A0037,2024-05-27,2024-09-01,2024-09-12,Standard Double,11,20100,221100,Direct,confirmed
B00004314,G002431,R0017,A0007,2024-01-01,2024-03-07,2024-03-20,Ocean Suite,13,32900,427700,Loyalty,completed
B00004315,G002475,R0038,A0042,2024-06-02,2024-07-20,2024-07-21,Standard Double,1,19200,19200,Loyalty,completed
B00004316,G000945,R0013,A0024,2025-05-22,2025-06-06,2025-06-09,Standard King,3,18800,56400,Direct,completed
B00004317,G001608,R0035,A0060,2024-08-10,2024-08-30,2024-09-03,Standard King,4,16800,67200,OTA,completed
B00004318,G001335,R0032,A0015,2024-05-27,2024-06-09,2024-06-16,Standard King,7,17500,122500,Direct,cancelled
B00004319,G001092,R0038,A0014,2025-09-19,2025-12-17,2025-12-29,Standard Double,12,16300,195600,Corporate,cancelled
B00004320,G002888,R0019,A0010,2025-03-02,2025-03-20,2025-04-03,Standard Double,14,19000,266000,Loyalty,completed
B00004321,G000855,R0004,A0006,2025-03-17,2025-03-26,2025-04-05,Standard King,10,18700,187000,Direct,confirmed
B00004322,G000275,R0038,A0018,2024-11-01,2024-12-05,2024-12-13,Standard Double,8,14000,112000,Corporate,completed
B00004323,G001634,R0009,A0030,2024-06-02,2024-09-12,2024-09-26,Standard King,14,20400,285600,Travel Agent,completed
B00004324,G000709,R0038,A0034,2024-07-31,2024-10-30,2024-11-03,Standard Double,4,18900,75600,OTA,confirmed
B00004325,G001716,R0024,A0056,2024-08-14,2024-11-02,2024-11-05,Standard King,3,19800,59400,OTA,cancelled
B00004326,G002754,R0022,A0048,2024-04-29,2024-08-26,2024-08-27,Standard Double,1,17800,17800,Corporate,completed
B00004327,G002541,R0001,A0003,2024-10-28,2024-12-25,2025-01-04,Ocean Suite,10,37700,377000,Travel Agent,confirmed
B00004328,G001686,R0007,A0025,2024-06-06,2024-10-01,2024-10-13,Ocean Suite,12,40400,484800,Direct,completed
B00004329,G001752,R0032,A0029,2024-08-24,2024-11-12,2024-11-19,Standard Double,7,19200,134400,Direct,completed
B00004330,G002668,R0017,A0001,2025-07-26,2025-08-31,2025-09-02,Ocean Suite,2,46400,92800,Direct,completed
B00004331,G002229,R0010,A0051,2025-10-23,2025-11-09,2025-11-10,Ocean Suite,1,45300,45300,OTA,completed
B00004332,G001531,R0034,A0012,2025-02-28,2025-05-30,2025-06-01,Standard Double,2,14700,29400,Corporate,completed
B00004333,G001233,R0012,A0044,2024-10-28,2025-02-13,2025-02-20,Standard Double,7,20000,140000,OTA,completed
B00004334,G001653,R0012,A0055,2024-12-29,2025-03-03,2025-03-17,Standard King,14,23400,327600,OTA,completed
B00004335,G000104,R0034,A0017,2025-09-29,2025-12-12,2025-12-24,Standard King,12,22200,266400,Corporate,completed
B00004336,G001820,R0019,A0011,2024-08-02,2024-11-18,2024-11-24,Standard Double,6,19900,119400,Loyalty,completed
B00004337,G001919,R0021,A0020,2024-06-07,2024-06-14,2024-06-27,Standard Double,13,16000,208000,Corporate,completed
B00004338,G001029,R0039,A0053,2025-04-27,2025-05-12,2025-05-21,Standard Double,9,19700,177300,Travel Agent,completed
B00004339,G000325,R0003,A0002,2025-04-03,2025-06-15,2025-06-23,Standard Double,8,15600,124800,Travel Agent,completed
B00004340,G000536,R0028,A0020,2024-08-10,2024-10-15,2024-10-18,Standard King,3,18300,54900,Direct,completed
B00004341,G002595,R0026,A0012,2025-10-02,2025-10-16,2025-10-19,Ocean Suite,3,45400,136200,Direct,completed
B00004342,G001650,R0013,A0037,2024-12-07,2025-01-10,2025-01-16,Standard King,6,21500,129000,Direct,confirmed
B00004343,G000107,R0039,A0021,2025-09-05,2025-11-28,2025-12-01,Standard Double,3,16500,49500,Travel Agent,completed
B00004344,G000407,R0013,A0046,2024-10-20,2025-01-17,2025-01-21,Villa,4,63100,252400,Direct,confirmed
B00004345,G002388,R0039,A0043,2024-01-22,2024-03-16,2024-03-26,Standard Double,10,18300,183000,Direct,completed
B00004346,G000242,R0020,A0038,2025-05-21,2025-06-03,2025-06-14,Standard King,11,21200,233200,Direct,completed
B00004347,G000106,R0035,A0060,2024-07-12,2024-09-27,2024-09-29,Standard King,2,22500,45000,Corporate,completed
B00004348,G002047,R0035,A0048,2024-12-06,2024-12-16,2024-12-28,Ocean Suite,12,41900,502800,Travel Agent,completed
B00004349,G002329,R0004,A0015,2025-04-18,2025-07-21,2025-08-03,Ocean Suite,13,33300,432900,Loyalty,completed
B00004350,G002675,R0013,A0011,2025-12-11,2026-02-03,2026-02-15,Ocean Suite,12,46200,554400,Corporate,completed
B00004351,G000578,R0014,A0053,2024-01-15,2024-01-20,2024-02-01,Villa,12,67500,810000,OTA,completed
B00004352,G000275,R0032,A0034,2025-09-22,2025-10-22,2025-10-27,Villa,5,77900,389500,Direct,completed
B00004353,G000693,R0032,A0015,2025-12-19,2026-01-29,2026-01-31,Ocean Suite,2,34100,68200,OTA,completed
B00004354,G000475,R0015,A0010,2025-08-18,2025-10-16,2025-10-26,Presidential,10,117100,1171000,OTA,completed
B00004355,G002608,R0015,A0021,2025-12-30,2026-01-26,2026-02-07,Standard King,12,22200,266400,Loyalty,completed
B00004356,G001602,R0018,A0004,2025-08-01,2025-11-17,2025-11-25,Ocean Suite,8,34300,274400,Direct,confirmed
B00004357,G000225,R0021,A0060,2025-07-18,2025-10-09,2025-10-22,Standard Double,13,13700,178100,OTA,completed
B00004358,G001037,R0030,A0002,2025-11-14,2025-12-26,2026-01-08,Ocean Suite,13,33500,435500,Loyalty,completed
B00004359,G002064,R0027,A0009,2025-04-13,2025-05-08,2025-05-21,Standard King,13,16400,213200,OTA,confirmed
B00004360,G002558,R0025,A0032,2024-09-04,2024-09-20,2024-09-27,Villa,7,52100,364700,Loyalty,completed
B00004361,G001606,R0024,A0047,2024-04-07,2024-04-25,2024-05-04,Ocean Suite,9,47100,423900,Loyalty,completed
B00004362,G001357,R0039,A0049,2024-08-05,2024-08-16,2024-08-23,Villa,7,61000,427000,Corporate,completed
B00004363,G000298,R0014,A0018,2024-04-26,2024-08-11,2024-08-14,Standard Double,3,17400,52200,Travel Agent,completed
B00004364,G000742,R0021,A0041,2024-09-16,2024-11-13,2024-11-23,Standard Double,10,17900,179000,OTA,cancelled
B00004365,G002107,R0022,A0039,2025-10-09,2026-01-17,2026-01-29,Villa,12,62600,751200,Direct,completed
B00004366,G001248,R0035,A0056,2024-10-13,2025-01-30,2025-01-31,Standard Double,1,13800,13800,OTA,confirmed
B00004367,G002318,R0009,A0007,2025-06-23,2025-09-05,2025-09-15,Standard King,10,23500,235000,Corporate,completed
B00004368,G002376,R0002,A0011,2024-08-13,2024-09-09,2024-09-13,Presidential,4,149800,599200,OTA,completed
B00004369,G000415,R0035,A0020,2025-12-23,2026-04-02,2026-04-05,Villa,3,71800,215400,OTA,completed
B00004370,G001465,R0009,A0045,2025-06-16,2025-09-21,2025-09-30,Standard Double,9,14700,132300,Travel Agent,no_show
B00004371,G001992,R0028,A0012,2024-10-08,2024-10-31,2024-11-03,Standard King,3,21300,63900,Direct,confirmed
B00004372,G002107,R0020,A0042,2024-12-24,2024-12-26,2024-12-29,Ocean Suite,3,42900,128700,Travel Agent,completed
B00004373,G001011,R0032,A0007,2025-05-08,2025-07-10,2025-07-21,Standard Double,11,18300,201300,Direct,cancelled
B00004374,G001244,R0007,A0046,2025-10-11,2026-01-20,2026-01-27,Standard King,7,17000,119000,OTA,completed
B00004375,G000649,R0002,A0007,2024-03-18,2024-05-14,2024-05-23,Standard King,9,19100,171900,Travel Agent,completed
B00004376,G000134,R0024,A0053,2024-03-27,2024-04-17,2024-04-27,Standard King,10,17400,174000,Loyalty,completed
B00004377,G001203,R0023,A0025,2025-02-12,2025-06-07,2025-06-17,Presidential,10,150900,1509000,Corporate,completed
B00004378,G000388,R0034,A0048,2025-02-20,2025-04-26,2025-05-10,Standard Double,14,13300,186200,OTA,completed
B00004379,G001247,R0003,A0005,2025-01-24,2025-02-08,2025-02-17,Standard Double,9,19900,179100,Corporate,confirmed
B00004380,G002205,R0025,A0030,2024-08-24,2024-09-05,2024-09-10,Presidential,5,148900,744500,Direct,completed
B00004381,G000813,R0017,A0041,2025-10-01,2025-11-23,2025-12-07,Standard Double,14,19100,267400,Travel Agent,no_show
B00004382,G002016,R0010,A0016,2024-06-09,2024-07-12,2024-07-26,Villa,14,72400,1013600,Direct,completed
B00004383,G001612,R0001,A0060,2024-03-14,2024-05-20,2024-05-27,Ocean Suite,7,41000,287000,OTA,completed
B00004384,G001501,R0024,A0002,2025-12-20,2026-02-11,2026-02-21,Standard Double,10,16600,166000,OTA,cancelled
B00004385,G001133,R0007,A0013,2024-08-15,2024-11-04,2024-11-17,Standard Double,13,18300,237900,Direct,completed
B00004386,G001107,R0039,A0029,2025-05-01,2025-06-26,2025-06-27,Standard King,1,17900,17900,Direct,completed
B00004387,G001619,R0028,A0005,2024-02-26,2024-03-30,2024-04-06,Standard King,7,15500,108500,Travel Agent,completed
B00004388,G001463,R0001,A0059,2024-08-11,2024-08-21,2024-09-04,Standard King,14,21600,302400,Corporate,completed
B00004389,G000919,R0039,A0051,2025-05-19,2025-07-19,2025-07-31,Standard Double,12,18600,223200,OTA,confirmed
B00004390,G001689,R0032,A0041,2024-04-18,2024-05-06,2024-05-19,Ocean Suite,13,32200,418600,Loyalty,completed
B00004391,G001174,R0037,A0039,2025-11-05,2026-02-20,2026-03-06,Standard Double,14,17100,239400,Travel Agent,completed
B00004392,G000370,R0023,A0026,2024-01-11,2024-02-18,2024-02-19,Standard Double,1,16200,16200,Loyalty,completed
B00004393,G000655,R0002,A0025,2024-10-09,2024-12-07,2024-12-09,Villa,2,62600,125200,Loyalty,completed
B00004394,G000747,R0005,A0060,2024-01-27,2024-03-11,2024-03-16,Standard King,5,22400,112000,OTA,confirmed
B00004395,G001722,R0001,A0008,2025-08-18,2025-10-06,2025-10-09,Villa,3,77500,232500,Direct,completed
B00004396,G002293,R0016,A0044,2024-03-14,2024-04-10,2024-04-23,Standard Double,13,17100,222300,Loyalty,completed
B00004397,G002411,R0005,A0011,2024-01-20,2024-02-29,2024-03-06,Standard Double,6,16900,101400,OTA,confirmed
B00004398,G000161,R0004,A0022,2024-02-28,2024-04-04,2024-04-18,Standard King,14,16000,224000,Corporate,completed
B00004399,G001294,R0003,A0038,2025-08-05,2025-08-26,2025-09-06,Standard King,11,20500,225500,Loyalty,completed
B00004400,G002004,R0024,A0053,2024-02-27,2024-03-20,2024-03-22,Standard King,2,20100,40200,OTA,no_show
B00004401,G002870,R0039,A0043,2024-07-05,2024-09-11,2024-09-25,Standard King,14,20800,291200,Travel Agent,cancelled
B00004402,G000388,R0038,A0043,2025-12-31,2026-03-03,2026-03-12,Standard King,9,22100,198900,Loyalty,completed
B00004403,G000283,R0006,A0048,2024-11-19,2024-12-20,2024-12-29,Standard King,9,23800,214200,OTA,completed
B00004404,G000215,R0019,A0015,2024-08-26,2024-10-03,2024-10-14,Standard King,11,23700,260700,OTA,confirmed
B00004405,G001348,R0005,A0007,2024-12-24,2025-02-14,2025-02-23,Standard Double,9,19400,174600,Loyalty,completed
B00004406,G001753,R0032,A0055,2025-03-03,2025-03-07,2025-03-20,Ocean Suite,13,46700,607100,OTA,completed
B00004407,G002574,R0019,A0048,2025-04-27,2025-05-27,2025-05-28,Standard Double,1,19600,19600,Travel Agent,completed
B00004408,G002407,R0008,A0053,2025-09-20,2025-11-14,2025-11-24,Ocean Suite,10,39900,399000,OTA,completed
B00004409,G001604,R0024,A0042,2024-11-17,2025-01-28,2025-02-07,Villa,10,67300,673000,Direct,confirmed
B00004410,G002736,R0036,A0002,2025-02-05,2025-05-29,2025-06-07,Standard King,9,22700,204300,OTA,cancelled
B00004411,G001852,R0028,A0046,2025-08-14,2025-10-30,2025-11-07,Standard Double,8,16700,133600,OTA,completed
B00004412,G000661,R0015,A0055,2025-05-07,2025-08-27,2025-09-03,Standard King,7,23300,163100,OTA,completed
B00004413,G001611,R0037,A0029,2025-06-19,2025-08-18,2025-08-29,Ocean Suite,11,36100,397100,Loyalty,completed
B00004414,G000442,R0038,A0028,2025-10-10,2025-12-23,2026-01-03,Standard Double,11,18500,203500,Corporate,completed
B00004415,G001145,R0019,A0053,2024-02-29,2024-04-22,2024-04-23,Standard King,1,15600,15600,Direct,completed
B00004416,G001968,R0040,A0027,2024-06-15,2024-09-22,2024-10-05,Standard Double,13,20100,261300,Travel Agent,confirmed
B00004417,G000817,R0014,A0032,2024-03-07,2024-05-19,2024-05-26,Ocean Suite,7,32800,229600,Direct,completed
B00004418,G002520,R0036,A0045,2025-04-04,2025-04-25,2025-05-02,Standard Double,7,20100,140700,Loyalty,completed
B00004419,G002225,R0040,A0053,2024-08-04,2024-10-30,2024-11-12,Standard Double,13,18500,240500,Travel Agent,completed
B00004420,G002622,R0001,A0028,2025-12-12,2026-03-09,2026-03-16,Standard King,7,16700,116900,OTA,completed
B00004421,G001639,R0033,A0057,2025-06-30,2025-10-19,2025-11-01,Standard King,13,16900,219700,Direct,completed
B00004422,G002781,R0023,A0047,2025-09-30,2026-01-24,2026-02-01,Standard Double,8,15000,120000,Direct,completed
B00004423,G000006,R0019,A0010,2025-01-22,2025-04-26,2025-05-05,Standard Double,9,19600,176400,Direct,completed
B00004424,G000113,R0031,A0042,2025-11-08,2026-02-19,2026-03-03,Villa,12,67700,812400,Corporate,completed
B00004425,G000167,R0010,A0016,2024-09-28,2024-11-17,2024-11-29,Standard King,12,17300,207600,Corporate,confirmed
B00004426,G002745,R0007,A0027,2025-03-01,2025-04-16,2025-04-25,Ocean Suite,9,31500,283500,Direct,confirmed
B00004427,G001541,R0003,A0035,2024-03-05,2024-06-01,2024-06-02,Standard King,1,17400,17400,Direct,completed
B00004428,G002256,R0017,A0032,2024-07-17,2024-11-09,2024-11-14,Standard Double,5,13200,66000,Direct,completed
B00004429,G000064,R0029,A0020,2025-04-24,2025-07-06,2025-07-18,Villa,12,78700,944400,OTA,completed
B00004430,G002460,R0025,A0006,2025-02-11,2025-03-07,2025-03-09,Standard King,2,24100,48200,Direct,cancelled
B00004431,G001576,R0038,A0031,2024-03-25,2024-03-31,2024-04-13,Standard King,13,22500,292500,OTA,confirmed
B00004432,G000139,R0031,A0044,2025-12-12,2026-01-24,2026-02-04,Standard King,11,16300,179300,Direct,completed
B00004433,G001617,R0033,A0006,2025-11-12,2026-03-07,2026-03-15,Ocean Suite,8,40200,321600,Direct,cancelled
B00004434,G001959,R0023,A0011,2024-08-20,2024-09-04,2024-09-06,Ocean Suite,2,37400,74800,OTA,confirmed
B00004435,G001596,R0011,A0033,2024-12-09,2025-03-13,2025-03-14,Ocean Suite,1,46500,46500,OTA,completed
B00004436,G000730,R0017,A0038,2025-12-08,2026-03-31,2026-04-05,Standard King,5,23000,115000,Direct,confirmed
B00004437,G000525,R0012,A0045,2024-05-17,2024-05-24,2024-06-03,Standard Double,10,15600,156000,Travel Agent,confirmed
B00004438,G001428,R0036,A0011,2024-12-11,2025-03-10,2025-03-20,Standard King,10,17200,172000,Corporate,confirmed
B00004439,G001410,R0004,A0050,2024-03-19,2024-05-24,2024-05-27,Standard King,3,21000,63000,OTA,completed
B00004440,G000918,R0013,A0022,2025-06-14,2025-09-14,2025-09-19,Standard Double,5,14200,71000,Loyalty,completed
B00004441,G001491,R0015,A0028,2025-08-05,2025-11-12,2025-11-18,Standard Double,6,15100,90600,Direct,confirmed
B00004442,G001764,R0017,A0046,2025-08-12,2025-11-16,2025-11-26,Standard Double,10,19300,193000,Loyalty,cancelled
B00004443,G000352,R0029,A0010,2025-10-27,2025-11-26,2025-12-04,Standard King,8,21600,172800,Travel Agent,completed
B00004444,G000594,R0004,A0010,2024-10-26,2024-11-06,2024-11-07,Ocean Suite,1,37000,37000,Direct,completed
B00004445,G001245,R0038,A0006,2025-12-27,2026-01-25,2026-02-05,Standard King,11,20400,224400,OTA,confirmed
B00004446,G002775,R0016,A0006,2024-03-11,2024-06-10,2024-06-19,Standard Double,9,14400,129600,OTA,completed
B00004447,G000736,R0034,A0031,2025-06-25,2025-08-22,2025-08-30,Standard King,8,23500,188000,Loyalty,completed
B00004448,G000093,R0033,A0058,2025-08-24,2025-08-25,2025-08-26,Ocean Suite,1,38200,38200,Travel Agent,completed
B00004449,G001895,R0003,A0039,2025-06-26,2025-10-05,2025-10-11,Standard King,6,17500,105000,Loyalty,completed
B00004450,G002657,R0030,A0041,2024-09-24,2024-10-27,2024-11-05,Ocean Suite,9,35600,320400,Travel Agent,confirmed
B00004451,G001047,R0014,A0017,2024-02-12,2024-03-06,2024-03-12,Ocean Suite,6,41100,246600,Loyalty,confirmed
B00004452,G002144,R0001,A0058,2025-11-11,2026-01-08,2026-01-13,Standard Double,5,14500,72500,OTA,confirmed
B00004453,G000046,R0026,A0045,2025-07-26,2025-10-30,2025-11-07,Ocean Suite,8,44100,352800,OTA,completed
B00004454,G002241,R0033,A0049,2024-05-01,2024-08-05,2024-08-13,Ocean Suite,8,39100,312800,OTA,completed
B00004455,G001750,R0008,A0051,2024-06-03,2024-06-18,2024-06-28,Standard Double,10,19200,192000,OTA,confirmed
B00004456,G002851,R0006,A0052,2024-12-19,2025-03-16,2025-03-27,Standard King,11,17800,195800,Direct,completed
B00004457,G001544,R0039,A0045,2024-10-22,2025-02-06,2025-02-16,Villa,10,58100,581000,Direct,completed
B00004458,G002121,R0018,A0051,2024-10-27,2024-11-17,2024-11-23,Standard King,6,23000,138000,Corporate,cancelled
B00004459,G000815,R0032,A0059,2025-12-05,2026-02-18,2026-02-19,Ocean Suite,1,38100,38100,Direct,completed
B00004460,G002732,R0014,A0022,2025-09-08,2026-01-05,2026-01-17,Ocean Suite,12,36000,432000,Loyalty,no_show
B00004461,G002448,R0027,A0048,2025-01-16,2025-05-13,2025-05-18,Standard King,5,17500,87500,Direct,completed
B00004462,G000800,R0036,A0034,2025-11-03,2026-03-02,2026-03-10,Ocean Suite,8,38000,304000,Corporate,confirmed
B00004463,G001119,R0036,A0044,2024-05-25,2024-07-24,2024-08-07,Standard King,14,18600,260400,Travel Agent,completed
B00004464,G000665,R0039,A0055,2025-06-17,2025-07-21,2025-07-22,Villa,1,79300,79300,OTA,cancelled
B00004465,G002424,R0034,A0039,2024-11-03,2024-11-23,2024-11-29,Standard King,6,19900,119400,OTA,completed
B00004466,G002227,R0013,A0037,2024-07-12,2024-10-14,2024-10-15,Villa,1,52000,52000,Direct,completed
B00004467,G000832,R0011,A0043,2025-07-03,2025-08-27,2025-09-07,Standard King,11,21900,240900,Direct,confirmed
B00004468,G001109,R0028,A0044,2024-03-01,2024-05-29,2024-06-05,Standard Double,7,19800,138600,Direct,cancelled
B00004469,G001214,R0020,A0003,2025-10-21,2025-12-24,2026-01-01,Standard King,8,15600,124800,Corporate,completed
B00004470,G000676,R0015,A0012,2025-06-23,2025-08-03,2025-08-09,Standard Double,6,19600,117600,Direct,cancelled
B00004471,G002584,R0006,A0032,2025-08-10,2025-11-03,2025-11-06,Presidential,3,108300,324900,Corporate,completed
B00004472,G000084,R0021,A0005,2024-06-07,2024-08-05,2024-08-07,Standard Double,2,15300,30600,Travel Agent,completed
B00004473,G000997,R0025,A0009,2024-08-10,2024-08-15,2024-08-25,Standard King,10,20400,204000,Loyalty,cancelled
B00004474,G001122,R0025,A0052,2024-11-28,2025-02-01,2025-02-04,Standard Double,3,14600,43800,Corporate,cancelled
B00004475,G000041,R0015,A0060,2024-02-12,2024-03-12,2024-03-24,Standard King,12,19400,232800,OTA,completed
B00004476,G002156,R0009,A0041,2025-10-06,2026-01-17,2026-01-19,Standard Double,2,12800,25600,Direct,completed
B00004477,G002193,R0033,A0007,2025-05-21,2025-08-23,2025-09-03,Standard King,11,18000,198000,OTA,confirmed
B00004478,G002828,R0017,A0050,2024-08-29,2024-11-19,2024-11-30,Standard Double,11,18400,202400,OTA,completed
B00004479,G001077,R0023,A0048,2025-03-14,2025-06-17,2025-06-20,Standard King,3,21400,64200,Corporate,completed
B00004480,G001257,R0040,A0032,2025-08-14,2025-08-15,2025-08-25,Villa,10,78500,785000,Travel Agent,completed
B00004481,G002229,R0020,A0007,2025-01-14,2025-04-04,2025-04-18,Villa,14,52700,737800,OTA,completed
B00004482,G001584,R0036,A0017,2025-07-30,2025-09-16,2025-09-21,Ocean Suite,5,40200,201000,OTA,completed
B00004483,G000273,R0028,A0059,2024-06-13,2024-07-15,2024-07-20,Standard King,5,24100,120500,Corporate,completed
B00004484,G000105,R0006,A0023,2025-05-09,2025-07-04,2025-07-07,Standard Double,3,18800,56400,Direct,completed
B00004485,G001232,R0003,A0038,2024-08-15,2024-09-17,2024-09-20,Standard King,3,19900,59700,Direct,cancelled
B00004486,G001473,R0036,A0042,2025-04-19,2025-06-17,2025-06-29,Standard Double,12,14300,171600,Direct,confirmed
B00004487,G001292,R0030,A0015,2025-05-19,2025-06-01,2025-06-12,Standard King,11,21900,240900,OTA,completed
B00004488,G000668,R0024,A0059,2024-11-24,2025-02-01,2025-02-07,Villa,6,75200,451200,OTA,confirmed
B00004489,G001725,R0019,A0016,2024-02-25,2024-04-02,2024-04-06,Standard Double,4,13700,54800,Direct,completed
B00004490,G001078,R0028,A0055,2025-10-27,2025-11-12,2025-11-17,Standard King,5,16600,83000,Travel Agent,cancelled
B00004491,G002798,R0032,A0037,2024-02-19,2024-03-03,2024-03-09,Presidential,6,159400,956400,OTA,completed
B00004492,G002571,R0023,A0001,2024-11-24,2025-03-19,2025-03-31,Ocean Suite,12,32900,394800,Loyalty,completed
B00004493,G000253,R0033,A0057,2025-09-14,2025-11-24,2025-11-30,Villa,6,62800,376800,Direct,completed
B00004494,G001876,R0002,A0012,2025-01-06,2025-02-22,2025-02-27,Standard Double,5,17800,89000,Direct,completed
B00004495,G000922,R0025,A0035,2024-11-02,2024-11-07,2024-11-10,Villa,3,54600,163800,Direct,completed
B00004496,G000769,R0026,A0024,2024-11-09,2025-01-30,2025-02-09,Standard King,10,20800,208000,OTA,completed
B00004497,G001842,R0021,A0032,2024-07-13,2024-10-30,2024-11-11,Standard Double,12,14700,176400,OTA,completed
B00004498,G000867,R0039,A0041,2024-03-16,2024-06-14,2024-06-17,Ocean Suite,3,42300,126900,OTA,completed
B00004499,G000138,R0036,A0002,2025-04-01,2025-07-05,2025-07-13,Ocean Suite,8,39500,316000,Corporate,completed
B00004500,G002707,R0028,A0033,2025-06-03,2025-07-12,2025-07-16,Ocean Suite,4,46100,184400,OTA,completed
B00004501,G001202,R0032,A0009,2025-09-12,2025-12-17,2025-12-18,Standard King,1,23500,23500,Direct,completed
B00004502,G002428,R0019,A0016,2024-11-20,2025-03-05,2025-03-09,Villa,4,56300,225200,OTA,completed
B00004503,G001153,R0024,A0034,2025-08-07,2025-09-29,2025-10-02,Villa,3,52000,156000,Direct,completed
B00004504,G001633,R0035,A0058,2024-03-02,2024-06-19,2024-06-21,Standard Double,2,16500,33000,OTA,completed
B00004505,G002884,R0006,A0053,2025-04-22,2025-08-09,2025-08-20,Villa,11,79000,869000,Direct,completed
B00004506,G001956,R0027,A0032,2025-12-24,2025-12-25,2026-01-08,Standard King,14,22200,310800,Direct,completed
B00004507,G000832,R0040,A0007,2024-11-25,2025-02-18,2025-02-28,Standard Double,10,19000,190000,Loyalty,completed
B00004508,G000880,R0022,A0048,2024-04-02,2024-05-29,2024-06-06,Ocean Suite,8,46100,368800,Direct,confirmed
B00004509,G000854,R0015,A0058,2025-05-23,2025-06-18,2025-06-23,Standard King,5,18000,90000,OTA,completed
B00004510,G000296,R0012,A0002,2024-05-15,2024-07-12,2024-07-20,Standard Double,8,12900,103200,Loyalty,no_show
B00004511,G001929,R0024,A0049,2025-07-11,2025-09-10,2025-09-15,Standard King,5,16100,80500,Travel Agent,completed
B00004512,G001992,R0012,A0051,2024-09-16,2024-12-24,2025-01-04,Standard King,11,24100,265100,Travel Agent,completed
B00004513,G002751,R0037,A0055,2024-03-29,2024-04-24,2024-05-01,Standard Double,7,16000,112000,Travel Agent,completed
B00004514,G000965,R0025,A0056,2025-12-07,2026-02-13,2026-02-25,Ocean Suite,12,37600,451200,OTA,completed
B00004515,G000865,R0016,A0056,2024-07-19,2024-11-11,2024-11-12,Standard Double,1,16600,16600,Direct,confirmed
B00004516,G000639,R0035,A0024,2025-05-23,2025-05-31,2025-06-05,Standard Double,5,17400,87000,Direct,completed
B00004517,G001069,R0019,A0025,2025-05-07,2025-06-09,2025-06-19,Standard Double,10,15200,152000,Direct,completed
B00004518,G002561,R0005,A0056,2025-06-27,2025-07-09,2025-07-15,Villa,6,68500,411000,Loyalty,completed
B00004519,G002264,R0033,A0043,2024-06-26,2024-07-26,2024-07-29,Standard King,3,18600,55800,Direct,completed
B00004520,G002795,R0017,A0037,2024-10-20,2024-12-06,2024-12-14,Standard King,8,16000,128000,OTA,completed
B00004521,G000221,R0018,A0031,2025-05-07,2025-06-01,2025-06-02,Standard Double,1,14900,14900,Direct,cancelled
B00004522,G002663,R0024,A0056,2024-05-05,2024-07-01,2024-07-14,Villa,13,73700,958100,Direct,completed
B00004523,G000371,R0029,A0034,2025-01-15,2025-04-20,2025-04-30,Standard King,10,18800,188000,Loyalty,cancelled
B00004524,G000888,R0005,A0050,2025-03-20,2025-03-27,2025-03-29,Standard Double,2,13400,26800,Loyalty,cancelled
B00004525,G001661,R0007,A0037,2025-12-24,2026-04-07,2026-04-13,Standard King,6,17800,106800,Direct,confirmed
B00004526,G002126,R0001,A0002,2024-11-28,2025-03-01,2025-03-05,Standard Double,4,18800,75200,Direct,completed
B00004527,G002523,R0030,A0049,2025-02-11,2025-05-11,2025-05-13,Ocean Suite,2,40000,80000,Corporate,completed
B00004528,G000413,R0006,A0015,2024-04-17,2024-06-28,2024-07-06,Standard King,8,22900,183200,Loyalty,completed
B00004529,G002791,R0038,A0060,2024-05-03,2024-06-27,2024-07-11,Standard Double,14,15900,222600,OTA,completed
B00004530,G001352,R0035,A0035,2024-05-01,2024-08-03,2024-08-10,Standard Double,7,12900,90300,Loyalty,no_show
B00004531,G002507,R0024,A0030,2024-11-02,2025-02-14,2025-02-15,Standard King,1,23000,23000,Loyalty,completed
B00004532,G001393,R0038,A0036,2024-04-01,2024-04-15,2024-04-24,Standard Double,9,13400,120600,OTA,confirmed
B00004533,G002292,R0033,A0004,2024-11-24,2024-12-09,2024-12-21,Standard King,12,23300,279600,Corporate,completed
B00004534,G000576,R0019,A0002,2024-07-15,2024-07-28,2024-08-10,Presidential,13,147600,1918800,Direct,completed
B00004535,G000390,R0023,A0030,2024-08-13,2024-11-26,2024-12-07,Standard Double,11,18800,206800,OTA,completed
B00004536,G003000,R0010,A0011,2024-10-04,2025-01-26,2025-02-06,Villa,11,56200,618200,OTA,completed
B00004537,G001907,R0019,A0047,2025-02-05,2025-05-22,2025-05-23,Standard King,1,20400,20400,Corporate,confirmed
B00004538,G001432,R0011,A0010,2025-08-04,2025-11-13,2025-11-25,Standard Double,12,16000,192000,Direct,confirmed
B00004539,G001800,R0029,A0009,2024-05-19,2024-08-30,2024-08-31,Standard Double,1,16200,16200,Loyalty,cancelled
B00004540,G000877,R0037,A0032,2024-01-17,2024-02-17,2024-02-25,Standard King,8,17400,139200,Corporate,completed
B00004541,G001067,R0009,A0037,2025-06-12,2025-06-28,2025-07-12,Standard Double,14,19400,271600,Direct,completed
B00004542,G000346,R0040,A0049,2025-08-21,2025-12-19,2025-12-21,Standard Double,2,19800,39600,Loyalty,completed
B00004543,G000007,R0029,A0010,2024-06-19,2024-09-16,2024-09-28,Standard Double,12,16700,200400,Travel Agent,no_show
B00004544,G000160,R0029,A0031,2024-03-11,2024-04-21,2024-05-02,Standard King,11,21900,240900,Travel Agent,no_show
B00004545,G002350,R0009,A0040,2024-08-10,2024-11-22,2024-11-25,Standard King,3,23300,69900,Loyalty,completed
B00004546,G002414,R0002,A0051,2025-06-11,2025-07-09,2025-07-11,Ocean Suite,2,38700,77400,Direct,completed
B00004547,G001237,R0030,A0007,2025-07-08,2025-10-17,2025-10-26,Standard Double,9,19300,173700,Loyalty,confirmed
B00004548,G002454,R0023,A0044,2025-07-11,2025-10-23,2025-11-04,Standard Double,12,15500,186000,OTA,completed
B00004549,G002240,R0029,A0017,2024-06-08,2024-06-30,2024-07-04,Standard King,4,20100,80400,Loyalty,completed
B00004550,G002854,R0030,A0006,2025-12-18,2026-03-29,2026-04-06,Standard King,8,18700,149600,Corporate,completed
B00004551,G000105,R0018,A0023,2024-03-26,2024-04-04,2024-04-11,Ocean Suite,7,43900,307300,Direct,completed
B00004552,G001870,R0027,A0004,2025-02-10,2025-03-05,2025-03-17,Standard King,12,20500,246000,Corporate,completed
B00004553,G000194,R0002,A0011,2025-01-23,2025-02-17,2025-02-19,Ocean Suite,2,30900,61800,Direct,completed
B00004554,G002722,R0020,A0001,2024-12-18,2025-03-31,2025-04-07,Villa,7,72000,504000,Direct,cancelled
B00004555,G001135,R0032,A0012,2025-04-13,2025-08-08,2025-08-21,Standard King,13,19700,256100,Direct,completed
B00004556,G001095,R0004,A0020,2025-02-02,2025-02-21,2025-02-22,Standard King,1,17800,17800,Direct,completed
B00004557,G002861,R0013,A0019,2024-05-31,2024-09-18,2024-09-29,Standard King,11,16600,182600,Direct,completed
B00004558,G001559,R0028,A0043,2024-11-15,2025-01-31,2025-02-03,Ocean Suite,3,29900,89700,Direct,completed
B00004559,G001086,R0015,A0047,2024-05-26,2024-07-04,2024-07-12,Standard King,8,21300,170400,Direct,completed
B00004560,G002967,R0007,A0027,2024-10-24,2024-10-31,2024-11-13,Standard King,13,22900,297700,Loyalty,confirmed
B00004561,G001151,R0015,A0041,2025-12-21,2026-03-23,2026-04-04,Standard Double,12,15000,180000,Loyalty,completed
B00004562,G000183,R0009,A0047,2025-01-29,2025-02-25,2025-03-01,Standard Double,4,19800,79200,OTA,completed
B00004563,G001459,R0026,A0030,2025-03-04,2025-04-09,2025-04-16,Ocean Suite,7,38400,268800,OTA,completed
B00004564,G001610,R0033,A0007,2025-08-21,2025-11-27,2025-12-10,Ocean Suite,13,34600,449800,Direct,completed
B00004565,G001447,R0017,A0048,2024-07-23,2024-10-21,2024-10-24,Villa,3,59500,178500,Loyalty,completed
B00004566,G002344,R0002,A0019,2025-06-10,2025-07-05,2025-07-11,Villa,6,52200,313200,Direct,confirmed
B00004567,G001200,R0005,A0049,2025-02-13,2025-04-29,2025-04-30,Standard King,1,21200,21200,OTA,completed
B00004568,G001315,R0003,A0003,2025-04-14,2025-06-22,2025-06-26,Ocean Suite,4,31300,125200,OTA,completed
B00004569,G001116,R0014,A0021,2025-01-16,2025-01-31,2025-02-04,Villa,4,80300,321200,Direct,confirmed
B00004570,G000179,R0010,A0045,2025-11-12,2026-02-07,2026-02-16,Standard King,9,18100,162900,Loyalty,no_show
B00004571,G001380,R0007,A0024,2025-08-10,2025-09-25,2025-10-05,Standard Double,10,19500,195000,OTA,confirmed
B00004572,G000189,R0014,A0025,2024-04-30,2024-07-09,2024-07-11,Standard King,2,19500,39000,Direct,completed
B00004573,G000819,R0013,A0035,2025-02-10,2025-02-20,2025-02-25,Standard King,5,22700,113500,Travel Agent,completed
B00004574,G002235,R0020,A0054,2024-05-03,2024-08-23,2024-08-25,Standard King,2,23800,47600,Direct,no_show
B00004575,G000485,R0025,A0008,2025-05-20,2025-06-20,2025-06-28,Standard King,8,16300,130400,Direct,confirmed
B00004576,G000815,R0015,A0006,2025-11-11,2025-11-25,2025-11-28,Standard King,3,22500,67500,Corporate,completed
B00004577,G002856,R0025,A0025,2025-02-01,2025-02-18,2025-03-04,Standard Double,14,19900,278600,Loyalty,confirmed
B00004578,G001194,R0001,A0005,2025-03-05,2025-06-07,2025-06-09,Ocean Suite,2,29900,59800,Travel Agent,completed
B00004579,G002536,R0024,A0015,2024-07-23,2024-09-16,2024-09-17,Standard King,1,17900,17900,Direct,completed
B00004580,G002548,R0016,A0028,2024-10-08,2024-10-17,2024-10-31,Standard Double,14,13500,189000,Direct,completed
B00004581,G001069,R0022,A0021,2025-06-06,2025-09-09,2025-09-13,Standard Double,4,16900,67600,Loyalty,cancelled
B00004582,G002785,R0013,A0058,2024-12-14,2025-03-23,2025-04-01,Standard Double,9,12700,114300,OTA,completed
B00004583,G002797,R0037,A0017,2025-11-19,2026-01-26,2026-02-01,Standard Double,6,18700,112200,OTA,completed
B00004584,G001012,R0034,A0026,2024-07-28,2024-10-06,2024-10-16,Standard Double,10,15000,150000,Direct,completed
B00004585,G000782,R0023,A0039,2025-09-24,2025-10-24,2025-11-03,Standard King,10,23300,233000,Loyalty,completed
B00004586,G002560,R0027,A0024,2025-01-26,2025-01-28,2025-02-02,Standard King,5,20200,101000,OTA,completed
B00004587,G000982,R0006,A0014,2024-12-11,2025-02-13,2025-02-22,Presidential,9,111500,1003500,Corporate,confirmed
B00004588,G000182,R0021,A0050,2025-02-19,2025-04-30,2025-05-09,Standard King,9,22100,198900,Direct,confirmed
B00004589,G001730,R0010,A0056,2024-07-20,2024-09-28,2024-10-10,Standard King,12,20800,249600,OTA,completed
B00004590,G001475,R0017,A0052,2025-03-05,2025-06-05,2025-06-16,Ocean Suite,11,30000,330000,Direct,completed
B00004591,G002386,R0025,A0024,2024-07-06,2024-09-05,2024-09-15,Ocean Suite,10,45000,450000,Loyalty,completed
B00004592,G000533,R0019,A0034,2025-04-16,2025-06-19,2025-06-21,Standard Double,2,18200,36400,Travel Agent,cancelled
B00004593,G000659,R0029,A0031,2025-08-15,2025-08-28,2025-08-30,Standard Double,2,20200,40400,Corporate,completed
B00004594,G000725,R0001,A0036,2024-07-22,2024-08-03,2024-08-14,Standard Double,11,15500,170500,OTA,completed
B00004595,G002817,R0034,A0017,2024-09-25,2025-01-21,2025-02-02,Standard King,12,19200,230400,Direct,confirmed
B00004596,G002223,R0006,A0012,2025-09-14,2025-11-26,2025-12-02,Standard King,6,16200,97200,Corporate,no_show
B00004597,G002974,R0024,A0028,2024-08-22,2024-10-12,2024-10-18,Standard King,6,19800,118800,Corporate,completed
B00004598,G000505,R0030,A0049,2025-11-02,2026-01-30,2026-02-02,Standard Double,3,15500,46500,OTA,completed
B00004599,G002528,R0016,A0050,2025-10-06,2025-12-30,2026-01-07,Presidential,8,139100,1112800,OTA,completed
B00004600,G001484,R0003,A0024,2025-06-02,2025-08-14,2025-08-22,Standard King,8,22600,180800,OTA,completed
B00004601,G002505,R0039,A0010,2025-03-25,2025-05-26,2025-06-08,Standard King,13,18500,240500,OTA,completed
B00004602,G000156,R0009,A0011,2024-11-25,2025-01-02,2025-01-14,Presidential,12,145500,1746000,OTA,completed
B00004603,G001835,R0037,A0026,2024-09-01,2024-10-03,2024-10-14,Standard Double,11,19200,211200,Direct,completed
B00004604,G000305,R0001,A0041,2025-03-27,2025-04-07,2025-04-17,Presidential,10,146000,1460000,Loyalty,completed
B00004605,G000490,R0024,A0042,2025-02-06,2025-05-27,2025-06-03,Standard King,7,23100,161700,Travel Agent,completed
B00004606,G002013,R0019,A0053,2024-02-22,2024-03-24,2024-04-04,Standard King,11,19000,209000,Direct,confirmed
B00004607,G000478,R0033,A0030,2025-11-28,2026-01-26,2026-02-01,Villa,6,58700,352200,Loyalty,completed
B00004608,G000764,R0021,A0012,2025-06-03,2025-08-08,2025-08-19,Standard Double,11,18200,200200,OTA,completed
B00004609,G002282,R0036,A0051,2024-06-25,2024-10-06,2024-10-15,Standard Double,9,19000,171000,OTA,completed
B00004610,G000084,R0001,A0055,2025-09-10,2025-11-11,2025-11-12,Standard Double,1,19800,19800,Loyalty,completed
B00004611,G001180,R0015,A0052,2025-03-04,2025-03-18,2025-03-20,Standard King,2,22900,45800,Travel Agent,completed
B00004612,G000262,R0024,A0036,2024-04-27,2024-05-27,2024-05-28,Villa,1,80200,80200,Corporate,completed
B00004613,G002816,R0021,A0041,2024-05-06,2024-06-21,2024-07-04,Standard King,13,23200,301600,Loyalty,completed
B00004614,G000308,R0031,A0051,2024-08-10,2024-10-12,2024-10-26,Presidential,14,125000,1750000,Corporate,completed
B00004615,G001720,R0004,A0046,2024-10-23,2024-10-27,2024-11-02,Standard King,6,20100,120600,Direct,confirmed
B00004616,G002541,R0003,A0030,2024-01-21,2024-02-25,2024-02-29,Villa,4,80700,322800,Corporate,confirmed
B00004617,G001192,R0010,A0056,2025-03-19,2025-04-02,2025-04-08,Villa,6,61700,370200,Direct,completed
B00004618,G000426,R0036,A0053,2024-05-21,2024-07-14,2024-07-26,Standard Double,12,13700,164400,Corporate,completed
B00004619,G002975,R0035,A0014,2025-10-27,2026-01-14,2026-01-21,Ocean Suite,7,39300,275100,OTA,confirmed
B00004620,G001122,R0033,A0041,2025-03-25,2025-04-01,2025-04-11,Villa,10,77300,773000,Travel Agent,completed
B00004621,G001000,R0012,A0041,2025-08-31,2025-12-05,2025-12-10,Villa,5,75500,377500,Loyalty,confirmed
B00004622,G001348,R0036,A0020,2025-04-10,2025-07-29,2025-08-12,Standard Double,14,14600,204400,Travel Agent,completed
B00004623,G001269,R0031,A0008,2025-11-02,2025-12-22,2026-01-05,Standard King,14,21400,299600,Travel Agent,completed
B00004624,G001024,R0005,A0033,2025-03-31,2025-05-23,2025-06-06,Standard Double,14,13200,184800,OTA,confirmed
B00004625,G000181,R0008,A0008,2024-10-18,2024-12-16,2024-12-17,Standard Double,1,17500,17500,Direct,confirmed
B00004626,G000367,R0031,A0009,2025-12-12,2025-12-21,2025-12-31,Ocean Suite,10,35500,355000,Loyalty,completed
B00004627,G000544,R0034,A0041,2024-03-13,2024-05-05,2024-05-11,Standard Double,6,15000,90000,OTA,completed
B00004628,G000983,R0007,A0020,2025-04-13,2025-08-06,2025-08-14,Standard King,8,16900,135200,OTA,cancelled
B00004629,G000295,R0035,A0036,2024-02-15,2024-05-18,2024-05-26,Standard King,8,19400,155200,Corporate,cancelled
B00004630,G000168,R0039,A0047,2024-08-30,2024-10-27,2024-11-04,Standard Double,8,13400,107200,Direct,completed
B00004631,G002378,R0021,A0055,2024-08-12,2024-09-08,2024-09-14,Villa,6,60400,362400,Travel Agent,completed
B00004632,G001085,R0002,A0032,2025-03-17,2025-07-07,2025-07-21,Standard Double,14,14400,201600,OTA,completed
B00004633,G000395,R0033,A0010,2024-02-18,2024-04-15,2024-04-22,Villa,7,73800,516600,Direct,completed
B00004634,G000185,R0030,A0050,2024-09-14,2024-10-03,2024-10-09,Standard King,6,19200,115200,OTA,completed
B00004635,G001991,R0025,A0002,2024-01-08,2024-01-31,2024-02-09,Standard Double,9,14300,128700,Corporate,completed
B00004636,G000475,R0008,A0010,2025-02-16,2025-06-06,2025-06-20,Ocean Suite,14,44000,616000,Corporate,completed
B00004637,G002145,R0017,A0011,2025-07-31,2025-11-20,2025-11-21,Ocean Suite,1,34300,34300,OTA,completed
B00004638,G002159,R0026,A0033,2025-08-11,2025-09-23,2025-10-02,Presidential,9,138500,1246500,Corporate,no_show
B00004639,G000130,R0015,A0013,2024-10-11,2024-11-19,2024-11-22,Standard King,3,20700,62100,Loyalty,completed
B00004640,G000058,R0023,A0048,2024-10-17,2024-11-26,2024-12-03,Standard King,7,15500,108500,Corporate,completed
B00004641,G001740,R0014,A0006,2025-11-06,2026-02-06,2026-02-18,Ocean Suite,12,43100,517200,Direct,completed
B00004642,G001054,R0038,A0002,2025-03-27,2025-05-01,2025-05-14,Standard King,13,16400,213200,Loyalty,completed
B00004643,G000540,R0001,A0049,2025-07-26,2025-10-20,2025-10-30,Standard King,10,19700,197000,OTA,completed
B00004644,G001350,R0004,A0031,2024-08-28,2024-08-31,2024-09-13,Standard Double,13,17900,232700,Corporate,completed
B00004645,G002537,R0015,A0018,2024-11-18,2025-03-12,2025-03-26,Standard Double,14,19900,278600,OTA,completed
B00004646,G001111,R0036,A0021,2025-08-12,2025-08-21,2025-09-02,Standard King,12,18700,224400,Direct,cancelled
B00004647,G001807,R0008,A0010,2024-03-07,2024-06-08,2024-06-18,Presidential,10,121200,1212000,OTA,completed
B00004648,G000985,R0028,A0033,2025-12-16,2026-03-18,2026-03-30,Ocean Suite,12,32200,386400,Direct,completed
B00004649,G001010,R0030,A0006,2024-08-12,2024-08-30,2024-09-10,Standard King,11,16100,177100,OTA,completed
B00004650,G001573,R0016,A0057,2024-05-27,2024-07-14,2024-07-25,Villa,11,68000,748000,Travel Agent,completed
B00004651,G002208,R0006,A0060,2025-05-26,2025-08-23,2025-08-30,Standard King,7,17800,124600,Direct,completed
B00004652,G001424,R0005,A0037,2025-06-03,2025-09-21,2025-09-23,Ocean Suite,2,31300,62600,Travel Agent,confirmed
B00004653,G000463,R0028,A0025,2024-11-02,2024-12-18,2024-12-19,Ocean Suite,1,39400,39400,OTA,completed
B00004654,G000269,R0012,A0022,2024-10-18,2024-11-09,2024-11-22,Ocean Suite,13,44200,574600,OTA,completed
B00004655,G002925,R0021,A0053,2024-06-12,2024-06-21,2024-06-24,Standard King,3,21100,63300,Travel Agent,completed
B00004656,G001583,R0003,A0044,2024-02-09,2024-05-21,2024-05-25,Standard Double,4,18800,75200,Corporate,completed
B00004657,G001785,R0030,A0024,2025-12-07,2026-04-06,2026-04-17,Villa,11,70300,773300,Direct,completed
B00004658,G001117,R0022,A0039,2024-01-07,2024-02-01,2024-02-09,Standard Double,8,17100,136800,Travel Agent,completed
B00004659,G002925,R0024,A0010,2024-05-18,2024-09-01,2024-09-07,Standard King,6,23900,143400,Travel Agent,completed
B00004660,G000374,R0005,A0017,2024-08-28,2024-12-03,2024-12-10,Ocean Suite,7,32300,226100,Corporate,completed
B00004661,G002673,R0013,A0060,2024-08-06,2024-08-08,2024-08-14,Standard Double,6,18800,112800,Travel Agent,completed
B00004662,G001723,R0014,A0045,2025-04-25,2025-07-26,2025-08-07,Standard Double,12,16500,198000,Travel Agent,completed
B00004663,G000481,R0010,A0005,2024-03-19,2024-04-02,2024-04-11,Standard Double,9,19800,178200,OTA,completed
B00004664,G002463,R0014,A0003,2025-10-30,2026-02-13,2026-02-15,Standard King,2,22500,45000,Travel Agent,completed
B00004665,G002302,R0033,A0010,2025-07-31,2025-09-22,2025-10-03,Villa,11,72900,801900,Travel Agent,completed
B00004666,G000735,R0034,A0027,2025-07-09,2025-08-10,2025-08-16,Standard Double,6,16900,101400,OTA,completed
B00004667,G000731,R0037,A0004,2024-10-13,2024-11-19,2024-11-26,Standard King,7,16700,116900,Direct,completed
B00004668,G002972,R0002,A0045,2025-08-20,2025-09-13,2025-09-24,Ocean Suite,11,30200,332200,Direct,completed
B00004669,G002624,R0010,A0060,2024-09-26,2024-12-06,2024-12-16,Standard Double,10,13400,134000,OTA,completed
B00004670,G000442,R0039,A0049,2024-12-09,2025-04-03,2025-04-13,Standard Double,10,18400,184000,OTA,completed
B00004671,G001111,R0016,A0054,2025-07-05,2025-10-22,2025-10-27,Villa,5,79800,399000,OTA,completed
B00004672,G001068,R0013,A0014,2024-12-18,2025-03-16,2025-03-24,Standard King,8,21300,170400,Direct,completed
B00004673,G001529,R0028,A0025,2025-06-15,2025-09-09,2025-09-14,Villa,5,52700,263500,Travel Agent,confirmed
B00004674,G000477,R0003,A0025,2024-04-08,2024-05-11,2024-05-25,Standard King,14,16800,235200,Travel Agent,confirmed
B00004675,G001372,R0023,A0034,2024-12-26,2025-01-18,2025-01-21,Villa,3,68600,205800,Corporate,completed
B00004676,G001112,R0002,A0052,2025-06-30,2025-09-04,2025-09-17,Presidential,13,134000,1742000,Travel Agent,completed
B00004677,G001296,R0021,A0029,2025-03-27,2025-05-18,2025-05-27,Presidential,9,127900,1151100,Direct,completed
B00004678,G001952,R0038,A0043,2024-08-27,2024-11-18,2024-12-01,Standard King,13,19100,248300,Loyalty,completed
B00004679,G001028,R0029,A0052,2024-08-08,2024-09-02,2024-09-07,Villa,5,67900,339500,Travel Agent,completed
B00004680,G000798,R0013,A0014,2024-10-24,2025-02-12,2025-02-16,Ocean Suite,4,46900,187600,OTA,completed
B00004681,G002075,R0007,A0033,2024-12-30,2025-01-30,2025-02-11,Standard King,12,22100,265200,OTA,completed
B00004682,G000624,R0021,A0056,2025-01-25,2025-02-21,2025-02-24,Standard King,3,16000,48000,OTA,cancelled
B00004683,G001190,R0003,A0024,2024-05-17,2024-05-20,2024-06-01,Ocean Suite,12,31300,375600,OTA,confirmed
B00004684,G000326,R0020,A0003,2025-06-05,2025-08-14,2025-08-16,Standard King,2,19200,38400,Travel Agent,confirmed
B00004685,G000423,R0023,A0058,2024-07-17,2024-10-22,2024-10-24,Standard Double,2,16600,33200,Travel Agent,completed
B00004686,G001771,R0039,A0017,2024-08-26,2024-10-13,2024-10-21,Ocean Suite,8,39000,312000,Travel Agent,completed
B00004687,G001912,R0031,A0015,2024-10-19,2024-12-01,2024-12-09,Standard King,8,22800,182400,Loyalty,completed
B00004688,G000106,R0039,A0035,2025-03-28,2025-04-07,2025-04-10,Standard King,3,19100,57300,OTA,completed
B00004689,G000899,R0011,A0054,2025-03-25,2025-04-26,2025-05-06,Ocean Suite,10,37600,376000,Travel Agent,cancelled
B00004690,G000798,R0026,A0018,2024-06-03,2024-07-05,2024-07-11,Standard Double,6,19300,115800,Loyalty,completed
B00004691,G002948,R0022,A0017,2025-05-28,2025-07-04,2025-07-05,Ocean Suite,1,34600,34600,Direct,completed
B00004692,G002781,R0001,A0005,2025-08-08,2025-09-29,2025-10-11,Standard Double,12,17600,211200,OTA,completed
B00004693,G002615,R0013,A0025,2024-02-02,2024-05-24,2024-06-06,Ocean Suite,13,45400,590200,OTA,completed
B00004694,G002986,R0032,A0043,2025-08-13,2025-10-18,2025-10-22,Villa,4,71900,287600,OTA,confirmed
B00004695,G002078,R0018,A0001,2024-07-14,2024-07-25,2024-08-04,Standard King,10,21400,214000,Travel Agent,confirmed
B00004696,G001317,R0017,A0060,2025-02-25,2025-05-25,2025-05-29,Ocean Suite,4,44400,177600,Direct,completed
B00004697,G002140,R0025,A0030,2025-06-17,2025-10-02,2025-10-13,Standard King,11,23100,254100,Corporate,confirmed
B00004698,G000031,R0019,A0012,2024-01-30,2024-02-16,2024-02-25,Presidential,9,146100,1314900,Direct,confirmed
B00004699,G002900,R0012,A0055,2024-10-18,2024-11-12,2024-11-23,Standard Double,11,16600,182600,Corporate,completed
B00004700,G001214,R0035,A0036,2024-02-02,2024-05-13,2024-05-25,Ocean Suite,12,36800,441600,Corporate,completed
B00004701,G000447,R0021,A0054,2024-06-29,2024-10-27,2024-10-30,Standard King,3,16500,49500,Corporate,completed
B00004702,G000754,R0001,A0012,2024-06-02,2024-07-07,2024-07-15,Ocean Suite,8,33700,269600,Travel Agent,no_show
B00004703,G002190,R0013,A0030,2024-01-18,2024-01-26,2024-02-02,Standard Double,7,12800,89600,Travel Agent,completed
B00004704,G000718,R0038,A0013,2024-01-08,2024-01-13,2024-01-25,Ocean Suite,12,39000,468000,Travel Agent,confirmed
B00004705,G000414,R0025,A0054,2024-01-01,2024-03-07,2024-03-13,Standard King,6,22500,135000,Direct,completed
B00004706,G000404,R0025,A0018,2025-01-18,2025-05-06,2025-05-08,Presidential,2,109400,218800,Direct,completed
B00004707,G001003,R0002,A0009,2024-07-02,2024-07-27,2024-08-08,Standard King,12,24000,288000,Corporate,completed
B00004708,G000494,R0033,A0058,2024-10-16,2024-11-09,2024-11-17,Standard King,8,15600,124800,Direct,confirmed
B00004709,G000346,R0004,A0045,2025-09-06,2025-12-21,2026-01-04,Standard Double,14,14400,201600,Direct,completed
B00004710,G002712,R0012,A0053,2025-07-07,2025-07-19,2025-08-01,Standard King,13,21100,274300,Direct,completed
B00004711,G002484,R0037,A0030,2025-07-04,2025-10-24,2025-10-26,Standard Double,2,14500,29000,Travel Agent,completed
B00004712,G000467,R0014,A0047,2025-03-21,2025-06-18,2025-06-26,Presidential,8,106700,853600,Direct,cancelled
B00004713,G000597,R0023,A0025,2025-10-25,2026-01-14,2026-01-15,Standard Double,1,17300,17300,Direct,completed
B00004714,G002499,R0037,A0014,2025-04-11,2025-04-28,2025-05-04,Presidential,6,145700,874200,Direct,confirmed
B00004715,G002936,R0030,A0040,2024-04-06,2024-07-28,2024-08-10,Standard Double,13,19800,257400,Direct,no_show
B00004716,G000936,R0002,A0007,2024-01-23,2024-03-08,2024-03-18,Standard Double,10,15100,151000,Direct,completed
B00004717,G001623,R0013,A0002,2025-07-23,2025-09-16,2025-09-30,Standard Double,14,16200,226800,OTA,completed
B00004718,G002846,R0009,A0053,2024-05-24,2024-08-02,2024-08-14,Standard King,12,15700,188400,Direct,completed
B00004719,G001308,R0004,A0007,2025-03-18,2025-06-22,2025-07-03,Standard King,11,18300,201300,OTA,completed
B00004720,G000762,R0040,A0035,2025-12-24,2026-02-19,2026-02-28,Standard King,9,23400,210600,Loyalty,completed
B00004721,G002383,R0031,A0010,2024-05-06,2024-05-28,2024-06-04,Standard Double,7,13400,93800,Corporate,completed
B00004722,G002505,R0014,A0002,2025-10-14,2025-11-01,2025-11-08,Standard Double,7,16500,115500,Travel Agent,completed
B00004723,G002633,R0010,A0003,2025-01-06,2025-02-27,2025-03-04,Standard King,5,20000,100000,Loyalty,completed
B00004724,G001494,R0040,A0053,2024-03-21,2024-06-04,2024-06-18,Standard Double,14,14600,204400,Direct,completed
B00004725,G002899,R0019,A0049,2025-11-15,2026-02-05,2026-02-16,Standard King,11,23100,254100,Loyalty,completed
B00004726,G000748,R0039,A0006,2025-06-22,2025-07-19,2025-07-21,Ocean Suite,2,43800,87600,Corporate,completed
B00004727,G002104,R0012,A0054,2024-08-30,2024-09-18,2024-09-28,Standard Double,10,15200,152000,OTA,completed
B00004728,G002649,R0021,A0053,2024-12-15,2024-12-18,2024-12-28,Presidential,10,154200,1542000,Loyalty,completed
B00004729,G002266,R0013,A0035,2024-06-21,2024-08-25,2024-09-05,Villa,11,51400,565400,Travel Agent,completed
B00004730,G002065,R0007,A0008,2025-08-28,2025-11-30,2025-12-05,Standard Double,5,14500,72500,Direct,completed
B00004731,G002786,R0001,A0004,2024-10-29,2025-02-12,2025-02-23,Ocean Suite,11,33200,365200,OTA,confirmed
B00004732,G001350,R0024,A0054,2025-02-17,2025-05-01,2025-05-06,Ocean Suite,5,34300,171500,OTA,confirmed
B00004733,G002067,R0010,A0045,2024-07-18,2024-10-19,2024-10-30,Ocean Suite,11,36400,400400,Direct,confirmed
B00004734,G002816,R0024,A0027,2025-02-06,2025-05-14,2025-05-20,Villa,6,63000,378000,Direct,completed
B00004735,G000229,R0008,A0006,2025-03-08,2025-05-21,2025-06-04,Standard Double,14,17000,238000,OTA,completed
B00004736,G001733,R0019,A0013,2025-09-07,2026-01-03,2026-01-06,Standard Double,3,15100,45300,OTA,completed
B00004737,G002047,R0019,A0005,2024-08-08,2024-09-06,2024-09-18,Standard King,12,21900,262800,Direct,completed
B00004738,G000880,R0003,A0024,2024-10-16,2025-01-20,2025-01-26,Standard King,6,18200,109200,OTA,completed
B00004739,G002095,R0026,A0007,2024-11-15,2025-01-03,2025-01-08,Standard Double,5,19100,95500,OTA,cancelled
B00004740,G001603,R0029,A0058,2024-11-09,2025-01-03,2025-01-16,Ocean Suite,13,33300,432900,OTA,confirmed
B00004741,G000732,R0028,A0026,2024-05-27,2024-07-30,2024-08-01,Villa,2,80000,160000,Direct,completed
B00004742,G000229,R0015,A0039,2025-01-21,2025-05-18,2025-05-29,Ocean Suite,11,30500,335500,OTA,completed
B00004743,G000308,R0029,A0027,2024-09-22,2024-11-20,2024-12-02,Standard Double,12,15300,183600,Corporate,no_show
B00004744,G000641,R0002,A0058,2024-06-10,2024-07-31,2024-08-02,Villa,2,70700,141400,Loyalty,confirmed
B00004745,G002823,R0012,A0018,2024-09-25,2024-12-11,2024-12-13,Standard Double,2,14700,29400,Travel Agent,completed
B00004746,G001394,R0039,A0058,2025-10-22,2025-12-23,2026-01-01,Ocean Suite,9,46600,419400,Direct,completed
B00004747,G000475,R0016,A0048,2024-12-25,2025-02-14,2025-02-27,Standard Double,13,16300,211900,OTA,confirmed
B00004748,G002225,R0035,A0013,2025-11-24,2026-01-13,2026-01-14,Standard Double,1,15700,15700,Direct,no_show
B00004749,G000261,R0037,A0006,2024-02-13,2024-05-31,2024-06-04,Standard King,4,20100,80400,Loyalty,completed
B00004750,G001060,R0002,A0060,2024-02-26,2024-06-09,2024-06-14,Ocean Suite,5,31400,157000,OTA,completed
B00004751,G001343,R0026,A0013,2024-10-17,2024-12-24,2024-12-30,Standard King,6,23700,142200,Direct,confirmed
B00004752,G002302,R0002,A0033,2024-01-07,2024-02-17,2024-03-02,Ocean Suite,14,45400,635600,Loyalty,completed
B00004753,G002953,R0017,A0051,2024-02-24,2024-03-17,2024-03-22,Ocean Suite,5,34000,170000,OTA,confirmed
B00004754,G002742,R0015,A0022,2024-10-15,2025-01-20,2025-02-03,Ocean Suite,14,41700,583800,OTA,cancelled
B00004755,G001401,R0040,A0002,2025-03-24,2025-07-19,2025-08-01,Standard King,13,15800,205400,Direct,confirmed
B00004756,G002784,R0023,A0051,2025-03-31,2025-06-21,2025-06-30,Standard King,9,17900,161100,Travel Agent,completed
B00004757,G000344,R0009,A0034,2025-02-25,2025-03-23,2025-04-06,Standard Double,14,17100,239400,Direct,completed
B00004758,G001443,R0036,A0054,2025-02-09,2025-04-21,2025-05-02,Standard King,11,20400,224400,Travel Agent,completed
B00004759,G002890,R0003,A0054,2024-09-05,2024-10-10,2024-10-14,Standard King,4,22900,91600,Direct,completed
B00004760,G000797,R0016,A0017,2024-09-02,2024-10-20,2024-10-28,Standard King,8,22400,179200,Direct,no_show
B00004761,G002622,R0005,A0015,2025-07-01,2025-08-25,2025-08-26,Standard Double,1,14100,14100,Travel Agent,confirmed
B00004762,G001645,R0017,A0024,2024-11-13,2025-02-24,2025-03-08,Standard King,12,22100,265200,Corporate,completed
B00004763,G002759,R0001,A0050,2025-08-14,2025-10-03,2025-10-04,Standard Double,1,16000,16000,OTA,completed
B00004764,G002757,R0027,A0045,2024-04-25,2024-08-14,2024-08-20,Villa,6,70200,421200,OTA,completed
B00004765,G000994,R0006,A0055,2025-12-02,2025-12-23,2025-12-27,Standard King,4,17000,68000,Direct,completed
B00004766,G000354,R0003,A0035,2025-02-24,2025-05-12,2025-05-13,Standard King,1,15500,15500,Travel Agent,completed
B00004767,G002992,R0040,A0022,2025-06-23,2025-09-27,2025-09-28,Standard King,1,17900,17900,Loyalty,completed
B00004768,G000268,R0005,A0053,2024-11-15,2025-02-25,2025-03-01,Standard Double,4,16400,65600,OTA,completed
B00004769,G001636,R0031,A0028,2025-06-27,2025-07-14,2025-07-24,Standard King,10,24200,242000,Travel Agent,completed
B00004770,G001772,R0019,A0055,2024-10-02,2024-11-01,2024-11-10,Ocean Suite,9,30000,270000,OTA,completed
B00004771,G001427,R0022,A0050,2024-09-16,2024-10-07,2024-10-16,Standard King,9,21000,189000,OTA,completed
B00004772,G002228,R0015,A0055,2024-02-15,2024-03-31,2024-04-13,Standard King,13,22300,289900,Corporate,completed
B00004773,G000203,R0028,A0053,2025-07-02,2025-07-06,2025-07-19,Ocean Suite,13,36100,469300,Travel Agent,completed
B00004774,G001736,R0029,A0049,2024-01-10,2024-01-14,2024-01-28,Ocean Suite,14,34100,477400,OTA,completed
B00004775,G002575,R0034,A0057,2025-08-21,2025-12-13,2025-12-18,Standard Double,5,17800,89000,Direct,confirmed
B00004776,G001032,R0027,A0015,2025-03-30,2025-07-10,2025-07-21,Standard King,11,24200,266200,OTA,completed
B00004777,G001426,R0020,A0017,2024-05-14,2024-07-28,2024-07-31,Standard Double,3,14100,42300,Direct,completed
B00004778,G000397,R0037,A0012,2025-10-28,2026-01-01,2026-01-11,Standard King,10,22200,222000,Direct,completed
B00004779,G001557,R0017,A0052,2024-03-08,2024-05-18,2024-05-23,Ocean Suite,5,36400,182000,Travel Agent,completed
B00004780,G001339,R0008,A0002,2025-02-14,2025-04-08,2025-04-12,Villa,4,63300,253200,Direct,completed
B00004781,G002799,R0022,A0059,2025-10-15,2025-12-18,2025-12-27,Ocean Suite,9,35600,320400,Direct,completed
B00004782,G000116,R0028,A0054,2024-08-12,2024-12-08,2024-12-11,Villa,3,54300,162900,Travel Agent,completed
B00004783,G002504,R0018,A0031,2025-08-14,2025-10-18,2025-11-01,Villa,14,77900,1090600,Travel Agent,completed
B00004784,G001717,R0011,A0031,2024-05-24,2024-09-03,2024-09-17,Villa,14,75900,1062600,OTA,completed
B00004785,G001716,R0024,A0038,2024-01-12,2024-02-03,2024-02-07,Standard King,4,20700,82800,Direct,completed
B00004786,G001293,R0032,A0060,2025-07-07,2025-10-11,2025-10-23,Ocean Suite,12,31500,378000,Direct,completed
B00004787,G001810,R0018,A0043,2025-03-28,2025-05-27,2025-06-10,Standard King,14,17100,239400,Travel Agent,completed
B00004788,G001616,R0030,A0033,2024-04-23,2024-05-05,2024-05-14,Ocean Suite,9,30800,277200,Direct,completed
B00004789,G002923,R0028,A0042,2024-02-16,2024-05-12,2024-05-21,Villa,9,57700,519300,Travel Agent,cancelled
B00004790,G002086,R0004,A0055,2024-11-18,2025-02-26,2025-03-07,Standard King,9,22900,206100,Direct,confirmed
B00004791,G001389,R0030,A0043,2025-03-19,2025-05-16,2025-05-22,Standard King,6,19900,119400,OTA,completed
B00004792,G001257,R0009,A0044,2024-03-30,2024-07-19,2024-08-01,Standard King,13,23200,301600,OTA,completed
B00004793,G002461,R0034,A0007,2025-10-12,2025-11-20,2025-11-25,Standard King,5,20400,102000,Direct,cancelled
B00004794,G002342,R0038,A0007,2024-05-10,2024-05-22,2024-05-28,Standard Double,6,17700,106200,OTA,cancelled
B00004795,G001775,R0011,A0037,2024-03-22,2024-07-04,2024-07-07,Standard King,3,23900,71700,Direct,cancelled
B00004796,G001527,R0019,A0028,2024-06-04,2024-09-28,2024-09-30,Standard Double,2,18600,37200,Corporate,completed
B00004797,G002497,R0010,A0054,2024-06-08,2024-09-09,2024-09-10,Standard Double,1,19600,19600,Direct,cancelled
B00004798,G002030,R0027,A0051,2024-02-25,2024-06-23,2024-06-27,Standard Double,4,13100,52400,Direct,confirmed
B00004799,G002080,R0023,A0015,2025-06-25,2025-09-26,2025-09-29,Presidential,3,148500,445500,OTA,completed
B00004800,G002771,R0005,A0054,2025-12-06,2026-03-29,2026-04-07,Standard Double,9,19700,177300,Travel Agent,completed
B00004801,G001348,R0032,A0052,2025-06-01,2025-09-07,2025-09-09,Standard Double,2,17100,34200,Direct,completed
B00004802,G002063,R0018,A0004,2025-10-25,2025-12-24,2025-12-26,Standard Double,2,16300,32600,OTA,completed
B00004803,G001996,R0002,A0017,2025-12-24,2026-04-04,2026-04-06,Ocean Suite,2,42900,85800,Direct,completed
B00004804,G001708,R0035,A0060,2024-03-05,2024-07-02,2024-07-07,Standard Double,5,14200,71000,Direct,completed
B00004805,G000971,R0028,A0009,2024-04-23,2024-07-25,2024-08-08,Villa,14,65100,911400,Loyalty,no_show
B00004806,G002889,R0027,A0058,2025-12-19,2026-04-15,2026-04-18,Presidential,3,109700,329100,OTA,completed
B00004807,G000580,R0015,A0019,2024-04-14,2024-05-17,2024-05-29,Standard Double,12,16400,196800,Direct,completed
B00004808,G002257,R0008,A0006,2024-01-19,2024-02-14,2024-02-16,Standard Double,2,17900,35800,OTA,completed
B00004809,G001755,R0012,A0044,2024-09-12,2024-11-15,2024-11-27,Standard King,12,20000,240000,OTA,confirmed
B00004810,G000494,R0014,A0037,2025-05-18,2025-06-07,2025-06-11,Ocean Suite,4,39400,157600,Direct,confirmed
B00004811,G002171,R0014,A0057,2025-04-28,2025-05-05,2025-05-11,Villa,6,59500,357000,Direct,confirmed
B00004812,G001209,R0013,A0012,2024-04-25,2024-08-21,2024-08-25,Standard Double,4,19000,76000,Direct,completed
B00004813,G002763,R0008,A0018,2024-04-17,2024-04-19,2024-05-01,Standard Double,12,13400,160800,Corporate,completed
B00004814,G000043,R0025,A0059,2024-01-01,2024-02-06,2024-02-20,Ocean Suite,14,35200,492800,Loyalty,completed
B00004815,G000880,R0015,A0030,2025-04-10,2025-05-07,2025-05-10,Villa,3,76400,229200,Travel Agent,confirmed
B00004816,G002964,R0037,A0031,2024-05-03,2024-05-24,2024-05-27,Standard Double,3,17100,51300,Loyalty,completed
B00004817,G002943,R0010,A0023,2025-06-07,2025-07-25,2025-07-29,Villa,4,73300,293200,Direct,completed
B00004818,G001065,R0028,A0043,2024-02-05,2024-02-15,2024-02-19,Presidential,4,131600,526400,OTA,completed
B00004819,G002493,R0032,A0025,2024-05-09,2024-06-12,2024-06-19,Standard King,7,18200,127400,Loyalty,completed
B00004820,G001985,R0020,A0050,2025-09-15,2025-10-22,2025-10-23,Standard King,1,22400,22400,Loyalty,completed
B00004821,G001353,R0004,A0016,2025-03-05,2025-05-26,2025-06-08,Presidential,13,129600,1684800,Direct,completed
B00004822,G001989,R0039,A0007,2024-04-17,2024-08-15,2024-08-25,Standard Double,10,14500,145000,Direct,cancelled
B00004823,G002691,R0029,A0024,2024-08-05,2024-08-15,2024-08-28,Ocean Suite,13,31800,413400,Travel Agent,completed
B00004824,G002626,R0016,A0045,2025-08-26,2025-11-02,2025-11-05,Standard Double,3,14500,43500,Corporate,confirmed
B00004825,G001701,R0036,A0036,2025-07-18,2025-10-27,2025-10-30,Ocean Suite,3,41700,125100,Travel Agent,cancelled
B00004826,G002762,R0007,A0038,2025-07-08,2025-09-16,2025-09-24,Ocean Suite,8,40800,326400,Travel Agent,completed
B00004827,G002664,R0027,A0053,2024-04-06,2024-05-25,2024-05-31,Villa,6,58500,351000,Travel Agent,completed
B00004828,G001646,R0027,A0019,2024-07-01,2024-07-04,2024-07-11,Ocean Suite,7,38200,267400,Travel Agent,completed
B00004829,G002061,R0002,A0012,2025-12-19,2026-03-15,2026-03-27,Villa,12,68900,826800,Direct,confirmed
B00004830,G002681,R0039,A0056,2024-06-06,2024-09-21,2024-10-04,Standard Double,13,14400,187200,OTA,completed
B00004831,G002868,R0034,A0006,2025-03-28,2025-05-27,2025-05-30,Standard Double,3,17500,52500,Direct,completed
B00004832,G000072,R0009,A0015,2024-11-29,2025-02-26,2025-03-02,Standard King,4,18200,72800,OTA,completed
B00004833,G000068,R0016,A0059,2025-05-06,2025-06-03,2025-06-12,Standard Double,9,18900,170100,OTA,completed
B00004834,G000815,R0017,A0041,2025-11-29,2026-03-11,2026-03-25,Standard Double,14,19800,277200,Loyalty,completed
B00004835,G001426,R0004,A0047,2025-12-21,2025-12-28,2025-12-29,Standard Double,1,17000,17000,Direct,completed
B00004836,G000506,R0024,A0041,2024-03-26,2024-06-23,2024-06-25,Ocean Suite,2,44600,89200,Corporate,completed
B00004837,G000311,R0022,A0004,2024-04-26,2024-05-18,2024-05-27,Standard Double,9,18400,165600,OTA,no_show
B00004838,G002319,R0003,A0013,2024-02-26,2024-05-12,2024-05-20,Standard King,8,15300,122400,Travel Agent,completed
B00004839,G000382,R0007,A0039,2024-02-02,2024-03-09,2024-03-15,Standard King,6,16400,98400,OTA,completed
B00004840,G000173,R0027,A0005,2025-08-02,2025-09-16,2025-09-25,Standard King,9,24000,216000,OTA,completed
B00004841,G000758,R0015,A0027,2024-11-04,2025-03-03,2025-03-17,Standard Double,14,20100,281400,Travel Agent,completed
B00004842,G002365,R0001,A0052,2024-03-12,2024-07-05,2024-07-13,Standard Double,8,15400,123200,OTA,cancelled
B00004843,G002234,R0005,A0007,2025-01-15,2025-03-01,2025-03-09,Standard Double,8,16200,129600,Direct,confirmed
B00004844,G000239,R0030,A0005,2025-12-27,2026-02-15,2026-02-17,Villa,2,59500,119000,Corporate,completed
B00004845,G000590,R0025,A0034,2025-05-27,2025-06-05,2025-06-11,Standard Double,6,19900,119400,OTA,completed
B00004846,G000003,R0028,A0039,2024-03-04,2024-06-18,2024-06-27,Standard King,9,17600,158400,OTA,completed
B00004847,G002420,R0020,A0016,2024-09-25,2024-10-31,2024-11-07,Ocean Suite,7,32600,228200,OTA,completed
B00004848,G002927,R0034,A0007,2024-08-21,2024-10-29,2024-11-02,Standard King,4,23500,94000,Corporate,completed
B00004849,G001893,R0040,A0011,2025-04-17,2025-06-17,2025-06-28,Standard Double,11,14100,155100,OTA,completed
B00004850,G000240,R0026,A0002,2024-03-23,2024-04-19,2024-04-21,Standard King,2,22600,45200,Loyalty,confirmed
B00004851,G002697,R0035,A0031,2025-09-12,2025-12-22,2025-12-30,Ocean Suite,8,38900,311200,Corporate,completed
B00004852,G000200,R0036,A0020,2024-02-23,2024-05-11,2024-05-22,Standard King,11,19000,209000,Direct,completed
B00004853,G001370,R0026,A0001,2024-01-02,2024-02-25,2024-03-05,Standard Double,9,19700,177300,Corporate,confirmed
B00004854,G000105,R0036,A0017,2025-03-28,2025-06-21,2025-06-22,Standard King,1,16300,16300,Direct,no_show
B00004855,G001835,R0007,A0032,2024-05-19,2024-06-13,2024-06-21,Standard Double,8,16000,128000,Direct,completed
B00004856,G002421,R0008,A0044,2024-06-13,2024-07-26,2024-07-28,Ocean Suite,2,38900,77800,OTA,completed
B00004857,G001018,R0014,A0006,2025-04-05,2025-08-01,2025-08-14,Ocean Suite,13,34800,452400,Direct,completed
B00004858,G001984,R0002,A0001,2024-09-19,2024-11-30,2024-12-09,Standard King,9,19800,178200,OTA,completed
B00004859,G001306,R0007,A0059,2024-05-26,2024-07-17,2024-07-31,Standard King,14,19600,274400,Loyalty,confirmed
B00004860,G002991,R0030,A0007,2025-06-01,2025-07-27,2025-08-06,Ocean Suite,10,37500,375000,OTA,confirmed
B00004861,G002939,R0033,A0029,2025-10-20,2026-01-19,2026-01-29,Standard King,10,21500,215000,Corporate,completed
B00004862,G002022,R0036,A0006,2025-06-08,2025-07-04,2025-07-06,Presidential,2,121700,243400,OTA,cancelled
B00004863,G002078,R0027,A0024,2025-06-03,2025-06-14,2025-06-23,Ocean Suite,9,45200,406800,Corporate,confirmed
B00004864,G000542,R0029,A0005,2024-12-29,2025-02-11,2025-02-23,Standard King,12,19300,231600,OTA,completed
B00004865,G000239,R0027,A0018,2025-07-14,2025-08-09,2025-08-14,Villa,5,59100,295500,Direct,completed
B00004866,G001789,R0032,A0021,2025-01-21,2025-04-25,2025-05-06,Standard King,11,19700,216700,Direct,completed
B00004867,G000250,R0013,A0011,2024-01-10,2024-03-10,2024-03-22,Standard King,12,21900,262800,OTA,cancelled
B00004868,G000733,R0039,A0038,2025-06-21,2025-09-07,2025-09-15,Standard Double,8,13700,109600,OTA,completed
B00004869,G002637,R0032,A0031,2025-11-28,2026-01-16,2026-01-17,Standard King,1,16200,16200,Travel Agent,completed
B00004870,G001287,R0008,A0059,2025-05-19,2025-06-02,2025-06-11,Villa,9,74100,666900,OTA,completed
B00004871,G001787,R0027,A0028,2024-12-31,2025-04-20,2025-04-27,Standard Double,7,14600,102200,Direct,completed
B00004872,G002389,R0029,A0018,2025-04-07,2025-05-02,2025-05-09,Standard King,7,19000,133000,Loyalty,completed
B00004873,G002622,R0029,A0028,2024-11-04,2024-11-14,2024-11-20,Standard Double,6,18900,113400,Corporate,confirmed
B00004874,G001014,R0040,A0006,2025-08-19,2025-10-07,2025-10-16,Villa,9,75000,675000,Corporate,cancelled
B00004875,G000067,R0012,A0012,2025-05-22,2025-09-03,2025-09-05,Ocean Suite,2,41000,82000,Direct,completed
B00004876,G002418,R0034,A0049,2024-10-21,2025-02-03,2025-02-13,Standard King,10,16500,165000,OTA,completed
B00004877,G001850,R0019,A0022,2024-04-27,2024-08-24,2024-09-03,Villa,10,79500,795000,OTA,completed
B00004878,G001647,R0030,A0044,2024-02-13,2024-03-18,2024-03-20,Villa,2,56200,112400,OTA,completed
B00004879,G001175,R0038,A0054,2024-10-05,2024-11-14,2024-11-17,Standard Double,3,16900,50700,OTA,completed
B00004880,G000687,R0001,A0020,2025-08-21,2025-11-17,2025-11-28,Presidential,11,160100,1761100,Loyalty,confirmed
B00004881,G000951,R0003,A0029,2024-03-31,2024-05-20,2024-05-29,Standard King,9,15600,140400,Corporate,completed
B00004882,G000812,R0031,A0021,2024-05-10,2024-07-29,2024-08-08,Standard Double,10,14400,144000,Direct,completed
B00004883,G002654,R0038,A0049,2024-11-13,2025-01-18,2025-01-21,Standard King,3,22700,68100,Travel Agent,cancelled
B00004884,G000074,R0003,A0045,2025-03-08,2025-03-22,2025-04-04,Standard Double,13,14300,185900,Corporate,completed
B00004885,G002805,R0001,A0060,2025-03-25,2025-04-16,2025-04-18,Standard Double,2,13000,26000,Direct,completed
B00004886,G002506,R0025,A0019,2025-06-03,2025-07-15,2025-07-25,Standard King,10,16300,163000,OTA,completed
B00004887,G001200,R0024,A0002,2025-08-29,2025-11-23,2025-11-27,Standard King,4,20200,80800,Direct,completed
B00004888,G000793,R0024,A0016,2025-06-17,2025-08-20,2025-08-30,Villa,10,70800,708000,Direct,completed
B00004889,G000330,R0008,A0047,2025-11-02,2026-01-12,2026-01-20,Standard King,8,21100,168800,Direct,confirmed
B00004890,G000685,R0017,A0014,2024-08-17,2024-11-10,2024-11-18,Standard Double,8,19900,159200,Travel Agent,completed
B00004891,G001972,R0010,A0019,2024-06-25,2024-10-13,2024-10-16,Standard King,3,19100,57300,Loyalty,completed
B00004892,G002812,R0003,A0050,2025-11-19,2025-12-17,2025-12-20,Standard King,3,21200,63600,OTA,completed
B00004893,G000294,R0018,A0043,2025-04-12,2025-05-11,2025-05-12,Standard Double,1,18700,18700,Corporate,completed
B00004894,G000588,R0037,A0046,2024-10-22,2025-01-24,2025-02-07,Ocean Suite,14,34600,484400,Corporate,completed
B00004895,G000660,R0032,A0024,2024-05-20,2024-07-25,2024-08-06,Standard Double,12,13800,165600,Corporate,completed
B00004896,G002503,R0039,A0012,2024-08-24,2024-10-16,2024-10-24,Standard Double,8,15500,124000,Direct,cancelled
B00004897,G002646,R0039,A0058,2025-04-19,2025-08-15,2025-08-19,Standard Double,4,15900,63600,Direct,confirmed
B00004898,G002825,R0023,A0024,2025-04-03,2025-06-24,2025-07-05,Ocean Suite,11,44900,493900,OTA,completed
B00004899,G000884,R0025,A0022,2024-04-26,2024-05-15,2024-05-29,Villa,14,58500,819000,Loyalty,completed
B00004900,G001957,R0003,A0023,2024-04-19,2024-08-03,2024-08-17,Standard Double,14,15400,215600,Travel Agent,completed
B00004901,G002590,R0026,A0011,2025-10-31,2026-02-11,2026-02-17,Standard King,6,16400,98400,OTA,completed
B00004902,G000955,R0006,A0005,2025-03-27,2025-04-21,2025-05-05,Ocean Suite,14,30100,421400,Travel Agent,completed
B00004903,G000517,R0035,A0012,2025-10-07,2025-12-02,2025-12-15,Presidential,13,159700,2076100,OTA,completed
B00004904,G002550,R0002,A0040,2025-02-27,2025-06-11,2025-06-16,Standard Double,5,16700,83500,Corporate,cancelled
B00004905,G001759,R0029,A0021,2025-07-28,2025-08-10,2025-08-20,Standard King,10,20400,204000,OTA,confirmed
B00004906,G002384,R0034,A0020,2025-10-27,2025-11-23,2025-12-02,Villa,9,60500,544500,Corporate,completed
B00004907,G001188,R0025,A0039,2025-05-27,2025-08-31,2025-09-07,Standard King,7,21400,149800,Direct,completed
B00004908,G000808,R0021,A0050,2024-07-25,2024-08-16,2024-08-20,Standard Double,4,19800,79200,Loyalty,cancelled
B00004909,G001389,R0008,A0005,2024-04-05,2024-07-10,2024-07-17,Standard King,7,21600,151200,Travel Agent,completed
B00004910,G001536,R0027,A0050,2025-09-01,2025-11-01,2025-11-10,Standard King,9,20500,184500,Direct,completed
B00004911,G000053,R0027,A0003,2025-06-24,2025-08-28,2025-09-10,Villa,13,60100,781300,Loyalty,completed
B00004912,G000088,R0016,A0008,2025-01-08,2025-02-05,2025-02-14,Standard Double,9,17500,157500,Travel Agent,completed
B00004913,G002060,R0018,A0011,2024-05-28,2024-06-28,2024-07-10,Standard Double,12,15900,190800,Corporate,completed
B00004914,G000518,R0011,A0005,2025-10-17,2025-10-30,2025-10-31,Standard King,1,18500,18500,Direct,cancelled
B00004915,G002109,R0039,A0032,2024-11-05,2025-01-17,2025-01-25,Ocean Suite,8,34600,276800,Travel Agent,completed
B00004916,G001748,R0026,A0055,2025-11-17,2026-03-03,2026-03-07,Standard King,4,15500,62000,Travel Agent,completed
B00004917,G001340,R0014,A0025,2024-09-01,2024-09-23,2024-10-01,Standard King,8,23200,185600,OTA,completed
B00004918,G000625,R0025,A0052,2024-07-19,2024-08-18,2024-09-01,Standard King,14,22200,310800,Loyalty,completed
B00004919,G000910,R0017,A0033,2024-03-26,2024-05-29,2024-06-11,Ocean Suite,13,41400,538200,Direct,completed
B00004920,G002915,R0033,A0031,2025-01-27,2025-02-25,2025-03-09,Standard King,12,19600,235200,OTA,completed
B00004921,G001819,R0039,A0008,2024-02-03,2024-02-17,2024-03-02,Standard King,14,19900,278600,OTA,completed
B00004922,G002755,R0009,A0012,2024-08-01,2024-11-29,2024-12-03,Ocean Suite,4,44700,178800,Corporate,no_show
B00004923,G000581,R0018,A0056,2025-11-03,2025-11-20,2025-11-24,Ocean Suite,4,45600,182400,Direct,completed
B00004924,G000023,R0010,A0013,2025-01-06,2025-02-24,2025-03-10,Standard Double,14,15200,212800,OTA,completed
B00004925,G000509,R0010,A0023,2025-05-12,2025-06-15,2025-06-19,Standard King,4,16400,65600,OTA,completed
B00004926,G001020,R0037,A0002,2025-12-22,2026-01-04,2026-01-11,Standard Double,7,14700,102900,OTA,completed
B00004927,G001196,R0036,A0031,2025-07-26,2025-09-09,2025-09-11,Standard Double,2,13500,27000,Corporate,completed
B00004928,G002631,R0025,A0059,2025-07-18,2025-08-29,2025-09-11,Ocean Suite,13,37700,490100,OTA,confirmed
B00004929,G002254,R0003,A0012,2024-06-12,2024-08-12,2024-08-26,Villa,14,71900,1006600,OTA,no_show
B00004930,G001284,R0019,A0052,2025-04-24,2025-06-12,2025-06-16,Standard King,4,22600,90400,Travel Agent,no_show
B00004931,G001583,R0032,A0043,2025-06-07,2025-07-09,2025-07-15,Villa,6,76900,461400,Loyalty,confirmed
B00004932,G000190,R0017,A0012,2024-10-21,2024-12-14,2024-12-26,Standard Double,12,19900,238800,OTA,completed
B00004933,G001549,R0031,A0009,2025-05-21,2025-07-19,2025-07-29,Standard Double,10,19400,194000,Corporate,completed
B00004934,G000200,R0013,A0013,2025-05-12,2025-07-11,2025-07-21,Ocean Suite,10,42300,423000,Travel Agent,completed
B00004935,G001266,R0033,A0035,2024-03-04,2024-06-22,2024-07-02,Standard Double,10,15500,155000,Direct,confirmed
B00004936,G000819,R0004,A0025,2024-03-13,2024-05-29,2024-06-07,Standard Double,9,14800,133200,OTA,completed
B00004937,G002607,R0028,A0009,2025-09-18,2025-12-29,2026-01-09,Presidential,11,141900,1560900,Loyalty,confirmed
B00004938,G001025,R0026,A0021,2025-05-02,2025-08-18,2025-08-22,Standard Double,4,14700,58800,Corporate,completed
B00004939,G002166,R0029,A0029,2025-05-19,2025-08-30,2025-08-31,Ocean Suite,1,29800,29800,OTA,completed
B00004940,G000984,R0031,A0026,2025-11-15,2025-12-12,2025-12-21,Villa,9,54500,490500,Direct,completed
B00004941,G000024,R0026,A0010,2024-07-30,2024-10-02,2024-10-09,Standard King,7,21000,147000,Direct,completed
B00004942,G002200,R0027,A0053,2024-02-14,2024-03-16,2024-03-18,Standard Double,2,17300,34600,OTA,completed
B00004943,G000182,R0028,A0002,2024-12-10,2025-01-22,2025-02-01,Ocean Suite,10,42600,426000,OTA,completed
B00004944,G002292,R0003,A0012,2025-03-25,2025-06-12,2025-06-24,Standard Double,12,13800,165600,Travel Agent,completed
B00004945,G001069,R0007,A0040,2024-12-19,2025-03-11,2025-03-25,Standard King,14,21000,294000,Travel Agent,completed
B00004946,G000361,R0038,A0042,2025-12-27,2026-04-03,2026-04-10,Villa,7,53300,373100,OTA,completed
B00004947,G000707,R0019,A0021,2025-06-30,2025-07-04,2025-07-09,Ocean Suite,5,33000,165000,Travel Agent,completed
B00004948,G001704,R0038,A0018,2024-04-08,2024-07-19,2024-07-25,Villa,6,70000,420000,OTA,completed
B00004949,G001994,R0002,A0041,2025-12-08,2026-03-24,2026-04-03,Standard King,10,16100,161000,Travel Agent,cancelled
B00004950,G002223,R0002,A0043,2024-04-11,2024-04-29,2024-05-05,Standard Double,6,13200,79200,Direct,completed
B00004951,G002868,R0036,A0038,2025-03-24,2025-04-02,2025-04-07,Standard Double,5,20100,100500,OTA,completed
B00004952,G000464,R0002,A0012,2025-11-26,2026-02-07,2026-02-19,Standard Double,12,16000,192000,Corporate,completed
B00004953,G002715,R0036,A0027,2024-01-30,2024-02-10,2024-02-17,Standard King,7,15900,111300,OTA,completed
B00004954,G001729,R0024,A0005,2024-05-18,2024-07-22,2024-08-03,Standard Double,12,14000,168000,Loyalty,confirmed
B00004955,G002716,R0034,A0059,2024-10-26,2024-12-29,2025-01-03,Standard Double,5,16400,82000,OTA,completed
B00004956,G002628,R0035,A0002,2024-10-08,2024-11-12,2024-11-24,Standard Double,12,19500,234000,Travel Agent,cancelled
B00004957,G001844,R0009,A0060,2024-05-20,2024-08-07,2024-08-09,Standard Double,2,14700,29400,Direct,completed
B00004958,G000277,R0033,A0019,2025-08-20,2025-09-15,2025-09-22,Standard Double,7,18100,126700,Direct,completed
B00004959,G001046,R0020,A0038,2025-03-10,2025-03-14,2025-03-22,Standard Double,8,18100,144800,Direct,completed
B00004960,G000499,R0040,A0014,2024-03-08,2024-04-17,2024-04-20,Ocean Suite,3,31100,93300,OTA,no_show
B00004961,G002556,R0001,A0017,2025-10-03,2025-12-30,2026-01-09,Ocean Suite,10,41300,413000,Loyalty,no_show
B00004962,G000943,R0021,A0053,2025-08-19,2025-10-02,2025-10-16,Ocean Suite,14,34000,476000,Travel Agent,cancelled
B00004963,G002091,R0034,A0059,2024-10-03,2024-10-29,2024-10-31,Standard King,2,17900,35800,Corporate,completed
B00004964,G000416,R0011,A0004,2025-06-29,2025-09-09,2025-09-17,Standard King,8,22300,178400,Travel Agent,completed
B00004965,G001113,R0010,A0053,2024-02-27,2024-03-09,2024-03-11,Standard Double,2,19000,38000,Loyalty,completed
B00004966,G002125,R0011,A0059,2024-04-17,2024-07-31,2024-08-10,Standard Double,10,15500,155000,Travel Agent,confirmed
B00004967,G000076,R0036,A0040,2025-03-17,2025-05-10,2025-05-16,Standard Double,6,17700,106200,OTA,cancelled
B00004968,G001688,R0032,A0006,2024-03-11,2024-05-09,2024-05-12,Ocean Suite,3,37500,112500,Direct,completed
B00004969,G002570,R0006,A0045,2025-10-06,2025-12-29,2026-01-05,Standard King,7,15900,111300,OTA,completed
B00004970,G000990,R0037,A0060,2024-02-22,2024-06-21,2024-06-22,Villa,1,71200,71200,Direct,completed
B00004971,G000511,R0027,A0050,2024-04-29,2024-07-07,2024-07-13,Standard Double,6,18300,109800,Direct,completed
B00004972,G002861,R0036,A0059,2025-03-23,2025-05-14,2025-05-20,Standard Double,6,19400,116400,OTA,completed
B00004973,G001087,R0003,A0013,2024-03-11,2024-06-03,2024-06-07,Standard Double,4,18800,75200,Direct,completed
B00004974,G001412,R0032,A0011,2025-08-26,2025-12-07,2025-12-19,Standard King,12,23700,284400,OTA,completed
B00004975,G002482,R0003,A0002,2025-09-04,2025-11-21,2025-11-23,Standard King,2,23000,46000,OTA,no_show
B00004976,G000001,R0006,A0007,2024-07-13,2024-11-03,2024-11-09,Villa,6,51700,310200,OTA,completed
B00004977,G001399,R0017,A0046,2025-11-19,2026-02-02,2026-02-06,Standard Double,4,17300,69200,Travel Agent,cancelled
B00004978,G000465,R0026,A0035,2025-09-26,2025-11-19,2025-11-26,Standard King,7,17000,119000,Corporate,completed
B00004979,G002794,R0030,A0050,2024-12-18,2025-02-18,2025-03-03,Ocean Suite,13,38800,504400,OTA,completed
B00004980,G000878,R0035,A0015,2025-03-13,2025-05-20,2025-05-23,Standard Double,3,14900,44700,Corporate,completed
B00004981,G000253,R0015,A0005,2024-02-14,2024-06-13,2024-06-16,Presidential,3,153900,461700,Loyalty,completed
B00004982,G002144,R0005,A0018,2025-09-01,2025-09-10,2025-09-13,Presidential,3,122900,368700,Travel Agent,completed
B00004983,G000270,R0017,A0001,2025-11-13,2026-03-11,2026-03-23,Villa,12,67500,810000,OTA,cancelled
B00004984,G000694,R0022,A0055,2025-06-26,2025-07-21,2025-08-04,Ocean Suite,14,44800,627200,Direct,completed
B00004985,G000797,R0038,A0019,2025-09-22,2025-11-18,2025-11-20,Presidential,2,161500,323000,Loyalty,completed
B00004986,G002828,R0009,A0044,2025-08-26,2025-09-03,2025-09-04,Villa,1,60000,60000,Direct,confirmed
B00004987,G000576,R0033,A0013,2024-10-29,2025-01-10,2025-01-16,Ocean Suite,6,31700,190200,OTA,completed
B00004988,G001213,R0012,A0057,2025-09-29,2025-10-08,2025-10-10,Ocean Suite,2,39800,79600,Travel Agent,confirmed
B00004989,G001934,R0010,A0039,2024-10-06,2025-01-10,2025-01-17,Standard Double,7,14300,100100,Direct,cancelled
B00004990,G000228,R0002,A0046,2025-02-18,2025-05-24,2025-06-02,Ocean Suite,9,46300,416700,OTA,completed
B00004991,G001586,R0029,A0060,2024-07-14,2024-10-09,2024-10-15,Standard Double,6,18200,109200,Direct,completed
B00004992,G001192,R0021,A0027,2024-11-15,2024-12-14,2024-12-16,Standard King,2,23400,46800,Direct,confirmed
B00004993,G000965,R0015,A0057,2025-11-08,2026-02-09,2026-02-12,Standard Double,3,13000,39000,Direct,completed
B00004994,G002166,R0019,A0053,2024-02-16,2024-05-24,2024-06-05,Standard King,12,19500,234000,Travel Agent,completed
B00004995,G000334,R0017,A0036,2024-11-22,2025-03-22,2025-04-03,Presidential,12,131400,1576800,Travel Agent,completed
B00004996,G002598,R0001,A0030,2024-07-28,2024-11-02,2024-11-09,Standard King,7,24200,169400,Direct,completed
B00004997,G001587,R0011,A0013,2024-06-25,2024-09-16,2024-09-25,Presidential,9,140500,1264500,Travel Agent,cancelled
B00004998,G000326,R0040,A0060,2024-04-16,2024-07-27,2024-07-29,Standard King,2,19500,39000,Loyalty,completed
B00004999,G002416,R0038,A0029,2025-03-17,2025-06-26,2025-07-06,Standard Double,10,13200,132000,Direct,completed
B00005000,G001668,R0035,A0012,2025-11-10,2026-02-07,2026-02-13,Standard Double,6,13000,78000,OTA,cancelled
B00005001,G000300,R0009,A0029,2025-11-14,2026-02-15,2026-02-18,Standard King,3,18400,55200,Corporate,confirmed
B00005002,G000833,R0028,A0031,2024-09-15,2024-11-27,2024-12-07,Standard King,10,22800,228000,Direct,completed
B00005003,G001328,R0018,A0001,2024-11-03,2025-01-12,2025-01-18,Villa,6,70500,423000,Direct,completed
B00005004,G000436,R0031,A0001,2024-10-03,2024-11-07,2024-11-17,Ocean Suite,10,46700,467000,OTA,completed
B00005005,G001465,R0010,A0044,2025-09-02,2025-11-06,2025-11-10,Standard King,4,24100,96400,Travel Agent,completed
B00005006,G000482,R0018,A0011,2024-11-19,2024-11-28,2024-11-30,Villa,2,55000,110000,Corporate,completed
B00005007,G001996,R0010,A0031,2024-11-18,2025-01-06,2025-01-17,Villa,11,56700,623700,OTA,completed
B00005008,G000643,R0030,A0015,2025-03-07,2025-06-12,2025-06-26,Ocean Suite,14,47100,659400,Direct,completed
B00005009,G000545,R0017,A0060,2024-07-25,2024-09-07,2024-09-18,Standard King,11,21300,234300,Travel Agent,completed
B00005010,G002974,R0026,A0010,2025-05-11,2025-07-02,2025-07-09,Standard King,7,20000,140000,Corporate,completed
B00005011,G000327,R0008,A0015,2025-12-26,2025-12-29,2026-01-05,Standard Double,7,19500,136500,Direct,completed
B00005012,G000829,R0022,A0008,2024-12-29,2025-04-20,2025-04-27,Standard King,7,20600,144200,Direct,completed
B00005013,G001388,R0028,A0041,2025-08-30,2025-12-15,2025-12-27,Standard Double,12,12700,152400,Direct,completed
B00005014,G001321,R0015,A0031,2024-01-23,2024-03-06,2024-03-18,Ocean Suite,12,34800,417600,Direct,completed
B00005015,G000747,R0025,A0045,2024-10-17,2025-02-04,2025-02-05,Standard Double,1,17900,17900,Direct,completed
B00005016,G000591,R0004,A0052,2024-08-06,2024-11-11,2024-11-12,Standard Double,1,18600,18600,Direct,completed
B00005017,G001527,R0020,A0007,2025-06-21,2025-08-10,2025-08-18,Standard Double,8,17800,142400,Direct,completed
B00005018,G000070,R0024,A0058,2025-04-09,2025-05-22,2025-05-30,Presidential,8,117500,940000,OTA,completed
B00005019,G001129,R0020,A0011,2024-03-04,2024-06-22,2024-06-27,Ocean Suite,5,36700,183500,Direct,completed
B00005020,G000566,R0012,A0046,2024-06-04,2024-07-29,2024-08-09,Presidential,11,121800,1339800,Travel Agent,completed
B00005021,G001139,R0020,A0015,2024-04-09,2024-08-01,2024-08-09,Ocean Suite,8,47000,376000,Direct,completed
B00005022,G000424,R0036,A0025,2024-11-01,2024-12-24,2025-01-03,Standard King,10,23900,239000,Corporate,completed
B00005023,G001128,R0024,A0031,2024-04-02,2024-04-24,2024-04-27,Ocean Suite,3,38000,114000,OTA,completed
B00005024,G002701,R0037,A0019,2024-03-06,2024-04-05,2024-04-15,Standard King,10,15600,156000,Direct,cancelled
B00005025,G000754,R0007,A0019,2025-04-23,2025-04-28,2025-05-08,Standard King,10,16000,160000,Direct,completed
B00005026,G001373,R0038,A0053,2024-08-22,2024-10-04,2024-10-08,Standard Double,4,18100,72400,Direct,completed
B00005027,G002301,R0003,A0028,2024-11-30,2025-01-20,2025-01-27,Ocean Suite,7,45800,320600,Direct,confirmed
B00005028,G000316,R0005,A0005,2024-05-01,2024-07-22,2024-07-25,Standard King,3,18500,55500,Direct,completed
B00005029,G000620,R0017,A0047,2025-04-19,2025-08-16,2025-08-28,Standard Double,12,19400,232800,Travel Agent,completed
B00005030,G001665,R0035,A0031,2024-10-24,2025-01-26,2025-02-02,Standard Double,7,16500,115500,Corporate,confirmed
B00005031,G002882,R0002,A0022,2024-04-21,2024-07-25,2024-08-06,Standard Double,12,15500,186000,Direct,confirmed
B00005032,G000433,R0036,A0007,2024-05-10,2024-06-01,2024-06-05,Standard King,4,17600,70400,OTA,cancelled
B00005033,G002309,R0035,A0022,2025-12-21,2026-04-13,2026-04-25,Presidential,12,139900,1678800,OTA,completed
B00005034,G000233,R0032,A0003,2024-12-20,2025-02-11,2025-02-14,Standard Double,3,14900,44700,Corporate,completed
B00005035,G002893,R0035,A0006,2024-04-05,2024-05-30,2024-05-31,Ocean Suite,1,40100,40100,OTA,completed
B00005036,G001329,R0025,A0006,2024-04-14,2024-04-16,2024-04-29,Standard King,13,19700,256100,Travel Agent,confirmed
B00005037,G002519,R0040,A0027,2025-06-08,2025-09-16,2025-09-23,Standard King,7,21500,150500,OTA,confirmed
B00005038,G000567,R0022,A0025,2025-12-07,2026-01-01,2026-01-11,Ocean Suite,10,38400,384000,OTA,completed
B00005039,G001378,R0001,A0038,2024-05-02,2024-07-19,2024-07-31,Standard Double,12,19000,228000,OTA,completed
B00005040,G000525,R0014,A0053,2025-02-03,2025-05-22,2025-06-05,Ocean Suite,14,43100,603400,Direct,completed
B00005041,G002086,R0016,A0002,2025-04-24,2025-08-06,2025-08-07,Standard King,1,15300,15300,Loyalty,completed
B00005042,G002674,R0027,A0036,2025-07-22,2025-11-17,2025-12-01,Standard Double,14,12700,177800,Loyalty,completed
B00005043,G002308,R0010,A0058,2025-09-20,2025-12-23,2025-12-30,Standard Double,7,14000,98000,Corporate,completed
B00005044,G000832,R0013,A0017,2024-10-16,2025-01-26,2025-02-05,Standard King,10,22500,225000,Direct,completed
B00005045,G002188,R0003,A0022,2024-08-20,2024-11-12,2024-11-16,Presidential,4,140800,563200,OTA,completed
B00005046,G000853,R0004,A0028,2025-02-15,2025-06-11,2025-06-20,Presidential,9,114500,1030500,Travel Agent,cancelled
B00005047,G002386,R0014,A0025,2025-10-29,2026-01-25,2026-01-29,Standard King,4,21300,85200,Loyalty,confirmed
B00005048,G000202,R0026,A0023,2025-03-17,2025-07-03,2025-07-08,Standard King,5,17300,86500,Loyalty,completed
B00005049,G000577,R0018,A0033,2025-01-29,2025-05-19,2025-06-02,Standard Double,14,16100,225400,OTA,confirmed
B00005050,G000298,R0010,A0018,2024-04-03,2024-06-03,2024-06-11,Standard King,8,18400,147200,Direct,cancelled
B00005051,G002846,R0009,A0007,2025-08-17,2025-12-14,2025-12-25,Standard King,11,19200,211200,Travel Agent,completed
B00005052,G001520,R0040,A0040,2025-01-07,2025-01-20,2025-01-24,Standard King,4,22400,89600,Travel Agent,completed
B00005053,G000412,R0039,A0019,2024-05-24,2024-06-22,2024-06-23,Ocean Suite,1,38000,38000,OTA,confirmed
B00005054,G002489,R0032,A0003,2025-02-08,2025-03-13,2025-03-16,Standard King,3,19000,57000,OTA,completed
B00005055,G001229,R0040,A0006,2024-09-28,2024-10-15,2024-10-27,Standard King,12,23600,283200,OTA,confirmed
B00005056,G001044,R0007,A0022,2025-03-19,2025-04-21,2025-04-24,Standard King,3,18600,55800,Direct,completed
B00005057,G002748,R0018,A0006,2024-04-18,2024-05-26,2024-06-06,Standard Double,11,13900,152900,Corporate,confirmed
B00005058,G000789,R0019,A0021,2025-06-17,2025-07-02,2025-07-15,Standard King,13,20400,265200,Direct,completed
B00005059,G002374,R0002,A0048,2025-07-24,2025-10-07,2025-10-11,Ocean Suite,4,39200,156800,OTA,completed
B00005060,G001910,R0017,A0042,2024-10-16,2024-11-19,2024-12-02,Standard King,13,15800,205400,Direct,no_show
B00005061,G002389,R0027,A0020,2024-07-09,2024-08-07,2024-08-10,Standard Double,3,14900,44700,OTA,completed
B00005062,G001972,R0014,A0020,2025-03-10,2025-06-02,2025-06-07,Presidential,5,137000,685000,Direct,cancelled
B00005063,G002624,R0012,A0011,2025-02-25,2025-06-03,2025-06-11,Standard King,8,17800,142400,Direct,confirmed
B00005064,G001597,R0026,A0009,2024-02-10,2024-03-23,2024-03-29,Standard King,6,23800,142800,Corporate,completed
B00005065,G001881,R0018,A0031,2025-12-01,2026-03-31,2026-04-05,Standard King,5,20800,104000,OTA,confirmed
B00005066,G000224,R0005,A0015,2025-06-29,2025-10-12,2025-10-16,Standard King,4,22800,91200,Direct,completed
B00005067,G002354,R0006,A0049,2025-04-11,2025-05-08,2025-05-22,Ocean Suite,14,40900,572600,Direct,completed
B00005068,G001335,R0010,A0028,2024-05-24,2024-08-16,2024-08-25,Standard King,9,24200,217800,Loyalty,completed
B00005069,G000152,R0034,A0019,2024-10-07,2025-01-16,2025-01-20,Villa,4,75200,300800,Corporate,completed
B00005070,G000856,R0005,A0021,2025-09-29,2025-10-31,2025-11-07,Standard King,7,23100,161700,Direct,completed
B00005071,G001432,R0028,A0037,2024-09-30,2024-12-12,2024-12-23,Standard King,11,23600,259600,Travel Agent,cancelled
B00005072,G002143,R0024,A0020,2025-07-24,2025-09-30,2025-10-06,Standard King,6,23400,140400,Direct,completed
B00005073,G001701,R0031,A0011,2025-09-12,2025-09-29,2025-10-05,Standard King,6,23500,141000,Direct,completed
B00005074,G000138,R0009,A0022,2025-05-13,2025-05-15,2025-05-17,Standard King,2,15600,31200,Corporate,completed
B00005075,G002783,R0031,A0009,2024-11-15,2025-01-20,2025-01-26,Standard Double,6,14400,86400,Direct,completed
B00005076,G000954,R0004,A0023,2025-07-07,2025-08-27,2025-09-04,Presidential,8,126200,1009600,OTA,completed
B00005077,G001948,R0026,A0060,2024-05-24,2024-08-04,2024-08-18,Standard King,14,18900,264600,Corporate,confirmed
B00005078,G000764,R0003,A0006,2024-07-16,2024-08-29,2024-09-06,Standard Double,8,19900,159200,Direct,completed
B00005079,G001541,R0028,A0010,2024-05-24,2024-08-12,2024-08-18,Ocean Suite,6,36600,219600,OTA,completed
B00005080,G001553,R0035,A0015,2025-06-11,2025-09-16,2025-09-28,Standard King,12,20500,246000,OTA,no_show
B00005081,G001598,R0029,A0039,2024-10-18,2024-11-25,2024-12-07,Standard Double,12,19200,230400,OTA,completed
B00005082,G000272,R0015,A0039,2025-10-03,2025-10-27,2025-11-09,Presidential,13,123000,1599000,Direct,completed
B00005083,G001678,R0031,A0056,2024-02-21,2024-05-16,2024-05-19,Standard Double,3,16600,49800,Direct,completed
B00005084,G000808,R0014,A0003,2025-12-24,2026-04-14,2026-04-24,Standard King,10,22700,227000,OTA,confirmed
B00005085,G001196,R0025,A0002,2025-05-30,2025-08-26,2025-09-05,Standard Double,10,14500,145000,OTA,confirmed
B00005086,G001776,R0021,A0001,2024-02-10,2024-05-09,2024-05-19,Standard King,10,24000,240000,Loyalty,completed
B00005087,G002560,R0025,A0044,2025-10-19,2026-01-16,2026-01-22,Standard King,6,24000,144000,Direct,completed
B00005088,G000064,R0013,A0050,2025-04-02,2025-05-05,2025-05-12,Ocean Suite,7,39300,275100,OTA,completed
B00005089,G002464,R0030,A0055,2024-09-20,2024-12-09,2024-12-11,Standard Double,2,15100,30200,Corporate,cancelled
B00005090,G002456,R0009,A0015,2024-03-07,2024-04-29,2024-05-11,Standard King,12,15600,187200,Travel Agent,completed
B00005091,G000971,R0009,A0016,2024-07-30,2024-10-07,2024-10-21,Villa,14,58000,812000,OTA,completed
B00005092,G002013,R0020,A0042,2024-03-01,2024-06-04,2024-06-15,Standard Double,11,14600,160600,Travel Agent,no_show
B00005093,G001504,R0020,A0021,2024-05-30,2024-08-15,2024-08-16,Standard Double,1,14200,14200,Travel Agent,completed
B00005094,G002268,R0003,A0055,2024-07-20,2024-10-03,2024-10-14,Standard King,11,21200,233200,OTA,confirmed
B00005095,G002036,R0015,A0041,2024-03-08,2024-06-24,2024-07-05,Standard Double,11,14700,161700,Travel Agent,completed
B00005096,G002001,R0023,A0042,2025-09-16,2026-01-07,2026-01-16,Ocean Suite,9,31800,286200,Travel Agent,completed
B00005097,G002210,R0013,A0004,2025-12-31,2026-03-20,2026-03-30,Standard King,10,22000,220000,OTA,completed
B00005098,G000387,R0011,A0047,2024-12-24,2025-01-20,2025-01-21,Presidential,1,150300,150300,Corporate,completed
B00005099,G000416,R0032,A0035,2024-06-21,2024-10-05,2024-10-17,Villa,12,68600,823200,Direct,completed
B00005100,G002704,R0014,A0043,2024-03-28,2024-07-02,2024-07-10,Ocean Suite,8,38700,309600,Loyalty,completed
B00005101,G001769,R0024,A0042,2024-12-12,2025-02-07,2025-02-21,Standard King,14,19100,267400,Direct,completed
B00005102,G001163,R0009,A0005,2024-07-10,2024-07-21,2024-07-22,Standard Double,1,13600,13600,Corporate,confirmed
B00005103,G000102,R0012,A0001,2025-11-30,2026-02-12,2026-02-17,Ocean Suite,5,41800,209000,Corporate,completed
B00005104,G001904,R0022,A0016,2024-01-03,2024-03-23,2024-03-26,Standard King,3,19900,59700,OTA,confirmed
B00005105,G001559,R0016,A0046,2025-03-27,2025-05-23,2025-06-06,Standard King,14,20200,282800,Corporate,completed
B00005106,G000246,R0005,A0032,2024-05-04,2024-05-29,2024-06-11,Ocean Suite,13,38500,500500,Corporate,completed
B00005107,G002361,R0017,A0036,2025-09-25,2025-10-27,2025-11-10,Standard King,14,22000,308000,OTA,completed
B00005108,G001265,R0034,A0002,2024-03-11,2024-03-25,2024-04-06,Presidential,12,155200,1862400,Direct,completed
B00005109,G000561,R0004,A0046,2025-08-08,2025-11-16,2025-11-23,Standard Double,7,19800,138600,Corporate,completed
B00005110,G001785,R0013,A0007,2024-08-26,2024-11-27,2024-12-07,Presidential,10,143700,1437000,OTA,completed
B00005111,G001998,R0029,A0020,2024-03-26,2024-05-28,2024-06-05,Standard King,8,18300,146400,Direct,completed
B00005112,G001607,R0017,A0050,2025-08-24,2025-10-13,2025-10-17,Standard King,4,20100,80400,Travel Agent,completed
B00005113,G002644,R0013,A0046,2025-10-08,2025-10-29,2025-11-05,Standard King,7,17000,119000,OTA,completed
B00005114,G001423,R0008,A0052,2024-05-28,2024-06-06,2024-06-14,Ocean Suite,8,39100,312800,Direct,completed
B00005115,G001955,R0012,A0019,2024-04-10,2024-05-24,2024-06-04,Standard King,11,20300,223300,Loyalty,confirmed
B00005116,G000248,R0015,A0040,2024-07-13,2024-07-27,2024-08-09,Standard Double,13,16000,208000,Direct,completed
B00005117,G001185,R0016,A0051,2024-08-22,2024-09-02,2024-09-12,Standard King,10,23600,236000,Travel Agent,completed
B00005118,G002903,R0034,A0057,2025-03-21,2025-06-20,2025-06-28,Standard King,8,20200,161600,OTA,completed
B00005119,G001949,R0024,A0024,2025-04-11,2025-08-02,2025-08-13,Ocean Suite,11,32400,356400,Corporate,cancelled
B00005120,G002249,R0027,A0050,2025-06-21,2025-09-22,2025-10-05,Standard Double,13,16900,219700,OTA,completed
B00005121,G001851,R0032,A0027,2025-12-13,2025-12-24,2025-12-27,Villa,3,68100,204300,Loyalty,no_show
B00005122,G000442,R0001,A0040,2024-06-02,2024-08-31,2024-09-08,Ocean Suite,8,43800,350400,Direct,completed
B00005123,G001141,R0017,A0057,2025-04-10,2025-08-08,2025-08-09,Ocean Suite,1,39900,39900,Corporate,completed
B00005124,G002421,R0010,A0015,2024-06-07,2024-09-30,2024-10-06,Standard King,6,21300,127800,Travel Agent,completed
B00005125,G002723,R0027,A0057,2025-06-10,2025-06-26,2025-06-28,Standard King,2,22900,45800,Direct,confirmed
B00005126,G002721,R0016,A0004,2024-09-15,2024-09-18,2024-09-26,Ocean Suite,8,34600,276800,Travel Agent,completed
B00005127,G001481,R0031,A0042,2025-09-12,2025-12-13,2025-12-17,Standard King,4,20800,83200,Corporate,completed
B00005128,G002820,R0009,A0016,2024-06-03,2024-08-12,2024-08-22,Standard King,10,21900,219000,Direct,completed
B00005129,G002408,R0034,A0052,2024-09-05,2024-11-14,2024-11-18,Standard Double,4,18000,72000,Loyalty,completed
B00005130,G002827,R0032,A0045,2024-03-20,2024-04-07,2024-04-21,Standard Double,14,13100,183400,Direct,completed
B00005131,G002513,R0017,A0056,2024-04-04,2024-06-16,2024-06-20,Ocean Suite,4,39300,157200,OTA,completed
B00005132,G002521,R0022,A0004,2025-02-28,2025-03-18,2025-03-22,Ocean Suite,4,35000,140000,Direct,completed
B00005133,G000838,R0034,A0032,2025-11-15,2026-02-08,2026-02-12,Standard King,4,20000,80000,OTA,cancelled
B00005134,G000050,R0034,A0035,2024-11-27,2025-02-14,2025-02-20,Standard King,6,18300,109800,OTA,completed
B00005135,G000982,R0003,A0027,2025-02-04,2025-03-14,2025-03-22,Standard King,8,22500,180000,OTA,completed
B00005136,G002497,R0035,A0058,2024-04-21,2024-07-08,2024-07-11,Standard Double,3,19500,58500,Direct,completed
B00005137,G000982,R0037,A0057,2025-06-06,2025-06-09,2025-06-14,Ocean Suite,5,43400,217000,Direct,confirmed
B00005138,G000445,R0018,A0038,2025-08-23,2025-12-16,2025-12-18,Ocean Suite,2,40100,80200,OTA,confirmed
B00005139,G002997,R0033,A0004,2024-06-26,2024-08-28,2024-09-09,Standard King,12,17300,207600,OTA,confirmed
B00005140,G002310,R0019,A0005,2024-01-10,2024-02-11,2024-02-14,Standard King,3,15900,47700,Direct,completed
B00005141,G001935,R0002,A0057,2024-01-15,2024-04-03,2024-04-16,Standard King,13,21500,279500,OTA,no_show
B00005142,G001684,R0006,A0060,2025-07-24,2025-09-06,2025-09-18,Standard Double,12,17700,212400,Direct,completed
B00005143,G002990,R0023,A0013,2024-11-12,2024-11-14,2024-11-20,Standard King,6,19700,118200,Direct,completed
B00005144,G000206,R0005,A0050,2025-04-27,2025-07-29,2025-08-08,Standard Double,10,18600,186000,Direct,completed
B00005145,G001863,R0011,A0025,2024-11-03,2025-02-21,2025-03-04,Ocean Suite,11,44500,489500,Travel Agent,completed
B00005146,G002926,R0002,A0042,2024-07-05,2024-09-05,2024-09-07,Standard King,2,23100,46200,OTA,completed
B00005147,G001558,R0030,A0008,2025-07-29,2025-08-07,2025-08-11,Ocean Suite,4,39300,157200,Direct,completed
B00005148,G001221,R0023,A0010,2025-10-21,2025-12-02,2025-12-03,Standard King,1,19300,19300,Travel Agent,completed
B00005149,G002670,R0013,A0057,2025-10-07,2025-11-20,2025-11-28,Standard Double,8,15700,125600,OTA,completed
B00005150,G002248,R0032,A0039,2024-11-06,2024-12-05,2024-12-07,Villa,2,56100,112200,OTA,cancelled
B00005151,G001514,R0003,A0026,2024-08-30,2024-09-01,2024-09-04,Ocean Suite,3,44900,134700,Direct,completed
B00005152,G000557,R0004,A0020,2024-01-23,2024-04-15,2024-04-20,Standard King,5,23200,116000,OTA,confirmed
B00005153,G000309,R0021,A0004,2024-07-24,2024-09-14,2024-09-22,Standard King,8,18300,146400,OTA,completed
B00005154,G001814,R0036,A0044,2024-11-26,2024-12-15,2024-12-17,Villa,2,57700,115400,OTA,completed
B00005155,G000476,R0009,A0038,2024-05-17,2024-05-21,2024-05-31,Standard Double,10,17600,176000,Loyalty,completed
B00005156,G000053,R0028,A0009,2025-06-17,2025-09-20,2025-09-30,Standard King,10,20500,205000,OTA,completed
B00005157,G000577,R0032,A0017,2025-02-15,2025-04-21,2025-05-01,Standard King,10,19300,193000,Direct,completed
B00005158,G002592,R0005,A0027,2025-12-11,2026-03-30,2026-04-12,Standard Double,13,15400,200200,Direct,completed
B00005159,G000862,R0002,A0002,2025-08-02,2025-08-05,2025-08-19,Standard Double,14,19700,275800,Travel Agent,completed
B00005160,G001216,R0040,A0022,2024-10-22,2025-02-14,2025-02-15,Standard Double,1,16900,16900,OTA,completed
B00005161,G000111,R0037,A0014,2024-11-10,2025-03-01,2025-03-03,Standard Double,2,12800,25600,Travel Agent,completed
B00005162,G000643,R0019,A0027,2024-02-27,2024-06-10,2024-06-23,Standard Double,13,14400,187200,OTA,completed
B00005163,G000816,R0019,A0058,2025-09-11,2026-01-02,2026-01-14,Standard Double,12,19100,229200,Direct,completed
B00005164,G001258,R0019,A0031,2024-08-02,2024-11-01,2024-11-04,Ocean Suite,3,40300,120900,OTA,completed
B00005165,G001485,R0034,A0015,2024-02-01,2024-03-28,2024-04-03,Ocean Suite,6,34100,204600,Direct,completed
B00005166,G002340,R0016,A0009,2025-05-11,2025-07-23,2025-07-26,Ocean Suite,3,29700,89100,Corporate,no_show
B00005167,G001855,R0016,A0044,2025-11-03,2025-11-05,2025-11-16,Standard King,11,21000,231000,Travel Agent,completed
B00005168,G001777,R0012,A0044,2024-02-01,2024-02-09,2024-02-20,Standard Double,11,13200,145200,Corporate,completed
B00005169,G001581,R0002,A0052,2025-08-20,2025-12-15,2025-12-26,Ocean Suite,11,38000,418000,Travel Agent,completed
B00005170,G001211,R0026,A0047,2024-05-28,2024-06-12,2024-06-20,Standard Double,8,18000,144000,Corporate,completed
B00005171,G002851,R0018,A0046,2024-08-16,2024-10-06,2024-10-16,Standard King,10,23900,239000,Direct,confirmed
B00005172,G002469,R0035,A0028,2024-03-31,2024-06-14,2024-06-16,Standard Double,2,17000,34000,OTA,cancelled
B00005173,G000040,R0032,A0056,2024-01-25,2024-02-27,2024-02-29,Villa,2,56100,112200,Direct,confirmed
B00005174,G001607,R0006,A0005,2025-09-10,2025-09-27,2025-10-05,Standard Double,8,13100,104800,Loyalty,completed
B00005175,G001058,R0028,A0042,2025-08-18,2025-08-21,2025-09-03,Standard King,13,21700,282100,OTA,completed
B00005176,G002461,R0015,A0005,2024-01-31,2024-02-10,2024-02-11,Villa,1,67200,67200,Loyalty,completed
B00005177,G000094,R0032,A0056,2024-08-13,2024-12-06,2024-12-15,Standard King,9,23300,209700,Direct,confirmed
B00005178,G002155,R0016,A0010,2025-01-13,2025-02-08,2025-02-12,Villa,4,58400,233600,Direct,completed
B00005179,G001893,R0004,A0045,2024-06-19,2024-08-08,2024-08-15,Ocean Suite,7,40300,282100,Direct,completed
B00005180,G001784,R0007,A0034,2024-05-25,2024-07-12,2024-07-16,Standard Double,4,19700,78800,Direct,completed
B00005181,G002985,R0017,A0014,2024-10-26,2025-01-09,2025-01-10,Standard Double,1,19800,19800,Direct,completed
B00005182,G001227,R0020,A0017,2025-07-28,2025-08-24,2025-08-25,Standard King,1,23400,23400,Corporate,no_show
B00005183,G000693,R0030,A0032,2025-07-18,2025-09-06,2025-09-14,Standard King,8,22000,176000,OTA,completed
B00005184,G000510,R0030,A0054,2024-01-24,2024-03-24,2024-03-26,Standard Double,2,12900,25800,Loyalty,completed
B00005185,G000315,R0009,A0013,2024-09-24,2025-01-16,2025-01-23,Ocean Suite,7,43500,304500,Direct,completed
B00005186,G001865,R0026,A0049,2024-12-23,2025-02-28,2025-03-02,Ocean Suite,2,34900,69800,Corporate,completed
B00005187,G002893,R0015,A0026,2025-12-15,2026-02-26,2026-03-05,Standard Double,7,14600,102200,OTA,cancelled
B00005188,G002956,R0027,A0031,2025-10-19,2026-01-28,2026-02-02,Standard King,5,20800,104000,Loyalty,completed
B00005189,G000510,R0039,A0043,2024-03-29,2024-05-13,2024-05-24,Standard Double,11,15300,168300,Corporate,cancelled
B00005190,G002582,R0036,A0008,2024-07-13,2024-09-03,2024-09-06,Standard King,3,20200,60600,Corporate,completed
B00005191,G002991,R0038,A0022,2024-02-25,2024-03-16,2024-03-27,Villa,11,67800,745800,Loyalty,cancelled
B00005192,G000368,R0007,A0017,2024-08-21,2024-10-01,2024-10-13,Presidential,12,113500,1362000,Corporate,completed
B00005193,G002384,R0005,A0005,2024-01-25,2024-03-15,2024-03-23,Villa,8,57900,463200,OTA,completed
B00005194,G000500,R0030,A0027,2024-04-28,2024-06-10,2024-06-16,Standard Double,6,14800,88800,Loyalty,confirmed
B00005195,G000255,R0005,A0054,2024-12-31,2025-04-19,2025-04-22,Standard King,3,17600,52800,Travel Agent,completed
B00005196,G002178,R0007,A0040,2025-02-02,2025-05-11,2025-05-18,Standard King,7,17100,119700,OTA,completed
B00005197,G001639,R0020,A0029,2024-01-26,2024-02-20,2024-02-22,Standard King,2,19200,38400,Direct,completed
B00005198,G000675,R0020,A0006,2025-05-07,2025-08-17,2025-08-30,Standard Double,13,18800,244400,OTA,completed
B00005199,G000672,R0013,A0022,2025-01-08,2025-01-18,2025-01-21,Standard King,3,20800,62400,OTA,confirmed
B00005200,G001173,R0004,A0001,2025-05-01,2025-06-16,2025-06-27,Standard Double,11,13000,143000,Loyalty,no_show
B00005201,G000785,R0030,A0003,2024-10-07,2024-10-20,2024-10-22,Standard Double,2,16700,33400,Direct,completed
B00005202,G002763,R0022,A0049,2025-10-11,2025-10-29,2025-11-12,Ocean Suite,14,46800,655200,Direct,confirmed
B00005203,G001182,R0036,A0043,2024-03-28,2024-06-13,2024-06-20,Standard King,7,20200,141400,Corporate,confirmed
B00005204,G001474,R0002,A0047,2025-05-22,2025-08-05,2025-08-08,Standard King,3,21200,63600,Direct,completed
B00005205,G002167,R0023,A0013,2025-09-12,2025-10-12,2025-10-16,Standard King,4,16400,65600,Direct,completed
B00005206,G002386,R0035,A0042,2024-07-02,2024-08-31,2024-09-09,Standard Double,9,18500,166500,Travel Agent,completed
B00005207,G002444,R0030,A0045,2025-09-19,2025-11-05,2025-11-12,Standard Double,7,18800,131600,Travel Agent,completed
B00005208,G001561,R0008,A0060,2024-08-11,2024-11-08,2024-11-19,Standard Double,11,16600,182600,OTA,confirmed
B00005209,G000477,R0022,A0060,2025-10-27,2025-11-08,2025-11-17,Standard King,9,23600,212400,Travel Agent,confirmed
B00005210,G002369,R0016,A0021,2024-11-26,2025-02-16,2025-02-24,Ocean Suite,8,38900,311200,Travel Agent,completed
B00005211,G001810,R0035,A0012,2025-02-09,2025-05-26,2025-05-27,Standard Double,1,17900,17900,Direct,completed
B00005212,G002533,R0007,A0007,2025-12-25,2026-03-04,2026-03-16,Villa,12,69200,830400,OTA,completed
B00005213,G000795,R0016,A0009,2025-03-17,2025-05-19,2025-05-31,Villa,12,62900,754800,OTA,completed
B00005214,G000697,R0005,A0006,2024-01-24,2024-05-12,2024-05-24,Standard King,12,19400,232800,Direct,completed
B00005215,G002330,R0015,A0036,2024-05-11,2024-08-04,2024-08-12,Standard King,8,24100,192800,Loyalty,completed
B00005216,G002399,R0019,A0028,2024-07-08,2024-08-09,2024-08-22,Standard King,13,22300,289900,Corporate,completed
B00005217,G001837,R0038,A0002,2024-10-10,2024-10-27,2024-11-07,Standard Double,11,14200,156200,OTA,completed
B00005218,G002591,R0031,A0004,2025-11-25,2026-02-27,2026-03-13,Standard Double,14,17400,243600,Loyalty,cancelled
B00005219,G002742,R0005,A0030,2024-09-08,2024-12-06,2024-12-20,Standard King,14,16300,228200,Direct,completed
B00005220,G002678,R0018,A0043,2025-08-20,2025-12-18,2025-12-26,Standard Double,8,13300,106400,Corporate,confirmed
B00005221,G001426,R0029,A0010,2024-01-22,2024-05-03,2024-05-16,Villa,13,64700,841100,Direct,completed
B00005222,G001604,R0020,A0060,2024-11-15,2024-12-23,2024-12-27,Standard Double,4,18000,72000,OTA,confirmed
B00005223,G000548,R0013,A0045,2025-11-11,2026-01-05,2026-01-11,Standard King,6,20800,124800,Direct,no_show
B00005224,G000910,R0035,A0040,2025-10-13,2025-12-02,2025-12-07,Standard King,5,23100,115500,Direct,confirmed
B00005225,G000279,R0037,A0038,2025-10-30,2026-02-20,2026-02-24,Standard King,4,20300,81200,Direct,completed
B00005226,G002020,R0008,A0044,2024-11-14,2025-01-14,2025-01-17,Presidential,3,131100,393300,Direct,confirmed
B00005227,G002624,R0022,A0059,2024-07-22,2024-10-01,2024-10-08,Standard Double,7,17200,120400,OTA,completed
B00005228,G002091,R0002,A0047,2025-09-20,2025-12-16,2025-12-20,Standard King,4,23500,94000,Travel Agent,completed
B00005229,G001683,R0002,A0022,2025-02-19,2025-04-25,2025-04-26,Presidential,1,115400,115400,OTA,confirmed
B00005230,G002777,R0012,A0040,2025-12-21,2026-03-01,2026-03-02,Standard Double,1,17600,17600,Loyalty,confirmed
B00005231,G000083,R0028,A0041,2024-12-06,2024-12-20,2024-12-21,Villa,1,53900,53900,OTA,completed
B00005232,G001715,R0018,A0056,2024-05-26,2024-07-23,2024-07-25,Standard Double,2,16100,32200,Corporate,confirmed
B00005233,G002038,R0006,A0024,2024-06-10,2024-07-11,2024-07-21,Standard Double,10,14100,141000,Corporate,no_show
B00005234,G002381,R0007,A0040,2025-12-25,2026-02-04,2026-02-14,Villa,10,65700,657000,OTA,no_show
B00005235,G000866,R0024,A0025,2024-04-22,2024-08-01,2024-08-08,Standard King,7,17100,119700,Travel Agent,completed
B00005236,G000431,R0040,A0020,2025-12-11,2026-04-02,2026-04-10,Standard King,8,22100,176800,Travel Agent,completed
B00005237,G000880,R0034,A0011,2024-04-09,2024-05-19,2024-05-23,Presidential,4,154300,617200,Direct,cancelled
B00005238,G002847,R0027,A0037,2025-07-14,2025-07-20,2025-07-29,Standard Double,9,14000,126000,OTA,completed
B00005239,G001349,R0033,A0048,2025-10-27,2025-11-01,2025-11-14,Standard Double,13,15600,202800,Direct,completed
B00005240,G001731,R0012,A0026,2025-02-16,2025-05-06,2025-05-15,Standard Double,9,18400,165600,Direct,confirmed
B00005241,G002327,R0006,A0030,2024-11-20,2024-12-29,2025-01-08,Ocean Suite,10,45900,459000,OTA,completed
B00005242,G002872,R0017,A0042,2024-11-12,2025-02-04,2025-02-15,Standard King,11,23600,259600,OTA,completed
B00005243,G000388,R0015,A0010,2025-12-02,2026-02-08,2026-02-10,Ocean Suite,2,43700,87400,Corporate,completed
B00005244,G001994,R0001,A0004,2024-05-10,2024-07-05,2024-07-06,Standard Double,1,15600,15600,Travel Agent,completed
B00005245,G000137,R0028,A0019,2024-02-22,2024-04-06,2024-04-15,Ocean Suite,9,42700,384300,Travel Agent,cancelled
B00005246,G002193,R0011,A0058,2025-09-27,2025-12-06,2025-12-08,Standard King,2,19100,38200,Loyalty,confirmed
B00005247,G001010,R0034,A0048,2024-06-07,2024-07-18,2024-07-31,Standard Double,13,16400,213200,Travel Agent,completed
B00005248,G002370,R0023,A0038,2024-07-22,2024-08-20,2024-08-25,Standard Double,5,16800,84000,Corporate,completed
B00005249,G001570,R0038,A0017,2025-03-25,2025-07-02,2025-07-08,Standard Double,6,19300,115800,Travel Agent,confirmed
B00005250,G002127,R0030,A0027,2024-02-02,2024-04-03,2024-04-06,Standard King,3,21200,63600,OTA,confirmed
B00005251,G001734,R0027,A0013,2025-05-25,2025-08-17,2025-08-24,Presidential,7,108200,757400,Travel Agent,confirmed
B00005252,G000751,R0030,A0041,2025-05-25,2025-06-12,2025-06-17,Standard Double,5,17700,88500,OTA,completed
B00005253,G002165,R0040,A0019,2025-08-29,2025-12-17,2025-12-21,Ocean Suite,4,42300,169200,OTA,cancelled
B00005254,G001493,R0032,A0008,2025-12-02,2026-03-07,2026-03-17,Standard Double,10,16100,161000,Travel Agent,completed
B00005255,G000322,R0040,A0026,2024-09-26,2024-10-01,2024-10-11,Villa,10,64600,646000,Corporate,completed
B00005256,G000119,R0017,A0053,2024-11-29,2025-03-18,2025-03-22,Presidential,4,110100,440400,OTA,confirmed
B00005257,G002850,R0032,A0013,2025-11-04,2025-11-12,2025-11-18,Ocean Suite,6,32900,197400,OTA,completed
B00005258,G001647,R0006,A0053,2025-09-24,2025-10-04,2025-10-12,Presidential,8,117400,939200,OTA,completed
B00005259,G000410,R0038,A0051,2025-06-13,2025-09-24,2025-09-25,Standard Double,1,18600,18600,Corporate,completed
B00005260,G000576,R0001,A0041,2025-07-30,2025-09-22,2025-10-03,Standard King,11,22600,248600,Travel Agent,completed
B00005261,G001672,R0038,A0029,2024-05-30,2024-09-04,2024-09-13,Villa,9,64200,577800,Loyalty,completed
B00005262,G000503,R0027,A0016,2024-01-21,2024-04-24,2024-05-04,Standard Double,10,16800,168000,Loyalty,completed
B00005263,G002080,R0027,A0056,2024-06-04,2024-10-02,2024-10-03,Standard King,1,16700,16700,OTA,completed
B00005264,G002781,R0030,A0019,2024-06-21,2024-09-16,2024-09-24,Standard Double,8,20000,160000,Corporate,completed
B00005265,G001431,R0009,A0030,2025-05-28,2025-09-06,2025-09-08,Standard King,2,21500,43000,OTA,completed
B00005266,G001220,R0028,A0057,2025-03-27,2025-04-03,2025-04-09,Standard Double,6,17400,104400,OTA,completed
B00005267,G001541,R0019,A0023,2025-07-10,2025-09-14,2025-09-25,Standard Double,11,13800,151800,Corporate,completed
B00005268,G000766,R0003,A0036,2024-05-26,2024-09-23,2024-10-07,Ocean Suite,14,31800,445200,Direct,completed
B00005269,G001016,R0040,A0051,2024-08-04,2024-09-23,2024-10-01,Ocean Suite,8,33800,270400,OTA,confirmed
B00005270,G000859,R0034,A0007,2025-05-30,2025-08-25,2025-09-07,Villa,13,73500,955500,Travel Agent,completed
B00005271,G002913,R0032,A0050,2025-02-10,2025-05-07,2025-05-12,Standard Double,5,17700,88500,Travel Agent,no_show
B00005272,G002113,R0016,A0034,2025-11-18,2026-03-14,2026-03-27,Standard King,13,19800,257400,Direct,completed
B00005273,G002182,R0016,A0003,2024-11-15,2024-12-09,2024-12-19,Ocean Suite,10,35200,352000,Direct,confirmed
B00005274,G000219,R0006,A0044,2025-11-11,2025-12-15,2025-12-29,Standard Double,14,14400,201600,Travel Agent,completed
B00005275,G001049,R0009,A0005,2025-08-23,2025-12-10,2025-12-24,Villa,14,73000,1022000,Travel Agent,completed
B00005276,G002990,R0038,A0017,2024-05-03,2024-08-19,2024-08-30,Ocean Suite,11,45000,495000,Corporate,cancelled
B00005277,G000425,R0021,A0044,2024-04-30,2024-07-08,2024-07-14,Ocean Suite,6,46400,278400,Direct,completed
B00005278,G002733,R0011,A0007,2025-12-19,2026-03-24,2026-04-04,Standard Double,11,17000,187000,OTA,completed
B00005279,G000920,R0039,A0031,2024-01-13,2024-04-21,2024-05-01,Standard Double,10,15800,158000,OTA,completed
B00005280,G001257,R0022,A0036,2025-01-05,2025-02-28,2025-03-04,Standard King,4,17500,70000,OTA,confirmed
B00005281,G001315,R0033,A0007,2024-09-24,2024-12-14,2024-12-15,Ocean Suite,1,38800,38800,Corporate,completed
B00005282,G000533,R0037,A0028,2024-06-01,2024-08-15,2024-08-18,Standard King,3,21300,63900,Travel Agent,completed
B00005283,G000575,R0029,A0013,2025-04-08,2025-05-17,2025-05-21,Standard King,4,19200,76800,Travel Agent,completed
B00005284,G002600,R0001,A0007,2025-06-15,2025-09-16,2025-09-28,Standard King,12,22400,268800,Corporate,completed
B00005285,G001818,R0025,A0002,2024-03-30,2024-04-18,2024-04-23,Villa,5,78300,391500,Direct,no_show
B00005286,G000119,R0010,A0057,2025-11-22,2026-01-06,2026-01-13,Standard King,7,21400,149800,Corporate,completed
B00005287,G000981,R0019,A0041,2025-04-12,2025-04-26,2025-04-27,Villa,1,72500,72500,OTA,completed
B00005288,G001864,R0002,A0047,2024-11-18,2024-11-26,2024-12-04,Ocean Suite,8,39800,318400,OTA,confirmed
B00005289,G002023,R0027,A0027,2025-03-30,2025-07-14,2025-07-19,Villa,5,53100,265500,OTA,completed
B00005290,G001113,R0028,A0033,2024-05-08,2024-08-28,2024-09-11,Villa,14,77300,1082200,Loyalty,cancelled
B00005291,G002960,R0039,A0058,2025-03-21,2025-05-07,2025-05-15,Standard King,8,16600,132800,OTA,completed
B00005292,G001901,R0020,A0055,2025-01-24,2025-02-17,2025-03-02,Ocean Suite,13,33900,440700,Direct,completed
B00005293,G001894,R0036,A0028,2025-11-25,2026-01-26,2026-01-28,Villa,2,63200,126400,Corporate,completed
B00005294,G000357,R0037,A0038,2024-06-03,2024-08-18,2024-08-29,Villa,11,63800,701800,Direct,completed
B00005295,G000300,R0033,A0001,2024-08-05,2024-11-11,2024-11-16,Standard Double,5,18300,91500,Direct,completed
B00005296,G002555,R0023,A0005,2025-03-17,2025-05-04,2025-05-08,Standard Double,4,15600,62400,OTA,completed
B00005297,G002528,R0035,A0016,2025-03-29,2025-06-24,2025-06-30,Ocean Suite,6,35700,214200,Direct,completed
B00005298,G000422,R0003,A0058,2024-10-27,2024-12-21,2025-01-04,Ocean Suite,14,45800,641200,OTA,completed
B00005299,G000653,R0004,A0016,2024-06-22,2024-07-30,2024-08-11,Standard Double,12,13200,158400,OTA,completed
B00005300,G002971,R0026,A0028,2024-09-10,2024-11-22,2024-12-06,Standard King,14,20100,281400,OTA,completed
B00005301,G001806,R0011,A0032,2025-01-12,2025-03-29,2025-04-03,Villa,5,64500,322500,Direct,completed
B00005302,G002676,R0010,A0017,2025-01-19,2025-03-20,2025-03-26,Standard Double,6,16300,97800,Travel Agent,completed
B00005303,G001900,R0021,A0008,2024-02-01,2024-04-12,2024-04-20,Villa,8,63400,507200,Direct,confirmed
B00005304,G000280,R0029,A0026,2024-08-10,2024-09-21,2024-09-24,Standard King,3,20200,60600,Direct,completed
B00005305,G002604,R0020,A0011,2025-10-10,2026-01-22,2026-02-02,Standard Double,11,14800,162800,Travel Agent,completed
B00005306,G000545,R0038,A0045,2025-11-07,2025-11-12,2025-11-14,Standard King,2,24000,48000,Direct,cancelled
B00005307,G001555,R0021,A0001,2025-03-03,2025-03-07,2025-03-09,Villa,2,53500,107000,OTA,completed
B00005308,G001327,R0002,A0016,2025-01-07,2025-02-24,2025-03-05,Standard King,9,22900,206100,Travel Agent,completed
B00005309,G001735,R0002,A0023,2025-12-01,2026-03-09,2026-03-17,Standard Double,8,18700,149600,Travel Agent,completed
B00005310,G000141,R0014,A0035,2024-01-25,2024-05-20,2024-06-01,Standard Double,12,14500,174000,Travel Agent,cancelled
B00005311,G002160,R0032,A0043,2025-04-08,2025-04-30,2025-05-14,Villa,14,68200,954800,Corporate,completed
B00005312,G000172,R0027,A0035,2024-02-01,2024-03-07,2024-03-21,Standard Double,14,13500,189000,Direct,completed
B00005313,G000330,R0029,A0057,2025-05-11,2025-09-04,2025-09-05,Villa,1,51200,51200,Travel Agent,completed
B00005314,G002227,R0007,A0048,2025-04-06,2025-06-13,2025-06-23,Standard King,10,24200,242000,Travel Agent,cancelled
B00005315,G000828,R0017,A0057,2025-10-23,2025-11-18,2025-11-23,Standard Double,5,17800,89000,Direct,completed
B00005316,G001356,R0001,A0010,2025-06-11,2025-09-04,2025-09-15,Villa,11,58300,641300,Direct,completed
B00005317,G002375,R0028,A0047,2024-01-16,2024-05-10,2024-05-15,Ocean Suite,5,41500,207500,OTA,completed
B00005318,G000496,R0033,A0007,2024-02-01,2024-05-19,2024-05-31,Standard Double,12,17500,210000,OTA,confirmed
B00005319,G001250,R0031,A0034,2024-12-13,2025-01-09,2025-01-13,Standard King,4,21100,84400,Travel Agent,completed
B00005320,G000286,R0003,A0050,2025-11-26,2025-12-06,2025-12-15,Ocean Suite,9,41700,375300,Direct,confirmed
B00005321,G001337,R0031,A0046,2024-01-25,2024-03-19,2024-03-20,Standard King,1,17200,17200,Loyalty,cancelled
B00005322,G001450,R0019,A0056,2025-11-27,2026-03-25,2026-04-02,Standard Double,8,14500,116000,Corporate,completed
B00005323,G001805,R0001,A0011,2024-08-29,2024-09-22,2024-09-25,Standard Double,3,17300,51900,Direct,confirmed
B00005324,G001239,R0012,A0039,2024-01-15,2024-01-18,2024-01-28,Ocean Suite,10,35500,355000,Corporate,completed
B00005325,G002357,R0037,A0050,2025-02-26,2025-04-13,2025-04-20,Standard Double,7,19000,133000,OTA,completed
B00005326,G000864,R0029,A0005,2024-02-08,2024-03-08,2024-03-11,Villa,3,55300,165900,OTA,completed
B00005327,G000524,R0014,A0014,2024-04-05,2024-07-13,2024-07-17,Villa,4,57900,231600,Direct,completed
B00005328,G000529,R0013,A0002,2025-09-02,2025-09-28,2025-10-09,Standard King,11,18300,201300,OTA,completed
B00005329,G002847,R0004,A0002,2024-06-25,2024-08-06,2024-08-12,Standard Double,6,14300,85800,OTA,completed
B00005330,G000991,R0008,A0018,2025-06-23,2025-08-24,2025-08-29,Standard King,5,19700,98500,Direct,completed
B00005331,G000940,R0032,A0025,2025-10-11,2025-11-04,2025-11-10,Standard King,6,21200,127200,Travel Agent,cancelled
B00005332,G002044,R0001,A0015,2025-01-06,2025-04-16,2025-04-23,Standard Double,7,15000,105000,Corporate,completed
B00005333,G001932,R0034,A0036,2025-12-16,2026-02-26,2026-03-03,Standard King,5,20800,104000,Direct,confirmed
B00005334,G000768,R0038,A0017,2025-07-02,2025-10-24,2025-10-29,Standard King,5,20100,100500,Travel Agent,confirmed
B00005335,G001375,R0035,A0050,2024-06-01,2024-06-10,2024-06-13,Ocean Suite,3,30600,91800,Direct,completed
B00005336,G002325,R0024,A0023,2025-02-19,2025-03-25,2025-04-03,Villa,9,75800,682200,Direct,confirmed
B00005337,G000168,R0024,A0047,2025-11-13,2026-01-23,2026-02-05,Villa,13,67400,876200,Direct,confirmed
B00005338,G002357,R0005,A0027,2025-07-07,2025-10-04,2025-10-05,Villa,1,67500,67500,Direct,completed
B00005339,G000753,R0019,A0028,2025-03-15,2025-04-27,2025-05-03,Standard Double,6,15400,92400,OTA,completed
B00005340,G000542,R0006,A0031,2025-04-17,2025-05-23,2025-06-04,Standard Double,12,16100,193200,OTA,completed
B00005341,G000404,R0018,A0025,2025-04-05,2025-05-04,2025-05-10,Standard King,6,15800,94800,Travel Agent,completed
B00005342,G000020,R0032,A0020,2025-09-15,2025-12-19,2025-12-21,Ocean Suite,2,36400,72800,Direct,completed
B00005343,G000218,R0019,A0033,2024-05-28,2024-09-05,2024-09-09,Standard King,4,18500,74000,Corporate,completed
B00005344,G000405,R0035,A0035,2024-10-18,2024-12-25,2024-12-30,Standard Double,5,17200,86000,OTA,cancelled
B00005345,G002452,R0012,A0010,2025-02-25,2025-03-05,2025-03-12,Ocean Suite,7,31100,217700,Corporate,completed
B00005346,G000591,R0040,A0021,2025-12-05,2025-12-15,2025-12-24,Standard Double,9,16000,144000,Corporate,completed
B00005347,G001191,R0024,A0038,2025-12-02,2026-03-26,2026-04-04,Standard Double,9,16100,144900,OTA,completed
B00005348,G002137,R0006,A0050,2025-09-27,2026-01-21,2026-01-29,Ocean Suite,8,34600,276800,OTA,completed
B00005349,G002201,R0031,A0041,2025-04-11,2025-05-15,2025-05-23,Standard King,8,19000,152000,Corporate,confirmed
B00005350,G002694,R0005,A0022,2025-09-22,2025-10-21,2025-10-28,Standard King,7,19600,137200,OTA,completed
B00005351,G001319,R0038,A0057,2025-12-28,2026-03-17,2026-03-24,Standard King,7,22800,159600,Direct,completed
B00005352,G000529,R0007,A0047,2024-09-02,2024-11-28,2024-12-12,Standard King,14,21200,296800,Direct,completed
B00005353,G001401,R0017,A0050,2025-12-02,2026-03-15,2026-03-17,Standard King,2,18000,36000,OTA,completed
B00005354,G002409,R0039,A0058,2024-05-09,2024-05-14,2024-05-20,Standard King,6,17000,102000,Travel Agent,completed
B00005355,G002119,R0019,A0010,2024-09-09,2024-10-25,2024-11-08,Villa,14,77500,1085000,Direct,completed
B00005356,G001194,R0031,A0026,2024-05-26,2024-06-25,2024-07-02,Presidential,7,108400,758800,Corporate,completed
B00005357,G000285,R0015,A0019,2025-04-15,2025-07-08,2025-07-16,Standard Double,8,18100,144800,Corporate,confirmed
B00005358,G001179,R0024,A0011,2024-11-17,2025-03-08,2025-03-18,Standard Double,10,17400,174000,Direct,confirmed
B00005359,G002356,R0003,A0042,2024-10-04,2024-10-30,2024-11-01,Standard Double,2,13600,27200,Corporate,completed
B00005360,G001707,R0034,A0053,2024-07-06,2024-08-20,2024-08-31,Presidential,11,143700,1580700,Direct,completed
B00005361,G002722,R0025,A0041,2024-12-12,2025-03-05,2025-03-06,Standard King,1,18200,18200,OTA,completed
B00005362,G001268,R0032,A0053,2025-09-11,2025-10-03,2025-10-12,Standard Double,9,13200,118800,Loyalty,cancelled
B00005363,G002848,R0005,A0053,2024-07-25,2024-11-20,2024-12-02,Standard Double,12,15300,183600,Direct,no_show
B00005364,G000580,R0006,A0045,2025-12-04,2026-04-03,2026-04-11,Ocean Suite,8,37300,298400,Corporate,completed
B00005365,G002686,R0037,A0048,2025-08-03,2025-11-19,2025-11-20,Standard King,1,20500,20500,Travel Agent,completed
B00005366,G000474,R0038,A0039,2025-02-18,2025-02-28,2025-03-09,Standard King,9,15300,137700,Travel Agent,completed
B00005367,G000860,R0001,A0039,2024-01-31,2024-04-30,2024-05-13,Standard King,13,19200,249600,Corporate,completed
B00005368,G000091,R0010,A0026,2024-02-14,2024-03-30,2024-04-04,Standard King,5,19000,95000,OTA,completed
B00005369,G001217,R0020,A0017,2024-10-24,2024-11-03,2024-11-07,Presidential,4,133600,534400,OTA,completed
B00005370,G000593,R0023,A0022,2025-02-05,2025-03-07,2025-03-15,Standard King,8,20100,160800,Direct,confirmed
B00005371,G000184,R0033,A0037,2024-10-16,2025-02-02,2025-02-15,Standard King,13,21500,279500,Loyalty,completed
B00005372,G001891,R0023,A0002,2025-02-16,2025-03-04,2025-03-09,Standard King,5,17600,88000,OTA,completed
B00005373,G002459,R0007,A0004,2024-07-05,2024-07-12,2024-07-13,Standard Double,1,13600,13600,Travel Agent,completed
B00005374,G002096,R0037,A0058,2025-09-08,2025-10-14,2025-10-22,Standard Double,8,17300,138400,Corporate,completed
B00005375,G000463,R0027,A0041,2024-01-15,2024-04-03,2024-04-10,Standard King,7,23300,163100,OTA,completed
B00005376,G000982,R0011,A0012,2025-01-17,2025-02-14,2025-02-22,Standard King,8,21400,171200,Loyalty,completed
B00005377,G002580,R0005,A0035,2025-07-02,2025-08-28,2025-08-31,Standard King,3,20800,62400,OTA,confirmed
B00005378,G002067,R0030,A0035,2025-04-27,2025-05-13,2025-05-17,Villa,4,66300,265200,Direct,cancelled
B00005379,G000533,R0028,A0014,2025-09-24,2025-11-06,2025-11-13,Standard Double,7,16800,117600,OTA,completed
B00005380,G000269,R0002,A0028,2025-08-03,2025-11-01,2025-11-15,Ocean Suite,14,45800,641200,Direct,completed
B00005381,G000011,R0036,A0035,2024-03-31,2024-05-16,2024-05-30,Standard King,14,18400,257600,Loyalty,completed
B00005382,G002817,R0013,A0020,2025-07-08,2025-08-19,2025-08-30,Villa,11,59700,656700,Direct,completed
B00005383,G001849,R0020,A0014,2025-02-03,2025-02-07,2025-02-09,Ocean Suite,2,42700,85400,Direct,confirmed
B00005384,G001455,R0025,A0039,2025-12-13,2026-03-09,2026-03-22,Standard King,13,22600,293800,Direct,completed
B00005385,G002346,R0012,A0021,2025-08-18,2025-08-21,2025-08-26,Ocean Suite,5,41600,208000,Travel Agent,completed
B00005386,G001192,R0033,A0047,2024-08-29,2024-11-29,2024-12-02,Standard King,3,24100,72300,Corporate,completed
B00005387,G001454,R0021,A0038,2025-10-07,2025-10-17,2025-10-20,Villa,3,67700,203100,Corporate,completed
B00005388,G000632,R0004,A0028,2025-07-05,2025-08-23,2025-09-01,Ocean Suite,9,32100,288900,Travel Agent,completed
B00005389,G002620,R0012,A0047,2024-12-26,2025-04-14,2025-04-22,Standard King,8,22100,176800,Direct,confirmed
B00005390,G000075,R0014,A0051,2024-07-06,2024-10-27,2024-11-02,Standard Double,6,16500,99000,OTA,cancelled
B00005391,G000902,R0014,A0039,2025-09-12,2025-11-14,2025-11-19,Standard King,5,24100,120500,Direct,completed
B00005392,G002404,R0024,A0051,2025-09-18,2025-10-03,2025-10-08,Ocean Suite,5,46500,232500,Corporate,confirmed
B00005393,G000663,R0008,A0030,2024-01-15,2024-03-16,2024-03-17,Standard King,1,21600,21600,Travel Agent,confirmed
B00005394,G000197,R0015,A0058,2024-04-08,2024-05-23,2024-06-03,Standard King,11,23500,258500,Loyalty,completed
B00005395,G002026,R0018,A0035,2025-06-30,2025-09-13,2025-09-27,Standard King,14,16600,232400,Direct,confirmed
B00005396,G001317,R0011,A0022,2025-06-12,2025-08-10,2025-08-19,Standard King,9,23100,207900,Direct,completed
B00005397,G001855,R0002,A0015,2024-09-08,2025-01-06,2025-01-17,Standard King,11,15600,171600,Corporate,completed
B00005398,G001139,R0007,A0027,2025-12-02,2026-01-30,2026-02-08,Ocean Suite,9,41300,371700,Corporate,completed
B00005399,G001559,R0040,A0035,2024-12-27,2025-03-02,2025-03-08,Standard King,6,16400,98400,Corporate,no_show
B00005400,G000432,R0017,A0035,2025-07-31,2025-11-12,2025-11-25,Ocean Suite,13,32700,425100,Corporate,confirmed
B00005401,G000122,R0021,A0056,2024-03-22,2024-06-07,2024-06-20,Standard King,13,19600,254800,Loyalty,confirmed
B00005402,G001640,R0003,A0001,2024-07-06,2024-07-24,2024-07-30,Ocean Suite,6,45700,274200,Direct,completed
B00005403,G002431,R0035,A0042,2024-02-08,2024-04-25,2024-04-28,Standard King,3,20300,60900,Corporate,completed
B00005404,G002581,R0030,A0047,2024-01-20,2024-03-14,2024-03-21,Standard King,7,18500,129500,Travel Agent,cancelled
B00005405,G002063,R0021,A0038,2024-06-11,2024-06-29,2024-07-13,Standard King,14,21600,302400,OTA,confirmed
B00005406,G000289,R0018,A0023,2025-02-09,2025-04-28,2025-05-05,Standard King,7,19600,137200,Direct,completed
B00005407,G001302,R0015,A0008,2025-12-31,2026-01-06,2026-01-19,Villa,13,80200,1042600,Travel Agent,completed
B00005408,G001557,R0007,A0044,2024-12-26,2025-01-31,2025-02-06,Standard Double,6,19600,117600,Direct,completed
B00005409,G001370,R0032,A0040,2025-05-27,2025-08-17,2025-08-31,Standard Double,14,16100,225400,OTA,confirmed
B00005410,G000584,R0036,A0012,2024-01-14,2024-02-25,2024-02-29,Ocean Suite,4,46800,187200,Direct,confirmed
B00005411,G001831,R0033,A0021,2024-11-22,2025-03-13,2025-03-16,Ocean Suite,3,45600,136800,Direct,completed
B00005412,G000177,R0021,A0051,2025-11-19,2025-12-06,2025-12-12,Ocean Suite,6,35300,211800,Direct,confirmed
B00005413,G002726,R0012,A0051,2025-02-21,2025-03-31,2025-04-11,Standard Double,11,18400,202400,Direct,completed
B00005414,G000560,R0023,A0022,2025-05-11,2025-09-03,2025-09-08,Standard King,5,22900,114500,OTA,cancelled
B00005415,G000063,R0037,A0047,2024-09-13,2024-10-25,2024-10-30,Ocean Suite,5,30600,153000,OTA,confirmed
B00005416,G002143,R0040,A0033,2025-01-31,2025-05-14,2025-05-21,Standard Double,7,19700,137900,Travel Agent,confirmed
B00005417,G000052,R0036,A0039,2024-01-14,2024-03-08,2024-03-10,Standard Double,2,13800,27600,Direct,completed
B00005418,G000472,R0021,A0012,2025-02-24,2025-03-22,2025-03-28,Standard Double,6,19600,117600,Travel Agent,confirmed
B00005419,G001870,R0021,A0020,2025-06-24,2025-10-17,2025-10-26,Standard Double,9,18700,168300,Corporate,completed
B00005420,G001260,R0008,A0056,2024-05-16,2024-06-26,2024-07-08,Standard Double,12,16400,196800,Direct,completed
B00005421,G000046,R0027,A0001,2024-04-18,2024-05-27,2024-06-02,Standard King,6,17400,104400,Direct,confirmed
B00005422,G000412,R0003,A0017,2025-05-14,2025-07-29,2025-08-02,Ocean Suite,4,35400,141600,OTA,completed
B00005423,G002659,R0022,A0008,2024-10-02,2024-12-18,2024-12-19,Ocean Suite,1,33500,33500,Direct,completed
B00005424,G001939,R0023,A0045,2024-05-31,2024-09-02,2024-09-15,Standard King,13,19300,250900,Direct,completed
B00005425,G000718,R0027,A0044,2024-08-31,2024-11-04,2024-11-18,Standard Double,14,16700,233800,OTA,cancelled
B00005426,G000232,R0005,A0033,2024-07-12,2024-07-17,2024-07-30,Ocean Suite,13,38900,505700,Corporate,confirmed
B00005427,G002999,R0019,A0001,2024-12-28,2025-02-04,2025-02-17,Standard Double,13,15500,201500,OTA,confirmed
B00005428,G002495,R0011,A0012,2025-08-15,2025-08-25,2025-09-06,Ocean Suite,12,45300,543600,Direct,confirmed
B00005429,G002357,R0002,A0006,2025-12-05,2026-02-11,2026-02-14,Ocean Suite,3,37800,113400,Loyalty,completed
B00005430,G001626,R0036,A0029,2025-03-23,2025-04-08,2025-04-11,Standard King,3,19300,57900,Travel Agent,confirmed
B00005431,G001972,R0014,A0057,2024-12-09,2025-03-31,2025-04-10,Standard Double,10,14900,149000,OTA,completed
B00005432,G002057,R0024,A0023,2024-10-06,2024-12-31,2025-01-05,Standard King,5,23600,118000,OTA,completed
B00005433,G002570,R0020,A0055,2025-08-07,2025-08-18,2025-08-22,Standard King,4,17600,70400,Loyalty,completed
B00005434,G001147,R0017,A0021,2024-08-04,2024-08-13,2024-08-24,Standard King,11,15800,173800,OTA,completed
B00005435,G000539,R0037,A0038,2025-02-19,2025-05-29,2025-06-02,Standard King,4,15500,62000,Travel Agent,cancelled
B00005436,G000597,R0012,A0054,2024-06-08,2024-08-04,2024-08-16,Presidential,12,127900,1534800,OTA,completed
B00005437,G001942,R0035,A0049,2025-12-10,2026-01-17,2026-01-20,Standard King,3,16300,48900,OTA,completed
B00005438,G000108,R0023,A0032,2024-07-23,2024-08-30,2024-08-31,Standard Double,1,19100,19100,Travel Agent,confirmed
B00005439,G002616,R0026,A0010,2025-03-26,2025-06-18,2025-06-23,Standard Double,5,19900,99500,Direct,completed
B00005440,G001191,R0031,A0028,2024-06-15,2024-09-28,2024-10-07,Standard King,9,23000,207000,OTA,completed
B00005441,G002212,R0023,A0044,2025-02-12,2025-05-30,2025-06-09,Standard King,10,21600,216000,Direct,completed
B00005442,G000498,R0008,A0026,2024-02-12,2024-03-01,2024-03-10,Standard King,9,23400,210600,Loyalty,completed
B00005443,G001950,R0031,A0015,2024-11-02,2025-01-07,2025-01-08,Standard Double,1,13600,13600,Travel Agent,confirmed
B00005444,G000231,R0031,A0050,2025-10-05,2025-10-16,2025-10-23,Ocean Suite,7,46600,326200,OTA,completed
B00005445,G000459,R0029,A0031,2025-08-18,2025-10-08,2025-10-19,Villa,11,64000,704000,Corporate,cancelled
B00005446,G002251,R0022,A0056,2025-11-27,2026-03-12,2026-03-24,Ocean Suite,12,39200,470400,Direct,completed
B00005447,G002526,R0018,A0047,2025-06-03,2025-08-08,2025-08-15,Standard King,7,18400,128800,OTA,completed
B00005448,G001703,R0032,A0058,2025-03-07,2025-05-03,2025-05-07,Villa,4,61200,244800,Direct,confirmed
B00005449,G000620,R0006,A0006,2025-01-23,2025-04-02,2025-04-04,Standard Double,2,16600,33200,Direct,no_show
B00005450,G001397,R0034,A0044,2025-03-02,2025-06-06,2025-06-18,Standard Double,12,19600,235200,Direct,completed
B00005451,G000724,R0016,A0020,2024-11-07,2024-12-01,2024-12-05,Standard Double,4,14100,56400,Corporate,completed
B00005452,G000859,R0006,A0051,2025-02-07,2025-03-03,2025-03-11,Villa,8,76500,612000,OTA,cancelled
B00005453,G002248,R0001,A0046,2024-10-06,2025-01-08,2025-01-17,Standard Double,9,13900,125100,Direct,completed
B00005454,G001935,R0025,A0009,2025-01-18,2025-03-18,2025-03-29,Standard King,11,23400,257400,Direct,completed
B00005455,G000637,R0040,A0023,2025-09-20,2025-12-18,2025-12-29,Ocean Suite,11,43300,476300,Loyalty,confirmed
B00005456,G000983,R0023,A0011,2024-11-22,2025-03-13,2025-03-22,Standard Double,9,17800,160200,OTA,completed
B00005457,G002389,R0029,A0019,2024-03-13,2024-05-03,2024-05-15,Presidential,12,133300,1599600,Direct,completed
B00005458,G002749,R0004,A0051,2024-11-14,2025-01-14,2025-01-25,Standard King,11,22100,243100,Corporate,completed
B00005459,G001534,R0017,A0026,2025-06-14,2025-08-29,2025-09-08,Standard King,10,17400,174000,Corporate,completed
B00005460,G002523,R0018,A0038,2024-10-03,2024-10-06,2024-10-15,Ocean Suite,9,34400,309600,OTA,no_show
B00005461,G000569,R0002,A0040,2025-05-24,2025-07-22,2025-08-03,Presidential,12,119800,1437600,Loyalty,cancelled
B00005462,G002162,R0017,A0004,2025-05-24,2025-08-09,2025-08-18,Standard King,9,19500,175500,OTA,completed
B00005463,G001198,R0008,A0025,2024-06-17,2024-09-09,2024-09-10,Ocean Suite,1,46600,46600,Direct,completed
B00005464,G000344,R0021,A0009,2024-03-24,2024-06-16,2024-06-19,Standard King,3,22500,67500,OTA,cancelled
B00005465,G000440,R0016,A0036,2025-04-29,2025-07-11,2025-07-22,Standard Double,11,13800,151800,Loyalty,cancelled
B00005466,G001538,R0030,A0002,2025-09-28,2025-12-20,2025-12-21,Ocean Suite,1,35500,35500,Direct,completed
B00005467,G002500,R0039,A0050,2025-06-19,2025-10-01,2025-10-14,Ocean Suite,13,42600,553800,Loyalty,cancelled
B00005468,G001028,R0014,A0027,2025-03-16,2025-04-09,2025-04-19,Standard Double,10,17900,179000,Direct,completed
B00005469,G001943,R0011,A0026,2024-05-07,2024-05-31,2024-06-06,Standard Double,6,19000,114000,Direct,completed
B00005470,G001012,R0002,A0029,2024-12-03,2025-03-29,2025-04-03,Standard Double,5,12800,64000,OTA,completed
B00005471,G001058,R0025,A0018,2025-08-31,2025-11-28,2025-12-01,Standard King,3,18300,54900,OTA,completed
B00005472,G002239,R0020,A0027,2024-03-02,2024-03-03,2024-03-06,Standard King,3,15400,46200,Travel Agent,completed
B00005473,G002725,R0032,A0058,2025-01-17,2025-04-16,2025-04-26,Standard King,10,19000,190000,Travel Agent,completed
B00005474,G000627,R0008,A0058,2025-07-12,2025-10-09,2025-10-13,Standard King,4,23500,94000,Travel Agent,completed
B00005475,G001708,R0040,A0052,2025-06-08,2025-07-26,2025-08-03,Standard Double,8,19700,157600,Direct,completed
B00005476,G000964,R0039,A0015,2024-05-10,2024-07-11,2024-07-18,Standard Double,7,18800,131600,OTA,completed
B00005477,G000610,R0030,A0010,2024-12-12,2024-12-28,2024-12-31,Ocean Suite,3,38100,114300,OTA,confirmed
B00005478,G001545,R0004,A0041,2024-08-20,2024-11-06,2024-11-15,Standard King,9,20000,180000,OTA,completed
B00005479,G001024,R0039,A0046,2025-09-16,2025-12-28,2026-01-08,Villa,11,52500,577500,Travel Agent,completed
B00005480,G000402,R0001,A0026,2025-05-13,2025-07-11,2025-07-14,Villa,3,77800,233400,Direct,completed
B00005481,G001847,R0028,A0022,2025-08-28,2025-10-21,2025-11-02,Presidential,12,108700,1304400,Direct,completed
B00005482,G000340,R0011,A0036,2024-11-22,2025-02-09,2025-02-21,Villa,12,78400,940800,Corporate,completed
B00005483,G000018,R0001,A0045,2025-09-24,2025-10-31,2025-11-01,Presidential,1,116600,116600,OTA,confirmed
B00005484,G000206,R0015,A0027,2025-02-26,2025-05-27,2025-06-10,Presidential,14,117800,1649200,OTA,confirmed
B00005485,G002316,R0012,A0015,2025-01-17,2025-02-13,2025-02-16,Standard Double,3,16900,50700,OTA,completed
B00005486,G002376,R0009,A0039,2025-03-01,2025-06-04,2025-06-16,Standard Double,12,17600,211200,Corporate,completed
B00005487,G000404,R0010,A0043,2024-11-18,2025-01-09,2025-01-10,Standard King,1,21300,21300,Loyalty,completed
B00005488,G002326,R0034,A0031,2024-05-15,2024-07-18,2024-07-20,Standard Double,2,15400,30800,Direct,completed
B00005489,G002221,R0039,A0030,2024-01-17,2024-03-29,2024-04-06,Standard Double,8,19300,154400,Direct,completed
B00005490,G002442,R0014,A0028,2024-08-13,2024-10-26,2024-10-31,Ocean Suite,5,45100,225500,OTA,completed
B00005491,G000497,R0021,A0011,2024-03-04,2024-04-12,2024-04-21,Presidential,9,107700,969300,Corporate,completed
B00005492,G000931,R0038,A0047,2024-09-06,2024-09-16,2024-09-20,Standard Double,4,14200,56800,Loyalty,no_show
B00005493,G001142,R0009,A0048,2025-09-13,2025-10-09,2025-10-17,Ocean Suite,8,31700,253600,Loyalty,completed
B00005494,G000027,R0007,A0056,2024-09-12,2024-12-05,2024-12-06,Villa,1,77300,77300,Direct,completed
B00005495,G001918,R0040,A0045,2025-11-04,2025-12-26,2025-12-29,Standard King,3,20000,60000,OTA,completed
B00005496,G000287,R0033,A0010,2025-09-15,2026-01-09,2026-01-19,Ocean Suite,10,32700,327000,OTA,confirmed
B00005497,G002738,R0002,A0005,2025-03-02,2025-06-10,2025-06-17,Ocean Suite,7,46800,327600,Direct,confirmed
B00005498,G002159,R0022,A0025,2024-03-29,2024-04-08,2024-04-19,Standard King,11,17200,189200,OTA,confirmed
B00005499,G002119,R0039,A0009,2025-10-23,2025-11-12,2025-11-25,Standard King,13,18600,241800,Travel Agent,completed
B00005500,G002992,R0028,A0011,2024-10-03,2025-01-19,2025-01-27,Standard King,8,20600,164800,Travel Agent,completed
B00005501,G000816,R0029,A0055,2024-01-06,2024-03-16,2024-03-24,Ocean Suite,8,41500,332000,Corporate,completed
B00005502,G001455,R0011,A0043,2025-11-08,2025-12-15,2025-12-16,Standard Double,1,14700,14700,Corporate,cancelled
B00005503,G001499,R0030,A0028,2024-03-07,2024-05-09,2024-05-12,Standard Double,3,16400,49200,Travel Agent,confirmed
B00005504,G001361,R0025,A0021,2025-03-21,2025-04-28,2025-05-03,Standard King,5,20500,102500,Direct,completed
B00005505,G000052,R0012,A0017,2024-08-31,2024-09-07,2024-09-17,Standard King,10,23900,239000,OTA,confirmed
B00005506,G000096,R0028,A0013,2025-08-30,2025-12-10,2025-12-24,Villa,14,52300,732200,OTA,completed
B00005507,G001235,R0027,A0054,2024-11-14,2025-01-06,2025-01-20,Standard Double,14,15200,212800,Direct,completed
B00005508,G001138,R0033,A0013,2025-08-14,2025-11-07,2025-11-10,Villa,3,59000,177000,Direct,completed
B00005509,G002916,R0002,A0013,2025-05-14,2025-07-28,2025-08-08,Standard King,11,15500,170500,Direct,completed
B00005510,G001055,R0028,A0054,2025-09-15,2025-11-03,2025-11-08,Standard King,5,24000,120000,Direct,cancelled
B00005511,G000696,R0034,A0039,2025-12-12,2026-02-15,2026-02-22,Standard Double,7,17100,119700,OTA,confirmed
B00005512,G001479,R0013,A0055,2025-04-30,2025-05-17,2025-05-20,Ocean Suite,3,41400,124200,Travel Agent,completed
B00005513,G001171,R0030,A0038,2025-07-14,2025-07-23,2025-07-29,Standard Double,6,16700,100200,Loyalty,completed
B00005514,G001070,R0005,A0012,2025-01-15,2025-03-19,2025-03-23,Standard Double,4,17000,68000,OTA,completed
B00005515,G002124,R0015,A0011,2025-05-21,2025-09-08,2025-09-19,Ocean Suite,11,37400,411400,OTA,completed
B00005516,G000615,R0016,A0052,2025-11-09,2026-03-03,2026-03-17,Standard King,14,21200,296800,OTA,completed
B00005517,G000755,R0012,A0010,2024-09-05,2024-12-04,2024-12-07,Standard Double,3,13000,39000,OTA,completed
B00005518,G002585,R0040,A0037,2024-03-22,2024-04-09,2024-04-14,Standard King,5,18000,90000,Direct,completed
B00005519,G001360,R0034,A0018,2025-02-19,2025-05-20,2025-06-01,Standard Double,12,16000,192000,OTA,completed
B00005520,G001811,R0031,A0045,2024-03-22,2024-04-26,2024-05-03,Standard Double,7,14200,99400,OTA,confirmed
B00005521,G002139,R0003,A0008,2024-08-05,2024-11-19,2024-11-22,Standard Double,3,12800,38400,Loyalty,completed
B00005522,G000352,R0016,A0017,2025-07-05,2025-09-11,2025-09-13,Presidential,2,147100,294200,Corporate,completed
B00005523,G000397,R0004,A0010,2025-06-07,2025-07-29,2025-08-03,Villa,5,69200,346000,Direct,completed
B00005524,G001674,R0016,A0033,2024-03-31,2024-06-10,2024-06-21,Standard Double,11,16800,184800,OTA,completed
B00005525,G001516,R0023,A0015,2024-11-26,2025-01-08,2025-01-18,Standard Double,10,15400,154000,OTA,completed
B00005526,G000574,R0019,A0055,2024-01-03,2024-03-21,2024-03-24,Villa,3,76400,229200,OTA,confirmed
B00005527,G000355,R0029,A0052,2024-02-13,2024-04-03,2024-04-15,Ocean Suite,12,46100,553200,Travel Agent,completed
B00005528,G000654,R0014,A0043,2024-09-12,2024-10-28,2024-11-09,Standard King,12,17000,204000,OTA,cancelled
B00005529,G002887,R0025,A0031,2024-11-15,2025-03-08,2025-03-10,Villa,2,53400,106800,OTA,cancelled
B00005530,G002544,R0015,A0059,2025-10-13,2025-12-15,2025-12-18,Standard King,3,23800,71400,Corporate,completed
B00005531,G000780,R0030,A0038,2025-08-17,2025-12-06,2025-12-08,Standard King,2,23800,47600,OTA,completed
B00005532,G002832,R0024,A0013,2024-12-15,2025-02-27,2025-03-11,Ocean Suite,12,36000,432000,Travel Agent,confirmed
B00005533,G002288,R0040,A0011,2024-08-21,2024-11-13,2024-11-19,Standard King,6,16600,99600,Direct,completed
B00005534,G002984,R0011,A0046,2025-11-30,2026-02-07,2026-02-08,Standard King,1,22600,22600,Direct,completed
B00005535,G000868,R0038,A0038,2025-11-23,2025-12-17,2025-12-22,Standard Double,5,17400,87000,OTA,completed
B00005536,G002910,R0007,A0012,2025-03-07,2025-04-25,2025-05-05,Ocean Suite,10,33100,331000,Direct,completed
B00005537,G001258,R0040,A0018,2024-05-25,2024-08-28,2024-09-06,Standard King,9,20100,180900,Corporate,cancelled
B00005538,G001984,R0039,A0005,2025-10-25,2026-01-02,2026-01-05,Ocean Suite,3,32500,97500,OTA,completed
B00005539,G002401,R0011,A0009,2025-02-15,2025-03-17,2025-03-19,Standard Double,2,19000,38000,Direct,completed
B00005540,G000397,R0014,A0020,2025-05-06,2025-06-29,2025-06-30,Ocean Suite,1,40500,40500,Direct,cancelled
B00005541,G000621,R0002,A0018,2024-02-14,2024-05-09,2024-05-18,Villa,9,63700,573300,OTA,completed
B00005542,G001099,R0038,A0044,2024-09-12,2024-09-14,2024-09-26,Ocean Suite,12,43600,523200,Direct,completed
B00005543,G002067,R0013,A0008,2025-04-27,2025-08-09,2025-08-10,Standard Double,1,17600,17600,Corporate,completed
B00005544,G001536,R0009,A0047,2025-09-27,2026-01-16,2026-01-20,Standard King,4,16900,67600,Direct,confirmed
B00005545,G002352,R0032,A0019,2024-07-22,2024-09-28,2024-10-02,Standard King,4,16000,64000,Direct,completed
B00005546,G000106,R0018,A0020,2024-05-23,2024-08-04,2024-08-06,Villa,2,57300,114600,Direct,completed
B00005547,G001683,R0037,A0007,2024-11-30,2025-02-03,2025-02-16,Standard King,13,17600,228800,Direct,completed
B00005548,G001738,R0038,A0033,2025-02-17,2025-05-18,2025-05-22,Villa,4,66500,266000,Direct,completed
B00005549,G002699,R0002,A0051,2024-10-30,2024-12-18,2024-12-22,Ocean Suite,4,30100,120400,OTA,cancelled
B00005550,G000983,R0030,A0024,2024-08-11,2024-09-25,2024-10-05,Ocean Suite,10,34200,342000,Direct,no_show
B00005551,G000695,R0013,A0059,2025-10-22,2025-11-26,2025-12-07,Standard Double,11,14600,160600,Loyalty,confirmed
B00005552,G001189,R0034,A0050,2024-11-07,2024-12-09,2024-12-13,Ocean Suite,4,40500,162000,Direct,cancelled
B00005553,G001029,R0026,A0025,2024-11-12,2025-01-22,2025-01-28,Presidential,6,160000,960000,Corporate,confirmed
B00005554,G002930,R0033,A0023,2024-11-19,2024-12-04,2024-12-07,Standard Double,3,19300,57900,Travel Agent,completed
B00005555,G002968,R0015,A0052,2025-05-23,2025-05-25,2025-06-07,Ocean Suite,13,45900,596700,OTA,completed
B00005556,G001140,R0006,A0054,2024-06-29,2024-10-25,2024-10-29,Ocean Suite,4,39100,156400,Direct,completed
B00005557,G000637,R0036,A0011,2024-12-29,2025-04-07,2025-04-16,Standard King,9,21600,194400,Direct,completed
B00005558,G001262,R0020,A0047,2024-06-23,2024-09-17,2024-09-26,Standard King,9,18000,162000,OTA,completed
B00005559,G000414,R0022,A0023,2025-08-15,2025-10-17,2025-10-30,Standard King,13,17000,221000,Travel Agent,completed
B00005560,G000558,R0027,A0036,2025-12-07,2026-03-10,2026-03-24,Standard King,14,20100,281400,Direct,completed
B00005561,G000089,R0006,A0025,2024-01-23,2024-02-10,2024-02-17,Standard Double,7,17800,124600,OTA,completed
B00005562,G001909,R0038,A0053,2025-02-15,2025-03-19,2025-03-27,Standard Double,8,15300,122400,OTA,confirmed
B00005563,G001569,R0039,A0013,2025-01-26,2025-03-24,2025-03-26,Standard King,2,16700,33400,OTA,completed
B00005564,G000334,R0037,A0042,2025-07-03,2025-09-02,2025-09-13,Standard Double,11,19300,212300,Travel Agent,completed
B00005565,G000405,R0031,A0023,2024-08-09,2024-08-19,2024-09-01,Villa,13,60800,790400,Travel Agent,completed
B00005566,G001032,R0037,A0059,2025-05-02,2025-07-27,2025-08-04,Presidential,8,135200,1081600,Direct,completed
B00005567,G000348,R0014,A0018,2024-04-15,2024-05-09,2024-05-13,Villa,4,59900,239600,OTA,completed
B00005568,G002823,R0026,A0030,2024-06-08,2024-09-09,2024-09-23,Standard King,14,23900,334600,Corporate,completed
B00005569,G001293,R0015,A0031,2024-01-13,2024-01-29,2024-02-10,Standard Double,12,15100,181200,OTA,completed
B00005570,G001921,R0012,A0036,2025-12-25,2026-01-25,2026-01-31,Standard Double,6,18900,113400,OTA,completed
B00005571,G002375,R0040,A0055,2025-11-01,2026-01-16,2026-01-17,Standard Double,1,14800,14800,Direct,completed
B00005572,G002822,R0032,A0019,2024-10-11,2024-12-18,2024-12-28,Standard Double,10,13600,136000,Loyalty,completed
B00005573,G001490,R0019,A0014,2025-07-02,2025-08-01,2025-08-15,Standard King,14,24200,338800,Direct,completed
B00005574,G001769,R0029,A0041,2024-01-26,2024-02-27,2024-03-10,Ocean Suite,12,43000,516000,OTA,completed
B00005575,G001966,R0024,A0010,2024-10-09,2025-01-14,2025-01-25,Standard King,11,16000,176000,Direct,completed
B00005576,G000491,R0034,A0004,2025-07-15,2025-11-03,2025-11-04,Standard Double,1,16400,16400,Travel Agent,confirmed
B00005577,G001712,R0012,A0047,2024-01-19,2024-01-23,2024-01-26,Presidential,3,127400,382200,Corporate,completed
B00005578,G002603,R0034,A0037,2025-11-06,2025-12-09,2025-12-12,Ocean Suite,3,36400,109200,Corporate,completed
B00005579,G000659,R0002,A0054,2025-07-28,2025-08-16,2025-08-22,Presidential,6,148600,891600,OTA,confirmed
B00005580,G002146,R0035,A0019,2024-03-04,2024-04-03,2024-04-04,Standard King,1,18400,18400,OTA,confirmed
B00005581,G000621,R0027,A0030,2024-07-13,2024-09-28,2024-09-29,Ocean Suite,1,45100,45100,Loyalty,completed
B00005582,G002060,R0005,A0014,2024-07-23,2024-11-08,2024-11-19,Ocean Suite,11,30900,339900,OTA,completed
B00005583,G000730,R0030,A0027,2024-01-02,2024-02-26,2024-03-07,Ocean Suite,10,42100,421000,Loyalty,confirmed
B00005584,G001606,R0039,A0031,2024-05-03,2024-07-04,2024-07-18,Standard King,14,16500,231000,OTA,confirmed
B00005585,G001432,R0008,A0019,2025-07-20,2025-11-01,2025-11-10,Standard King,9,16400,147600,Direct,completed
B00005586,G000162,R0038,A0044,2024-01-14,2024-04-09,2024-04-23,Standard King,14,20500,287000,OTA,completed
B00005587,G000150,R0014,A0039,2025-03-09,2025-06-04,2025-06-05,Standard Double,1,16300,16300,Corporate,completed
B00005588,G000196,R0039,A0032,2024-07-13,2024-08-16,2024-08-22,Standard King,6,18600,111600,Loyalty,confirmed
B00005589,G001638,R0017,A0059,2025-11-17,2026-02-24,2026-03-06,Standard King,10,22700,227000,Direct,completed
B00005590,G000040,R0033,A0015,2024-11-12,2025-03-02,2025-03-13,Standard King,11,17700,194700,Direct,completed
B00005591,G002432,R0003,A0005,2024-08-11,2024-10-21,2024-11-03,Standard Double,13,20000,260000,OTA,completed
B00005592,G002447,R0007,A0005,2024-10-21,2024-11-15,2024-11-22,Standard King,7,19700,137900,OTA,completed
B00005593,G000290,R0022,A0014,2025-06-28,2025-10-26,2025-11-09,Standard Double,14,17500,245000,Direct,completed
B00005594,G001606,R0013,A0022,2024-07-23,2024-08-29,2024-09-06,Standard King,8,23600,188800,OTA,completed
B00005595,G001770,R0035,A0048,2025-08-31,2025-10-21,2025-10-27,Standard King,6,18800,112800,Loyalty,completed
B00005596,G000139,R0020,A0049,2025-04-27,2025-06-25,2025-06-27,Ocean Suite,2,44700,89400,Direct,no_show
B00005597,G001813,R0006,A0013,2024-04-12,2024-06-16,2024-06-20,Ocean Suite,4,45300,181200,Corporate,completed
B00005598,G002240,R0004,A0046,2024-02-13,2024-04-10,2024-04-18,Standard Double,8,15500,124000,Travel Agent,cancelled
B00005599,G002779,R0039,A0006,2025-09-23,2025-10-16,2025-10-25,Standard Double,9,17800,160200,Direct,confirmed
B00005600,G000966,R0015,A0035,2024-09-24,2024-11-26,2024-12-10,Standard Double,14,13800,193200,Direct,confirmed
B00005601,G002180,R0004,A0005,2025-02-25,2025-02-28,2025-03-06,Standard King,6,18200,109200,Direct,confirmed
B00005602,G000396,R0026,A0005,2025-12-15,2026-04-04,2026-04-09,Standard King,5,19400,97000,OTA,completed
B00005603,G001980,R0026,A0013,2024-11-03,2025-01-29,2025-02-05,Ocean Suite,7,36300,254100,Direct,no_show
B00005604,G000384,R0028,A0011,2025-07-31,2025-10-10,2025-10-24,Standard Double,14,14500,203000,Travel Agent,confirmed
B00005605,G001815,R0017,A0037,2024-03-03,2024-04-29,2024-05-01,Standard Double,2,13700,27400,OTA,completed
B00005606,G000788,R0002,A0056,2024-10-19,2024-11-11,2024-11-20,Ocean Suite,9,35300,317700,Travel Agent,completed
B00005607,G000747,R0001,A0060,2025-03-26,2025-06-13,2025-06-15,Ocean Suite,2,47100,94200,Direct,completed
B00005608,G000940,R0006,A0001,2025-08-27,2025-12-18,2025-12-22,Standard King,4,16300,65200,Direct,completed
B00005609,G002955,R0031,A0020,2024-05-12,2024-05-31,2024-06-02,Standard Double,2,20000,40000,OTA,completed
B00005610,G002764,R0025,A0054,2025-03-30,2025-06-24,2025-07-03,Ocean Suite,9,35700,321300,Corporate,confirmed
B00005611,G001566,R0016,A0040,2025-11-16,2026-01-25,2026-01-28,Standard King,3,15900,47700,Corporate,completed
B00005612,G002110,R0021,A0048,2024-06-21,2024-08-02,2024-08-03,Standard Double,1,18700,18700,Direct,completed
B00005613,G000388,R0011,A0038,2024-09-22,2024-11-06,2024-11-11,Villa,5,65000,325000,Travel Agent,completed
B00005614,G002877,R0021,A0038,2025-01-02,2025-03-27,2025-04-09,Villa,13,56700,737100,Loyalty,completed
B00005615,G002667,R0030,A0033,2025-10-18,2025-11-02,2025-11-16,Standard King,14,21800,305200,Direct,completed
B00005616,G002573,R0006,A0026,2025-04-17,2025-05-08,2025-05-12,Villa,4,80300,321200,OTA,completed
B00005617,G001300,R0024,A0005,2024-08-11,2024-09-17,2024-09-28,Standard King,11,19100,210100,Corporate,completed
B00005618,G000392,R0020,A0027,2025-03-31,2025-05-06,2025-05-12,Standard King,6,17000,102000,OTA,confirmed
B00005619,G000036,R0006,A0015,2024-01-06,2024-02-26,2024-03-01,Standard King,4,20600,82400,Corporate,completed
B00005620,G002226,R0025,A0008,2024-04-23,2024-06-09,2024-06-17,Standard Double,8,16000,128000,Loyalty,cancelled
B00005621,G002596,R0002,A0042,2024-11-10,2025-01-08,2025-01-14,Standard King,6,17000,102000,Corporate,confirmed
B00005622,G002332,R0015,A0011,2024-01-06,2024-04-21,2024-04-22,Ocean Suite,1,42900,42900,Travel Agent,confirmed
B00005623,G002076,R0023,A0044,2024-06-03,2024-06-21,2024-06-23,Villa,2,76900,153800,Corporate,completed
B00005624,G001408,R0035,A0037,2024-02-20,2024-04-10,2024-04-17,Ocean Suite,7,40200,281400,Travel Agent,completed
B00005625,G002966,R0002,A0036,2024-04-10,2024-05-19,2024-05-30,Standard Double,11,19400,213400,Corporate,confirmed
B00005626,G001258,R0031,A0048,2024-09-25,2024-11-27,2024-12-09,Standard King,12,19600,235200,Travel Agent,confirmed
B00005627,G001814,R0035,A0038,2025-02-12,2025-06-06,2025-06-10,Standard Double,4,15500,62000,Direct,completed
B00005628,G000299,R0030,A0002,2024-12-22,2025-01-08,2025-01-18,Standard King,10,22100,221000,OTA,confirmed
B00005629,G000108,R0022,A0015,2024-10-10,2024-11-18,2024-11-24,Standard Double,6,18500,111000,Corporate,completed
B00005630,G001231,R0009,A0041,2024-08-02,2024-08-28,2024-09-03,Standard King,6,20100,120600,Travel Agent,completed
B00005631,G002558,R0027,A0048,2025-06-26,2025-08-13,2025-08-16,Villa,3,51700,155100,OTA,completed
B00005632,G001893,R0005,A0037,2024-10-05,2024-11-26,2024-12-02,Presidential,6,114300,685800,Travel Agent,completed
B00005633,G001612,R0029,A0041,2024-04-03,2024-07-16,2024-07-28,Standard Double,12,20000,240000,OTA,completed
B00005634,G002046,R0003,A0035,2024-11-14,2024-11-19,2024-11-22,Presidential,3,137300,411900,Direct,completed
B00005635,G002500,R0016,A0005,2024-01-22,2024-03-31,2024-04-06,Standard Double,6,19500,117000,OTA,completed
B00005636,G000517,R0025,A0023,2024-02-24,2024-04-23,2024-05-01,Standard King,8,20000,160000,OTA,completed
B00005637,G002829,R0006,A0006,2025-11-07,2026-01-27,2026-02-03,Presidential,7,105100,735700,Travel Agent,completed
B00005638,G001892,R0032,A0049,2025-08-26,2025-12-17,2025-12-25,Standard King,8,23600,188800,Travel Agent,completed
B00005639,G000514,R0039,A0034,2025-03-25,2025-04-13,2025-04-20,Ocean Suite,7,44200,309400,OTA,completed
B00005640,G001260,R0012,A0053,2024-04-17,2024-07-31,2024-08-12,Ocean Suite,12,47200,566400,OTA,confirmed
B00005641,G002094,R0035,A0032,2025-11-29,2026-02-14,2026-02-17,Standard King,3,20400,61200,OTA,completed
B00005642,G000507,R0023,A0019,2025-10-02,2025-11-18,2025-11-26,Standard King,8,19200,153600,OTA,completed
B00005643,G001426,R0028,A0051,2024-12-06,2025-03-26,2025-04-01,Villa,6,58800,352800,Loyalty,completed
B00005644,G002435,R0004,A0039,2024-12-19,2025-01-18,2025-01-21,Standard King,3,20400,61200,Corporate,completed
B00005645,G001559,R0033,A0047,2025-01-12,2025-02-15,2025-02-24,Standard King,9,17300,155700,OTA,completed
B00005646,G002103,R0024,A0006,2025-11-05,2025-12-30,2026-01-09,Standard Double,10,15200,152000,OTA,completed
B00005647,G001872,R0003,A0040,2025-12-17,2026-01-31,2026-02-09,Standard Double,9,19900,179100,Direct,no_show
B00005648,G002723,R0017,A0043,2025-08-17,2025-10-03,2025-10-17,Villa,14,80600,1128400,Direct,confirmed
B00005649,G000033,R0003,A0013,2025-05-25,2025-09-02,2025-09-13,Ocean Suite,11,38800,426800,Direct,completed
B00005650,G002234,R0028,A0021,2025-06-06,2025-08-06,2025-08-16,Presidential,10,113500,1135000,Corporate,cancelled
B00005651,G001813,R0031,A0002,2025-06-18,2025-08-18,2025-08-19,Standard King,1,21200,21200,Corporate,confirmed
B00005652,G000232,R0025,A0041,2025-03-17,2025-06-14,2025-06-15,Ocean Suite,1,38900,38900,Loyalty,confirmed
B00005653,G000083,R0026,A0032,2024-12-17,2025-04-09,2025-04-17,Ocean Suite,8,45500,364000,Direct,completed
B00005654,G002679,R0005,A0034,2024-06-04,2024-07-28,2024-07-29,Ocean Suite,1,32900,32900,Loyalty,completed
B00005655,G002386,R0039,A0003,2024-02-25,2024-06-07,2024-06-12,Standard King,5,16600,83000,OTA,completed
B00005656,G002600,R0022,A0003,2025-10-02,2025-11-05,2025-11-18,Standard King,13,19600,254800,Travel Agent,confirmed
B00005657,G002634,R0015,A0040,2024-11-30,2025-03-11,2025-03-14,Standard King,3,22600,67800,Loyalty,cancelled
B00005658,G001497,R0014,A0010,2025-03-06,2025-07-03,2025-07-05,Villa,2,66200,132400,Corporate,completed
B00005659,G001968,R0030,A0054,2024-11-09,2024-12-19,2024-12-21,Standard Double,2,19600,39200,OTA,completed
B00005660,G002864,R0034,A0053,2025-10-03,2026-01-26,2026-01-31,Standard Double,5,13300,66500,Travel Agent,completed
B00005661,G002266,R0021,A0025,2024-06-23,2024-09-18,2024-10-02,Standard Double,14,16700,233800,Corporate,confirmed
B00005662,G000353,R0002,A0059,2025-10-12,2025-11-19,2025-11-25,Villa,6,51400,308400,Direct,completed
B00005663,G000423,R0038,A0006,2025-10-14,2025-11-05,2025-11-14,Standard Double,9,17900,161100,Direct,confirmed
B00005664,G001721,R0003,A0006,2024-01-30,2024-02-12,2024-02-19,Standard King,7,20700,144900,Travel Agent,confirmed
B00005665,G000563,R0016,A0021,2025-01-04,2025-02-04,2025-02-12,Standard King,8,18000,144000,Direct,confirmed
B00005666,G000050,R0001,A0036,2025-08-22,2025-11-05,2025-11-11,Standard Double,6,13900,83400,Travel Agent,completed
B00005667,G002638,R0038,A0050,2025-12-06,2026-03-09,2026-03-16,Standard King,7,15400,107800,Direct,completed
B00005668,G002220,R0022,A0008,2025-05-27,2025-06-26,2025-06-30,Standard Double,4,17400,69600,OTA,completed
B00005669,G002447,R0025,A0015,2025-07-12,2025-10-15,2025-10-22,Standard King,7,17200,120400,Direct,completed
B00005670,G001481,R0021,A0019,2024-07-14,2024-09-21,2024-09-30,Villa,9,55600,500400,Travel Agent,completed
B00005671,G001988,R0037,A0021,2024-11-08,2025-03-04,2025-03-08,Presidential,4,110600,442400,OTA,completed
B00005672,G002356,R0003,A0030,2025-07-21,2025-10-27,2025-10-29,Standard King,2,18500,37000,Travel Agent,completed
B00005673,G002761,R0033,A0025,2024-08-09,2024-09-12,2024-09-18,Standard Double,6,14000,84000,OTA,completed
B00005674,G002647,R0033,A0019,2025-08-24,2025-11-02,2025-11-04,Standard King,2,21000,42000,Corporate,completed
B00005675,G002155,R0027,A0035,2024-01-31,2024-03-18,2024-03-19,Ocean Suite,1,35000,35000,Direct,completed
B00005676,G000159,R0002,A0042,2024-01-25,2024-05-02,2024-05-06,Standard King,4,15700,62800,OTA,completed
B00005677,G001609,R0012,A0034,2024-08-15,2024-09-01,2024-09-06,Standard Double,5,18700,93500,OTA,confirmed
B00005678,G002758,R0003,A0046,2024-02-12,2024-06-06,2024-06-09,Standard Double,3,15000,45000,Travel Agent,completed
B00005679,G001654,R0005,A0019,2025-10-06,2025-10-19,2025-10-27,Villa,8,73000,584000,Corporate,completed
B00005680,G000513,R0032,A0050,2024-04-26,2024-06-28,2024-07-09,Standard King,11,20100,221100,OTA,completed
B00005681,G002400,R0035,A0032,2024-10-21,2025-01-08,2025-01-12,Standard King,4,17000,68000,Loyalty,completed
B00005682,G001899,R0036,A0002,2024-06-13,2024-10-04,2024-10-12,Standard King,8,18300,146400,OTA,completed
B00005683,G001007,R0017,A0045,2024-10-23,2024-11-10,2024-11-24,Presidential,14,159900,2238600,OTA,completed
B00005684,G002869,R0014,A0046,2024-10-18,2024-12-02,2024-12-03,Standard King,1,22800,22800,Corporate,completed
B00005685,G000279,R0011,A0028,2025-04-28,2025-06-15,2025-06-17,Standard Double,2,14600,29200,OTA,completed
B00005686,G000892,R0010,A0005,2025-03-15,2025-06-20,2025-07-01,Standard King,11,20700,227700,OTA,completed
B00005687,G002640,R0018,A0044,2024-10-23,2024-12-05,2024-12-07,Villa,2,79500,159000,Direct,completed
B00005688,G000031,R0027,A0028,2025-04-02,2025-07-30,2025-08-11,Standard Double,12,14900,178800,Travel Agent,confirmed
B00005689,G002950,R0040,A0010,2024-08-28,2024-12-23,2024-12-27,Standard King,4,20200,80800,OTA,completed
B00005690,G000309,R0009,A0013,2024-04-13,2024-07-06,2024-07-09,Standard Double,3,13800,41400,Corporate,completed
B00005691,G001583,R0032,A0020,2024-11-29,2025-01-12,2025-01-13,Standard Double,1,15100,15100,Direct,completed
B00005692,G000037,R0021,A0043,2025-07-02,2025-08-18,2025-08-30,Ocean Suite,12,30800,369600,OTA,confirmed
B00005693,G001049,R0024,A0014,2024-06-24,2024-08-07,2024-08-12,Ocean Suite,5,46900,234500,Corporate,completed
B00005694,G002298,R0019,A0050,2024-01-25,2024-05-09,2024-05-15,Standard Double,6,15900,95400,Corporate,completed
B00005695,G000409,R0011,A0003,2025-06-16,2025-08-26,2025-09-05,Standard Double,10,19200,192000,Direct,completed
B00005696,G002123,R0011,A0053,2025-03-08,2025-05-02,2025-05-16,Presidential,14,151500,2121000,Corporate,completed
B00005697,G002252,R0038,A0053,2024-12-28,2025-04-12,2025-04-26,Villa,14,69500,973000,Direct,completed
B00005698,G000965,R0011,A0041,2025-07-23,2025-10-22,2025-11-04,Standard Double,13,13600,176800,OTA,completed
B00005699,G000201,R0029,A0016,2025-06-02,2025-09-15,2025-09-24,Villa,9,58700,528300,Travel Agent,completed
B00005700,G000058,R0018,A0028,2024-02-12,2024-02-23,2024-03-07,Standard King,13,18500,240500,Loyalty,confirmed
B00005701,G002231,R0033,A0018,2025-01-14,2025-02-27,2025-03-07,Ocean Suite,8,41000,328000,Direct,completed
B00005702,G000427,R0017,A0002,2024-10-19,2024-12-21,2024-12-28,Standard Double,7,20100,140700,Direct,completed
B00005703,G000690,R0020,A0021,2025-08-10,2025-12-07,2025-12-15,Ocean Suite,8,31500,252000,Travel Agent,confirmed
B00005704,G001328,R0029,A0057,2024-01-08,2024-05-04,2024-05-14,Standard King,10,21000,210000,Travel Agent,confirmed
B00005705,G001810,R0031,A0031,2024-06-09,2024-09-28,2024-09-30,Standard Double,2,20000,40000,Direct,confirmed
B00005706,G001473,R0013,A0017,2024-10-02,2024-11-30,2024-12-10,Ocean Suite,10,32100,321000,Loyalty,completed
B00005707,G001758,R0037,A0023,2024-04-19,2024-06-09,2024-06-21,Standard Double,12,19800,237600,OTA,confirmed
B00005708,G002759,R0008,A0049,2024-02-17,2024-06-13,2024-06-16,Standard Double,3,18300,54900,Direct,confirmed
B00005709,G000574,R0003,A0024,2025-05-25,2025-06-17,2025-06-21,Ocean Suite,4,38400,153600,OTA,cancelled
B00005710,G002802,R0031,A0036,2024-02-27,2024-03-14,2024-03-20,Standard King,6,22600,135600,Direct,completed
B00005711,G002337,R0034,A0013,2025-05-11,2025-08-12,2025-08-21,Ocean Suite,9,37500,337500,Direct,cancelled
B00005712,G002631,R0021,A0037,2024-03-23,2024-04-29,2024-05-04,Standard King,5,15400,77000,Corporate,completed
B00005713,G001046,R0037,A0008,2024-06-11,2024-08-13,2024-08-18,Standard King,5,21400,107000,OTA,completed
B00005714,G001976,R0035,A0010,2024-08-10,2024-10-08,2024-10-20,Standard King,12,17600,211200,OTA,confirmed
B00005715,G001312,R0034,A0056,2024-01-19,2024-02-26,2024-03-06,Standard Double,9,13100,117900,OTA,completed
B00005716,G000127,R0009,A0018,2025-06-04,2025-06-21,2025-06-30,Standard King,9,22700,204300,Travel Agent,completed
B00005717,G000628,R0034,A0021,2025-07-25,2025-11-17,2025-11-27,Ocean Suite,10,44500,445000,OTA,confirmed
B00005718,G001445,R0035,A0011,2025-05-16,2025-09-09,2025-09-23,Standard King,14,18500,259000,OTA,confirmed
B00005719,G001567,R0029,A0035,2025-11-02,2026-01-18,2026-01-19,Standard King,1,16300,16300,Corporate,confirmed
B00005720,G002683,R0038,A0033,2024-07-11,2024-08-07,2024-08-14,Standard Double,7,17100,119700,OTA,completed
B00005721,G001508,R0002,A0041,2025-01-23,2025-03-04,2025-03-09,Standard King,5,20200,101000,OTA,completed
B00005722,G001300,R0035,A0030,2025-10-21,2025-12-29,2026-01-10,Standard King,12,21400,256800,Direct,confirmed
B00005723,G002610,R0032,A0016,2024-06-07,2024-06-08,2024-06-17,Presidential,9,144100,1296900,Loyalty,confirmed
B00005724,G001936,R0038,A0019,2024-08-26,2024-09-07,2024-09-09,Villa,2,68800,137600,Corporate,completed
B00005725,G001758,R0013,A0016,2024-06-25,2024-09-05,2024-09-14,Ocean Suite,9,42600,383400,OTA,confirmed
B00005726,G001427,R0037,A0027,2024-06-12,2024-09-03,2024-09-10,Ocean Suite,7,44600,312200,Direct,completed
B00005727,G002767,R0009,A0042,2025-03-29,2025-06-30,2025-07-14,Villa,14,67800,949200,Travel Agent,completed
B00005728,G000833,R0037,A0005,2025-04-12,2025-08-10,2025-08-15,Standard King,5,16700,83500,Corporate,confirmed
B00005729,G002798,R0022,A0003,2025-06-30,2025-07-23,2025-07-26,Ocean Suite,3,29900,89700,Travel Agent,completed
B00005730,G002359,R0009,A0017,2025-11-19,2025-11-23,2025-12-07,Standard Double,14,19900,278600,Loyalty,completed
B00005731,G001718,R0014,A0023,2025-04-23,2025-05-12,2025-05-13,Standard Double,1,19200,19200,Direct,completed
B00005732,G000573,R0018,A0048,2025-04-23,2025-05-16,2025-05-19,Standard King,3,20400,61200,OTA,completed
B00005733,G001162,R0005,A0030,2025-11-09,2026-01-18,2026-01-31,Standard Double,13,15800,205400,Direct,no_show
B00005734,G000978,R0027,A0018,2025-10-03,2025-12-11,2025-12-21,Standard King,10,22200,222000,Direct,completed
B00005735,G000172,R0037,A0041,2024-03-12,2024-05-02,2024-05-14,Ocean Suite,12,36100,433200,Direct,completed
B00005736,G002803,R0019,A0014,2025-03-16,2025-05-06,2025-05-17,Standard Double,11,16000,176000,OTA,confirmed
B00005737,G000985,R0001,A0014,2025-01-01,2025-01-04,2025-01-09,Standard Double,5,18500,92500,Direct,no_show
B00005738,G001663,R0029,A0051,2024-12-23,2024-12-28,2025-01-07,Ocean Suite,10,30300,303000,Direct,confirmed
B00005739,G002853,R0013,A0054,2025-09-29,2025-12-21,2025-12-28,Villa,7,77600,543200,Direct,confirmed
B00005740,G001987,R0022,A0045,2025-01-20,2025-02-20,2025-03-03,Presidential,11,115100,1266100,Direct,completed
B00005741,G000482,R0003,A0028,2025-09-13,2025-10-12,2025-10-26,Standard Double,14,19000,266000,Travel Agent,completed
B00005742,G002625,R0004,A0060,2024-03-23,2024-06-02,2024-06-10,Ocean Suite,8,30900,247200,Corporate,completed
B00005743,G001997,R0022,A0025,2025-11-24,2025-12-16,2025-12-21,Standard King,5,19300,96500,Direct,completed
B00005744,G001878,R0030,A0008,2025-11-16,2025-11-25,2025-11-29,Standard Double,4,15300,61200,Loyalty,confirmed
B00005745,G000908,R0008,A0017,2025-02-26,2025-04-03,2025-04-12,Standard Double,9,14400,129600,OTA,no_show
B00005746,G001956,R0033,A0041,2025-12-07,2025-12-09,2025-12-10,Villa,1,62000,62000,Loyalty,completed
B00005747,G001024,R0021,A0059,2024-08-29,2024-10-02,2024-10-07,Standard King,5,23100,115500,Corporate,cancelled
B00005748,G002350,R0002,A0041,2024-05-22,2024-06-11,2024-06-20,Villa,9,69300,623700,Direct,completed
B00005749,G000802,R0010,A0037,2024-08-15,2024-11-09,2024-11-10,Villa,1,51300,51300,Corporate,completed
B00005750,G001595,R0001,A0003,2024-05-21,2024-06-07,2024-06-12,Standard King,5,23900,119500,Travel Agent,completed
B00005751,G000104,R0028,A0039,2025-10-13,2026-02-01,2026-02-04,Standard Double,3,19200,57600,Direct,completed
B00005752,G002286,R0003,A0044,2024-07-09,2024-07-12,2024-07-26,Standard Double,14,14000,196000,Loyalty,completed
B00005753,G002363,R0022,A0014,2025-06-22,2025-07-17,2025-07-29,Villa,12,59600,715200,Direct,completed
B00005754,G002197,R0040,A0003,2024-12-18,2025-02-10,2025-02-15,Standard King,5,21100,105500,OTA,cancelled
B00005755,G000597,R0015,A0008,2024-09-26,2024-12-02,2024-12-06,Ocean Suite,4,39000,156000,Loyalty,no_show
B00005756,G001247,R0021,A0050,2024-12-11,2025-02-07,2025-02-11,Standard King,4,20300,81200,OTA,completed
B00005757,G000751,R0005,A0027,2025-01-11,2025-02-04,2025-02-08,Standard King,4,21200,84800,Corporate,completed
B00005758,G002606,R0013,A0046,2024-09-25,2024-12-13,2024-12-18,Standard King,5,22200,111000,Direct,confirmed
B00005759,G002124,R0032,A0013,2025-10-25,2026-02-01,2026-02-10,Standard Double,9,12800,115200,OTA,completed
B00005760,G002720,R0015,A0043,2025-09-16,2025-10-30,2025-11-04,Ocean Suite,5,30100,150500,Loyalty,completed
B00005761,G001715,R0036,A0036,2025-08-22,2025-10-08,2025-10-10,Standard King,2,21900,43800,Corporate,confirmed
B00005762,G002786,R0002,A0050,2024-08-26,2024-11-01,2024-11-15,Standard King,14,23400,327600,Direct,completed
B00005763,G000208,R0036,A0004,2025-08-03,2025-08-26,2025-09-09,Standard Double,14,14000,196000,Corporate,cancelled
B00005764,G001907,R0019,A0007,2025-05-30,2025-08-13,2025-08-27,Standard King,14,18600,260400,Loyalty,confirmed
B00005765,G000910,R0024,A0024,2025-06-06,2025-08-07,2025-08-08,Standard Double,1,19800,19800,Direct,completed
B00005766,G002903,R0013,A0009,2025-06-16,2025-07-16,2025-07-24,Standard King,8,18600,148800,OTA,completed
B00005767,G001606,R0010,A0019,2025-02-18,2025-02-26,2025-03-03,Standard Double,5,17200,86000,OTA,completed
B00005768,G000277,R0007,A0003,2025-03-20,2025-06-11,2025-06-12,Standard Double,1,18200,18200,Travel Agent,completed
B00005769,G002524,R0007,A0058,2024-08-08,2024-12-05,2024-12-11,Standard King,6,21600,129600,Direct,completed
B00005770,G000496,R0005,A0023,2025-07-17,2025-10-23,2025-11-05,Presidential,13,109300,1420900,Direct,confirmed
B00005771,G000988,R0018,A0029,2025-08-03,2025-11-06,2025-11-16,Standard King,10,17300,173000,OTA,completed
B00005772,G002026,R0022,A0053,2024-06-02,2024-08-12,2024-08-24,Standard Double,12,16800,201600,Travel Agent,completed
B00005773,G000472,R0012,A0025,2025-12-22,2026-01-17,2026-01-31,Standard Double,14,14700,205800,Travel Agent,completed
B00005774,G002314,R0037,A0021,2024-08-22,2024-09-11,2024-09-21,Standard Double,10,15000,150000,Travel Agent,confirmed
B00005775,G002810,R0025,A0016,2024-05-23,2024-06-04,2024-06-13,Standard King,9,15400,138600,Corporate,confirmed
B00005776,G000176,R0027,A0007,2025-07-25,2025-11-21,2025-12-04,Ocean Suite,13,34900,453700,OTA,cancelled
B00005777,G002392,R0039,A0033,2025-06-23,2025-09-04,2025-09-11,Ocean Suite,7,32500,227500,OTA,cancelled
B00005778,G000240,R0036,A0033,2024-11-10,2025-01-23,2025-02-03,Standard Double,11,13900,152900,Direct,no_show
B00005779,G001341,R0008,A0051,2024-08-14,2024-10-31,2024-11-12,Standard King,12,17200,206400,Loyalty,completed
B00005780,G002712,R0033,A0022,2025-05-10,2025-06-23,2025-06-25,Standard Double,2,14500,29000,Corporate,completed
B00005781,G002817,R0038,A0029,2024-09-09,2024-09-23,2024-09-28,Standard Double,5,14100,70500,Travel Agent,completed
B00005782,G000481,R0001,A0053,2025-08-06,2025-11-02,2025-11-14,Standard King,12,18900,226800,Travel Agent,completed
B00005783,G000654,R0022,A0059,2024-12-29,2025-02-06,2025-02-17,Ocean Suite,11,46100,507100,OTA,completed
B00005784,G000455,R0024,A0021,2024-04-04,2024-04-11,2024-04-25,Standard Double,14,18600,260400,Loyalty,confirmed
B00005785,G000249,R0031,A0006,2024-11-22,2025-01-21,2025-01-30,Standard Double,9,20000,180000,Direct,completed
B00005786,G002619,R0038,A0020,2024-05-16,2024-09-10,2024-09-22,Standard Double,12,13000,156000,Direct,confirmed
B00005787,G002146,R0031,A0040,2025-07-24,2025-08-02,2025-08-15,Standard Double,13,14700,191100,Corporate,completed
B00005788,G000441,R0038,A0037,2024-12-04,2024-12-27,2025-01-09,Villa,13,56400,733200,Travel Agent,completed
B00005789,G000808,R0007,A0022,2025-10-02,2025-12-29,2026-01-05,Standard King,7,22200,155400,Corporate,completed
B00005790,G002660,R0023,A0050,2024-06-23,2024-10-12,2024-10-13,Standard Double,1,13900,13900,OTA,confirmed
B00005791,G001663,R0019,A0038,2024-07-21,2024-10-18,2024-10-27,Standard Double,9,15800,142200,Direct,confirmed
B00005792,G000210,R0005,A0031,2025-01-26,2025-02-14,2025-02-28,Standard King,14,16200,226800,OTA,completed
B00005793,G002952,R0001,A0001,2024-08-04,2024-10-28,2024-11-07,Standard King,10,20900,209000,Direct,completed
B00005794,G002285,R0038,A0045,2024-04-14,2024-04-29,2024-05-02,Standard King,3,18300,54900,OTA,completed
B00005795,G001701,R0010,A0021,2025-05-16,2025-06-16,2025-06-19,Ocean Suite,3,40100,120300,OTA,completed
B00005796,G002544,R0020,A0001,2024-07-18,2024-08-23,2024-08-27,Villa,4,72400,289600,Travel Agent,completed
B00005797,G001607,R0014,A0002,2025-02-23,2025-04-12,2025-04-26,Ocean Suite,14,41700,583800,Direct,confirmed
B00005798,G002627,R0031,A0021,2024-12-05,2025-01-28,2025-02-10,Villa,13,64400,837200,Corporate,completed
B00005799,G001107,R0018,A0055,2024-08-28,2024-12-12,2024-12-13,Ocean Suite,1,38000,38000,OTA,completed
B00005800,G001461,R0013,A0039,2024-10-18,2025-01-28,2025-01-30,Standard King,2,23100,46200,Corporate,no_show
B00005801,G001305,R0017,A0010,2025-02-25,2025-05-19,2025-05-21,Presidential,2,125600,251200,Direct,completed
B00005802,G000790,R0006,A0054,2025-04-24,2025-06-25,2025-06-28,Standard Double,3,20100,60300,Travel Agent,completed
B00005803,G000062,R0014,A0007,2024-08-09,2024-11-27,2024-12-02,Standard King,5,20600,103000,Direct,cancelled
B00005804,G000305,R0026,A0033,2024-05-28,2024-07-27,2024-08-05,Standard Double,9,18000,162000,Corporate,completed
B00005805,G001447,R0040,A0037,2024-03-31,2024-07-22,2024-08-01,Standard King,10,22700,227000,Direct,confirmed
B00005806,G000824,R0002,A0053,2024-02-08,2024-04-03,2024-04-15,Standard King,12,19600,235200,Corporate,confirmed
B00005807,G000082,R0019,A0033,2025-10-28,2026-02-25,2026-03-10,Standard Double,13,12800,166400,Direct,completed
B00005808,G001133,R0009,A0008,2024-06-29,2024-08-12,2024-08-17,Ocean Suite,5,44000,220000,OTA,completed
B00005809,G001615,R0030,A0051,2025-08-20,2025-09-12,2025-09-15,Standard Double,3,13900,41700,Corporate,completed
B00005810,G001925,R0010,A0008,2025-03-13,2025-06-26,2025-07-06,Villa,10,71200,712000,OTA,completed
B00005811,G000911,R0018,A0051,2024-03-29,2024-06-20,2024-06-30,Standard Double,10,19000,190000,OTA,cancelled
B00005812,G000206,R0024,A0040,2025-05-06,2025-05-07,2025-05-08,Standard Double,1,19700,19700,Direct,confirmed
B00005813,G000101,R0008,A0050,2025-08-16,2025-08-17,2025-08-31,Standard Double,14,17700,247800,Loyalty,completed
B00005814,G001572,R0017,A0045,2025-09-25,2025-10-27,2025-11-10,Standard Double,14,19900,278600,Travel Agent,completed
B00005815,G002866,R0008,A0033,2024-01-01,2024-04-24,2024-05-02,Standard King,8,16700,133600,Direct,completed
B00005816,G002006,R0005,A0040,2025-12-09,2026-01-05,2026-01-10,Villa,5,66700,333500,Direct,completed
B00005817,G002611,R0002,A0032,2025-01-06,2025-05-06,2025-05-18,Standard Double,12,17600,211200,OTA,completed
B00005818,G002846,R0013,A0036,2025-06-29,2025-08-15,2025-08-25,Standard Double,10,16800,168000,Loyalty,completed
B00005819,G001203,R0021,A0038,2025-02-02,2025-03-23,2025-04-02,Standard Double,10,20000,200000,Direct,completed
B00005820,G001604,R0038,A0009,2025-09-02,2025-10-07,2025-10-16,Standard King,9,21300,191700,Travel Agent,cancelled
B00005821,G000951,R0019,A0022,2024-01-29,2024-03-09,2024-03-12,Villa,3,59500,178500,Loyalty,completed
B00005822,G002432,R0036,A0057,2025-08-23,2025-11-30,2025-12-10,Standard King,10,17000,170000,Travel Agent,confirmed
B00005823,G002073,R0006,A0028,2025-05-14,2025-09-08,2025-09-22,Ocean Suite,14,40900,572600,Direct,completed
B00005824,G002082,R0035,A0022,2025-09-21,2025-10-26,2025-11-03,Standard King,8,16300,130400,OTA,completed
B00005825,G002881,R0010,A0014,2024-01-29,2024-04-07,2024-04-09,Ocean Suite,2,37800,75600,Travel Agent,completed
B00005826,G001058,R0004,A0020,2024-03-18,2024-04-30,2024-05-07,Standard Double,7,13700,95900,Travel Agent,confirmed
B00005827,G002551,R0039,A0037,2025-10-12,2025-12-24,2025-12-29,Standard Double,5,17300,86500,Corporate,completed
B00005828,G002360,R0012,A0058,2024-08-21,2024-11-26,2024-12-09,Ocean Suite,13,41000,533000,OTA,completed
B00005829,G000676,R0003,A0002,2024-07-02,2024-09-15,2024-09-21,Ocean Suite,6,45600,273600,OTA,completed
B00005830,G000482,R0014,A0018,2025-05-01,2025-06-20,2025-06-21,Standard Double,1,19400,19400,OTA,completed
B00005831,G002457,R0040,A0008,2025-01-01,2025-01-25,2025-01-26,Standard Double,1,16700,16700,OTA,cancelled
B00005832,G000430,R0030,A0017,2024-12-21,2025-04-10,2025-04-15,Ocean Suite,5,37200,186000,Direct,confirmed
B00005833,G002268,R0006,A0012,2024-01-29,2024-02-21,2024-03-02,Standard King,10,17100,171000,OTA,cancelled
B00005834,G001876,R0024,A0039,2024-06-18,2024-06-26,2024-07-02,Standard Double,6,13700,82200,OTA,completed
B00005835,G000221,R0003,A0042,2025-08-07,2025-09-26,2025-10-04,Standard King,8,17400,139200,Direct,completed
B00005836,G000965,R0030,A0060,2024-07-22,2024-09-28,2024-10-01,Presidential,3,130900,392700,Travel Agent,completed
B00005837,G002288,R0022,A0012,2025-07-04,2025-07-18,2025-07-24,Villa,6,53800,322800,OTA,confirmed
B00005838,G000736,R0002,A0002,2024-08-03,2024-11-20,2024-12-03,Standard Double,13,16200,210600,OTA,completed
B00005839,G001670,R0024,A0005,2024-07-29,2024-10-05,2024-10-14,Presidential,9,132200,1189800,Direct,completed
B00005840,G000319,R0040,A0035,2024-04-28,2024-05-08,2024-05-21,Standard Double,13,17300,224900,Direct,completed
B00005841,G000457,R0010,A0033,2024-11-02,2025-01-03,2025-01-05,Standard King,2,20200,40400,Direct,completed
B00005842,G002810,R0019,A0002,2024-07-25,2024-08-20,2024-08-26,Standard Double,6,15900,95400,OTA,completed
B00005843,G000340,R0032,A0029,2025-07-19,2025-09-11,2025-09-21,Standard Double,10,16700,167000,Direct,completed
B00005844,G002552,R0017,A0047,2024-05-29,2024-09-20,2024-10-02,Villa,12,71300,855600,OTA,completed
B00005845,G002818,R0026,A0052,2024-02-29,2024-05-30,2024-06-06,Standard Double,7,16900,118300,Corporate,completed
B00005846,G000210,R0015,A0022,2024-01-28,2024-02-25,2024-03-04,Standard Double,8,13000,104000,Direct,completed
B00005847,G001799,R0018,A0044,2024-03-23,2024-03-24,2024-03-31,Standard Double,7,18900,132300,Travel Agent,completed
B00005848,G002850,R0010,A0016,2024-03-21,2024-03-29,2024-04-09,Standard King,11,15500,170500,Direct,completed
B00005849,G000042,R0007,A0011,2025-05-26,2025-06-24,2025-06-25,Ocean Suite,1,31100,31100,Direct,completed
B00005850,G000685,R0030,A0049,2024-12-04,2025-02-25,2025-03-05,Ocean Suite,8,37700,301600,Corporate,completed
B00005851,G001436,R0032,A0013,2025-07-28,2025-09-12,2025-09-25,Standard Double,13,13800,179400,Direct,completed
B00005852,G001835,R0033,A0022,2025-01-24,2025-05-24,2025-05-27,Ocean Suite,3,33400,100200,Direct,completed
B00005853,G000009,R0022,A0052,2024-05-26,2024-07-05,2024-07-14,Villa,9,72800,655200,Loyalty,completed
B00005854,G002195,R0004,A0034,2024-02-11,2024-04-02,2024-04-14,Ocean Suite,12,35800,429600,Corporate,completed
B00005855,G000383,R0023,A0020,2024-09-02,2024-11-01,2024-11-15,Ocean Suite,14,32700,457800,OTA,completed
B00005856,G002572,R0015,A0008,2025-02-15,2025-05-06,2025-05-12,Villa,6,70200,421200,Loyalty,completed
B00005857,G001751,R0005,A0052,2024-02-04,2024-05-26,2024-05-29,Standard Double,3,19200,57600,Travel Agent,completed
B00005858,G002012,R0020,A0051,2024-06-05,2024-07-06,2024-07-15,Standard Double,9,15000,135000,Corporate,completed
B00005859,G002879,R0033,A0001,2024-05-11,2024-06-02,2024-06-08,Presidential,6,135700,814200,Direct,completed
B00005860,G000435,R0018,A0012,2024-11-07,2025-02-16,2025-02-18,Standard King,2,19500,39000,OTA,completed
B00005861,G000672,R0038,A0037,2025-02-18,2025-03-06,2025-03-08,Standard King,2,17900,35800,Direct,cancelled
B00005862,G001172,R0007,A0045,2025-08-09,2025-11-17,2025-11-22,Standard King,5,15400,77000,Direct,completed
B00005863,G002776,R0020,A0055,2025-11-08,2025-12-26,2026-01-03,Ocean Suite,8,43900,351200,Travel Agent,completed
B00005864,G000013,R0021,A0024,2024-12-24,2025-04-08,2025-04-14,Presidential,6,118800,712800,Direct,completed
B00005865,G000695,R0040,A0037,2024-06-25,2024-09-13,2024-09-24,Ocean Suite,11,34800,382800,OTA,completed
B00005866,G002478,R0024,A0046,2025-08-29,2025-10-09,2025-10-17,Standard King,8,17100,136800,OTA,completed
B00005867,G002973,R0002,A0039,2025-10-29,2025-12-28,2025-12-31,Standard Double,3,15500,46500,OTA,completed
B00005868,G002098,R0033,A0009,2024-12-01,2025-02-19,2025-02-20,Standard King,1,19000,19000,Direct,completed
B00005869,G002716,R0002,A0007,2024-07-19,2024-07-26,2024-08-07,Standard King,12,15900,190800,Direct,cancelled
B00005870,G002174,R0028,A0027,2025-02-18,2025-04-21,2025-04-25,Presidential,4,118500,474000,OTA,confirmed
B00005871,G000059,R0006,A0039,2024-09-17,2024-10-12,2024-10-24,Villa,12,70700,848400,OTA,cancelled
B00005872,G001043,R0020,A0045,2024-09-20,2024-12-22,2025-01-04,Villa,13,75300,978900,Corporate,completed
B00005873,G002610,R0040,A0040,2024-02-15,2024-04-02,2024-04-06,Standard Double,4,13000,52000,Direct,confirmed
B00005874,G000421,R0036,A0030,2024-02-03,2024-03-07,2024-03-08,Ocean Suite,1,35000,35000,Loyalty,completed
B00005875,G000621,R0036,A0038,2024-05-24,2024-07-30,2024-08-04,Standard King,5,15800,79000,OTA,completed
B00005876,G002023,R0022,A0041,2025-10-19,2025-11-17,2025-11-23,Standard Double,6,15200,91200,Loyalty,completed
B00005877,G001464,R0029,A0060,2024-02-09,2024-05-17,2024-05-18,Standard Double,1,17800,17800,Corporate,cancelled
B00005878,G000097,R0001,A0021,2025-12-25,2026-02-17,2026-03-01,Standard Double,12,18000,216000,Direct,completed
B00005879,G000134,R0015,A0060,2024-09-03,2024-12-25,2025-01-04,Standard King,10,18500,185000,Travel Agent,confirmed
B00005880,G001882,R0009,A0006,2024-01-24,2024-04-12,2024-04-22,Ocean Suite,10,34700,347000,OTA,completed
B00005881,G002441,R0012,A0056,2024-01-28,2024-03-24,2024-03-26,Villa,2,68000,136000,Corporate,completed
B00005882,G001623,R0002,A0030,2025-08-25,2025-10-13,2025-10-21,Presidential,8,113100,904800,Travel Agent,completed
B00005883,G000648,R0016,A0051,2025-02-11,2025-04-21,2025-05-02,Standard King,11,23800,261800,Travel Agent,completed
B00005884,G001737,R0036,A0052,2024-08-27,2024-09-06,2024-09-15,Presidential,9,123300,1109700,Direct,completed
B00005885,G001232,R0001,A0021,2024-05-05,2024-08-30,2024-09-01,Standard Double,2,18300,36600,OTA,cancelled
B00005886,G001246,R0021,A0010,2024-05-22,2024-07-16,2024-07-30,Presidential,14,148100,2073400,OTA,cancelled
B00005887,G002115,R0029,A0027,2025-03-13,2025-05-31,2025-06-13,Standard Double,13,12800,166400,Loyalty,completed
B00005888,G000469,R0001,A0017,2024-09-06,2024-11-09,2024-11-19,Villa,10,70200,702000,Direct,completed
B00005889,G000288,R0001,A0016,2024-04-13,2024-04-23,2024-04-29,Standard Double,6,18300,109800,Corporate,completed
B00005890,G000083,R0040,A0059,2025-05-31,2025-06-24,2025-07-07,Standard King,13,18400,239200,Direct,confirmed
B00005891,G000619,R0013,A0003,2024-05-11,2024-06-06,2024-06-16,Ocean Suite,10,34100,341000,OTA,completed
B00005892,G001032,R0036,A0017,2025-05-12,2025-06-02,2025-06-13,Standard Double,11,13300,146300,Corporate,completed
B00005893,G001179,R0021,A0043,2025-08-03,2025-09-21,2025-09-22,Ocean Suite,1,37300,37300,OTA,no_show
B00005894,G000858,R0010,A0018,2024-10-23,2025-01-25,2025-02-06,Standard Double,12,18800,225600,OTA,completed
B00005895,G002005,R0022,A0054,2025-09-02,2025-11-08,2025-11-22,Standard King,14,18100,253400,OTA,completed
B00005896,G000950,R0028,A0060,2024-03-01,2024-03-11,2024-03-19,Ocean Suite,8,40300,322400,Travel Agent,confirmed
B00005897,G000998,R0032,A0036,2024-08-26,2024-09-18,2024-09-27,Standard King,9,21700,195300,OTA,completed
B00005898,G000376,R0025,A0023,2024-11-17,2025-02-09,2025-02-11,Standard King,2,16600,33200,Corporate,completed
B00005899,G000940,R0033,A0036,2024-10-08,2025-01-09,2025-01-19,Villa,10,62500,625000,Direct,completed
B00005900,G002777,R0010,A0025,2025-04-22,2025-07-19,2025-07-29,Standard King,10,17000,170000,OTA,completed
B00005901,G002109,R0040,A0020,2025-04-21,2025-08-13,2025-08-15,Standard Double,2,18700,37400,OTA,completed
B00005902,G001485,R0027,A0007,2024-09-17,2024-11-02,2024-11-14,Standard Double,12,12800,153600,Travel Agent,completed
B00005903,G001694,R0006,A0014,2024-11-17,2024-11-26,2024-11-29,Standard King,3,15800,47400,Direct,completed
B00005904,G002803,R0029,A0012,2024-12-05,2025-02-19,2025-02-28,Ocean Suite,9,36400,327600,Direct,confirmed
B00005905,G001030,R0021,A0053,2024-04-14,2024-05-18,2024-05-22,Standard King,4,21000,84000,Corporate,completed
B00005906,G000437,R0010,A0021,2024-12-28,2025-01-28,2025-01-30,Standard King,2,21600,43200,Travel Agent,completed
B00005907,G001328,R0003,A0011,2025-09-16,2025-09-22,2025-09-27,Standard Double,5,14900,74500,Corporate,completed
B00005908,G002631,R0021,A0005,2025-06-03,2025-07-09,2025-07-16,Ocean Suite,7,41900,293300,OTA,completed
B00005909,G000622,R0040,A0039,2025-05-15,2025-06-06,2025-06-19,Standard King,13,20700,269100,OTA,completed
B00005910,G001416,R0028,A0024,2025-11-03,2026-01-22,2026-02-04,Ocean Suite,13,43200,561600,Direct,completed
B00005911,G000529,R0010,A0059,2025-03-30,2025-06-18,2025-06-25,Standard King,7,19700,137900,Loyalty,completed
B00005912,G000279,R0022,A0045,2025-04-08,2025-05-02,2025-05-13,Standard Double,11,16800,184800,Travel Agent,completed
B00005913,G002256,R0037,A0028,2024-09-08,2024-10-25,2024-10-30,Standard King,5,16500,82500,OTA,completed
B00005914,G000854,R0026,A0020,2024-05-20,2024-09-10,2024-09-20,Standard King,10,19800,198000,Travel Agent,cancelled
B00005915,G000732,R0032,A0044,2025-05-25,2025-09-22,2025-09-28,Standard King,6,22200,133200,Travel Agent,cancelled
B00005916,G000781,R0026,A0021,2024-04-05,2024-04-22,2024-04-26,Standard King,4,17600,70400,Travel Agent,completed
B00005917,G001767,R0019,A0018,2025-12-29,2026-04-05,2026-04-08,Presidential,3,104600,313800,Corporate,completed
B00005918,G000358,R0013,A0050,2024-09-05,2024-12-30,2025-01-10,Villa,11,79400,873400,Corporate,completed
B00005919,G002223,R0015,A0056,2024-02-06,2024-04-05,2024-04-10,Standard King,5,23500,117500,Corporate,completed
B00005920,G001761,R0006,A0043,2024-12-08,2025-03-31,2025-04-02,Villa,2,60500,121000,OTA,completed
B00005921,G000565,R0004,A0030,2025-03-25,2025-05-24,2025-06-04,Ocean Suite,11,45000,495000,Travel Agent,confirmed
B00005922,G001508,R0027,A0002,2025-11-10,2026-01-10,2026-01-23,Villa,13,52000,676000,Direct,completed
B00005923,G002711,R0033,A0053,2024-08-11,2024-10-01,2024-10-13,Standard Double,12,14000,168000,Corporate,completed
B00005924,G002968,R0023,A0042,2025-01-14,2025-04-08,2025-04-22,Ocean Suite,14,36300,508200,OTA,completed
B00005925,G000540,R0013,A0012,2024-06-14,2024-08-24,2024-08-28,Standard Double,4,14000,56000,Direct,completed
B00005926,G001241,R0002,A0020,2025-07-14,2025-08-20,2025-08-21,Standard Double,1,12800,12800,OTA,completed
B00005927,G000547,R0039,A0054,2025-05-27,2025-06-06,2025-06-14,Standard King,8,16800,134400,Corporate,completed
B00005928,G002888,R0035,A0051,2024-09-26,2024-11-02,2024-11-06,Presidential,4,131300,525200,OTA,confirmed
B00005929,G001259,R0037,A0039,2025-07-24,2025-08-30,2025-09-08,Standard King,9,22400,201600,OTA,completed
B00005930,G000436,R0037,A0017,2024-08-31,2024-12-29,2024-12-30,Standard King,1,22500,22500,Travel Agent,confirmed
B00005931,G000449,R0039,A0042,2025-02-07,2025-04-21,2025-04-25,Ocean Suite,4,38500,154000,Travel Agent,completed
B00005932,G002720,R0025,A0043,2024-12-07,2025-01-28,2025-02-09,Standard Double,12,14100,169200,Direct,completed
B00005933,G000245,R0016,A0047,2025-08-18,2025-10-10,2025-10-12,Villa,2,55200,110400,Travel Agent,completed
B00005934,G001223,R0020,A0040,2024-03-17,2024-06-24,2024-07-03,Standard King,9,17900,161100,OTA,completed
B00005935,G001931,R0003,A0024,2024-12-25,2025-01-29,2025-02-08,Standard King,10,18200,182000,OTA,completed
B00005936,G000276,R0039,A0022,2025-07-11,2025-10-14,2025-10-20,Ocean Suite,6,39500,237000,OTA,completed
B00005937,G000463,R0034,A0039,2024-11-13,2025-01-29,2025-01-30,Ocean Suite,1,37400,37400,Travel Agent,completed
B00005938,G001745,R0033,A0043,2025-08-13,2025-08-19,2025-08-28,Ocean Suite,9,44800,403200,Direct,confirmed
B00005939,G002468,R0001,A0047,2024-08-31,2024-10-10,2024-10-13,Ocean Suite,3,38400,115200,Loyalty,completed
B00005940,G000261,R0033,A0051,2025-01-14,2025-02-27,2025-03-01,Standard King,2,16900,33800,Travel Agent,completed
B00005941,G002976,R0021,A0052,2025-12-07,2026-03-25,2026-04-06,Standard King,12,17700,212400,Direct,completed
B00005942,G002557,R0032,A0024,2025-09-06,2025-11-27,2025-12-10,Ocean Suite,13,41800,543400,Direct,completed
B00005943,G001683,R0022,A0030,2024-01-31,2024-03-19,2024-03-20,Ocean Suite,1,44600,44600,OTA,completed
B00005944,G002331,R0040,A0011,2025-11-22,2025-12-03,2025-12-12,Standard Double,9,17400,156600,Travel Agent,completed
B00005945,G002974,R0017,A0027,2025-01-01,2025-04-29,2025-05-02,Standard Double,3,13300,39900,Corporate,completed
B00005946,G001819,R0013,A0004,2025-01-29,2025-05-14,2025-05-23,Standard King,9,22600,203400,Loyalty,completed
B00005947,G002893,R0018,A0009,2024-05-03,2024-05-15,2024-05-23,Ocean Suite,8,42800,342400,OTA,completed
B00005948,G002959,R0027,A0036,2024-11-11,2025-01-20,2025-01-26,Standard King,6,15400,92400,Direct,confirmed
B00005949,G000097,R0021,A0048,2024-10-10,2024-11-19,2024-12-01,Ocean Suite,12,36200,434400,Travel Agent,completed
B00005950,G000013,R0003,A0010,2024-04-26,2024-07-19,2024-07-21,Villa,2,58700,117400,Direct,completed
B00005951,G000559,R0026,A0001,2025-10-20,2025-11-10,2025-11-16,Standard King,6,16800,100800,Travel Agent,completed
B00005952,G002007,R0026,A0006,2024-05-23,2024-07-29,2024-08-11,Ocean Suite,13,38300,497900,Direct,completed
B00005953,G001663,R0038,A0032,2024-01-05,2024-02-07,2024-02-08,Standard King,1,16200,16200,Corporate,cancelled
B00005954,G002112,R0001,A0004,2025-11-16,2025-12-21,2025-12-31,Ocean Suite,10,32300,323000,Loyalty,completed
B00005955,G002720,R0008,A0050,2025-07-21,2025-09-25,2025-10-06,Ocean Suite,11,40500,445500,Direct,completed
B00005956,G001860,R0038,A0059,2025-09-27,2025-10-17,2025-10-24,Ocean Suite,7,41400,289800,OTA,completed
B00005957,G001565,R0017,A0025,2025-02-06,2025-05-03,2025-05-14,Standard King,11,19200,211200,Direct,confirmed
B00005958,G002628,R0029,A0033,2025-04-15,2025-06-03,2025-06-12,Ocean Suite,9,32300,290700,OTA,completed
B00005959,G001746,R0012,A0060,2024-08-16,2024-09-29,2024-10-07,Ocean Suite,8,34900,279200,OTA,completed
B00005960,G002194,R0008,A0027,2024-07-20,2024-10-27,2024-10-31,Standard King,4,17600,70400,Direct,confirmed
B00005961,G000780,R0003,A0056,2024-06-10,2024-08-07,2024-08-08,Villa,1,60900,60900,Direct,completed
B00005962,G001360,R0001,A0053,2025-06-25,2025-09-09,2025-09-20,Standard King,11,21700,238700,OTA,confirmed
B00005963,G002780,R0028,A0007,2024-09-07,2024-10-26,2024-11-06,Standard Double,11,20200,222200,OTA,cancelled
B00005964,G002853,R0001,A0014,2025-12-02,2025-12-15,2025-12-18,Standard King,3,17300,51900,Loyalty,confirmed
B00005965,G001657,R0037,A0052,2024-11-25,2025-02-14,2025-02-17,Standard King,3,16000,48000,Loyalty,confirmed
B00005966,G000225,R0008,A0056,2024-11-23,2025-02-04,2025-02-08,Standard Double,4,18700,74800,Direct,completed
B00005967,G000339,R0002,A0011,2024-11-04,2025-01-16,2025-01-19,Ocean Suite,3,40700,122100,Travel Agent,confirmed
B00005968,G000546,R0030,A0043,2024-12-25,2025-03-22,2025-03-23,Standard King,1,22500,22500,OTA,cancelled
B00005969,G002542,R0010,A0054,2024-04-02,2024-05-04,2024-05-10,Villa,6,74400,446400,Corporate,completed
B00005970,G000945,R0039,A0013,2024-03-25,2024-05-24,2024-05-30,Standard Double,6,13200,79200,OTA,completed
B00005971,G001478,R0023,A0041,2024-11-07,2025-03-03,2025-03-13,Ocean Suite,10,42600,426000,OTA,completed
B00005972,G000508,R0016,A0017,2025-12-24,2026-02-18,2026-02-21,Standard Double,3,13500,40500,OTA,completed
B00005973,G000221,R0014,A0059,2024-09-30,2024-11-17,2024-11-29,Villa,12,64800,777600,Corporate,completed
B00005974,G001967,R0016,A0031,2025-08-02,2025-11-07,2025-11-08,Villa,1,58700,58700,OTA,completed
B00005975,G000403,R0032,A0012,2025-10-06,2026-01-24,2026-02-05,Ocean Suite,12,37700,452400,OTA,completed
B00005976,G001590,R0010,A0050,2024-12-14,2024-12-16,2024-12-17,Villa,1,57100,57100,Travel Agent,cancelled
B00005977,G001541,R0015,A0040,2025-05-17,2025-06-01,2025-06-10,Presidential,9,159600,1436400,Corporate,completed
B00005978,G000763,R0037,A0023,2024-06-08,2024-07-06,2024-07-19,Standard Double,13,17400,226200,Direct,completed
B00005979,G002985,R0006,A0035,2024-12-09,2024-12-15,2024-12-26,Standard Double,11,18600,204600,OTA,completed
B00005980,G002286,R0038,A0008,2025-12-11,2026-02-14,2026-02-22,Standard King,8,19900,159200,OTA,completed
B00005981,G001636,R0003,A0015,2024-01-23,2024-04-05,2024-04-12,Standard King,7,17300,121100,Direct,cancelled
B00005982,G000008,R0026,A0038,2025-04-06,2025-04-23,2025-05-06,Ocean Suite,13,30800,400400,OTA,completed
B00005983,G002617,R0039,A0001,2025-08-15,2025-08-30,2025-08-31,Standard King,1,16000,16000,Corporate,completed
B00005984,G000023,R0026,A0001,2025-05-20,2025-08-02,2025-08-04,Villa,2,78300,156600,OTA,completed
B00005985,G000223,R0014,A0043,2024-11-12,2025-03-02,2025-03-12,Ocean Suite,10,38300,383000,Corporate,completed
B00005986,G000015,R0018,A0015,2024-04-10,2024-04-24,2024-04-26,Standard Double,2,15900,31800,Direct,completed
B00005987,G000810,R0016,A0021,2024-12-28,2025-04-05,2025-04-16,Presidential,11,142900,1571900,Direct,completed
B00005988,G002487,R0035,A0017,2024-04-08,2024-04-25,2024-05-06,Standard Double,11,15600,171600,Corporate,completed
B00005989,G002078,R0026,A0008,2025-09-22,2025-10-30,2025-11-13,Standard Double,14,17600,246400,OTA,completed
B00005990,G000488,R0006,A0028,2024-07-01,2024-08-31,2024-09-10,Standard King,10,16900,169000,Direct,completed
B00005991,G002323,R0027,A0035,2024-05-09,2024-06-05,2024-06-08,Ocean Suite,3,31800,95400,OTA,completed
B00005992,G001289,R0003,A0006,2025-05-13,2025-05-21,2025-05-27,Standard Double,6,18200,109200,Corporate,completed
B00005993,G002679,R0026,A0029,2025-09-27,2025-12-21,2025-12-31,Standard King,10,19900,199000,Direct,cancelled
B00005994,G002480,R0002,A0003,2024-12-04,2025-01-08,2025-01-10,Standard King,2,19800,39600,Loyalty,completed
B00005995,G000937,R0016,A0047,2025-12-29,2026-01-25,2026-01-27,Standard King,2,18500,37000,Corporate,completed
B00005996,G002907,R0020,A0001,2024-12-06,2025-01-23,2025-01-25,Standard Double,2,17700,35400,Direct,completed
B00005997,G000903,R0027,A0038,2024-10-12,2024-12-25,2025-01-08,Standard Double,14,16200,226800,OTA,completed
B00005998,G001356,R0038,A0055,2025-12-25,2026-04-13,2026-04-16,Presidential,3,131900,395700,OTA,completed
B00005999,G002747,R0013,A0057,2025-04-18,2025-04-29,2025-05-05,Standard King,6,15800,94800,OTA,completed
B00006000,G001035,R0027,A0030,2024-08-19,2024-09-02,2024-09-15,Villa,13,55300,718900,Travel Agent,completed
B00006001,G002040,R0019,A0043,2024-11-20,2025-03-12,2025-03-16,Standard Double,4,16300,65200,OTA,no_show
B00006002,G002994,R0017,A0030,2024-12-12,2025-03-17,2025-03-24,Standard King,7,23900,167300,Loyalty,completed
B00006003,G002518,R0024,A0030,2025-03-15,2025-03-31,2025-04-11,Standard King,11,16600,182600,Loyalty,completed
B00006004,G002060,R0029,A0034,2025-03-08,2025-03-25,2025-03-28,Standard King,3,18200,54600,Direct,completed
B00006005,G002282,R0010,A0046,2025-03-05,2025-07-02,2025-07-11,Standard Double,9,17100,153900,Loyalty,completed
B00006006,G002901,R0037,A0051,2024-09-05,2024-12-26,2025-01-08,Standard Double,13,16400,213200,OTA,completed
B00006007,G000408,R0033,A0003,2025-09-02,2025-10-05,2025-10-16,Standard King,11,17800,195800,Direct,completed
B00006008,G002059,R0019,A0053,2025-08-22,2025-09-25,2025-10-05,Villa,10,60500,605000,OTA,completed
B00006009,G001708,R0001,A0029,2025-07-22,2025-08-12,2025-08-26,Standard Double,14,16000,224000,Loyalty,completed
B00006010,G000566,R0024,A0052,2024-03-09,2024-04-21,2024-05-05,Standard Double,14,13800,193200,OTA,completed
B00006011,G002089,R0014,A0039,2025-08-01,2025-10-15,2025-10-23,Ocean Suite,8,33500,268000,Travel Agent,cancelled
B00006012,G000243,R0027,A0027,2025-12-11,2026-01-27,2026-02-07,Standard King,11,21500,236500,OTA,completed
B00006013,G000660,R0002,A0022,2024-01-04,2024-02-24,2024-02-29,Ocean Suite,5,46400,232000,Loyalty,no_show
B00006014,G001771,R0001,A0026,2025-07-30,2025-08-29,2025-09-04,Standard King,6,19800,118800,Direct,completed
B00006015,G001283,R0006,A0021,2025-06-30,2025-07-14,2025-07-21,Standard Double,7,14200,99400,Direct,completed
B00006016,G002120,R0019,A0040,2024-07-18,2024-08-28,2024-09-04,Villa,7,58100,406700,OTA,completed
B00006017,G000562,R0032,A0022,2024-11-20,2025-01-19,2025-01-26,Villa,7,67300,471100,OTA,cancelled
B00006018,G001381,R0038,A0032,2024-05-20,2024-07-03,2024-07-08,Standard King,5,23700,118500,Direct,confirmed
B00006019,G002859,R0039,A0056,2024-12-06,2025-02-17,2025-02-26,Villa,9,76600,689400,OTA,cancelled
B00006020,G001283,R0019,A0042,2025-09-20,2026-01-17,2026-01-18,Standard King,1,17200,17200,OTA,confirmed
B00006021,G000489,R0022,A0046,2024-03-08,2024-06-07,2024-06-12,Standard King,5,15300,76500,Direct,completed
B00006022,G002530,R0002,A0023,2024-11-10,2025-01-07,2025-01-09,Standard King,2,17000,34000,Direct,completed
B00006023,G000292,R0040,A0033,2025-10-27,2026-01-03,2026-01-07,Ocean Suite,4,42300,169200,Direct,completed
B00006024,G001146,R0022,A0053,2025-09-29,2025-12-02,2025-12-03,Standard Double,1,13400,13400,OTA,confirmed
B00006025,G001661,R0010,A0035,2025-05-12,2025-06-14,2025-06-26,Standard King,12,22400,268800,Loyalty,completed
B00006026,G001951,R0018,A0058,2025-06-28,2025-09-08,2025-09-11,Villa,3,61800,185400,Travel Agent,completed
B00006027,G000544,R0029,A0047,2025-03-28,2025-06-18,2025-07-01,Standard King,13,23900,310700,OTA,completed
B00006028,G000335,R0019,A0037,2025-10-22,2025-12-14,2025-12-25,Standard King,11,21600,237600,Loyalty,confirmed
B00006029,G000586,R0013,A0057,2024-01-11,2024-02-26,2024-02-27,Standard King,1,15600,15600,Corporate,confirmed
B00006030,G000008,R0028,A0048,2025-05-15,2025-06-28,2025-07-03,Ocean Suite,5,43300,216500,Direct,completed
B00006031,G000789,R0038,A0017,2024-10-31,2024-12-27,2024-12-30,Standard Double,3,15900,47700,Travel Agent,completed
B00006032,G000145,R0029,A0041,2025-06-04,2025-08-11,2025-08-17,Ocean Suite,6,39200,235200,Travel Agent,completed
B00006033,G000346,R0038,A0017,2025-12-20,2026-01-13,2026-01-19,Villa,6,65500,393000,Direct,completed
B00006034,G000018,R0019,A0054,2025-08-24,2025-11-17,2025-11-29,Villa,12,56700,680400,OTA,cancelled
B00006035,G001269,R0003,A0022,2025-12-03,2026-02-02,2026-02-04,Ocean Suite,2,39800,79600,OTA,completed
B00006036,G000209,R0031,A0045,2025-04-27,2025-05-13,2025-05-17,Standard King,4,19800,79200,Corporate,completed
B00006037,G001094,R0009,A0047,2024-11-14,2024-11-18,2024-12-02,Standard Double,14,15200,212800,Corporate,cancelled
B00006038,G000318,R0009,A0010,2024-09-10,2024-09-26,2024-10-04,Standard King,8,18600,148800,Direct,completed
B00006039,G001369,R0007,A0039,2025-09-14,2026-01-05,2026-01-10,Villa,5,66600,333000,Travel Agent,completed
B00006040,G000120,R0027,A0029,2025-01-11,2025-03-11,2025-03-19,Standard King,8,21300,170400,Direct,completed
B00006041,G000020,R0012,A0048,2025-10-01,2025-11-05,2025-11-14,Ocean Suite,9,42000,378000,OTA,confirmed
B00006042,G002209,R0037,A0033,2024-10-26,2024-11-20,2024-11-28,Standard Double,8,13600,108800,Direct,completed
B00006043,G002678,R0031,A0021,2024-09-03,2024-09-08,2024-09-18,Standard Double,10,13900,139000,Loyalty,completed
B00006044,G001152,R0004,A0050,2024-03-13,2024-03-30,2024-04-12,Standard Double,13,18900,245700,OTA,cancelled
B00006045,G000262,R0016,A0012,2024-09-18,2024-12-17,2024-12-28,Ocean Suite,11,36100,397100,Travel Agent,completed
B00006046,G001678,R0006,A0020,2025-07-22,2025-11-08,2025-11-16,Presidential,8,102300,818400,Travel Agent,cancelled
B00006047,G001716,R0027,A0046,2025-08-20,2025-10-03,2025-10-09,Standard King,6,16500,99000,Direct,completed
B00006048,G002142,R0017,A0043,2025-11-06,2026-01-17,2026-01-18,Standard Double,1,16700,16700,OTA,completed
B00006049,G000974,R0037,A0036,2025-09-25,2025-10-17,2025-10-20,Standard King,3,16600,49800,Travel Agent,cancelled
B00006050,G000501,R0034,A0020,2025-04-13,2025-07-13,2025-07-25,Presidential,12,135900,1630800,Direct,confirmed
B00006051,G001454,R0006,A0033,2024-02-13,2024-04-05,2024-04-10,Standard King,5,24200,121000,Travel Agent,completed
B00006052,G001191,R0008,A0054,2025-08-15,2025-11-14,2025-11-23,Standard Double,9,18900,170100,OTA,confirmed
B00006053,G001910,R0027,A0043,2025-03-20,2025-06-15,2025-06-19,Standard King,4,17800,71200,Travel Agent,completed
B00006054,G001228,R0015,A0038,2025-05-19,2025-08-27,2025-09-07,Standard Double,11,18900,207900,Direct,completed
B00006055,G001338,R0035,A0045,2025-03-16,2025-05-22,2025-05-31,Ocean Suite,9,43600,392400,Direct,completed
B00006056,G000044,R0018,A0024,2025-01-04,2025-03-09,2025-03-13,Standard King,4,18900,75600,OTA,completed
B00006057,G000100,R0014,A0031,2025-08-17,2025-11-25,2025-11-27,Presidential,2,120600,241200,Travel Agent,completed
B00006058,G001183,R0028,A0001,2025-09-05,2025-10-25,2025-11-07,Villa,13,80500,1046500,Direct,completed
B00006059,G000564,R0026,A0048,2025-09-01,2025-09-20,2025-09-29,Standard Double,9,13100,117900,Direct,completed
B00006060,G002221,R0020,A0058,2025-01-14,2025-04-28,2025-05-09,Ocean Suite,11,45800,503800,Direct,completed
B00006061,G001953,R0013,A0039,2024-06-07,2024-07-22,2024-07-24,Ocean Suite,2,39100,78200,OTA,completed
B00006062,G002188,R0006,A0060,2025-08-01,2025-09-18,2025-09-29,Standard King,11,20600,226600,Corporate,completed
B00006063,G001498,R0034,A0048,2024-06-22,2024-07-07,2024-07-12,Standard Double,5,13600,68000,Loyalty,completed
B00006064,G001131,R0016,A0051,2024-04-16,2024-05-18,2024-05-21,Standard King,3,19000,57000,Loyalty,completed
B00006065,G001690,R0040,A0023,2024-11-26,2025-02-26,2025-03-03,Standard Double,5,18400,92000,Loyalty,completed
B00006066,G001069,R0040,A0025,2024-03-06,2024-05-07,2024-05-21,Ocean Suite,14,41200,576800,Travel Agent,completed
B00006067,G000205,R0012,A0001,2024-07-13,2024-07-30,2024-08-05,Villa,6,70600,423600,OTA,completed
B00006068,G000617,R0005,A0058,2025-12-23,2026-02-17,2026-02-24,Ocean Suite,7,31600,221200,Loyalty,completed
B00006069,G000099,R0007,A0014,2024-06-12,2024-09-02,2024-09-10,Standard King,8,18400,147200,Direct,cancelled
B00006070,G001722,R0013,A0051,2024-09-08,2024-11-11,2024-11-18,Ocean Suite,7,38100,266700,Direct,completed
B00006071,G000622,R0040,A0008,2025-11-29,2026-01-07,2026-01-21,Presidential,14,126200,1766800,Direct,completed
B00006072,G000544,R0039,A0016,2024-07-20,2024-10-10,2024-10-12,Standard Double,2,17400,34800,Corporate,confirmed
B00006073,G000054,R0010,A0052,2024-08-01,2024-08-14,2024-08-19,Standard Double,5,20000,100000,Travel Agent,no_show
B00006074,G001247,R0006,A0031,2025-05-16,2025-06-17,2025-06-26,Standard King,9,18800,169200,OTA,completed
B00006075,G001447,R0040,A0034,2025-01-26,2025-05-19,2025-05-24,Standard Double,5,15400,77000,Direct,confirmed
B00006076,G000728,R0022,A0038,2024-07-13,2024-08-08,2024-08-17,Presidential,9,146100,1314900,OTA,completed
B00006077,G002222,R0002,A0027,2024-08-19,2024-09-02,2024-09-14,Ocean Suite,12,32900,394800,Direct,completed
B00006078,G000151,R0022,A0040,2025-05-26,2025-08-30,2025-08-31,Villa,1,64900,64900,OTA,completed
B00006079,G002072,R0003,A0001,2025-04-25,2025-08-22,2025-09-04,Standard Double,13,14200,184600,Direct,completed
B00006080,G001887,R0012,A0042,2025-09-12,2025-11-21,2025-12-03,Standard King,12,18600,223200,Loyalty,completed
B00006081,G002392,R0040,A0036,2025-06-30,2025-10-04,2025-10-16,Ocean Suite,12,39900,478800,Corporate,completed
B00006082,G001362,R0021,A0052,2024-01-15,2024-05-11,2024-05-15,Standard Double,4,15900,63600,Direct,completed
B00006083,G001326,R0038,A0035,2025-04-10,2025-08-06,2025-08-17,Ocean Suite,11,31000,341000,Corporate,confirmed
B00006084,G002114,R0038,A0057,2024-11-13,2025-01-19,2025-01-22,Villa,3,67400,202200,Travel Agent,confirmed
B00006085,G002566,R0003,A0006,2024-12-20,2025-02-12,2025-02-16,Standard King,4,16100,64400,Travel Agent,completed
B00006086,G000837,R0019,A0040,2025-11-09,2025-12-02,2025-12-05,Villa,3,75000,225000,Direct,completed
B00006087,G002477,R0010,A0036,2024-09-07,2024-09-19,2024-10-02,Ocean Suite,13,35100,456300,Corporate,completed
B00006088,G001889,R0013,A0057,2024-05-21,2024-05-31,2024-06-11,Standard King,11,19100,210100,Travel Agent,confirmed
B00006089,G001111,R0011,A0012,2025-08-25,2025-10-20,2025-10-24,Standard Double,4,15500,62000,OTA,completed
B00006090,G001195,R0024,A0043,2024-04-01,2024-05-03,2024-05-07,Standard King,4,16200,64800,Travel Agent,completed
B00006091,G002577,R0022,A0036,2025-08-24,2025-11-26,2025-12-06,Ocean Suite,10,31600,316000,Corporate,confirmed
B00006092,G001382,R0018,A0005,2025-01-31,2025-02-16,2025-02-20,Villa,4,76800,307200,Corporate,completed
B00006093,G001784,R0030,A0022,2024-11-17,2025-02-12,2025-02-19,Standard King,7,22700,158900,OTA,confirmed
B00006094,G000590,R0003,A0005,2025-05-05,2025-05-23,2025-06-06,Standard King,14,16300,228200,Loyalty,confirmed
B00006095,G002760,R0036,A0057,2025-04-13,2025-05-09,2025-05-13,Standard Double,4,16000,64000,OTA,completed
B00006096,G001901,R0029,A0043,2025-07-20,2025-10-26,2025-10-30,Standard King,4,21000,84000,Corporate,confirmed
B00006097,G001295,R0010,A0025,2025-03-18,2025-06-14,2025-06-23,Standard King,9,16800,151200,Direct,completed
B00006098,G001344,R0040,A0005,2024-03-11,2024-05-11,2024-05-22,Standard Double,11,18100,199100,OTA,completed
B00006099,G000409,R0020,A0011,2025-05-11,2025-05-29,2025-05-31,Standard Double,2,16600,33200,OTA,completed
B00006100,G000583,R0009,A0033,2024-07-20,2024-08-27,2024-09-01,Ocean Suite,5,32200,161000,Travel Agent,cancelled
B00006101,G000049,R0014,A0043,2024-01-04,2024-04-16,2024-04-24,Presidential,8,115400,923200,Direct,confirmed
B00006102,G001390,R0018,A0004,2024-04-13,2024-05-09,2024-05-20,Ocean Suite,11,44900,493900,Travel Agent,completed
B00006103,G000187,R0034,A0001,2025-01-01,2025-03-02,2025-03-14,Standard King,12,18200,218400,Direct,completed
B00006104,G002334,R0037,A0045,2025-06-15,2025-09-13,2025-09-16,Ocean Suite,3,33100,99300,Loyalty,confirmed
B00006105,G002070,R0004,A0006,2025-03-01,2025-06-01,2025-06-03,Presidential,2,147200,294400,OTA,completed
B00006106,G002136,R0003,A0030,2025-03-27,2025-04-13,2025-04-24,Standard King,11,15800,173800,Travel Agent,confirmed
B00006107,G001073,R0011,A0032,2025-09-26,2025-10-22,2025-10-23,Ocean Suite,1,46700,46700,Corporate,completed
B00006108,G002666,R0015,A0025,2024-08-18,2024-08-29,2024-09-04,Presidential,6,149800,898800,OTA,cancelled
B00006109,G001705,R0009,A0042,2024-01-04,2024-04-12,2024-04-16,Standard King,4,22600,90400,Corporate,completed
B00006110,G000904,R0001,A0009,2024-04-13,2024-08-04,2024-08-12,Ocean Suite,8,30500,244000,OTA,completed
B00006111,G002362,R0012,A0009,2025-02-21,2025-04-08,2025-04-11,Presidential,3,108200,324600,Direct,completed
B00006112,G001138,R0013,A0015,2024-03-27,2024-06-02,2024-06-04,Standard King,2,16100,32200,Corporate,completed
B00006113,G000877,R0012,A0021,2025-03-03,2025-06-13,2025-06-25,Standard King,12,17100,205200,OTA,cancelled
B00006114,G000302,R0031,A0030,2024-03-17,2024-03-21,2024-04-04,Standard Double,14,13000,182000,OTA,cancelled
B00006115,G001856,R0001,A0060,2025-10-04,2025-11-24,2025-11-27,Standard Double,3,16300,48900,Direct,completed
B00006116,G001663,R0006,A0058,2025-09-19,2025-09-28,2025-10-04,Standard Double,6,13800,82800,Direct,completed
B00006117,G002222,R0003,A0041,2024-07-04,2024-11-01,2024-11-09,Standard King,8,19700,157600,OTA,confirmed
B00006118,G002525,R0034,A0056,2024-07-13,2024-09-03,2024-09-09,Standard Double,6,17500,105000,OTA,completed
B00006119,G001210,R0024,A0031,2024-11-13,2024-12-13,2024-12-17,Standard Double,4,16200,64800,Corporate,cancelled
B00006120,G002744,R0037,A0040,2024-04-21,2024-05-02,2024-05-12,Ocean Suite,10,42500,425000,Corporate,no_show
B00006121,G000976,R0007,A0056,2025-05-16,2025-07-02,2025-07-12,Standard Double,10,16500,165000,OTA,completed
B00006122,G002099,R0019,A0010,2024-03-24,2024-05-29,2024-06-01,Standard Double,3,17800,53400,Travel Agent,completed
B00006123,G000924,R0002,A0058,2025-06-20,2025-10-14,2025-10-15,Standard King,1,16100,16100,Corporate,completed
B00006124,G000696,R0013,A0004,2025-08-08,2025-10-05,2025-10-09,Ocean Suite,4,43600,174400,OTA,completed
B00006125,G002486,R0013,A0015,2024-06-11,2024-09-19,2024-09-21,Standard King,2,20000,40000,Corporate,confirmed
B00006126,G001578,R0006,A0021,2024-07-28,2024-10-10,2024-10-14,Standard Double,4,18800,75200,Loyalty,completed
B00006127,G000771,R0005,A0013,2025-10-31,2025-11-07,2025-11-11,Ocean Suite,4,35100,140400,Direct,completed
B00006128,G001515,R0015,A0009,2025-01-28,2025-03-13,2025-03-14,Ocean Suite,1,34700,34700,OTA,completed
B00006129,G000029,R0038,A0046,2024-08-07,2024-12-01,2024-12-05,Standard Double,4,15300,61200,OTA,completed
B00006130,G001518,R0038,A0031,2025-03-05,2025-04-12,2025-04-23,Standard King,11,19500,214500,Direct,confirmed
B00006131,G000248,R0016,A0012,2025-10-25,2025-12-19,2025-12-21,Ocean Suite,2,32400,64800,Loyalty,completed
B00006132,G002288,R0023,A0002,2024-10-15,2024-11-10,2024-11-14,Ocean Suite,4,46100,184400,Direct,completed
B00006133,G000667,R0029,A0036,2025-05-10,2025-07-02,2025-07-12,Standard Double,10,19700,197000,Travel Agent,completed
B00006134,G000926,R0032,A0017,2025-04-24,2025-06-04,2025-06-15,Standard King,11,19400,213400,Corporate,completed
B00006135,G001391,R0006,A0028,2025-10-28,2026-01-01,2026-01-10,Standard Double,9,16000,144000,Direct,completed
B00006136,G002720,R0025,A0010,2025-04-23,2025-07-11,2025-07-19,Standard King,8,22000,176000,Corporate,completed
B00006137,G001014,R0019,A0004,2024-06-03,2024-08-13,2024-08-23,Standard King,10,19200,192000,Direct,completed
B00006138,G002281,R0001,A0011,2025-09-28,2025-11-07,2025-11-14,Standard King,7,17800,124600,OTA,completed
B00006139,G002161,R0037,A0043,2024-06-04,2024-06-16,2024-06-22,Standard Double,6,17100,102600,OTA,completed
B00006140,G000879,R0029,A0012,2024-01-04,2024-03-09,2024-03-15,Standard King,6,21100,126600,Direct,confirmed
B00006141,G001984,R0031,A0020,2025-08-15,2025-08-17,2025-08-29,Standard Double,12,19400,232800,Travel Agent,cancelled
B00006142,G000833,R0036,A0050,2025-06-09,2025-09-14,2025-09-25,Villa,11,80800,888800,Corporate,completed
B00006143,G002870,R0026,A0048,2024-05-27,2024-09-19,2024-09-28,Presidential,9,120100,1080900,Direct,confirmed
B00006144,G000579,R0034,A0027,2025-02-18,2025-05-30,2025-06-04,Standard Double,5,16400,82000,OTA,completed
B00006145,G000427,R0025,A0027,2025-04-13,2025-06-11,2025-06-14,Standard King,3,21000,63000,Direct,completed
B00006146,G000129,R0018,A0021,2024-03-20,2024-07-04,2024-07-17,Standard Double,13,14800,192400,Direct,cancelled
B00006147,G001878,R0009,A0020,2024-06-14,2024-07-23,2024-07-26,Ocean Suite,3,33600,100800,OTA,cancelled
B00006148,G000240,R0013,A0060,2024-01-30,2024-03-22,2024-03-30,Standard Double,8,14000,112000,OTA,completed
B00006149,G000706,R0017,A0053,2024-05-28,2024-07-18,2024-07-19,Villa,1,71000,71000,Direct,confirmed
B00006150,G000017,R0006,A0037,2025-06-01,2025-06-07,2025-06-21,Villa,14,59400,831600,OTA,confirmed
B00006151,G001157,R0024,A0034,2025-06-13,2025-10-08,2025-10-17,Standard Double,9,19400,174600,OTA,confirmed
B00006152,G000671,R0012,A0030,2024-11-30,2025-03-14,2025-03-27,Standard Double,13,13600,176800,Direct,completed
B00006153,G001814,R0026,A0023,2024-07-13,2024-11-02,2024-11-04,Standard King,2,20100,40200,Direct,completed
B00006154,G001918,R0027,A0031,2024-04-29,2024-07-21,2024-07-31,Villa,10,56200,562000,Loyalty,confirmed
B00006155,G003000,R0029,A0034,2024-03-04,2024-05-14,2024-05-26,Villa,12,75800,909600,OTA,completed
B00006156,G000545,R0022,A0058,2025-08-30,2025-09-11,2025-09-23,Standard Double,12,15300,183600,Direct,completed
B00006157,G002615,R0026,A0038,2025-07-29,2025-08-31,2025-09-13,Ocean Suite,13,31900,414700,Direct,completed
B00006158,G001029,R0001,A0042,2024-09-08,2024-10-30,2024-11-06,Standard Double,7,16900,118300,OTA,completed
B00006159,G000936,R0017,A0009,2024-03-15,2024-06-30,2024-07-07,Villa,7,58700,410900,Travel Agent,completed
B00006160,G000040,R0006,A0049,2025-11-23,2026-02-17,2026-02-26,Ocean Suite,9,35300,317700,OTA,completed
B00006161,G001161,R0006,A0011,2024-02-06,2024-03-19,2024-03-27,Ocean Suite,8,44500,356000,Loyalty,cancelled
B00006162,G000971,R0018,A0033,2025-04-28,2025-08-07,2025-08-13,Standard King,6,15700,94200,Travel Agent,confirmed
B00006163,G002406,R0021,A0006,2025-11-30,2026-01-14,2026-01-22,Standard King,8,15300,122400,OTA,completed
B00006164,G001268,R0006,A0006,2025-01-14,2025-01-17,2025-01-24,Standard King,7,17400,121800,Direct,no_show
B00006165,G000053,R0010,A0018,2024-04-15,2024-05-14,2024-05-23,Presidential,9,154200,1387800,OTA,confirmed
B00006166,G000053,R0019,A0034,2025-12-19,2026-02-22,2026-03-06,Ocean Suite,12,45600,547200,Direct,confirmed
B00006167,G000777,R0019,A0041,2024-05-25,2024-06-23,2024-06-30,Villa,7,79200,554400,Travel Agent,completed
B00006168,G000132,R0018,A0046,2025-01-20,2025-03-28,2025-04-09,Villa,12,77200,926400,Corporate,completed
B00006169,G002857,R0019,A0030,2024-04-07,2024-06-20,2024-06-30,Standard King,10,24000,240000,Direct,completed
B00006170,G002139,R0010,A0054,2024-07-10,2024-10-30,2024-11-11,Standard King,12,18400,220800,Travel Agent,completed
B00006171,G000156,R0040,A0031,2024-11-02,2025-01-20,2025-01-23,Standard King,3,15400,46200,Corporate,confirmed
B00006172,G001969,R0037,A0038,2025-12-11,2026-01-25,2026-01-28,Standard Double,3,14600,43800,Travel Agent,completed
B00006173,G001526,R0009,A0043,2024-04-10,2024-08-05,2024-08-08,Ocean Suite,3,31800,95400,Direct,completed
B00006174,G000428,R0031,A0003,2025-09-23,2025-11-01,2025-11-05,Standard King,4,20900,83600,OTA,completed
B00006175,G000943,R0007,A0055,2025-02-01,2025-05-15,2025-05-17,Ocean Suite,2,32400,64800,Loyalty,confirmed
B00006176,G002160,R0031,A0042,2024-07-04,2024-09-01,2024-09-02,Standard Double,1,13500,13500,OTA,completed
B00006177,G002837,R0016,A0053,2024-11-26,2025-03-05,2025-03-12,Standard Double,7,16800,117600,OTA,confirmed
B00006178,G002448,R0026,A0009,2024-03-09,2024-05-03,2024-05-13,Villa,10,65400,654000,Direct,completed
B00006179,G000194,R0019,A0003,2024-03-27,2024-07-14,2024-07-22,Standard King,8,19300,154400,Direct,completed
B00006180,G000767,R0027,A0006,2024-09-16,2024-10-20,2024-10-24,Standard King,4,19300,77200,OTA,completed
B00006181,G000927,R0011,A0031,2024-09-17,2024-11-18,2024-11-19,Standard Double,1,19100,19100,Direct,completed
B00006182,G000243,R0027,A0009,2024-12-10,2025-03-28,2025-04-08,Standard King,11,18700,205700,Direct,completed
B00006183,G000865,R0011,A0013,2025-08-30,2025-09-10,2025-09-20,Presidential,10,151100,1511000,Corporate,no_show
B00006184,G001966,R0031,A0046,2025-12-31,2026-04-26,2026-04-27,Standard King,1,19700,19700,Loyalty,cancelled
B00006185,G002901,R0012,A0035,2024-07-09,2024-08-10,2024-08-23,Standard King,13,17000,221000,Loyalty,confirmed
B00006186,G001424,R0023,A0046,2024-07-16,2024-08-11,2024-08-17,Standard King,6,23200,139200,Direct,completed
B00006187,G002471,R0032,A0007,2024-10-18,2024-12-16,2024-12-18,Standard King,2,24200,48400,Travel Agent,no_show
B00006188,G002660,R0027,A0008,2025-05-16,2025-06-07,2025-06-12,Ocean Suite,5,35200,176000,OTA,completed
B00006189,G000405,R0013,A0025,2024-10-17,2024-11-14,2024-11-19,Standard Double,5,15900,79500,OTA,confirmed
B00006190,G002934,R0038,A0024,2025-05-06,2025-06-04,2025-06-16,Standard King,12,17100,205200,Direct,cancelled
B00006191,G001397,R0003,A0039,2024-02-08,2024-02-18,2024-03-02,Standard King,13,19500,253500,OTA,no_show
B00006192,G001362,R0017,A0004,2025-05-24,2025-09-04,2025-09-05,Standard King,1,21900,21900,Corporate,completed
B00006193,G001352,R0018,A0045,2025-04-18,2025-04-30,2025-05-06,Standard Double,6,18400,110400,Travel Agent,completed
B00006194,G000327,R0017,A0027,2025-02-14,2025-02-28,2025-03-08,Standard King,8,16900,135200,Corporate,cancelled
B00006195,G002230,R0007,A0006,2024-11-23,2025-01-12,2025-01-16,Presidential,4,102800,411200,OTA,completed
B00006196,G000528,R0012,A0008,2025-08-17,2025-10-28,2025-11-10,Standard Double,13,19800,257400,OTA,completed
B00006197,G002979,R0006,A0009,2024-07-13,2024-08-19,2024-09-02,Villa,14,72300,1012200,Direct,completed
B00006198,G002680,R0028,A0058,2024-12-21,2025-02-26,2025-03-09,Standard King,11,20300,223300,Corporate,completed
B00006199,G002267,R0034,A0006,2025-03-02,2025-05-16,2025-05-22,Standard King,6,21100,126600,OTA,confirmed
B00006200,G002553,R0036,A0039,2024-05-09,2024-05-18,2024-05-21,Ocean Suite,3,33200,99600,Travel Agent,completed
B00006201,G000821,R0028,A0053,2025-11-02,2025-12-21,2025-12-27,Standard Double,6,17500,105000,OTA,completed
B00006202,G000630,R0021,A0036,2024-06-15,2024-08-12,2024-08-23,Villa,11,51200,563200,Travel Agent,completed
B00006203,G000592,R0027,A0050,2025-11-17,2026-02-03,2026-02-17,Villa,14,76000,1064000,Corporate,completed
B00006204,G001465,R0005,A0026,2025-06-19,2025-10-06,2025-10-11,Standard Double,5,19400,97000,Direct,completed
B00006205,G001807,R0023,A0054,2024-08-13,2024-11-04,2024-11-15,Standard King,11,20300,223300,OTA,confirmed
B00006206,G001104,R0010,A0017,2025-12-27,2026-03-12,2026-03-24,Presidential,12,150800,1809600,Direct,confirmed
B00006207,G001237,R0036,A0052,2024-07-21,2024-10-18,2024-11-01,Villa,14,57300,802200,Loyalty,completed
B00006208,G001094,R0023,A0013,2025-11-09,2026-02-27,2026-03-10,Standard King,11,15700,172700,Travel Agent,completed
B00006209,G002020,R0024,A0058,2024-07-13,2024-10-11,2024-10-22,Standard Double,11,16100,177100,Direct,confirmed
B00006210,G001209,R0027,A0053,2025-09-11,2026-01-06,2026-01-10,Standard King,4,16200,64800,OTA,completed
B00006211,G000643,R0040,A0030,2024-08-17,2024-12-07,2024-12-17,Ocean Suite,10,38500,385000,Corporate,completed
B00006212,G001464,R0028,A0027,2024-11-22,2024-12-11,2024-12-16,Standard Double,5,20100,100500,Loyalty,completed
B00006213,G000101,R0029,A0014,2024-09-16,2025-01-02,2025-01-03,Villa,1,51200,51200,Travel Agent,completed
B00006214,G000748,R0012,A0039,2025-02-27,2025-05-03,2025-05-16,Ocean Suite,13,36400,473200,Loyalty,cancelled
B00006215,G001113,R0035,A0018,2024-04-22,2024-06-01,2024-06-04,Standard Double,3,17600,52800,OTA,cancelled
B00006216,G002943,R0039,A0002,2025-07-23,2025-09-27,2025-10-05,Standard Double,8,20000,160000,Loyalty,completed
B00006217,G002055,R0018,A0012,2025-11-15,2026-01-02,2026-01-06,Standard Double,4,15000,60000,Corporate,completed
B00006218,G001352,R0032,A0015,2025-09-03,2025-11-26,2025-12-03,Standard King,7,16600,116200,OTA,completed
B00006219,G001599,R0038,A0052,2025-02-07,2025-05-29,2025-06-05,Standard Double,7,18000,126000,Direct,completed
B00006220,G000566,R0024,A0037,2024-12-15,2025-03-28,2025-04-05,Villa,8,64700,517600,Travel Agent,completed
B00006221,G001837,R0002,A0011,2024-07-31,2024-11-07,2024-11-20,Villa,13,58100,755300,Direct,completed
B00006222,G001395,R0021,A0036,2025-04-25,2025-07-14,2025-07-24,Standard King,10,18600,186000,Direct,completed
B00006223,G000248,R0040,A0060,2025-02-14,2025-03-23,2025-03-27,Villa,4,63800,255200,Corporate,completed
B00006224,G002433,R0030,A0019,2024-06-15,2024-09-09,2024-09-22,Villa,13,77700,1010100,Corporate,completed
B00006225,G002709,R0025,A0038,2025-11-15,2026-03-15,2026-03-18,Standard King,3,21900,65700,Travel Agent,confirmed
B00006226,G001616,R0034,A0026,2025-08-12,2025-11-18,2025-12-02,Standard King,14,20700,289800,Loyalty,confirmed
B00006227,G002227,R0030,A0054,2024-04-15,2024-07-16,2024-07-24,Standard Double,8,18700,149600,Travel Agent,completed
B00006228,G001414,R0002,A0020,2024-04-08,2024-04-30,2024-05-10,Ocean Suite,10,37400,374000,Travel Agent,completed
B00006229,G002063,R0003,A0007,2025-11-25,2026-03-15,2026-03-29,Standard King,14,15500,217000,OTA,confirmed
B00006230,G000492,R0024,A0046,2024-05-26,2024-07-22,2024-08-03,Ocean Suite,12,29700,356400,Corporate,confirmed
B00006231,G002225,R0040,A0044,2025-04-01,2025-06-27,2025-07-05,Standard Double,8,19100,152800,Travel Agent,completed
B00006232,G000515,R0030,A0027,2024-12-13,2025-03-13,2025-03-25,Standard Double,12,15700,188400,Direct,confirmed
B00006233,G000400,R0033,A0037,2025-05-18,2025-07-19,2025-07-21,Standard King,2,21400,42800,Direct,completed
B00006234,G002805,R0035,A0040,2024-10-29,2024-12-26,2024-12-31,Standard Double,5,16100,80500,OTA,completed
B00006235,G001015,R0027,A0049,2025-07-24,2025-08-14,2025-08-19,Standard Double,5,16800,84000,Direct,completed
B00006236,G000670,R0015,A0006,2025-05-11,2025-08-01,2025-08-12,Standard Double,11,13300,146300,Corporate,completed
B00006237,G000575,R0007,A0048,2025-08-30,2025-12-15,2025-12-17,Ocean Suite,2,41900,83800,Travel Agent,completed
B00006238,G000794,R0037,A0005,2024-01-05,2024-03-10,2024-03-20,Standard Double,10,13300,133000,OTA,no_show
B00006239,G002725,R0021,A0039,2025-06-06,2025-08-03,2025-08-06,Ocean Suite,3,46500,139500,Travel Agent,completed
B00006240,G002003,R0005,A0026,2024-04-28,2024-05-15,2024-05-19,Standard Double,4,16800,67200,Direct,completed
B00006241,G000726,R0039,A0032,2024-10-08,2024-11-03,2024-11-17,Standard Double,14,15000,210000,Travel Agent,completed
B00006242,G001702,R0024,A0051,2024-09-04,2024-11-03,2024-11-05,Standard King,2,21000,42000,Loyalty,completed
B00006243,G001368,R0001,A0035,2024-05-24,2024-07-01,2024-07-09,Standard King,8,18600,148800,Direct,cancelled
B00006244,G002715,R0007,A0025,2024-07-19,2024-08-26,2024-09-01,Villa,6,76100,456600,Corporate,confirmed
B00006245,G000483,R0031,A0019,2024-08-08,2024-09-24,2024-09-28,Standard King,4,21700,86800,Direct,cancelled
B00006246,G000293,R0004,A0058,2024-05-14,2024-06-19,2024-06-27,Presidential,8,157400,1259200,Corporate,confirmed
B00006247,G000343,R0014,A0015,2024-03-23,2024-04-13,2024-04-23,Presidential,10,156200,1562000,OTA,completed
B00006248,G002472,R0028,A0043,2025-02-26,2025-06-25,2025-07-02,Ocean Suite,7,41200,288400,OTA,completed
B00006249,G001021,R0033,A0035,2024-03-31,2024-04-29,2024-04-30,Ocean Suite,1,37200,37200,OTA,completed
B00006250,G000919,R0017,A0057,2024-07-24,2024-10-04,2024-10-08,Ocean Suite,4,37200,148800,Travel Agent,confirmed
B00006251,G001818,R0035,A0010,2024-09-07,2024-11-27,2024-12-07,Standard Double,10,16800,168000,Travel Agent,completed
B00006252,G002110,R0007,A0002,2024-06-15,2024-09-17,2024-09-27,Standard Double,10,19800,198000,Direct,completed
B00006253,G000442,R0031,A0010,2024-12-16,2025-04-05,2025-04-17,Standard King,12,17400,208800,Corporate,cancelled
B00006254,G001183,R0010,A0043,2024-03-01,2024-03-20,2024-04-03,Standard King,14,16300,228200,Direct,completed
B00006255,G000354,R0030,A0016,2024-08-20,2024-09-15,2024-09-17,Ocean Suite,2,32400,64800,Loyalty,no_show
B00006256,G001042,R0016,A0042,2025-05-29,2025-08-15,2025-08-19,Standard Double,4,15300,61200,Loyalty,completed
B00006257,G001933,R0030,A0011,2025-06-05,2025-09-20,2025-09-26,Standard King,6,22500,135000,Travel Agent,no_show
B00006258,G002039,R0022,A0045,2024-08-05,2024-11-21,2024-11-28,Standard King,7,17500,122500,Direct,completed
B00006259,G000198,R0038,A0002,2024-07-08,2024-10-10,2024-10-21,Ocean Suite,11,31100,342100,OTA,completed
B00006260,G002586,R0001,A0039,2024-07-19,2024-08-12,2024-08-24,Standard Double,12,13900,166800,Direct,completed
B00006261,G000531,R0002,A0059,2025-08-23,2025-10-27,2025-10-29,Ocean Suite,2,35600,71200,Direct,completed
B00006262,G002766,R0022,A0021,2025-12-21,2026-04-01,2026-04-12,Presidential,11,135600,1491600,OTA,completed
B00006263,G002128,R0023,A0037,2025-06-19,2025-09-14,2025-09-21,Standard King,7,15700,109900,Direct,completed
B00006264,G001390,R0007,A0042,2024-02-26,2024-04-25,2024-05-02,Standard Double,7,17900,125300,Travel Agent,confirmed
B00006265,G000419,R0008,A0038,2025-03-05,2025-04-15,2025-04-16,Standard Double,1,17200,17200,Corporate,completed
B00006266,G000133,R0029,A0060,2024-04-06,2024-06-29,2024-07-02,Ocean Suite,3,34500,103500,Travel Agent,completed
B00006267,G000551,R0027,A0018,2024-09-29,2024-12-15,2024-12-27,Ocean Suite,12,35000,420000,OTA,completed
B00006268,G000486,R0010,A0011,2025-11-18,2025-12-19,2025-12-30,Standard King,11,20200,222200,Corporate,confirmed
B00006269,G002724,R0001,A0028,2025-01-18,2025-04-28,2025-05-02,Standard Double,4,19700,78800,Direct,confirmed
B00006270,G002060,R0039,A0010,2024-04-02,2024-05-06,2024-05-18,Ocean Suite,12,30500,366000,Direct,cancelled
B00006271,G002686,R0018,A0008,2024-05-10,2024-08-26,2024-08-31,Standard King,5,17500,87500,Direct,confirmed
B00006272,G002966,R0023,A0048,2025-11-12,2026-02-25,2026-02-27,Standard King,2,20100,40200,Corporate,completed
B00006273,G000717,R0024,A0037,2024-08-13,2024-09-20,2024-09-25,Standard Double,5,14400,72000,Loyalty,completed
B00006274,G000607,R0005,A0032,2025-11-03,2026-02-27,2026-03-03,Villa,4,62400,249600,Corporate,no_show
B00006275,G002592,R0003,A0030,2025-03-20,2025-04-09,2025-04-13,Standard Double,4,16500,66000,OTA,completed
B00006276,G000924,R0020,A0060,2024-02-04,2024-02-24,2024-02-26,Ocean Suite,2,47000,94000,Corporate,completed
B00006277,G002133,R0038,A0024,2025-09-29,2025-11-05,2025-11-14,Standard King,9,16600,149400,Travel Agent,completed
B00006278,G001383,R0016,A0002,2025-08-27,2025-10-19,2025-10-28,Standard Double,9,18500,166500,Corporate,completed
B00006279,G001209,R0015,A0028,2025-08-27,2025-11-18,2025-12-02,Presidential,14,114600,1604400,Travel Agent,completed
B00006280,G002549,R0022,A0031,2024-11-23,2025-02-03,2025-02-11,Standard Double,8,13100,104800,OTA,completed
B00006281,G001450,R0036,A0047,2024-01-27,2024-03-29,2024-04-04,Standard Double,6,19300,115800,Direct,completed
B00006282,G000295,R0003,A0043,2025-04-23,2025-07-06,2025-07-12,Standard Double,6,12700,76200,Travel Agent,completed
B00006283,G000741,R0028,A0045,2024-07-16,2024-10-11,2024-10-20,Standard King,9,18300,164700,OTA,completed
B00006284,G002729,R0013,A0010,2025-09-17,2025-11-01,2025-11-03,Villa,2,70800,141600,OTA,completed
B00006285,G002767,R0026,A0057,2024-04-20,2024-07-09,2024-07-10,Presidential,1,113000,113000,Direct,completed
B00006286,G002361,R0032,A0018,2025-04-18,2025-05-24,2025-06-02,Ocean Suite,9,40600,365400,Corporate,completed
B00006287,G000460,R0013,A0052,2025-06-09,2025-06-27,2025-07-10,Ocean Suite,13,44400,577200,OTA,completed
B00006288,G002301,R0007,A0055,2025-03-24,2025-06-07,2025-06-17,Standard Double,10,14600,146000,Corporate,confirmed
B00006289,G000542,R0038,A0051,2025-10-30,2025-11-18,2025-11-21,Standard Double,3,16400,49200,Corporate,confirmed
B00006290,G000744,R0012,A0044,2025-09-19,2026-01-02,2026-01-16,Standard King,14,22100,309400,Loyalty,completed
B00006291,G000920,R0023,A0055,2024-06-14,2024-08-15,2024-08-23,Ocean Suite,8,38000,304000,OTA,completed
B00006292,G002770,R0035,A0005,2025-10-06,2025-12-22,2025-12-29,Standard King,7,23300,163100,OTA,completed
B00006293,G002439,R0013,A0018,2025-10-28,2025-12-29,2026-01-04,Villa,6,58500,351000,OTA,completed
B00006294,G001370,R0023,A0017,2025-02-28,2025-03-18,2025-03-22,Standard King,4,15900,63600,OTA,completed
B00006295,G001923,R0023,A0047,2024-03-17,2024-05-09,2024-05-11,Standard Double,2,19700,39400,Travel Agent,completed
B00006296,G001055,R0009,A0037,2025-01-02,2025-04-27,2025-05-03,Ocean Suite,6,37300,223800,Travel Agent,completed
B00006297,G002531,R0014,A0060,2024-09-18,2024-10-01,2024-10-13,Standard Double,12,19400,232800,Direct,completed
B00006298,G002405,R0027,A0059,2024-10-16,2024-11-21,2024-11-28,Standard King,7,22200,155400,Direct,confirmed
B00006299,G000603,R0015,A0033,2024-07-26,2024-10-04,2024-10-14,Standard King,10,18900,189000,OTA,completed
B00006300,G000631,R0033,A0051,2025-06-24,2025-08-24,2025-08-29,Villa,5,79700,398500,Direct,no_show
B00006301,G001516,R0016,A0048,2025-08-04,2025-10-25,2025-10-27,Presidential,2,133900,267800,OTA,no_show
B00006302,G001128,R0038,A0056,2025-05-17,2025-07-11,2025-07-22,Standard Double,11,13900,152900,Direct,completed
B00006303,G000744,R0038,A0010,2024-04-24,2024-08-10,2024-08-17,Villa,7,68300,478100,Loyalty,completed
B00006304,G000704,R0018,A0014,2025-02-05,2025-04-23,2025-05-05,Standard Double,12,14300,171600,Corporate,completed
B00006305,G000668,R0008,A0011,2025-08-19,2025-09-30,2025-10-12,Standard King,12,19300,231600,Direct,completed
B00006306,G002466,R0020,A0040,2024-06-18,2024-08-28,2024-09-10,Standard Double,13,19900,258700,OTA,confirmed
B00006307,G001623,R0033,A0053,2025-05-09,2025-06-06,2025-06-20,Standard Double,14,18300,256200,Direct,completed
B00006308,G000297,R0002,A0004,2024-01-14,2024-02-01,2024-02-11,Standard King,10,16200,162000,Direct,cancelled
B00006309,G002013,R0017,A0025,2024-12-18,2024-12-21,2024-12-29,Standard Double,8,20200,161600,Corporate,completed
B00006310,G000333,R0007,A0018,2024-03-20,2024-05-11,2024-05-19,Standard King,8,23200,185600,Travel Agent,completed
B00006311,G001259,R0028,A0006,2025-02-19,2025-05-28,2025-06-09,Standard King,12,16100,193200,Corporate,completed
B00006312,G002502,R0008,A0002,2025-07-22,2025-10-29,2025-11-09,Ocean Suite,11,41800,459800,Loyalty,completed
B00006313,G000892,R0010,A0030,2025-02-23,2025-04-26,2025-05-01,Standard King,5,15700,78500,Direct,completed
B00006314,G000977,R0029,A0051,2025-08-21,2025-08-22,2025-09-04,Ocean Suite,13,29900,388700,OTA,cancelled
B00006315,G001419,R0014,A0022,2024-09-22,2024-12-09,2024-12-16,Villa,7,72100,504700,Direct,cancelled
B00006316,G000678,R0004,A0030,2024-12-02,2025-03-03,2025-03-08,Ocean Suite,5,36200,181000,Corporate,completed
B00006317,G001559,R0020,A0030,2024-05-12,2024-06-02,2024-06-11,Standard Double,9,16600,149400,Loyalty,completed
B00006318,G000180,R0007,A0042,2025-12-29,2026-04-06,2026-04-15,Standard King,9,19100,171900,Direct,completed
B00006319,G002139,R0033,A0035,2024-11-23,2025-02-03,2025-02-12,Villa,9,71800,646200,Direct,completed
B00006320,G001799,R0010,A0057,2024-04-24,2024-06-30,2024-07-06,Ocean Suite,6,41300,247800,Loyalty,confirmed
B00006321,G002244,R0035,A0004,2024-01-16,2024-03-03,2024-03-14,Standard Double,11,13300,146300,Direct,completed
B00006322,G001097,R0025,A0011,2025-12-27,2026-01-23,2026-02-01,Standard King,9,23300,209700,Direct,confirmed
B00006323,G000148,R0014,A0056,2025-02-01,2025-04-24,2025-05-07,Villa,13,63100,820300,OTA,completed
B00006324,G002154,R0009,A0013,2025-10-14,2026-01-29,2026-01-31,Standard King,2,15500,31000,OTA,cancelled
B00006325,G000527,R0001,A0049,2024-06-02,2024-06-29,2024-07-13,Standard Double,14,16400,229600,Travel Agent,completed
B00006326,G001037,R0010,A0009,2025-10-07,2026-02-02,2026-02-14,Ocean Suite,12,39300,471600,Travel Agent,cancelled
B00006327,G000047,R0011,A0010,2025-01-05,2025-04-03,2025-04-12,Standard King,9,20300,182700,Direct,completed
B00006328,G000988,R0038,A0043,2025-11-21,2026-01-23,2026-01-27,Standard King,4,22600,90400,OTA,cancelled
B00006329,G002078,R0028,A0054,2024-02-02,2024-04-12,2024-04-14,Standard King,2,18800,37600,Travel Agent,completed
B00006330,G000191,R0021,A0019,2025-05-09,2025-07-24,2025-07-26,Standard King,2,21200,42400,OTA,cancelled
B00006331,G000959,R0011,A0056,2024-11-22,2025-03-19,2025-03-26,Villa,7,55900,391300,OTA,completed
B00006332,G001608,R0019,A0023,2024-11-29,2025-01-10,2025-01-13,Standard King,3,16100,48300,Direct,completed
B00006333,G001147,R0037,A0054,2024-02-11,2024-03-05,2024-03-17,Standard King,12,19700,236400,Direct,confirmed
B00006334,G002666,R0028,A0017,2025-02-03,2025-02-09,2025-02-18,Standard King,9,24000,216000,Travel Agent,completed
B00006335,G002706,R0026,A0023,2025-04-16,2025-05-29,2025-06-11,Ocean Suite,13,36100,469300,Travel Agent,completed
B00006336,G000164,R0014,A0041,2024-06-16,2024-07-09,2024-07-19,Standard King,10,15300,153000,Direct,completed
B00006337,G002126,R0002,A0034,2025-01-20,2025-04-13,2025-04-27,Standard King,14,23000,322000,OTA,completed
B00006338,G002091,R0034,A0005,2025-12-07,2026-01-05,2026-01-08,Standard King,3,18100,54300,OTA,confirmed
B00006339,G002265,R0012,A0028,2024-05-15,2024-09-05,2024-09-18,Standard King,13,21100,274300,Corporate,completed
B00006340,G001067,R0005,A0012,2025-05-27,2025-09-13,2025-09-18,Villa,5,54400,272000,Direct,completed
B00006341,G002004,R0038,A0002,2025-12-19,2026-02-27,2026-03-03,Standard King,4,16600,66400,Direct,completed
B00006342,G000405,R0039,A0024,2025-08-14,2025-11-07,2025-11-21,Villa,14,77600,1086400,Direct,cancelled
B00006343,G002111,R0034,A0024,2024-02-20,2024-03-25,2024-04-03,Standard King,9,20900,188100,OTA,completed
B00006344,G001225,R0039,A0008,2025-04-21,2025-05-14,2025-05-15,Standard King,1,22800,22800,Travel Agent,completed
B00006345,G001882,R0022,A0026,2025-12-11,2026-01-10,2026-01-14,Villa,4,80700,322800,Direct,completed
B00006346,G001207,R0024,A0013,2024-07-17,2024-08-27,2024-08-31,Standard Double,4,15200,60800,Direct,completed
B00006347,G002992,R0022,A0031,2024-10-04,2024-10-05,2024-10-10,Villa,5,68300,341500,Direct,completed
B00006348,G001856,R0004,A0034,2025-08-11,2025-11-07,2025-11-21,Standard Double,14,14700,205800,Direct,confirmed
B00006349,G001763,R0024,A0055,2024-11-03,2025-01-28,2025-02-06,Standard Double,9,18200,163800,Loyalty,completed
B00006350,G000451,R0014,A0012,2024-12-30,2025-04-01,2025-04-14,Standard Double,13,15600,202800,Corporate,completed
B00006351,G001975,R0006,A0054,2024-03-27,2024-06-11,2024-06-16,Standard Double,5,19800,99000,OTA,completed
B00006352,G002436,R0016,A0033,2025-02-25,2025-02-27,2025-03-01,Presidential,2,103900,207800,Direct,completed
B00006353,G001332,R0037,A0045,2025-06-14,2025-09-08,2025-09-16,Standard Double,8,16200,129600,OTA,confirmed
B00006354,G000738,R0011,A0059,2024-11-25,2025-02-24,2025-02-25,Standard King,1,21500,21500,Direct,completed
B00006355,G000516,R0015,A0046,2024-05-08,2024-08-21,2024-08-28,Standard Double,7,13300,93100,Direct,completed
B00006356,G001258,R0030,A0033,2024-06-04,2024-07-23,2024-07-29,Standard Double,6,17200,103200,Corporate,completed
B00006357,G000462,R0007,A0044,2024-03-17,2024-07-08,2024-07-13,Standard King,5,15800,79000,Corporate,completed
B00006358,G002686,R0025,A0004,2024-08-27,2024-11-28,2024-12-03,Standard Double,5,14200,71000,Corporate,confirmed
B00006359,G002010,R0026,A0054,2024-09-05,2024-11-25,2024-12-05,Ocean Suite,10,37100,371000,Direct,completed
B00006360,G000417,R0003,A0002,2025-04-13,2025-07-16,2025-07-21,Standard King,5,20100,100500,OTA,completed
B00006361,G001016,R0026,A0018,2024-01-29,2024-02-27,2024-03-04,Presidential,6,136300,817800,Direct,completed
B00006362,G000248,R0004,A0023,2024-07-05,2024-08-16,2024-08-20,Standard Double,4,13900,55600,Travel Agent,confirmed
B00006363,G001009,R0022,A0040,2025-12-10,2026-01-30,2026-02-11,Ocean Suite,12,35600,427200,Corporate,completed
B00006364,G002376,R0021,A0057,2024-12-13,2025-01-20,2025-02-03,Standard King,14,19200,268800,Direct,completed
B00006365,G002703,R0003,A0026,2024-01-27,2024-05-25,2024-06-03,Ocean Suite,9,45200,406800,Loyalty,no_show
B00006366,G002851,R0021,A0012,2025-05-03,2025-06-26,2025-06-28,Standard Double,2,18000,36000,OTA,confirmed
B00006367,G001123,R0018,A0014,2024-03-21,2024-06-24,2024-07-03,Villa,9,54700,492300,Direct,cancelled
B00006368,G001195,R0033,A0008,2025-07-11,2025-08-25,2025-08-29,Standard Double,4,15700,62800,OTA,completed
B00006369,G001907,R0016,A0018,2024-08-16,2024-12-11,2024-12-19,Standard King,8,22300,178400,OTA,completed
B00006370,G002752,R0025,A0005,2025-08-24,2025-12-13,2025-12-14,Standard Double,1,15600,15600,Travel Agent,completed
B00006371,G001405,R0025,A0012,2025-10-19,2026-01-26,2026-02-03,Standard Double,8,13700,109600,Loyalty,completed
B00006372,G001485,R0020,A0021,2024-08-20,2024-11-20,2024-12-04,Villa,14,64300,900200,Direct,completed
B00006373,G000639,R0039,A0023,2025-07-05,2025-07-06,2025-07-14,Presidential,8,130900,1047200,Travel Agent,completed
B00006374,G002821,R0035,A0046,2025-12-28,2026-01-19,2026-01-22,Presidential,3,137200,411600,Direct,completed
B00006375,G001075,R0020,A0013,2025-09-19,2025-12-22,2025-12-29,Standard Double,7,13100,91700,Corporate,completed
B00006376,G002096,R0010,A0052,2024-04-04,2024-04-18,2024-04-19,Standard King,1,22300,22300,Corporate,completed
B00006377,G000566,R0022,A0032,2025-11-06,2026-03-05,2026-03-10,Standard King,5,17700,88500,Direct,confirmed
B00006378,G001824,R0029,A0054,2024-06-29,2024-07-07,2024-07-15,Standard King,8,17900,143200,Direct,completed
B00006379,G001935,R0005,A0008,2024-07-03,2024-07-25,2024-08-03,Standard King,9,22000,198000,OTA,completed
B00006380,G002449,R0034,A0021,2024-12-21,2025-03-09,2025-03-13,Standard Double,4,16400,65600,Loyalty,completed
B00006381,G000302,R0031,A0048,2025-02-13,2025-04-22,2025-04-30,Ocean Suite,8,45000,360000,Direct,confirmed
B00006382,G001062,R0029,A0042,2025-08-09,2025-11-25,2025-11-30,Standard Double,5,18300,91500,Direct,confirmed
B00006383,G002646,R0029,A0028,2024-09-08,2025-01-02,2025-01-15,Standard King,13,22500,292500,Direct,confirmed
B00006384,G001469,R0001,A0019,2024-05-31,2024-06-25,2024-06-27,Standard Double,2,14200,28400,Travel Agent,confirmed
B00006385,G001537,R0032,A0054,2025-01-23,2025-03-05,2025-03-18,Standard King,13,15800,205400,Travel Agent,completed
B00006386,G000149,R0004,A0029,2025-05-21,2025-06-16,2025-06-18,Presidential,2,160900,321800,OTA,confirmed
B00006387,G000154,R0038,A0048,2025-10-07,2025-10-19,2025-10-26,Standard Double,7,18800,131600,OTA,completed
B00006388,G000522,R0021,A0033,2024-10-29,2024-10-31,2024-11-07,Standard Double,7,16900,118300,OTA,completed
B00006389,G000573,R0022,A0060,2024-09-16,2024-11-07,2024-11-10,Ocean Suite,3,37400,112200,Corporate,completed
B00006390,G002868,R0013,A0035,2024-09-02,2024-11-28,2024-12-05,Ocean Suite,7,42400,296800,Loyalty,completed
B00006391,G000543,R0012,A0043,2024-01-10,2024-03-22,2024-04-01,Standard Double,10,15400,154000,Corporate,completed
B00006392,G001089,R0040,A0007,2025-01-13,2025-03-01,2025-03-11,Ocean Suite,10,32700,327000,Direct,completed
B00006393,G000568,R0038,A0021,2024-08-15,2024-11-16,2024-11-23,Standard King,7,19700,137900,OTA,completed
B00006394,G001023,R0023,A0051,2025-12-31,2026-02-18,2026-02-27,Standard King,9,24100,216900,OTA,completed
B00006395,G002475,R0024,A0051,2024-08-11,2024-10-24,2024-11-05,Standard King,12,21400,256800,Corporate,completed
B00006396,G001769,R0018,A0001,2024-09-09,2024-10-21,2024-10-23,Standard Double,2,17400,34800,Loyalty,confirmed
B00006397,G000215,R0036,A0013,2024-07-20,2024-09-28,2024-10-05,Standard King,7,19100,133700,Travel Agent,completed
B00006398,G000237,R0034,A0018,2025-05-13,2025-07-02,2025-07-09,Standard Double,7,18000,126000,OTA,completed
B00006399,G001649,R0008,A0059,2024-01-02,2024-04-06,2024-04-13,Villa,7,78500,549500,Direct,cancelled
B00006400,G000860,R0004,A0025,2025-06-14,2025-09-03,2025-09-07,Ocean Suite,4,42400,169600,Loyalty,completed
B00006401,G001889,R0029,A0026,2025-08-05,2025-10-11,2025-10-21,Standard Double,10,15800,158000,Direct,completed
B00006402,G000073,R0024,A0025,2025-07-18,2025-07-21,2025-07-22,Standard Double,1,14400,14400,OTA,completed
B00006403,G000224,R0007,A0047,2024-05-30,2024-07-10,2024-07-11,Standard Double,1,16700,16700,OTA,completed
B00006404,G000052,R0012,A0050,2025-03-18,2025-05-19,2025-05-31,Ocean Suite,12,32400,388800,Direct,completed
B00006405,G002002,R0039,A0025,2025-01-21,2025-03-23,2025-03-25,Standard King,2,20000,40000,OTA,completed
B00006406,G000265,R0013,A0033,2024-06-08,2024-08-20,2024-08-25,Standard Double,5,20100,100500,OTA,completed
B00006407,G001263,R0009,A0058,2025-02-22,2025-05-06,2025-05-07,Standard King,1,20700,20700,OTA,completed
B00006408,G002403,R0018,A0036,2024-02-28,2024-06-25,2024-07-05,Ocean Suite,10,31700,317000,Direct,completed
B00006409,G000252,R0011,A0042,2025-03-12,2025-06-26,2025-07-10,Standard Double,14,17600,246400,Travel Agent,completed
B00006410,G002094,R0006,A0009,2025-02-24,2025-06-03,2025-06-13,Ocean Suite,10,41700,417000,Travel Agent,completed
B00006411,G000800,R0035,A0028,2024-07-08,2024-10-26,2024-10-29,Villa,3,79700,239100,Loyalty,no_show
B00006412,G002993,R0022,A0030,2025-07-20,2025-07-22,2025-07-27,Standard Double,5,16900,84500,Corporate,completed
B00006413,G002323,R0034,A0029,2025-04-07,2025-04-14,2025-04-20,Ocean Suite,6,33800,202800,OTA,completed
B00006414,G002892,R0035,A0007,2024-09-30,2024-11-29,2024-12-06,Ocean Suite,7,32100,224700,Direct,confirmed
B00006415,G000824,R0023,A0013,2024-01-27,2024-03-18,2024-04-01,Standard Double,14,16100,225400,Direct,confirmed
B00006416,G001734,R0022,A0023,2025-06-12,2025-09-06,2025-09-09,Villa,3,76500,229500,Direct,completed
B00006417,G002184,R0005,A0028,2025-11-18,2026-01-17,2026-01-25,Standard King,8,15800,126400,OTA,completed
B00006418,G001739,R0026,A0029,2024-04-28,2024-05-08,2024-05-14,Standard Double,6,19300,115800,OTA,completed
B00006419,G001603,R0013,A0035,2024-04-27,2024-07-22,2024-07-31,Standard King,9,19300,173700,Direct,completed
B00006420,G000313,R0026,A0033,2025-07-20,2025-08-17,2025-08-24,Standard Double,7,13700,95900,OTA,completed
B00006421,G002005,R0035,A0048,2025-12-08,2025-12-28,2026-01-02,Standard Double,5,18400,92000,Corporate,confirmed
B00006422,G002822,R0022,A0003,2024-09-29,2024-12-12,2024-12-14,Standard King,2,22400,44800,Direct,cancelled
B00006423,G001937,R0006,A0015,2025-08-08,2025-10-07,2025-10-18,Presidential,11,152900,1681900,Loyalty,cancelled
B00006424,G000749,R0029,A0017,2024-05-12,2024-08-06,2024-08-20,Standard Double,14,19300,270200,OTA,completed
B00006425,G000904,R0008,A0051,2025-11-15,2025-12-11,2025-12-16,Presidential,5,129000,645000,Direct,cancelled
B00006426,G001083,R0013,A0057,2025-06-09,2025-08-09,2025-08-15,Standard Double,6,14500,87000,OTA,completed
B00006427,G001785,R0038,A0038,2024-09-05,2024-09-26,2024-09-30,Standard Double,4,16000,64000,Corporate,completed
B00006428,G002956,R0006,A0056,2025-03-30,2025-05-14,2025-05-18,Villa,4,73400,293600,Corporate,completed
B00006429,G000568,R0015,A0027,2024-05-02,2024-08-07,2024-08-08,Standard King,1,23500,23500,Direct,completed
B00006430,G000613,R0038,A0004,2024-10-27,2024-12-29,2025-01-12,Standard Double,14,16300,228200,Corporate,confirmed
B00006431,G001478,R0017,A0049,2024-11-19,2025-03-07,2025-03-08,Villa,1,70400,70400,Travel Agent,completed
B00006432,G000504,R0037,A0015,2025-06-30,2025-08-04,2025-08-10,Ocean Suite,6,37400,224400,Direct,completed
B00006433,G001988,R0013,A0025,2025-03-11,2025-07-02,2025-07-03,Ocean Suite,1,39700,39700,OTA,no_show
B00006434,G002920,R0025,A0016,2024-02-22,2024-05-01,2024-05-04,Standard King,3,22700,68100,Loyalty,completed
B00006435,G001548,R0015,A0005,2025-10-27,2025-12-23,2026-01-04,Villa,12,59000,708000,Direct,completed
B00006436,G001782,R0028,A0055,2025-12-31,2026-02-23,2026-02-24,Ocean Suite,1,44100,44100,Corporate,completed
B00006437,G002910,R0036,A0055,2025-03-11,2025-05-03,2025-05-07,Standard Double,4,12700,50800,Direct,completed
B00006438,G000196,R0030,A0033,2025-04-17,2025-06-14,2025-06-21,Standard Double,7,17700,123900,OTA,no_show
B00006439,G001482,R0032,A0033,2024-12-09,2024-12-29,2025-01-08,Standard Double,10,14700,147000,Travel Agent,completed
B00006440,G002413,R0008,A0014,2025-01-01,2025-02-12,2025-02-17,Standard King,5,15800,79000,Direct,completed
B00006441,G002267,R0024,A0046,2024-02-27,2024-06-07,2024-06-21,Standard Double,14,19700,275800,Loyalty,completed
B00006442,G002242,R0010,A0049,2025-06-30,2025-08-28,2025-09-10,Standard King,13,15500,201500,Direct,completed
B00006443,G002519,R0016,A0040,2024-12-01,2024-12-19,2024-12-25,Standard Double,6,13100,78600,Loyalty,confirmed
B00006444,G002178,R0003,A0037,2025-10-12,2025-12-03,2025-12-07,Standard King,4,15900,63600,OTA,confirmed
B00006445,G000375,R0021,A0004,2024-02-03,2024-05-29,2024-06-02,Standard Double,4,12800,51200,Direct,completed
B00006446,G001138,R0020,A0043,2024-05-05,2024-08-18,2024-08-27,Standard Double,9,14500,130500,OTA,completed
B00006447,G001477,R0011,A0033,2024-10-17,2024-12-28,2025-01-10,Standard Double,13,15400,200200,OTA,confirmed
B00006448,G001734,R0015,A0034,2025-07-09,2025-08-29,2025-09-11,Villa,13,70000,910000,Travel Agent,cancelled
B00006449,G001255,R0015,A0037,2025-09-30,2025-12-03,2025-12-16,Standard King,13,21900,284700,Loyalty,completed
B00006450,G000717,R0002,A0034,2025-05-24,2025-06-30,2025-07-07,Standard King,7,20000,140000,OTA,completed
B00006451,G002420,R0004,A0003,2024-02-02,2024-03-25,2024-03-28,Standard Double,3,19800,59400,Corporate,confirmed
B00006452,G000217,R0018,A0058,2025-02-03,2025-03-05,2025-03-09,Standard King,4,19400,77600,OTA,completed
B00006453,G002527,R0025,A0005,2024-03-17,2024-04-27,2024-05-06,Ocean Suite,9,33400,300600,Direct,completed
B00006454,G001407,R0037,A0019,2024-06-08,2024-09-21,2024-10-02,Ocean Suite,11,42400,466400,Direct,completed
B00006455,G000920,R0022,A0018,2025-06-04,2025-07-12,2025-07-17,Standard King,5,21100,105500,OTA,completed
B00006456,G001104,R0027,A0014,2024-11-30,2025-02-11,2025-02-18,Ocean Suite,7,44400,310800,OTA,cancelled
B00006457,G000514,R0014,A0022,2025-12-20,2026-04-06,2026-04-17,Ocean Suite,11,37700,414700,OTA,confirmed
B00006458,G002908,R0020,A0023,2025-10-05,2025-12-18,2025-12-21,Standard Double,3,17400,52200,Direct,completed
B00006459,G001219,R0020,A0011,2025-08-25,2025-09-25,2025-09-28,Standard Double,3,16800,50400,OTA,cancelled
B00006460,G000232,R0001,A0056,2025-11-04,2026-03-02,2026-03-08,Standard Double,6,19000,114000,Corporate,cancelled
B00006461,G000159,R0027,A0039,2025-07-20,2025-09-17,2025-09-28,Standard King,11,17200,189200,Travel Agent,completed
B00006462,G002837,R0004,A0059,2025-11-06,2026-01-31,2026-02-07,Standard King,7,23600,165200,Loyalty,cancelled
B00006463,G002969,R0027,A0003,2024-04-01,2024-05-16,2024-05-30,Ocean Suite,14,29800,417200,Direct,completed
B00006464,G002370,R0033,A0028,2025-03-03,2025-05-03,2025-05-09,Ocean Suite,6,34900,209400,OTA,completed
B00006465,G002713,R0004,A0030,2025-06-08,2025-06-15,2025-06-28,Standard King,13,23800,309400,Travel Agent,confirmed
B00006466,G001830,R0030,A0020,2025-12-30,2026-04-27,2026-05-04,Standard Double,7,12900,90300,Corporate,confirmed
B00006467,G002923,R0035,A0057,2024-08-10,2024-10-12,2024-10-21,Villa,9,69000,621000,Corporate,completed
B00006468,G002102,R0005,A0034,2025-03-21,2025-06-13,2025-06-22,Standard Double,9,18700,168300,OTA,completed
B00006469,G001515,R0037,A0053,2025-11-01,2026-02-07,2026-02-18,Standard King,11,21900,240900,Loyalty,cancelled
B00006470,G002997,R0019,A0040,2025-06-25,2025-10-18,2025-10-29,Standard King,11,24000,264000,Corporate,completed
B00006471,G001315,R0003,A0057,2025-09-19,2025-11-16,2025-11-20,Standard King,4,21300,85200,Travel Agent,confirmed
B00006472,G001003,R0036,A0007,2024-02-11,2024-03-30,2024-04-07,Standard King,8,23100,184800,Direct,completed
B00006473,G000721,R0014,A0037,2024-07-20,2024-09-27,2024-09-29,Standard Double,2,13300,26600,Loyalty,completed
B00006474,G002830,R0010,A0034,2024-11-10,2024-11-12,2024-11-19,Standard King,7,17100,119700,OTA,no_show
B00006475,G002505,R0039,A0049,2025-10-17,2026-01-23,2026-01-28,Standard King,5,19400,97000,OTA,completed
B00006476,G000420,R0009,A0013,2025-09-16,2025-10-31,2025-11-02,Standard King,2,24000,48000,OTA,confirmed
B00006477,G001079,R0025,A0032,2024-03-01,2024-06-18,2024-06-28,Standard King,10,18700,187000,Loyalty,completed
B00006478,G000628,R0002,A0035,2024-08-29,2024-09-22,2024-10-03,Villa,11,54200,596200,Corporate,completed
B00006479,G001471,R0027,A0014,2024-12-09,2025-03-22,2025-04-05,Presidential,14,149400,2091600,Corporate,completed
B00006480,G001963,R0030,A0019,2024-09-04,2024-10-19,2024-10-25,Standard Double,6,16100,96600,Travel Agent,completed
B00006481,G001093,R0015,A0020,2025-05-26,2025-07-24,2025-08-03,Standard Double,10,14500,145000,Direct,confirmed
B00006482,G000256,R0024,A0016,2025-10-27,2026-01-27,2026-02-01,Ocean Suite,5,33200,166000,Corporate,confirmed
B00006483,G000890,R0017,A0054,2025-08-15,2025-10-07,2025-10-17,Standard King,10,18900,189000,OTA,completed
B00006484,G001808,R0003,A0017,2024-12-07,2025-02-05,2025-02-17,Standard King,12,20300,243600,OTA,completed
B00006485,G000400,R0021,A0002,2025-11-20,2026-03-06,2026-03-17,Ocean Suite,11,41700,458700,Travel Agent,completed
B00006486,G002842,R0024,A0031,2024-03-15,2024-05-31,2024-06-12,Standard Double,12,18800,225600,OTA,completed
B00006487,G000342,R0025,A0011,2024-01-23,2024-03-29,2024-04-08,Ocean Suite,10,43500,435000,Travel Agent,cancelled
B00006488,G002986,R0020,A0047,2025-07-28,2025-10-24,2025-10-26,Standard King,2,22500,45000,Travel Agent,completed
B00006489,G002094,R0029,A0008,2025-03-19,2025-06-17,2025-06-25,Standard King,8,19900,159200,Travel Agent,completed
B00006490,G000355,R0012,A0018,2024-12-30,2025-01-11,2025-01-15,Ocean Suite,4,41400,165600,Direct,completed
B00006491,G000317,R0028,A0017,2024-05-11,2024-06-22,2024-07-04,Villa,12,77500,930000,Corporate,completed
B00006492,G002926,R0008,A0044,2025-02-12,2025-03-19,2025-03-28,Standard Double,9,18700,168300,Direct,completed
B00006493,G002292,R0037,A0014,2025-10-22,2025-12-07,2025-12-21,Ocean Suite,14,47200,660800,OTA,completed
B00006494,G001556,R0018,A0049,2024-12-02,2025-01-29,2025-01-31,Standard Double,2,14400,28800,Corporate,completed
B00006495,G002335,R0029,A0012,2025-11-22,2025-12-22,2025-12-23,Standard Double,1,18800,18800,OTA,cancelled
B00006496,G000072,R0040,A0012,2025-09-03,2025-12-25,2025-12-29,Standard Double,4,17000,68000,Direct,completed
B00006497,G001985,R0022,A0033,2025-07-14,2025-11-08,2025-11-17,Villa,9,51400,462600,Travel Agent,completed
B00006498,G001739,R0020,A0007,2024-04-23,2024-07-17,2024-07-24,Standard Double,7,17600,123200,Direct,completed
B00006499,G002406,R0014,A0038,2024-04-30,2024-07-28,2024-08-02,Ocean Suite,5,34200,171000,Corporate,completed
B00006500,G001642,R0017,A0031,2024-06-06,2024-08-21,2024-08-28,Standard King,7,23400,163800,Corporate,completed
B00006501,G002119,R0036,A0013,2025-08-28,2025-09-14,2025-09-16,Standard Double,2,18200,36400,Travel Agent,confirmed
B00006502,G001662,R0025,A0024,2025-05-01,2025-05-27,2025-06-05,Villa,9,71500,643500,OTA,completed
B00006503,G001352,R0030,A0044,2025-03-04,2025-03-28,2025-04-04,Standard Double,7,13800,96600,Direct,completed
B00006504,G001980,R0027,A0047,2025-01-19,2025-05-07,2025-05-15,Villa,8,72900,583200,Direct,completed
B00006505,G001141,R0014,A0033,2025-07-28,2025-09-14,2025-09-16,Standard Double,2,17300,34600,OTA,confirmed
B00006506,G000799,R0024,A0018,2025-11-19,2025-12-11,2025-12-21,Standard Double,10,14100,141000,OTA,completed
B00006507,G002428,R0021,A0033,2024-12-04,2025-03-13,2025-03-24,Ocean Suite,11,37500,412500,OTA,confirmed
B00006508,G001441,R0027,A0027,2024-02-27,2024-04-04,2024-04-18,Standard Double,14,19800,277200,Travel Agent,cancelled
B00006509,G002246,R0035,A0003,2025-01-22,2025-03-14,2025-03-18,Ocean Suite,4,36000,144000,Travel Agent,completed
B00006510,G002840,R0025,A0011,2024-02-09,2024-06-01,2024-06-05,Standard King,4,21500,86000,Direct,completed
B00006511,G001692,R0031,A0040,2024-06-04,2024-07-27,2024-07-30,Standard Double,3,16700,50100,Loyalty,completed
B00006512,G002712,R0036,A0040,2025-07-24,2025-11-03,2025-11-05,Presidential,2,155800,311600,Direct,completed
B00006513,G000474,R0035,A0010,2024-12-23,2025-02-12,2025-02-26,Ocean Suite,14,38700,541800,OTA,completed
B00006514,G001123,R0007,A0060,2025-11-05,2025-11-20,2025-12-02,Standard King,12,17400,208800,Direct,completed
B00006515,G001950,R0015,A0024,2025-07-28,2025-09-02,2025-09-04,Ocean Suite,2,37700,75400,Travel Agent,completed
B00006516,G000022,R0024,A0036,2024-10-17,2024-12-07,2024-12-21,Standard Double,14,18900,264600,OTA,completed
B00006517,G001043,R0028,A0026,2025-12-13,2025-12-22,2025-12-28,Villa,6,79100,474600,OTA,confirmed
B00006518,G002487,R0030,A0053,2025-07-28,2025-11-02,2025-11-07,Standard King,5,15900,79500,Direct,completed
B00006519,G002898,R0002,A0017,2024-02-15,2024-05-26,2024-05-27,Standard Double,1,15700,15700,Direct,confirmed
B00006520,G002675,R0015,A0010,2024-06-10,2024-09-22,2024-09-24,Presidential,2,152200,304400,OTA,confirmed
B00006521,G002001,R0007,A0049,2025-01-06,2025-03-20,2025-03-27,Villa,7,79300,555100,Direct,completed
B00006522,G002484,R0007,A0041,2025-05-19,2025-07-07,2025-07-12,Standard King,5,20700,103500,Loyalty,confirmed
B00006523,G000272,R0024,A0051,2024-10-17,2025-01-18,2025-01-30,Standard King,12,22900,274800,OTA,completed
B00006524,G000161,R0023,A0010,2025-07-04,2025-08-24,2025-08-27,Standard King,3,18700,56100,OTA,completed
B00006525,G002229,R0007,A0051,2025-06-26,2025-10-14,2025-10-24,Villa,10,64800,648000,Corporate,completed
B00006526,G001610,R0027,A0016,2024-02-08,2024-03-01,2024-03-02,Standard Double,1,15800,15800,Corporate,completed
B00006527,G002956,R0018,A0001,2025-09-08,2025-12-03,2025-12-13,Villa,10,79700,797000,Corporate,completed
B00006528,G000396,R0036,A0024,2025-01-22,2025-03-29,2025-04-07,Standard Double,9,15800,142200,Direct,completed
B00006529,G000386,R0021,A0034,2024-10-29,2024-11-07,2024-11-08,Standard Double,1,16800,16800,Loyalty,confirmed
B00006530,G000147,R0028,A0039,2025-03-30,2025-06-09,2025-06-20,Standard King,11,20400,224400,Direct,confirmed
B00006531,G000048,R0014,A0018,2024-11-18,2025-03-06,2025-03-20,Villa,14,80300,1124200,OTA,confirmed
B00006532,G001068,R0038,A0057,2025-02-16,2025-03-14,2025-03-19,Standard King,5,18600,93000,Direct,completed
B00006533,G002418,R0009,A0057,2025-07-21,2025-08-08,2025-08-14,Standard King,6,19000,114000,Travel Agent,cancelled
B00006534,G001634,R0025,A0051,2024-10-08,2024-10-18,2024-11-01,Standard King,14,23000,322000,Direct,completed
B00006535,G000957,R0032,A0041,2024-03-09,2024-03-12,2024-03-21,Standard King,9,19600,176400,Direct,confirmed
B00006536,G002554,R0032,A0032,2025-08-13,2025-11-12,2025-11-21,Standard King,9,15800,142200,Corporate,no_show
B00006537,G000250,R0019,A0059,2025-01-26,2025-03-03,2025-03-15,Ocean Suite,12,40400,484800,Corporate,completed
B00006538,G002876,R0015,A0060,2025-06-22,2025-07-31,2025-08-09,Standard King,9,18200,163800,Direct,completed
B00006539,G002404,R0018,A0006,2025-06-02,2025-08-15,2025-08-19,Standard King,4,15600,62400,OTA,cancelled
B00006540,G001725,R0015,A0025,2024-06-25,2024-08-17,2024-08-29,Standard King,12,17000,204000,Corporate,completed
B00006541,G002336,R0035,A0038,2024-08-24,2024-10-27,2024-11-08,Standard King,12,22900,274800,OTA,confirmed
B00006542,G000847,R0011,A0039,2025-11-20,2026-02-24,2026-02-26,Ocean Suite,2,34400,68800,OTA,completed
B00006543,G000983,R0039,A0043,2024-05-24,2024-07-06,2024-07-18,Standard Double,12,15500,186000,Direct,completed
B00006544,G002660,R0010,A0050,2024-05-09,2024-07-16,2024-07-17,Standard King,1,21900,21900,Direct,completed
B00006545,G001505,R0016,A0059,2024-05-27,2024-06-28,2024-07-03,Villa,5,75600,378000,OTA,confirmed
B00006546,G002210,R0031,A0031,2025-05-24,2025-08-13,2025-08-26,Villa,13,63900,830700,OTA,completed
B00006547,G001209,R0001,A0020,2024-09-06,2024-11-29,2024-12-13,Standard King,14,17700,247800,Direct,completed
B00006548,G001020,R0023,A0059,2024-09-09,2024-09-23,2024-10-04,Villa,11,67000,737000,Direct,completed
B00006549,G002659,R0021,A0051,2025-08-01,2025-09-09,2025-09-22,Standard King,13,23300,302900,Travel Agent,completed
B00006550,G001871,R0039,A0023,2025-12-13,2026-03-10,2026-03-23,Standard Double,13,16300,211900,OTA,completed
B00006551,G001183,R0005,A0007,2024-07-17,2024-08-09,2024-08-22,Standard King,13,21900,284700,Direct,completed
B00006552,G001796,R0036,A0034,2025-07-26,2025-09-04,2025-09-09,Standard King,5,18400,92000,Travel Agent,completed
B00006553,G001030,R0004,A0031,2025-06-30,2025-08-12,2025-08-25,Standard King,13,19800,257400,OTA,completed
B00006554,G002000,R0011,A0020,2024-07-08,2024-10-23,2024-11-03,Standard Double,11,12900,141900,OTA,completed
B00006555,G002307,R0024,A0033,2024-08-16,2024-10-31,2024-11-05,Standard King,5,20400,102000,Direct,completed
B00006556,G001014,R0012,A0007,2025-08-03,2025-09-13,2025-09-27,Villa,14,54200,758800,OTA,completed
B00006557,G001101,R0007,A0022,2024-11-08,2024-11-25,2024-11-29,Standard Double,4,17300,69200,Loyalty,completed
B00006558,G000014,R0030,A0018,2024-05-08,2024-07-30,2024-08-07,Ocean Suite,8,39200,313600,Corporate,completed
B00006559,G001484,R0022,A0007,2025-07-23,2025-10-11,2025-10-17,Ocean Suite,6,41000,246000,OTA,confirmed
B00006560,G001031,R0007,A0045,2024-06-14,2024-07-23,2024-07-30,Standard Double,7,14300,100100,Direct,completed
B00006561,G002403,R0011,A0017,2025-01-08,2025-02-27,2025-03-12,Standard Double,13,17800,231400,Direct,cancelled
B00006562,G000595,R0018,A0056,2025-03-14,2025-06-01,2025-06-06,Standard King,5,15900,79500,Loyalty,completed
B00006563,G000025,R0015,A0034,2025-08-04,2025-08-08,2025-08-10,Standard King,2,16200,32400,Direct,no_show
B00006564,G000305,R0014,A0052,2024-08-18,2024-11-17,2024-11-22,Standard Double,5,13800,69000,Corporate,completed
B00006565,G000329,R0008,A0031,2025-06-08,2025-07-19,2025-07-26,Standard King,7,23700,165900,OTA,completed
B00006566,G002867,R0007,A0002,2025-04-25,2025-07-21,2025-07-25,Ocean Suite,4,41500,166000,Corporate,completed
B00006567,G002725,R0033,A0039,2024-04-25,2024-06-17,2024-06-30,Standard Double,13,13000,169000,OTA,completed
B00006568,G000645,R0033,A0053,2025-09-27,2025-09-28,2025-10-02,Standard King,4,16300,65200,OTA,cancelled
B00006569,G001598,R0008,A0026,2025-01-30,2025-03-27,2025-04-02,Villa,6,70200,421200,Corporate,completed
B00006570,G001095,R0040,A0003,2024-06-06,2024-08-18,2024-08-27,Standard Double,9,15100,135900,OTA,cancelled
B00006571,G000659,R0040,A0032,2025-05-16,2025-06-27,2025-07-11,Standard King,14,18400,257600,Corporate,completed
B00006572,G002493,R0019,A0023,2025-08-29,2025-11-10,2025-11-24,Standard King,14,17700,247800,Corporate,completed
B00006573,G001299,R0031,A0035,2024-12-28,2025-02-09,2025-02-22,Standard Double,13,15800,205400,OTA,completed
B00006574,G002111,R0018,A0003,2024-05-09,2024-05-22,2024-05-31,Standard King,9,20400,183600,Travel Agent,completed
B00006575,G002396,R0022,A0039,2025-03-14,2025-04-13,2025-04-15,Presidential,2,160300,320600,OTA,completed
B00006576,G002411,R0023,A0008,2025-03-23,2025-06-24,2025-06-25,Ocean Suite,1,36200,36200,OTA,completed
B00006577,G000754,R0007,A0010,2025-01-13,2025-01-28,2025-02-03,Standard Double,6,14300,85800,Direct,completed
B00006578,G000392,R0034,A0038,2024-03-03,2024-04-05,2024-04-07,Ocean Suite,2,31600,63200,Corporate,completed
B00006579,G002293,R0011,A0021,2024-11-02,2025-02-25,2025-03-10,Presidential,13,144900,1883700,Direct,confirmed
B00006580,G000138,R0012,A0025,2025-07-23,2025-11-06,2025-11-18,Standard King,12,16800,201600,OTA,completed
B00006581,G001719,R0022,A0026,2025-01-11,2025-02-18,2025-03-01,Standard Double,11,18300,201300,Direct,completed
B00006582,G000161,R0022,A0034,2024-01-13,2024-01-15,2024-01-26,Villa,11,67500,742500,OTA,completed
B00006583,G002669,R0027,A0023,2024-04-28,2024-05-09,2024-05-16,Villa,7,80400,562800,Travel Agent,completed
B00006584,G002698,R0015,A0004,2025-12-29,2026-03-24,2026-04-02,Standard Double,9,17300,155700,Travel Agent,completed
B00006585,G002409,R0008,A0037,2024-12-16,2025-01-08,2025-01-18,Standard King,10,15500,155000,Corporate,cancelled
B00006586,G001326,R0008,A0020,2024-04-18,2024-06-25,2024-07-03,Standard King,8,18500,148000,Corporate,confirmed
B00006587,G000055,R0038,A0012,2024-06-06,2024-09-30,2024-10-12,Villa,12,58300,699600,Corporate,completed
B00006588,G002104,R0016,A0012,2024-02-29,2024-03-24,2024-04-02,Standard Double,9,17800,160200,OTA,completed
B00006589,G000302,R0029,A0054,2025-04-17,2025-06-26,2025-07-01,Standard Double,5,16400,82000,OTA,completed
B00006590,G000864,R0018,A0013,2024-04-07,2024-07-17,2024-07-19,Standard Double,2,16100,32200,OTA,cancelled
B00006591,G000974,R0013,A0059,2025-08-14,2025-10-23,2025-11-02,Ocean Suite,10,45000,450000,Travel Agent,completed
B00006592,G001500,R0015,A0007,2025-08-04,2025-11-22,2025-12-02,Standard Double,10,19500,195000,Travel Agent,confirmed
B00006593,G002472,R0005,A0022,2024-09-12,2024-10-10,2024-10-23,Villa,13,66100,859300,Travel Agent,completed
B00006594,G000342,R0027,A0018,2025-01-28,2025-05-20,2025-05-27,Standard Double,7,13300,93100,Travel Agent,completed
B00006595,G002327,R0005,A0008,2025-03-26,2025-07-05,2025-07-15,Standard King,10,23900,239000,Direct,completed
B00006596,G001473,R0030,A0020,2024-09-04,2024-10-19,2024-10-21,Standard Double,2,18100,36200,OTA,completed
B00006597,G000569,R0030,A0046,2025-11-26,2026-01-17,2026-01-25,Standard Double,8,19100,152800,Direct,cancelled
B00006598,G001384,R0003,A0042,2024-08-11,2024-09-05,2024-09-08,Standard King,3,19700,59100,Travel Agent,completed
B00006599,G000177,R0039,A0029,2024-11-09,2024-12-03,2024-12-06,Ocean Suite,3,32500,97500,Direct,completed
B00006600,G000139,R0032,A0050,2025-12-25,2026-04-20,2026-04-23,Presidential,3,118100,354300,Direct,completed
B00006601,G001332,R0031,A0033,2025-08-26,2025-12-23,2026-01-06,Standard King,14,23200,324800,Loyalty,confirmed
B00006602,G002354,R0008,A0017,2024-03-21,2024-07-13,2024-07-20,Standard Double,7,16900,118300,Travel Agent,completed
B00006603,G000418,R0005,A0041,2025-06-30,2025-10-05,2025-10-10,Presidential,5,110900,554500,Travel Agent,completed
B00006604,G000555,R0034,A0037,2024-03-12,2024-05-30,2024-06-01,Standard Double,2,15400,30800,OTA,cancelled
B00006605,G001821,R0039,A0007,2025-05-02,2025-06-24,2025-07-08,Villa,14,60300,844200,Travel Agent,completed
B00006606,G002208,R0010,A0022,2025-12-28,2026-02-14,2026-02-27,Ocean Suite,13,45400,590200,Direct,completed
B00006607,G002176,R0022,A0031,2024-12-27,2025-02-13,2025-02-14,Standard Double,1,16700,16700,OTA,completed
B00006608,G002853,R0019,A0009,2024-04-20,2024-06-09,2024-06-21,Standard Double,12,14000,168000,OTA,cancelled
B00006609,G002772,R0016,A0003,2024-01-29,2024-03-18,2024-03-20,Standard Double,2,16400,32800,Travel Agent,confirmed
B00006610,G000150,R0031,A0050,2024-08-12,2024-08-20,2024-08-24,Standard Double,4,18100,72400,OTA,no_show
B00006611,G001035,R0036,A0050,2024-07-27,2024-11-15,2024-11-27,Standard King,12,17300,207600,Direct,completed
B00006612,G002392,R0032,A0018,2025-09-14,2025-12-29,2026-01-02,Standard King,4,18000,72000,Direct,completed
B00006613,G002766,R0020,A0060,2025-07-26,2025-10-01,2025-10-02,Standard Double,1,14700,14700,OTA,completed
B00006614,G000708,R0033,A0026,2025-07-20,2025-10-25,2025-11-06,Presidential,12,147400,1768800,Direct,completed
B00006615,G001456,R0005,A0020,2024-07-05,2024-10-19,2024-10-29,Villa,10,76600,766000,OTA,completed
B00006616,G000248,R0001,A0050,2024-10-02,2024-12-25,2024-12-26,Standard Double,1,19100,19100,Travel Agent,completed
B00006617,G000358,R0037,A0022,2025-06-08,2025-07-29,2025-08-04,Ocean Suite,6,36300,217800,Direct,confirmed
B00006618,G001658,R0002,A0052,2024-01-29,2024-02-01,2024-02-07,Presidential,6,113000,678000,OTA,cancelled
B00006619,G001215,R0031,A0054,2025-07-03,2025-10-13,2025-10-20,Presidential,7,131600,921200,Direct,completed
B00006620,G002409,R0029,A0016,2025-03-24,2025-07-17,2025-07-26,Presidential,9,114600,1031400,Direct,completed
B00006621,G000869,R0031,A0055,2024-01-08,2024-03-06,2024-03-08,Standard King,2,23800,47600,OTA,completed
B00006622,G001834,R0015,A0036,2024-08-26,2024-11-21,2024-11-25,Villa,4,53100,212400,OTA,confirmed
B00006623,G001814,R0025,A0024,2025-07-13,2025-08-17,2025-08-24,Standard Double,7,18300,128100,OTA,confirmed
B00006624,G000940,R0004,A0007,2024-07-06,2024-08-26,2024-09-01,Standard King,6,17400,104400,Loyalty,cancelled
B00006625,G001799,R0004,A0016,2025-01-05,2025-01-29,2025-02-02,Standard King,4,18600,74400,Corporate,completed
B00006626,G001343,R0030,A0046,2024-02-05,2024-02-21,2024-03-02,Standard King,10,21000,210000,Corporate,completed
B00006627,G002036,R0015,A0011,2025-03-07,2025-06-30,2025-07-13,Standard King,13,20800,270400,OTA,completed
B00006628,G001516,R0033,A0022,2024-04-13,2024-05-08,2024-05-10,Ocean Suite,2,46600,93200,Corporate,cancelled
B00006629,G000302,R0027,A0025,2024-03-18,2024-04-12,2024-04-18,Ocean Suite,6,44900,269400,Corporate,completed
B00006630,G000678,R0021,A0002,2025-10-06,2025-12-22,2025-12-30,Ocean Suite,8,41400,331200,Corporate,completed
B00006631,G000421,R0005,A0035,2025-08-08,2025-09-20,2025-10-04,Standard King,14,16800,235200,OTA,completed
B00006632,G000288,R0029,A0037,2025-12-01,2025-12-07,2025-12-16,Villa,9,80500,724500,OTA,confirmed
B00006633,G002612,R0031,A0041,2024-09-01,2024-10-28,2024-10-31,Ocean Suite,3,39300,117900,Direct,completed
B00006634,G002574,R0025,A0059,2024-04-16,2024-06-10,2024-06-11,Standard King,1,16600,16600,Corporate,completed
B00006635,G001918,R0012,A0045,2025-03-28,2025-04-07,2025-04-21,Standard King,14,18500,259000,Direct,completed
B00006636,G000624,R0021,A0006,2024-03-24,2024-04-20,2024-05-02,Ocean Suite,12,33500,402000,Direct,completed
B00006637,G000708,R0028,A0010,2025-02-22,2025-06-14,2025-06-19,Standard King,5,15300,76500,Direct,completed
B00006638,G002831,R0007,A0019,2024-09-25,2024-11-26,2024-11-30,Standard Double,4,18400,73600,Corporate,completed
B00006639,G002794,R0034,A0002,2025-08-31,2025-11-27,2025-12-07,Standard King,10,18900,189000,OTA,confirmed
B00006640,G001816,R0019,A0032,2025-12-15,2025-12-29,2025-12-30,Standard King,1,19300,19300,Travel Agent,completed
B00006641,G000494,R0035,A0008,2025-03-20,2025-04-25,2025-05-05,Standard King,10,23900,239000,OTA,confirmed
B00006642,G002640,R0022,A0013,2025-02-08,2025-06-04,2025-06-15,Standard Double,11,20000,220000,Corporate,completed
B00006643,G001864,R0023,A0054,2025-10-12,2025-11-09,2025-11-11,Ocean Suite,2,39400,78800,Direct,confirmed
B00006644,G001554,R0016,A0036,2024-03-02,2024-04-29,2024-05-09,Standard King,10,23200,232000,Direct,completed
B00006645,G001341,R0011,A0009,2024-10-03,2024-11-11,2024-11-18,Villa,7,70500,493500,Direct,completed
B00006646,G001976,R0007,A0039,2025-01-31,2025-05-23,2025-06-02,Standard Double,10,20000,200000,Direct,confirmed
B00006647,G002189,R0038,A0017,2025-11-08,2026-02-21,2026-03-06,Standard King,13,16200,210600,Travel Agent,completed
B00006648,G001746,R0024,A0041,2024-11-09,2025-02-01,2025-02-10,Standard King,9,24100,216900,Direct,confirmed
B00006649,G001555,R0004,A0043,2024-10-27,2024-11-04,2024-11-18,Standard King,14,21200,296800,Corporate,completed
B00006650,G001445,R0004,A0035,2025-12-20,2026-04-15,2026-04-25,Standard King,10,24200,242000,Direct,confirmed
B00006651,G000411,R0011,A0036,2025-01-22,2025-01-27,2025-02-08,Presidential,12,139200,1670400,OTA,completed
B00006652,G000290,R0030,A0036,2025-09-02,2025-11-05,2025-11-12,Standard Double,7,19300,135100,Corporate,completed
B00006653,G001745,R0038,A0024,2024-02-11,2024-03-24,2024-04-04,Villa,11,71700,788700,Corporate,completed
B00006654,G001031,R0002,A0012,2025-10-24,2026-01-19,2026-01-21,Villa,2,73400,146800,Corporate,completed
B00006655,G002285,R0025,A0016,2024-11-29,2025-03-03,2025-03-10,Standard Double,7,15400,107800,Direct,completed
B00006656,G000223,R0007,A0038,2024-04-21,2024-07-31,2024-08-11,Standard King,11,15700,172700,Loyalty,completed
B00006657,G000985,R0027,A0018,2025-11-09,2026-02-13,2026-02-27,Ocean Suite,14,40100,561400,Direct,completed
B00006658,G002528,R0005,A0012,2025-04-01,2025-06-25,2025-07-09,Standard King,14,20100,281400,OTA,completed
B00006659,G002115,R0010,A0042,2025-08-17,2025-08-21,2025-08-22,Standard Double,1,16200,16200,Direct,completed
B00006660,G001112,R0003,A0018,2025-07-07,2025-08-03,2025-08-13,Standard King,10,23200,232000,Corporate,confirmed
B00006661,G001901,R0031,A0035,2025-08-14,2025-10-16,2025-10-29,Standard King,13,16100,209300,OTA,completed
B00006662,G002487,R0023,A0046,2025-03-07,2025-04-30,2025-05-11,Standard Double,11,17000,187000,Corporate,completed
B00006663,G000982,R0040,A0054,2025-04-04,2025-04-09,2025-04-17,Standard King,8,20300,162400,Corporate,cancelled
B00006664,G001052,R0038,A0031,2025-08-28,2025-11-12,2025-11-16,Standard Double,4,16100,64400,OTA,completed
B00006665,G001615,R0005,A0025,2024-12-22,2024-12-30,2025-01-04,Villa,5,80300,401500,Corporate,completed
B00006666,G001669,R0030,A0006,2024-06-04,2024-07-05,2024-07-06,Standard King,1,17800,17800,Loyalty,cancelled
B00006667,G002973,R0032,A0010,2024-12-31,2025-03-03,2025-03-09,Standard King,6,18900,113400,Direct,completed
B00006668,G000573,R0012,A0046,2025-08-05,2025-09-02,2025-09-03,Villa,1,54300,54300,OTA,completed
B00006669,G002242,R0004,A0048,2024-12-31,2025-02-03,2025-02-13,Ocean Suite,10,32200,322000,Corporate,confirmed
B00006670,G001637,R0007,A0022,2024-08-30,2024-09-14,2024-09-19,Standard King,5,19400,97000,Travel Agent,completed
B00006671,G000832,R0019,A0026,2024-11-22,2025-01-30,2025-02-05,Standard King,6,22300,133800,Direct,completed
B00006672,G002003,R0003,A0023,2025-05-04,2025-08-28,2025-09-09,Presidential,12,161800,1941600,OTA,completed
B00006673,G000625,R0013,A0054,2025-08-25,2025-10-04,2025-10-11,Standard King,7,24100,168700,Travel Agent,completed
B00006674,G002051,R0015,A0015,2025-09-20,2025-10-24,2025-11-01,Ocean Suite,8,46500,372000,OTA,confirmed
B00006675,G000989,R0035,A0032,2024-07-29,2024-10-21,2024-11-02,Standard King,12,21000,252000,Travel Agent,completed
B00006676,G001713,R0033,A0034,2024-12-19,2025-04-15,2025-04-21,Standard Double,6,17400,104400,Direct,completed
B00006677,G002129,R0010,A0009,2025-08-04,2025-10-02,2025-10-08,Villa,6,72500,435000,Travel Agent,completed
B00006678,G001391,R0004,A0011,2025-02-11,2025-05-09,2025-05-20,Villa,11,66700,733700,Travel Agent,confirmed
B00006679,G002352,R0034,A0057,2025-07-01,2025-09-18,2025-09-25,Villa,7,80100,560700,Direct,completed
B00006680,G001469,R0022,A0024,2024-02-10,2024-05-23,2024-06-01,Standard Double,9,18400,165600,Loyalty,completed
B00006681,G001065,R0020,A0057,2025-05-09,2025-07-21,2025-08-04,Standard King,14,21800,305200,OTA,completed
B00006682,G002295,R0035,A0021,2025-07-01,2025-08-13,2025-08-17,Ocean Suite,4,40200,160800,Loyalty,cancelled
B00006683,G002816,R0024,A0029,2025-07-08,2025-10-12,2025-10-19,Ocean Suite,7,35800,250600,Direct,confirmed
B00006684,G002167,R0014,A0004,2024-01-06,2024-01-13,2024-01-14,Standard King,1,21500,21500,Loyalty,completed
B00006685,G000302,R0004,A0015,2024-05-22,2024-07-29,2024-07-30,Standard Double,1,17400,17400,OTA,confirmed
B00006686,G000662,R0017,A0025,2024-06-30,2024-08-21,2024-09-03,Standard Double,13,14800,192400,OTA,completed
B00006687,G001373,R0015,A0017,2025-01-07,2025-02-17,2025-03-02,Standard King,13,19500,253500,OTA,completed
B00006688,G000691,R0029,A0008,2025-08-28,2025-12-25,2026-01-03,Standard Double,9,18500,166500,OTA,completed
B00006689,G002105,R0022,A0033,2025-04-25,2025-05-25,2025-05-27,Standard King,2,21300,42600,Travel Agent,completed
B00006690,G002788,R0024,A0011,2025-12-30,2026-02-10,2026-02-14,Ocean Suite,4,32300,129200,OTA,completed
B00006691,G000322,R0016,A0039,2025-09-07,2025-09-14,2025-09-15,Ocean Suite,1,43200,43200,Direct,completed
B00006692,G000911,R0032,A0009,2024-09-23,2024-12-23,2024-12-28,Standard Double,5,16400,82000,Travel Agent,completed
B00006693,G002410,R0036,A0054,2024-02-14,2024-04-23,2024-05-07,Standard King,14,23200,324800,Corporate,completed
B00006694,G002386,R0035,A0012,2024-03-22,2024-06-06,2024-06-13,Standard Double,7,16500,115500,Direct,completed
B00006695,G001533,R0008,A0060,2025-09-11,2025-09-26,2025-10-06,Ocean Suite,10,37500,375000,Corporate,completed
B00006696,G000584,R0033,A0059,2024-03-29,2024-07-12,2024-07-20,Ocean Suite,8,33500,268000,Corporate,completed
B00006697,G002804,R0020,A0042,2025-11-15,2026-02-04,2026-02-07,Standard King,3,17800,53400,OTA,cancelled
B00006698,G001173,R0037,A0012,2024-05-19,2024-08-16,2024-08-17,Ocean Suite,1,45800,45800,Direct,completed
B00006699,G000369,R0039,A0037,2024-07-11,2024-10-12,2024-10-20,Villa,8,52100,416800,OTA,completed
B00006700,G001901,R0013,A0012,2025-06-15,2025-08-25,2025-09-08,Ocean Suite,14,42600,596400,Direct,confirmed
B00006701,G001997,R0038,A0036,2025-01-18,2025-03-27,2025-04-08,Standard King,12,23800,285600,OTA,completed
B00006702,G001711,R0033,A0031,2024-09-28,2024-10-01,2024-10-14,Ocean Suite,13,42900,557700,OTA,completed
B00006703,G001131,R0027,A0019,2025-11-12,2025-11-30,2025-12-12,Standard King,12,21700,260400,Direct,confirmed
B00006704,G000181,R0024,A0005,2024-12-22,2025-04-01,2025-04-03,Presidential,2,131200,262400,OTA,cancelled
B00006705,G001853,R0033,A0054,2025-01-22,2025-03-12,2025-03-15,Standard Double,3,13100,39300,OTA,completed
B00006706,G000650,R0015,A0025,2025-01-17,2025-02-11,2025-02-19,Standard Double,8,14300,114400,Corporate,completed
B00006707,G002283,R0026,A0048,2025-07-20,2025-10-06,2025-10-14,Standard Double,8,19400,155200,Direct,confirmed
B00006708,G001645,R0022,A0035,2024-09-18,2025-01-12,2025-01-25,Standard Double,13,18800,244400,Corporate,completed
B00006709,G000386,R0004,A0031,2024-10-24,2025-02-14,2025-02-28,Standard Double,14,13500,189000,Travel Agent,completed
B00006710,G000326,R0006,A0041,2024-09-05,2024-11-18,2024-11-26,Ocean Suite,8,29900,239200,Corporate,confirmed
B00006711,G002363,R0007,A0051,2025-01-29,2025-05-07,2025-05-16,Standard King,9,18000,162000,Corporate,confirmed
B00006712,G000848,R0010,A0026,2024-04-17,2024-05-24,2024-05-27,Standard King,3,23300,69900,Direct,completed
B00006713,G002238,R0024,A0016,2024-10-31,2024-11-13,2024-11-14,Ocean Suite,1,32800,32800,Direct,completed
B00006714,G002832,R0027,A0024,2024-10-02,2025-01-05,2025-01-09,Standard King,4,16100,64400,Travel Agent,confirmed
B00006715,G002732,R0004,A0050,2025-10-03,2026-01-21,2026-01-23,Standard Double,2,14700,29400,Loyalty,completed
B00006716,G000035,R0015,A0046,2025-10-14,2025-10-15,2025-10-22,Villa,7,57900,405300,Loyalty,completed
B00006717,G001258,R0032,A0013,2024-12-19,2025-02-17,2025-03-01,Presidential,12,114000,1368000,Travel Agent,completed
B00006718,G002452,R0020,A0040,2025-07-19,2025-09-24,2025-09-28,Villa,4,61100,244400,Travel Agent,completed
B00006719,G000058,R0028,A0026,2025-03-14,2025-04-05,2025-04-11,Standard Double,6,18600,111600,OTA,completed
B00006720,G002515,R0023,A0014,2025-01-19,2025-05-16,2025-05-23,Villa,7,66800,467600,OTA,confirmed
B00006721,G000361,R0036,A0024,2024-10-27,2025-02-04,2025-02-14,Standard Double,10,16800,168000,Direct,completed
B00006722,G002739,R0034,A0039,2024-03-06,2024-06-10,2024-06-24,Standard King,14,20800,291200,Direct,completed
B00006723,G000854,R0002,A0042,2025-11-05,2025-11-19,2025-11-20,Standard Double,1,16700,16700,OTA,completed
B00006724,G001635,R0031,A0015,2025-05-11,2025-07-18,2025-07-28,Ocean Suite,10,46900,469000,Corporate,cancelled
B00006725,G000408,R0009,A0007,2025-11-09,2026-02-25,2026-02-28,Villa,3,58200,174600,Direct,completed
B00006726,G000506,R0005,A0055,2024-06-28,2024-08-08,2024-08-18,Standard Double,10,18600,186000,Loyalty,confirmed
B00006727,G001439,R0013,A0046,2024-09-02,2024-09-08,2024-09-10,Standard Double,2,18600,37200,Loyalty,completed
B00006728,G001981,R0033,A0039,2025-11-30,2026-02-02,2026-02-14,Villa,12,54000,648000,OTA,cancelled
B00006729,G000248,R0007,A0001,2025-08-12,2025-10-04,2025-10-14,Standard King,10,22700,227000,Direct,no_show
B00006730,G001678,R0010,A0003,2025-01-30,2025-05-17,2025-05-24,Standard King,7,22900,160300,Corporate,completed
B00006731,G002176,R0033,A0042,2025-08-22,2025-09-23,2025-09-28,Standard Double,5,14400,72000,Direct,completed
B00006732,G002394,R0034,A0022,2025-04-29,2025-05-28,2025-06-05,Standard King,8,16300,130400,Corporate,completed
B00006733,G002646,R0009,A0011,2024-05-16,2024-07-09,2024-07-16,Presidential,7,121900,853300,Travel Agent,completed
B00006734,G002968,R0019,A0039,2024-02-07,2024-03-14,2024-03-20,Standard Double,6,16800,100800,OTA,completed
B00006735,G001142,R0001,A0003,2025-12-31,2026-02-14,2026-02-26,Ocean Suite,12,35200,422400,Direct,completed
B00006736,G001516,R0033,A0047,2025-07-15,2025-10-21,2025-10-28,Standard Double,7,18900,132300,Direct,confirmed
B00006737,G001789,R0020,A0022,2024-04-20,2024-07-10,2024-07-19,Standard King,9,16700,150300,OTA,completed
B00006738,G002205,R0030,A0028,2024-05-15,2024-09-06,2024-09-12,Standard King,6,17300,103800,Corporate,cancelled
B00006739,G001957,R0028,A0003,2025-05-01,2025-07-12,2025-07-26,Villa,14,77300,1082200,Corporate,completed
B00006740,G001678,R0017,A0029,2024-12-23,2024-12-24,2024-12-30,Standard King,6,18600,111600,Direct,completed
B00006741,G001709,R0033,A0051,2025-05-06,2025-07-12,2025-07-15,Standard King,3,16900,50700,Travel Agent,no_show
B00006742,G000831,R0010,A0041,2025-05-02,2025-07-26,2025-07-31,Standard King,5,20900,104500,OTA,no_show
B00006743,G000600,R0015,A0011,2025-07-21,2025-08-15,2025-08-22,Standard King,7,19900,139300,OTA,completed
B00006744,G001166,R0016,A0044,2024-01-06,2024-02-01,2024-02-08,Standard King,7,20900,146300,OTA,completed
B00006745,G001881,R0010,A0028,2024-09-21,2024-12-21,2024-12-27,Ocean Suite,6,44600,267600,Direct,completed
B00006746,G000434,R0033,A0048,2025-04-01,2025-07-08,2025-07-19,Standard King,11,22100,243100,OTA,cancelled
B00006747,G000777,R0001,A0049,2025-03-13,2025-03-20,2025-03-24,Standard Double,4,16700,66800,OTA,completed
B00006748,G002301,R0018,A0038,2025-05-01,2025-06-16,2025-06-28,Standard Double,12,20200,242400,Travel Agent,completed
B00006749,G000925,R0039,A0042,2025-06-08,2025-08-21,2025-08-28,Standard King,7,18600,130200,Direct,completed
B00006750,G000037,R0021,A0041,2024-10-14,2024-11-18,2024-12-01,Villa,13,67600,878800,Travel Agent,completed
B00006751,G001276,R0001,A0004,2025-11-27,2026-03-06,2026-03-09,Standard King,3,20500,61500,OTA,no_show
B00006752,G000794,R0003,A0032,2024-07-13,2024-07-28,2024-07-31,Standard Double,3,17900,53700,OTA,cancelled
B00006753,G001082,R0009,A0008,2024-02-06,2024-02-26,2024-03-02,Standard Double,5,17700,88500,Corporate,completed
B00006754,G000466,R0032,A0053,2025-11-04,2025-11-20,2025-11-26,Standard King,6,17000,102000,Direct,completed
B00006755,G001964,R0012,A0030,2025-01-19,2025-03-06,2025-03-18,Ocean Suite,12,43900,526800,Corporate,cancelled
B00006756,G001821,R0018,A0045,2024-12-31,2025-03-15,2025-03-21,Standard Double,6,14000,84000,Corporate,completed
B00006757,G001873,R0034,A0059,2024-12-01,2024-12-23,2025-01-01,Standard Double,9,19300,173700,Direct,completed
B00006758,G000526,R0035,A0023,2024-06-02,2024-07-10,2024-07-24,Ocean Suite,14,31100,435400,Corporate,completed
B00006759,G002726,R0028,A0006,2024-01-21,2024-03-28,2024-04-04,Standard King,7,16900,118300,Corporate,confirmed
B00006760,G001789,R0027,A0058,2025-10-01,2026-01-17,2026-01-22,Standard King,5,23300,116500,Corporate,completed
B00006761,G002272,R0015,A0013,2024-09-17,2024-10-02,2024-10-12,Ocean Suite,10,32600,326000,Loyalty,completed
B00006762,G002104,R0013,A0036,2024-10-22,2025-01-28,2025-02-04,Standard Double,7,16100,112700,Corporate,completed
B00006763,G000702,R0037,A0053,2025-05-20,2025-08-23,2025-08-30,Standard Double,7,13200,92400,Loyalty,completed
B00006764,G001711,R0033,A0048,2025-01-09,2025-04-14,2025-04-26,Standard King,12,17700,212400,Loyalty,cancelled
B00006765,G001789,R0008,A0001,2025-04-24,2025-07-27,2025-08-08,Standard Double,12,19200,230400,Travel Agent,completed
B00006766,G000239,R0011,A0055,2025-11-15,2026-03-13,2026-03-15,Standard Double,2,14200,28400,Corporate,confirmed
B00006767,G001435,R0039,A0004,2025-10-05,2025-11-05,2025-11-14,Standard King,9,21300,191700,Direct,completed
B00006768,G001945,R0014,A0002,2024-01-11,2024-04-10,2024-04-14,Standard King,4,19800,79200,Travel Agent,completed
B00006769,G002121,R0020,A0049,2025-09-06,2025-11-13,2025-11-17,Ocean Suite,4,46100,184400,Corporate,confirmed
B00006770,G002010,R0040,A0049,2025-10-05,2026-01-05,2026-01-09,Ocean Suite,4,43100,172400,OTA,cancelled
B00006771,G000774,R0036,A0018,2025-10-01,2026-01-21,2026-02-02,Villa,12,52600,631200,Direct,confirmed
B00006772,G001049,R0023,A0007,2025-02-08,2025-02-11,2025-02-12,Presidential,1,120900,120900,Direct,completed
B00006773,G002538,R0018,A0020,2025-08-14,2025-11-15,2025-11-17,Ocean Suite,2,36100,72200,Corporate,confirmed
B00006774,G000082,R0040,A0023,2024-07-15,2024-08-25,2024-08-30,Standard King,5,24200,121000,Direct,cancelled
B00006775,G000737,R0024,A0008,2025-11-03,2025-12-27,2026-01-09,Ocean Suite,13,29800,387400,OTA,confirmed
B00006776,G001632,R0036,A0041,2025-07-09,2025-10-25,2025-10-26,Standard Double,1,15700,15700,Corporate,completed
B00006777,G002238,R0010,A0031,2025-03-25,2025-06-16,2025-06-30,Standard King,14,18800,263200,Corporate,completed
B00006778,G001302,R0017,A0022,2025-06-24,2025-08-01,2025-08-10,Ocean Suite,9,43500,391500,Direct,completed
B00006779,G000730,R0032,A0019,2024-07-09,2024-10-21,2024-10-23,Standard Double,2,13200,26400,Direct,completed
B00006780,G002616,R0003,A0010,2024-02-10,2024-05-18,2024-05-21,Standard Double,3,14300,42900,Travel Agent,completed
B00006781,G000074,R0015,A0054,2024-08-24,2024-12-11,2024-12-20,Villa,9,56200,505800,OTA,completed
B00006782,G000175,R0017,A0055,2024-02-26,2024-06-10,2024-06-18,Standard Double,8,13700,109600,Corporate,completed
B00006783,G000429,R0017,A0051,2025-08-26,2025-12-06,2025-12-08,Standard King,2,15700,31400,Corporate,completed
B00006784,G000865,R0017,A0022,2024-11-01,2024-11-25,2024-12-06,Standard King,11,18600,204600,OTA,cancelled
B00006785,G000958,R0040,A0035,2024-05-05,2024-05-11,2024-05-15,Standard King,4,21400,85600,Direct,completed
B00006786,G000233,R0018,A0020,2025-12-26,2026-02-03,2026-02-07,Standard Double,4,12800,51200,Corporate,cancelled
B00006787,G001538,R0021,A0036,2024-11-07,2024-12-11,2024-12-17,Standard King,6,17800,106800,OTA,completed
B00006788,G001117,R0016,A0057,2024-04-20,2024-07-08,2024-07-10,Ocean Suite,2,32400,64800,OTA,completed
B00006789,G000270,R0015,A0045,2024-11-02,2025-01-12,2025-01-25,Ocean Suite,13,43800,569400,OTA,completed
B00006790,G000581,R0015,A0014,2025-09-25,2026-01-11,2026-01-18,Presidential,7,137500,962500,Direct,completed
B00006791,G000849,R0019,A0029,2025-09-10,2025-12-13,2025-12-19,Ocean Suite,6,30300,181800,Travel Agent,confirmed
B00006792,G000171,R0006,A0030,2025-04-22,2025-05-13,2025-05-25,Standard King,12,15500,186000,Loyalty,no_show
B00006793,G002103,R0011,A0040,2024-03-15,2024-05-30,2024-06-13,Standard Double,14,16500,231000,Direct,completed
B00006794,G001407,R0031,A0028,2024-03-04,2024-04-05,2024-04-12,Standard King,7,20600,144200,Travel Agent,completed
B00006795,G000246,R0034,A0005,2025-08-22,2025-11-29,2025-12-08,Ocean Suite,9,43500,391500,Direct,completed
B00006796,G000541,R0034,A0036,2025-03-12,2025-04-27,2025-04-30,Standard King,3,17200,51600,OTA,completed
B00006797,G000352,R0025,A0038,2024-01-15,2024-02-10,2024-02-16,Standard King,6,21800,130800,Travel Agent,completed
B00006798,G002224,R0005,A0045,2024-11-21,2025-02-18,2025-02-19,Standard King,1,24200,24200,OTA,completed
B00006799,G000064,R0018,A0032,2024-05-01,2024-08-18,2024-08-25,Ocean Suite,7,43900,307300,Direct,completed
B00006800,G001713,R0014,A0041,2024-08-06,2024-08-19,2024-08-27,Ocean Suite,8,41000,328000,Loyalty,completed
B00006801,G000186,R0007,A0007,2025-09-27,2025-11-04,2025-11-15,Villa,11,66000,726000,Travel Agent,completed
B00006802,G002813,R0027,A0017,2025-09-12,2025-09-20,2025-09-28,Standard Double,8,13600,108800,OTA,confirmed
B00006803,G001121,R0014,A0014,2025-11-08,2025-11-16,2025-11-18,Standard Double,2,14600,29200,Corporate,completed
B00006804,G002238,R0032,A0037,2024-10-26,2024-11-29,2024-12-10,Standard Double,11,17200,189200,OTA,completed
B00006805,G000824,R0034,A0022,2024-05-03,2024-08-21,2024-08-24,Standard King,3,15800,47400,Corporate,completed
B00006806,G002623,R0036,A0055,2025-11-26,2026-02-13,2026-02-27,Villa,14,64800,907200,Direct,completed
B00006807,G002416,R0018,A0058,2024-03-21,2024-04-16,2024-04-20,Standard Double,4,17000,68000,Direct,cancelled
B00006808,G001588,R0009,A0008,2024-08-29,2024-09-07,2024-09-13,Standard Double,6,18500,111000,Direct,completed
B00006809,G002571,R0039,A0016,2024-01-17,2024-01-30,2024-02-13,Standard Double,14,17400,243600,Direct,completed
B00006810,G000971,R0020,A0041,2024-10-23,2025-01-15,2025-01-23,Villa,8,51900,415200,OTA,completed
B00006811,G002046,R0040,A0055,2024-11-14,2025-03-07,2025-03-18,Ocean Suite,11,38600,424600,Corporate,completed
B00006812,G002988,R0017,A0018,2025-09-22,2025-11-21,2025-12-04,Ocean Suite,13,37200,483600,Travel Agent,completed
B00006813,G002704,R0032,A0051,2024-01-07,2024-01-10,2024-01-23,Ocean Suite,13,31300,406900,Loyalty,completed
B00006814,G000343,R0036,A0053,2024-02-07,2024-02-09,2024-02-19,Standard Double,10,13900,139000,Travel Agent,completed
B00006815,G000505,R0012,A0036,2025-10-20,2025-12-12,2025-12-15,Ocean Suite,3,36400,109200,Corporate,confirmed
B00006816,G002992,R0028,A0033,2025-01-15,2025-03-14,2025-03-19,Ocean Suite,5,46700,233500,OTA,completed
B00006817,G000834,R0015,A0056,2025-10-03,2026-01-04,2026-01-11,Standard Double,7,13000,91000,OTA,completed
B00006818,G002538,R0029,A0010,2025-06-11,2025-09-24,2025-10-04,Standard Double,10,13800,138000,OTA,confirmed
B00006819,G002594,R0033,A0018,2024-02-07,2024-03-25,2024-03-31,Standard King,6,16900,101400,OTA,completed
B00006820,G002857,R0001,A0016,2025-02-11,2025-02-17,2025-02-25,Ocean Suite,8,41000,328000,OTA,completed
B00006821,G001570,R0004,A0050,2024-10-03,2024-12-19,2024-12-20,Standard King,1,23400,23400,Loyalty,completed
B00006822,G000199,R0004,A0019,2024-10-24,2024-12-27,2025-01-06,Standard King,10,24000,240000,Loyalty,cancelled
B00006823,G002736,R0013,A0015,2024-11-29,2025-02-01,2025-02-07,Ocean Suite,6,45600,273600,Corporate,completed
B00006824,G002031,R0011,A0015,2025-04-07,2025-05-01,2025-05-02,Standard King,1,17400,17400,Direct,no_show
B00006825,G002368,R0024,A0007,2024-10-11,2024-11-30,2024-12-09,Standard Double,9,19400,174600,Travel Agent,no_show
B00006826,G001098,R0034,A0024,2024-08-04,2024-08-30,2024-09-06,Standard Double,7,19600,137200,OTA,completed
B00006827,G001597,R0001,A0039,2025-03-18,2025-05-16,2025-05-27,Standard King,11,16100,177100,Direct,completed
B00006828,G002294,R0030,A0022,2024-12-27,2024-12-28,2025-01-06,Villa,9,66200,595800,OTA,completed
B00006829,G000597,R0021,A0053,2025-05-30,2025-09-23,2025-10-04,Villa,11,58600,644600,Travel Agent,completed
B00006830,G000337,R0002,A0023,2024-01-03,2024-02-27,2024-03-04,Standard Double,6,17600,105600,OTA,cancelled
B00006831,G002596,R0034,A0057,2024-05-21,2024-06-12,2024-06-19,Standard King,7,23500,164500,Corporate,confirmed
B00006832,G002651,R0009,A0040,2025-09-30,2026-01-17,2026-01-21,Standard King,4,22300,89200,OTA,completed
B00006833,G001681,R0006,A0028,2025-10-10,2025-11-25,2025-11-28,Ocean Suite,3,46000,138000,Corporate,completed
B00006834,G002920,R0040,A0040,2025-06-13,2025-06-22,2025-06-29,Ocean Suite,7,41700,291900,OTA,confirmed
B00006835,G000486,R0015,A0045,2024-10-28,2025-02-18,2025-02-22,Standard King,4,15400,61600,Direct,completed
B00006836,G001362,R0037,A0052,2024-10-12,2024-10-26,2024-10-29,Ocean Suite,3,30200,90600,Loyalty,completed
B00006837,G001132,R0021,A0014,2024-03-03,2024-05-26,2024-05-27,Standard Double,1,15800,15800,Direct,completed
B00006838,G000871,R0024,A0052,2024-08-15,2024-10-30,2024-11-05,Ocean Suite,6,36000,216000,OTA,confirmed
B00006839,G000759,R0013,A0006,2024-09-19,2024-11-14,2024-11-28,Ocean Suite,14,33200,464800,Direct,confirmed
B00006840,G001288,R0010,A0005,2025-04-01,2025-04-23,2025-05-05,Standard King,12,17600,211200,OTA,cancelled
B00006841,G001701,R0024,A0037,2025-06-02,2025-07-06,2025-07-08,Standard King,2,20400,40800,Direct,confirmed
B00006842,G002508,R0038,A0046,2025-09-16,2025-09-18,2025-09-27,Ocean Suite,9,45700,411300,Corporate,confirmed
B00006843,G000796,R0035,A0041,2024-12-17,2025-01-04,2025-01-17,Standard Double,13,15500,201500,Travel Agent,confirmed
B00006844,G002585,R0007,A0024,2025-07-10,2025-10-11,2025-10-16,Standard King,5,16100,80500,Direct,completed
B00006845,G001909,R0039,A0001,2025-02-11,2025-05-14,2025-05-20,Standard King,6,23700,142200,Direct,confirmed
B00006846,G000118,R0034,A0027,2025-03-20,2025-05-20,2025-05-29,Standard King,9,20500,184500,OTA,completed
B00006847,G000025,R0031,A0044,2024-01-23,2024-04-15,2024-04-22,Standard Double,7,18600,130200,Direct,completed
B00006848,G001195,R0025,A0012,2025-06-28,2025-08-19,2025-08-24,Standard King,5,22100,110500,OTA,completed
B00006849,G000582,R0019,A0004,2024-03-22,2024-06-09,2024-06-17,Ocean Suite,8,45100,360800,Direct,cancelled
B00006850,G000913,R0014,A0011,2024-11-09,2025-02-28,2025-03-09,Standard Double,9,14700,132300,Direct,confirmed
B00006851,G000467,R0029,A0055,2024-09-16,2024-10-25,2024-11-03,Standard Double,9,17300,155700,Corporate,completed
B00006852,G001144,R0011,A0060,2025-05-30,2025-07-05,2025-07-18,Presidential,13,149500,1943500,Corporate,completed
B00006853,G002314,R0017,A0019,2025-07-13,2025-07-22,2025-08-05,Ocean Suite,14,41900,586600,Corporate,confirmed
B00006854,G002561,R0033,A0044,2025-11-22,2026-01-12,2026-01-20,Standard King,8,20600,164800,OTA,completed
B00006855,G002384,R0019,A0037,2024-02-06,2024-03-05,2024-03-09,Standard King,4,21800,87200,Corporate,confirmed
B00006856,G002735,R0007,A0050,2025-04-24,2025-06-20,2025-06-27,Standard Double,7,14300,100100,OTA,completed
B00006857,G002731,R0036,A0024,2024-02-27,2024-05-04,2024-05-10,Standard King,6,17700,106200,Direct,completed
B00006858,G000359,R0019,A0010,2024-05-14,2024-06-29,2024-07-08,Standard Double,9,13100,117900,OTA,completed
B00006859,G002388,R0010,A0004,2025-06-24,2025-07-10,2025-07-15,Standard Double,5,16800,84000,Corporate,completed
B00006860,G001378,R0040,A0034,2024-04-04,2024-05-30,2024-06-08,Standard Double,9,15100,135900,Corporate,completed
B00006861,G000614,R0015,A0029,2024-02-24,2024-05-02,2024-05-16,Standard Double,14,14100,197400,OTA,completed
B00006862,G002684,R0028,A0013,2024-09-26,2025-01-12,2025-01-17,Ocean Suite,5,38700,193500,Direct,completed
B00006863,G000553,R0029,A0047,2025-11-03,2025-12-28,2025-12-29,Standard King,1,23000,23000,OTA,completed
B00006864,G002471,R0001,A0056,2025-05-20,2025-05-22,2025-05-30,Standard Double,8,13800,110400,Travel Agent,completed
B00006865,G002894,R0008,A0026,2024-09-25,2024-12-07,2024-12-20,Standard Double,13,17400,226200,OTA,completed
B00006866,G001556,R0020,A0037,2024-11-26,2024-12-30,2025-01-05,Standard Double,6,13100,78600,Direct,completed
B00006867,G002684,R0006,A0022,2024-08-11,2024-09-16,2024-09-25,Standard King,9,20500,184500,Travel Agent,completed
B00006868,G002514,R0038,A0002,2024-01-04,2024-03-19,2024-03-20,Standard Double,1,16100,16100,Direct,completed
B00006869,G000997,R0008,A0015,2024-05-16,2024-07-17,2024-07-26,Standard King,9,16300,146700,Corporate,confirmed
B00006870,G001740,R0023,A0055,2025-12-16,2026-02-18,2026-02-20,Standard Double,2,14900,29800,Corporate,completed
B00006871,G002496,R0001,A0027,2024-02-23,2024-05-02,2024-05-11,Standard King,9,22600,203400,Direct,completed
B00006872,G001293,R0013,A0044,2024-11-08,2024-12-28,2025-01-05,Ocean Suite,8,43600,348800,OTA,completed
B00006873,G001940,R0037,A0022,2024-10-21,2024-10-26,2024-11-08,Standard King,13,20500,266500,Loyalty,completed
B00006874,G002851,R0010,A0038,2025-06-07,2025-06-10,2025-06-11,Standard King,1,22300,22300,Direct,completed
B00006875,G001044,R0036,A0001,2025-11-13,2026-01-18,2026-01-23,Ocean Suite,5,36000,180000,Direct,completed
B00006876,G002126,R0009,A0045,2025-05-04,2025-07-12,2025-07-17,Standard King,5,20000,100000,Loyalty,completed
B00006877,G000439,R0012,A0047,2025-01-31,2025-02-22,2025-02-26,Standard Double,4,15900,63600,Travel Agent,completed
B00006878,G000220,R0013,A0033,2025-03-28,2025-05-24,2025-06-07,Standard King,14,16900,236600,Direct,completed
B00006879,G002905,R0039,A0017,2025-04-22,2025-07-17,2025-07-31,Standard Double,14,15000,210000,Direct,confirmed
B00006880,G000803,R0034,A0021,2024-05-27,2024-07-22,2024-07-29,Presidential,7,122900,860300,Direct,confirmed
B00006881,G001050,R0019,A0017,2024-06-18,2024-09-10,2024-09-21,Standard King,11,20300,223300,OTA,completed
B00006882,G000814,R0007,A0049,2025-06-26,2025-07-30,2025-08-05,Villa,6,72200,433200,Direct,confirmed
B00006883,G002857,R0014,A0048,2025-11-14,2026-01-15,2026-01-18,Standard King,3,20700,62100,OTA,completed
B00006884,G001070,R0010,A0008,2025-08-04,2025-10-05,2025-10-10,Ocean Suite,5,46100,230500,Direct,completed
B00006885,G001621,R0015,A0029,2024-02-05,2024-06-02,2024-06-10,Standard Double,8,18500,148000,OTA,completed
B00006886,G001413,R0012,A0042,2025-07-05,2025-09-11,2025-09-17,Presidential,6,139500,837000,Loyalty,completed
B00006887,G002599,R0020,A0031,2024-09-19,2024-09-23,2024-09-25,Standard Double,2,16300,32600,OTA,completed
B00006888,G000349,R0025,A0044,2024-09-26,2024-12-12,2024-12-26,Ocean Suite,14,41000,574000,Travel Agent,completed
B00006889,G001989,R0028,A0030,2024-09-23,2024-11-20,2024-12-03,Standard Double,13,13200,171600,Travel Agent,completed
B00006890,G002997,R0016,A0022,2024-12-24,2025-03-08,2025-03-16,Standard King,8,22200,177600,OTA,completed
B00006891,G000235,R0021,A0049,2024-07-07,2024-10-19,2024-10-24,Standard Double,5,17200,86000,Direct,completed
B00006892,G002393,R0039,A0034,2024-07-10,2024-11-07,2024-11-16,Standard King,9,21800,196200,OTA,completed
B00006893,G001464,R0023,A0025,2024-12-21,2025-01-01,2025-01-13,Standard King,12,22300,267600,OTA,completed
B00006894,G001459,R0027,A0032,2025-06-10,2025-07-26,2025-08-04,Villa,9,66900,602100,Direct,completed
B00006895,G000459,R0005,A0005,2025-02-15,2025-04-21,2025-04-30,Standard King,9,22200,199800,Direct,completed
B00006896,G001207,R0016,A0020,2024-05-17,2024-07-11,2024-07-22,Standard King,11,17700,194700,Direct,confirmed
B00006897,G002390,R0017,A0055,2024-11-06,2025-02-10,2025-02-18,Standard Double,8,14200,113600,Direct,completed
B00006898,G000619,R0022,A0050,2024-08-24,2024-10-17,2024-10-29,Presidential,12,159700,1916400,Direct,cancelled
B00006899,G000617,R0035,A0004,2025-07-25,2025-11-01,2025-11-11,Standard King,10,22000,220000,OTA,completed
B00006900,G001270,R0035,A0040,2024-01-19,2024-04-04,2024-04-13,Ocean Suite,9,37100,333900,OTA,completed
B00006901,G001281,R0028,A0028,2025-08-05,2025-11-12,2025-11-16,Standard Double,4,19700,78800,OTA,completed
B00006902,G001988,R0011,A0043,2024-01-06,2024-01-22,2024-01-24,Standard Double,2,17500,35000,Direct,completed
B00006903,G002787,R0024,A0049,2024-02-09,2024-02-19,2024-03-04,Ocean Suite,14,32700,457800,OTA,cancelled
B00006904,G002648,R0031,A0054,2024-01-14,2024-02-12,2024-02-14,Standard King,2,22300,44600,Travel Agent,completed
B00006905,G001015,R0021,A0056,2025-11-03,2025-11-28,2025-12-06,Villa,8,77600,620800,OTA,completed
B00006906,G002561,R0006,A0024,2024-05-25,2024-06-05,2024-06-12,Standard Double,7,17900,125300,Travel Agent,confirmed
B00006907,G002117,R0005,A0031,2025-05-25,2025-07-31,2025-08-12,Standard King,12,15700,188400,Loyalty,completed
B00006908,G001557,R0033,A0013,2024-10-17,2025-01-03,2025-01-14,Ocean Suite,11,39400,433400,Travel Agent,completed
B00006909,G000072,R0015,A0001,2025-05-07,2025-08-18,2025-08-29,Presidential,11,107800,1185800,Corporate,confirmed
B00006910,G000661,R0015,A0035,2024-04-28,2024-08-24,2024-09-02,Standard King,9,20100,180900,Loyalty,completed
B00006911,G000324,R0015,A0012,2024-09-27,2024-11-26,2024-12-01,Standard Double,5,20000,100000,OTA,completed
B00006912,G001997,R0031,A0047,2025-11-12,2026-03-06,2026-03-19,Ocean Suite,13,37300,484900,OTA,no_show
B00006913,G002415,R0004,A0040,2025-09-26,2025-12-31,2026-01-04,Standard Double,4,18000,72000,OTA,completed
B00006914,G002008,R0031,A0003,2025-04-02,2025-04-19,2025-05-02,Villa,13,70800,920400,Travel Agent,completed
B00006915,G002379,R0008,A0023,2024-05-06,2024-06-18,2024-07-02,Standard Double,14,13500,189000,Loyalty,completed
B00006916,G001481,R0024,A0002,2025-11-29,2025-12-03,2025-12-07,Standard King,4,22100,88400,Corporate,completed
B00006917,G002293,R0002,A0002,2024-04-20,2024-07-02,2024-07-15,Standard Double,13,13900,180700,Direct,confirmed
B00006918,G000685,R0025,A0020,2024-10-07,2024-11-17,2024-11-30,Presidential,13,133700,1738100,OTA,completed
B00006919,G002718,R0019,A0011,2024-05-11,2024-08-02,2024-08-14,Standard King,12,16200,194400,OTA,completed
B00006920,G001043,R0038,A0018,2024-11-20,2024-12-12,2024-12-17,Standard Double,5,12800,64000,OTA,completed
B00006921,G001461,R0029,A0006,2024-09-04,2024-10-22,2024-11-05,Standard Double,14,15200,212800,Travel Agent,completed
B00006922,G001305,R0007,A0050,2024-11-14,2025-01-14,2025-01-27,Presidential,13,124800,1622400,OTA,completed
B00006923,G001306,R0001,A0016,2024-10-06,2024-11-27,2024-11-29,Standard King,2,15300,30600,Travel Agent,confirmed
B00006924,G001513,R0009,A0011,2025-10-05,2025-11-17,2025-11-24,Ocean Suite,7,43500,304500,Direct,completed
B00006925,G001754,R0036,A0016,2024-10-08,2025-01-27,2025-01-31,Standard Double,4,16500,66000,Loyalty,completed
B00006926,G001441,R0026,A0013,2025-09-06,2025-12-15,2025-12-17,Standard King,2,17600,35200,Direct,confirmed
B00006927,G002613,R0003,A0009,2024-03-15,2024-04-21,2024-04-22,Standard Double,1,13400,13400,Direct,completed
B00006928,G000095,R0029,A0007,2025-12-26,2026-01-06,2026-01-16,Standard King,10,23900,239000,OTA,completed
B00006929,G002819,R0020,A0055,2025-07-23,2025-10-02,2025-10-14,Standard Double,12,14300,171600,Direct,completed
B00006930,G001888,R0004,A0002,2024-07-13,2024-08-17,2024-08-27,Standard King,10,20100,201000,Direct,completed
B00006931,G002795,R0006,A0053,2024-12-25,2025-04-19,2025-04-20,Villa,1,73400,73400,OTA,completed
B00006932,G000326,R0027,A0005,2024-02-24,2024-04-26,2024-05-03,Ocean Suite,7,40800,285600,Corporate,confirmed
B00006933,G000416,R0016,A0028,2025-11-23,2026-01-30,2026-02-04,Standard King,5,16100,80500,Travel Agent,no_show
B00006934,G000134,R0018,A0028,2024-02-21,2024-04-27,2024-04-29,Presidential,2,157300,314600,OTA,completed
B00006935,G001850,R0002,A0049,2025-05-14,2025-08-18,2025-08-21,Standard Double,3,18200,54600,OTA,confirmed
B00006936,G001815,R0019,A0059,2025-02-18,2025-04-27,2025-05-09,Standard King,12,18900,226800,Loyalty,completed
B00006937,G000116,R0014,A0044,2024-03-14,2024-05-21,2024-05-30,Standard King,9,18200,163800,Travel Agent,no_show
B00006938,G001099,R0010,A0036,2024-08-14,2024-08-29,2024-09-01,Ocean Suite,3,39600,118800,Direct,completed
B00006939,G001273,R0038,A0056,2025-04-06,2025-04-29,2025-05-10,Ocean Suite,11,39800,437800,Direct,confirmed
B00006940,G000845,R0017,A0012,2024-09-02,2024-11-27,2024-12-10,Standard King,13,16000,208000,Direct,cancelled
B00006941,G002314,R0038,A0030,2025-05-03,2025-05-10,2025-05-24,Ocean Suite,14,45800,641200,Travel Agent,completed
B00006942,G001345,R0009,A0002,2025-08-09,2025-11-09,2025-11-17,Ocean Suite,8,38900,311200,Travel Agent,cancelled
B00006943,G000664,R0021,A0020,2025-12-20,2026-02-19,2026-03-03,Standard King,12,18400,220800,Direct,cancelled
B00006944,G000310,R0001,A0033,2025-10-14,2025-12-20,2026-01-02,Standard King,13,23300,302900,Direct,completed
B00006945,G002329,R0034,A0031,2025-07-16,2025-10-28,2025-11-05,Standard Double,8,13000,104000,Travel Agent,confirmed
B00006946,G001757,R0010,A0017,2024-07-23,2024-09-06,2024-09-15,Presidential,9,122700,1104300,Corporate,completed
B00006947,G001969,R0025,A0021,2025-02-01,2025-04-12,2025-04-13,Standard King,1,20000,20000,Loyalty,completed
B00006948,G001607,R0007,A0038,2024-12-06,2025-03-20,2025-03-28,Ocean Suite,8,39500,316000,OTA,completed
B00006949,G000504,R0002,A0017,2024-12-04,2025-01-05,2025-01-11,Standard King,6,19900,119400,Direct,completed
B00006950,G001392,R0002,A0056,2025-07-17,2025-08-08,2025-08-09,Standard Double,1,19200,19200,OTA,confirmed
B00006951,G002425,R0027,A0057,2025-11-09,2026-02-17,2026-02-23,Ocean Suite,6,30500,183000,OTA,completed
B00006952,G001440,R0017,A0027,2025-04-11,2025-04-28,2025-04-30,Standard King,2,19300,38600,Loyalty,completed
B00006953,G002537,R0040,A0030,2025-11-12,2026-03-03,2026-03-04,Standard King,1,18700,18700,Direct,completed
B00006954,G002887,R0034,A0053,2024-11-02,2025-02-07,2025-02-08,Standard King,1,21300,21300,Loyalty,completed
B00006955,G000051,R0024,A0045,2025-06-03,2025-08-29,2025-09-04,Standard Double,6,14700,88200,Direct,confirmed
B00006956,G002426,R0020,A0049,2024-10-09,2025-01-21,2025-01-29,Standard King,8,20900,167200,OTA,completed
B00006957,G001124,R0034,A0059,2024-03-01,2024-03-28,2024-04-10,Standard King,13,18900,245700,Direct,completed
B00006958,G000193,R0031,A0008,2024-01-29,2024-05-17,2024-05-21,Standard King,4,22500,90000,Direct,completed
B00006959,G000819,R0003,A0026,2025-04-04,2025-05-25,2025-05-29,Standard King,4,19800,79200,Loyalty,completed
B00006960,G000868,R0011,A0040,2024-05-01,2024-08-22,2024-08-24,Standard King,2,19300,38600,OTA,completed
B00006961,G000989,R0025,A0048,2025-05-03,2025-05-11,2025-05-13,Standard King,2,19100,38200,Travel Agent,completed
B00006962,G002137,R0009,A0058,2024-07-02,2024-08-05,2024-08-14,Standard Double,9,13400,120600,Direct,completed
B00006963,G002235,R0006,A0057,2024-01-13,2024-04-07,2024-04-15,Standard Double,8,19700,157600,OTA,completed
B00006964,G001922,R0015,A0017,2025-08-05,2025-11-22,2025-11-28,Ocean Suite,6,36500,219000,OTA,confirmed
B00006965,G000369,R0015,A0009,2024-01-30,2024-04-02,2024-04-13,Standard King,11,22900,251900,Loyalty,completed
B00006966,G001232,R0009,A0060,2025-02-15,2025-05-28,2025-06-01,Ocean Suite,4,40000,160000,OTA,completed
B00006967,G000021,R0015,A0021,2024-05-29,2024-08-06,2024-08-20,Presidential,14,124000,1736000,Direct,completed
B00006968,G002856,R0027,A0056,2025-06-11,2025-08-05,2025-08-16,Standard Double,11,18800,206800,Travel Agent,completed
B00006969,G001432,R0030,A0050,2025-08-07,2025-08-17,2025-08-19,Standard King,2,21400,42800,Corporate,completed
B00006970,G000022,R0027,A0031,2024-04-17,2024-04-21,2024-04-25,Ocean Suite,4,37900,151600,Loyalty,completed
B00006971,G002277,R0014,A0060,2025-10-22,2026-01-23,2026-02-03,Standard King,11,22000,242000,Direct,completed
B00006972,G000355,R0004,A0030,2025-09-06,2025-12-12,2025-12-26,Villa,14,75500,1057000,OTA,completed
B00006973,G001502,R0010,A0038,2025-11-09,2026-02-27,2026-03-11,Standard Double,12,16500,198000,Direct,completed
B00006974,G001185,R0038,A0048,2025-06-11,2025-08-07,2025-08-20,Standard Double,13,15600,202800,Loyalty,completed
B00006975,G002837,R0001,A0057,2024-01-04,2024-01-09,2024-01-12,Standard King,3,19500,58500,Corporate,completed
B00006976,G001592,R0015,A0055,2024-10-17,2024-11-22,2024-11-28,Standard Double,6,19600,117600,Direct,completed
B00006977,G000281,R0020,A0026,2025-12-31,2026-04-30,2026-05-03,Ocean Suite,3,35700,107100,Travel Agent,confirmed
B00006978,G000717,R0018,A0052,2025-01-17,2025-03-08,2025-03-09,Standard King,1,16100,16100,OTA,completed
B00006979,G002784,R0028,A0005,2024-12-02,2025-02-23,2025-02-24,Standard King,1,18500,18500,OTA,completed
B00006980,G000242,R0011,A0048,2025-06-01,2025-09-14,2025-09-26,Standard Double,12,14600,175200,Travel Agent,completed
B00006981,G002224,R0019,A0005,2024-06-22,2024-10-10,2024-10-18,Standard King,8,17900,143200,Loyalty,cancelled
B00006982,G002580,R0008,A0020,2024-03-25,2024-05-22,2024-05-27,Standard Double,5,13500,67500,OTA,completed
B00006983,G001779,R0014,A0056,2025-02-05,2025-02-16,2025-02-28,Standard King,12,18900,226800,Direct,completed
B00006984,G002411,R0004,A0017,2025-06-21,2025-09-14,2025-09-27,Standard Double,13,13400,174200,OTA,completed
B00006985,G000983,R0027,A0023,2024-10-07,2025-02-02,2025-02-09,Standard King,7,20900,146300,Travel Agent,completed
B00006986,G002370,R0004,A0010,2025-05-29,2025-08-12,2025-08-23,Standard Double,11,18100,199100,Corporate,confirmed
B00006987,G002729,R0015,A0005,2024-05-26,2024-09-16,2024-09-26,Standard King,10,15600,156000,OTA,completed
B00006988,G001697,R0010,A0048,2025-04-28,2025-08-15,2025-08-17,Standard King,2,18900,37800,Direct,confirmed
B00006989,G001039,R0036,A0025,2025-07-19,2025-10-04,2025-10-18,Standard Double,14,19300,270200,Corporate,completed
B00006990,G001848,R0033,A0025,2025-07-03,2025-07-04,2025-07-15,Standard King,11,24100,265100,Corporate,completed
B00006991,G000359,R0031,A0022,2024-03-01,2024-06-01,2024-06-10,Standard Double,9,13300,119700,Corporate,completed
B00006992,G001632,R0021,A0052,2024-06-22,2024-08-14,2024-08-24,Ocean Suite,10,40000,400000,Direct,completed
B00006993,G002460,R0029,A0027,2025-10-18,2025-10-20,2025-10-30,Standard King,10,18300,183000,OTA,completed
B00006994,G001666,R0038,A0004,2024-07-03,2024-09-26,2024-09-29,Standard King,3,22100,66300,Direct,completed
B00006995,G001317,R0032,A0027,2024-03-11,2024-06-09,2024-06-11,Ocean Suite,2,30300,60600,Corporate,completed
B00006996,G002739,R0002,A0025,2025-01-08,2025-01-30,2025-02-06,Standard Double,7,15700,109900,OTA,completed
B00006997,G002905,R0005,A0003,2025-02-11,2025-02-28,2025-03-09,Standard Double,9,14600,131400,Travel Agent,completed
B00006998,G001805,R0007,A0017,2025-10-11,2025-12-17,2025-12-26,Standard King,9,23100,207900,OTA,confirmed
B00006999,G000812,R0019,A0054,2025-09-23,2025-12-18,2025-12-25,Standard Double,7,19700,137900,OTA,completed
B00007000,G002108,R0019,A0046,2025-09-26,2025-11-22,2025-12-04,Standard King,12,21900,262800,OTA,cancelled
B00007001,G000465,R0014,A0032,2025-07-21,2025-11-08,2025-11-18,Ocean Suite,10,32300,323000,OTA,completed
B00007002,G001263,R0019,A0047,2024-02-17,2024-03-01,2024-03-13,Standard King,12,17000,204000,OTA,completed
B00007003,G001718,R0028,A0026,2024-10-12,2025-01-01,2025-01-07,Standard King,6,20400,122400,OTA,confirmed
B00007004,G002676,R0029,A0056,2024-05-08,2024-06-08,2024-06-22,Standard King,14,23500,329000,Direct,completed
B00007005,G002327,R0020,A0010,2024-03-05,2024-05-12,2024-05-18,Standard King,6,19900,119400,Direct,cancelled
B00007006,G000217,R0015,A0037,2025-10-11,2025-12-17,2025-12-19,Standard Double,2,17700,35400,Travel Agent,completed
B00007007,G000763,R0017,A0060,2025-08-09,2025-12-04,2025-12-11,Standard Double,7,14800,103600,OTA,completed
B00007008,G002003,R0026,A0002,2024-04-20,2024-06-26,2024-07-04,Ocean Suite,8,30100,240800,OTA,completed
B00007009,G002503,R0013,A0009,2024-01-18,2024-03-31,2024-04-12,Ocean Suite,12,44400,532800,Direct,completed
B00007010,G002115,R0021,A0060,2024-07-13,2024-10-09,2024-10-22,Presidential,13,117400,1526200,OTA,cancelled
B00007011,G001460,R0014,A0020,2024-02-21,2024-05-05,2024-05-10,Ocean Suite,5,34000,170000,OTA,completed
B00007012,G002541,R0031,A0049,2024-11-08,2024-12-29,2025-01-07,Standard Double,9,15600,140400,Corporate,completed
B00007013,G002822,R0035,A0010,2025-09-18,2026-01-14,2026-01-15,Standard Double,1,18700,18700,Corporate,completed
B00007014,G000623,R0014,A0012,2025-04-18,2025-05-16,2025-05-27,Ocean Suite,11,39900,438900,Direct,completed
B00007015,G000130,R0020,A0043,2024-04-22,2024-04-29,2024-05-09,Standard Double,10,17800,178000,Travel Agent,completed
B00007016,G001861,R0001,A0053,2025-12-29,2026-01-23,2026-01-31,Standard King,8,22200,177600,Travel Agent,completed
B00007017,G000733,R0003,A0002,2025-08-01,2025-11-25,2025-12-04,Standard King,9,23100,207900,OTA,cancelled
B00007018,G000341,R0033,A0021,2025-03-19,2025-04-14,2025-04-20,Standard Double,6,13900,83400,OTA,completed
B00007019,G001535,R0028,A0020,2025-11-17,2026-01-07,2026-01-17,Ocean Suite,10,45300,453000,OTA,confirmed
B00007020,G001391,R0039,A0037,2025-06-16,2025-09-16,2025-09-25,Ocean Suite,9,47200,424800,Direct,completed
B00007021,G001009,R0003,A0035,2024-02-26,2024-03-05,2024-03-18,Standard King,13,22700,295100,Direct,cancelled
B00007022,G000668,R0019,A0011,2025-04-28,2025-06-19,2025-06-29,Ocean Suite,10,42500,425000,OTA,completed
B00007023,G001867,R0009,A0053,2025-07-10,2025-10-20,2025-10-29,Standard King,9,19600,176400,Travel Agent,completed
B00007024,G000074,R0029,A0014,2025-11-24,2025-12-12,2025-12-16,Villa,4,52300,209200,Direct,completed
B00007025,G000900,R0005,A0032,2025-08-13,2025-10-30,2025-11-11,Standard King,12,15600,187200,Loyalty,confirmed
B00007026,G001871,R0036,A0036,2024-09-14,2024-11-30,2024-12-05,Standard King,5,21700,108500,Direct,cancelled
B00007027,G002792,R0004,A0042,2025-05-10,2025-06-11,2025-06-13,Ocean Suite,2,31400,62800,Travel Agent,completed
B00007028,G001097,R0031,A0002,2024-12-18,2025-03-24,2025-03-31,Standard Double,7,16900,118300,OTA,completed
B00007029,G000853,R0009,A0009,2024-02-24,2024-03-20,2024-03-21,Ocean Suite,1,35500,35500,Travel Agent,completed
B00007030,G002107,R0032,A0028,2024-02-29,2024-03-21,2024-04-03,Standard King,13,17600,228800,Loyalty,cancelled
B00007031,G002099,R0036,A0004,2024-03-24,2024-03-26,2024-04-04,Standard Double,9,20100,180900,OTA,confirmed
B00007032,G002975,R0003,A0058,2025-04-20,2025-08-14,2025-08-22,Standard King,8,19800,158400,Travel Agent,confirmed
B00007033,G001659,R0021,A0038,2025-07-18,2025-10-20,2025-10-26,Ocean Suite,6,41300,247800,Travel Agent,completed
B00007034,G002084,R0026,A0049,2025-02-25,2025-04-19,2025-05-02,Standard Double,13,15500,201500,Direct,completed
B00007035,G000180,R0020,A0057,2024-01-31,2024-04-21,2024-05-03,Ocean Suite,12,37300,447600,Loyalty,completed
B00007036,G002635,R0007,A0015,2024-09-09,2024-11-15,2024-11-19,Standard Double,4,18700,74800,OTA,completed
B00007037,G001488,R0032,A0057,2025-03-14,2025-04-26,2025-05-03,Ocean Suite,7,39100,273700,Travel Agent,completed
B00007038,G001778,R0017,A0053,2024-08-28,2024-10-16,2024-10-25,Ocean Suite,9,35900,323100,Direct,completed
B00007039,G001179,R0025,A0042,2025-08-13,2025-09-29,2025-10-02,Ocean Suite,3,38400,115200,Direct,completed
B00007040,G002825,R0012,A0028,2024-12-05,2024-12-15,2024-12-25,Ocean Suite,10,37900,379000,Direct,no_show
B00007041,G001285,R0016,A0060,2024-01-02,2024-02-12,2024-02-25,Villa,13,65300,848900,OTA,confirmed
B00007042,G000741,R0014,A0020,2025-07-14,2025-10-26,2025-10-30,Standard King,4,17100,68400,Travel Agent,completed
B00007043,G000385,R0014,A0031,2024-03-30,2024-06-11,2024-06-13,Ocean Suite,2,41600,83200,Corporate,confirmed
B00007044,G001776,R0002,A0039,2025-10-05,2026-01-22,2026-01-31,Standard King,9,17100,153900,Travel Agent,completed
B00007045,G001509,R0011,A0027,2024-12-06,2024-12-17,2024-12-20,Standard Double,3,19600,58800,Loyalty,completed
B00007046,G002492,R0026,A0015,2025-05-02,2025-05-06,2025-05-16,Standard King,10,18200,182000,Loyalty,completed
B00007047,G001354,R0039,A0026,2024-01-30,2024-02-10,2024-02-18,Standard Double,8,16300,130400,Direct,confirmed
B00007048,G000997,R0007,A0008,2024-04-06,2024-06-13,2024-06-26,Standard Double,13,14400,187200,OTA,completed
B00007049,G001240,R0006,A0027,2024-12-30,2025-01-29,2025-02-06,Standard Double,8,13500,108000,Direct,confirmed
B00007050,G002193,R0012,A0024,2025-05-26,2025-06-06,2025-06-08,Standard Double,2,16400,32800,OTA,completed
B00007051,G002525,R0038,A0021,2025-04-07,2025-05-18,2025-05-25,Standard Double,7,19800,138600,Direct,completed
B00007052,G000960,R0018,A0018,2024-11-07,2025-01-12,2025-01-25,Standard King,13,17600,228800,Direct,confirmed
B00007053,G001054,R0032,A0033,2025-12-16,2026-03-13,2026-03-22,Standard King,9,20300,182700,OTA,completed
B00007054,G001707,R0013,A0041,2024-06-11,2024-08-25,2024-09-06,Standard King,12,22600,271200,Loyalty,completed
B00007055,G000055,R0015,A0021,2024-08-24,2024-10-08,2024-10-16,Standard King,8,17400,139200,OTA,completed
B00007056,G000112,R0017,A0057,2025-04-18,2025-05-26,2025-05-28,Standard Double,2,16500,33000,OTA,cancelled
B00007057,G002748,R0013,A0016,2025-11-28,2025-12-05,2025-12-09,Standard King,4,20600,82400,OTA,confirmed
B00007058,G001702,R0001,A0041,2025-04-25,2025-04-30,2025-05-05,Standard Double,5,14200,71000,Direct,confirmed
B00007059,G001015,R0002,A0051,2024-11-20,2025-02-23,2025-03-01,Standard Double,6,18100,108600,OTA,cancelled
B00007060,G002514,R0007,A0036,2025-06-21,2025-06-24,2025-06-28,Ocean Suite,4,37300,149200,Direct,completed
B00007061,G001676,R0025,A0041,2024-06-24,2024-09-10,2024-09-13,Standard King,3,20400,61200,Travel Agent,completed
B00007062,G001935,R0035,A0013,2025-11-01,2025-11-28,2025-12-10,Villa,12,65200,782400,Corporate,confirmed
B00007063,G002903,R0026,A0035,2025-09-29,2026-01-20,2026-02-03,Ocean Suite,14,45600,638400,Travel Agent,completed
B00007064,G001864,R0017,A0056,2025-08-02,2025-11-11,2025-11-17,Standard Double,6,14200,85200,OTA,completed
B00007065,G001070,R0036,A0024,2025-04-10,2025-07-13,2025-07-16,Standard Double,3,19000,57000,Travel Agent,no_show
B00007066,G001408,R0018,A0048,2025-06-10,2025-07-25,2025-08-01,Standard King,7,19600,137200,Loyalty,completed
B00007067,G002155,R0003,A0007,2024-03-23,2024-05-31,2024-06-02,Villa,2,80400,160800,Direct,completed
B00007068,G000148,R0005,A0001,2025-05-15,2025-08-09,2025-08-10,Villa,1,78200,78200,Travel Agent,no_show
B00007069,G000825,R0016,A0053,2025-08-09,2025-11-14,2025-11-25,Villa,11,75800,833800,Direct,confirmed
B00007070,G002875,R0019,A0016,2024-07-03,2024-07-26,2024-08-09,Standard King,14,16700,233800,OTA,completed
B00007071,G001988,R0011,A0046,2025-12-25,2026-02-24,2026-03-03,Ocean Suite,7,31400,219800,Direct,completed
B00007072,G002831,R0024,A0007,2024-08-30,2024-09-02,2024-09-09,Standard Double,7,18400,128800,Corporate,completed
B00007073,G000291,R0015,A0043,2025-06-18,2025-09-22,2025-09-27,Standard Double,5,13500,67500,Direct,completed
B00007074,G002809,R0038,A0022,2024-10-28,2024-11-04,2024-11-18,Standard King,14,21200,296800,OTA,cancelled
B00007075,G002130,R0020,A0007,2025-10-10,2025-12-21,2025-12-31,Standard King,10,19000,190000,OTA,cancelled
B00007076,G002296,R0013,A0027,2024-04-26,2024-05-15,2024-05-24,Standard King,9,16000,144000,Direct,completed
B00007077,G002285,R0012,A0032,2024-07-31,2024-08-10,2024-08-23,Standard King,13,22600,293800,Direct,completed
B00007078,G002657,R0031,A0025,2025-09-13,2025-11-06,2025-11-12,Ocean Suite,6,46500,279000,Direct,confirmed
B00007079,G001397,R0040,A0024,2025-11-14,2026-02-01,2026-02-13,Standard Double,12,17400,208800,Direct,completed
B00007080,G000534,R0006,A0052,2024-02-28,2024-04-05,2024-04-12,Standard King,7,17900,125300,Direct,completed
B00007081,G002325,R0026,A0040,2024-08-24,2024-10-02,2024-10-14,Standard Double,12,15000,180000,Direct,completed
B00007082,G001270,R0012,A0049,2025-07-22,2025-10-14,2025-10-21,Standard King,7,21200,148400,Direct,completed
B00007083,G000437,R0001,A0042,2025-03-16,2025-03-19,2025-03-27,Standard Double,8,15600,124800,Direct,completed
B00007084,G000001,R0035,A0020,2025-02-18,2025-06-01,2025-06-11,Standard Double,10,13900,139000,Travel Agent,completed
B00007085,G001549,R0012,A0049,2024-11-09,2024-11-29,2024-12-07,Standard King,8,15800,126400,Direct,completed
B00007086,G001342,R0006,A0026,2024-08-02,2024-09-16,2024-09-21,Standard King,5,17500,87500,OTA,cancelled
B00007087,G001991,R0001,A0021,2024-03-05,2024-06-27,2024-07-06,Standard King,9,20300,182700,OTA,completed
B00007088,G002960,R0012,A0040,2024-06-01,2024-06-28,2024-07-06,Standard King,8,22400,179200,Direct,completed
B00007089,G001226,R0021,A0051,2024-10-28,2025-01-25,2025-01-29,Standard King,4,15300,61200,Travel Agent,completed
B00007090,G001568,R0010,A0044,2025-07-15,2025-09-21,2025-10-03,Presidential,12,130400,1564800,Direct,confirmed
B00007091,G002959,R0005,A0047,2024-08-12,2024-10-06,2024-10-07,Standard Double,1,19800,19800,Direct,cancelled
B00007092,G002608,R0031,A0018,2025-11-24,2025-12-12,2025-12-25,Standard Double,13,14800,192400,Corporate,completed
B00007093,G002259,R0036,A0045,2024-08-29,2024-11-21,2024-11-26,Standard Double,5,18000,90000,Direct,completed
B00007094,G001485,R0036,A0021,2025-02-14,2025-03-31,2025-04-08,Standard Double,8,19800,158400,OTA,completed
B00007095,G000003,R0004,A0039,2025-01-20,2025-05-13,2025-05-23,Standard King,10,17500,175000,Loyalty,completed
B00007096,G000309,R0012,A0027,2024-11-20,2025-02-02,2025-02-11,Ocean Suite,9,36400,327600,Loyalty,completed
B00007097,G000169,R0025,A0036,2024-07-17,2024-10-06,2024-10-13,Villa,7,56000,392000,OTA,confirmed
B00007098,G002489,R0019,A0012,2024-02-26,2024-02-29,2024-03-01,Presidential,1,117200,117200,OTA,completed
B00007099,G001775,R0011,A0058,2025-05-30,2025-06-03,2025-06-12,Ocean Suite,9,37800,340200,Loyalty,completed
B00007100,G000776,R0015,A0025,2024-04-28,2024-05-31,2024-06-06,Standard King,6,19000,114000,Loyalty,completed
B00007101,G002383,R0007,A0055,2025-10-30,2025-12-20,2025-12-28,Standard King,8,19700,157600,Direct,completed
B00007102,G002616,R0011,A0050,2024-04-28,2024-08-06,2024-08-07,Standard King,1,22200,22200,Loyalty,confirmed
B00007103,G001744,R0024,A0034,2024-07-27,2024-09-16,2024-09-20,Ocean Suite,4,39200,156800,OTA,completed
B00007104,G001392,R0037,A0050,2024-07-05,2024-08-27,2024-09-03,Presidential,7,152900,1070300,OTA,completed
B00007105,G000044,R0033,A0044,2024-09-20,2024-09-26,2024-10-02,Standard King,6,16600,99600,Direct,completed
B00007106,G002650,R0024,A0014,2025-06-26,2025-08-03,2025-08-17,Standard Double,14,18800,263200,Direct,completed
B00007107,G002676,R0040,A0025,2024-02-28,2024-04-28,2024-04-30,Standard King,2,22700,45400,OTA,confirmed
B00007108,G001465,R0039,A0051,2025-12-07,2026-04-02,2026-04-13,Standard King,11,17300,190300,Direct,cancelled
B00007109,G002301,R0030,A0051,2025-04-28,2025-07-20,2025-07-24,Standard Double,4,17700,70800,Direct,confirmed
B00007110,G001958,R0028,A0009,2025-03-26,2025-04-14,2025-04-25,Standard Double,11,13200,145200,Direct,completed
B00007111,G001775,R0005,A0011,2025-05-11,2025-06-09,2025-06-16,Standard King,7,19500,136500,Direct,completed
B00007112,G001746,R0001,A0001,2025-06-01,2025-07-03,2025-07-14,Standard King,11,16600,182600,Loyalty,completed
B00007113,G002167,R0001,A0057,2025-03-12,2025-03-27,2025-03-30,Standard King,3,20200,60600,OTA,completed
B00007114,G002849,R0016,A0015,2025-01-09,2025-02-04,2025-02-11,Standard Double,7,15400,107800,Direct,completed
B00007115,G001292,R0035,A0028,2025-05-18,2025-06-05,2025-06-09,Standard Double,4,18900,75600,Direct,confirmed
B00007116,G000393,R0039,A0048,2025-07-30,2025-10-28,2025-11-05,Standard King,8,22700,181600,OTA,completed
B00007117,G002419,R0028,A0015,2024-02-14,2024-03-31,2024-04-12,Standard Double,12,13800,165600,OTA,cancelled
B00007118,G001902,R0009,A0002,2024-12-23,2025-02-18,2025-02-26,Villa,8,62600,500800,Direct,completed
B00007119,G002183,R0006,A0051,2025-07-17,2025-08-22,2025-08-25,Ocean Suite,3,34400,103200,OTA,completed
B00007120,G002721,R0024,A0019,2024-07-26,2024-10-01,2024-10-03,Standard King,2,21800,43600,Travel Agent,completed
B00007121,G001270,R0012,A0056,2024-04-08,2024-07-08,2024-07-11,Standard Double,3,18300,54900,Direct,completed
B00007122,G000515,R0005,A0013,2025-02-03,2025-03-10,2025-03-15,Standard Double,5,19900,99500,OTA,completed
B00007123,G002876,R0027,A0041,2025-01-03,2025-01-31,2025-02-02,Standard King,2,21200,42400,Travel Agent,completed
B00007124,G002064,R0023,A0020,2025-10-25,2026-01-19,2026-01-30,Standard King,11,20900,229900,Direct,confirmed
B00007125,G001904,R0034,A0044,2025-03-26,2025-06-04,2025-06-18,Standard Double,14,14500,203000,Direct,completed
B00007126,G000943,R0038,A0030,2024-08-11,2024-10-31,2024-11-09,Ocean Suite,9,35000,315000,Corporate,completed
B00007127,G000335,R0014,A0023,2024-03-23,2024-05-06,2024-05-12,Ocean Suite,6,34100,204600,OTA,completed
B00007128,G002350,R0002,A0059,2024-05-25,2024-06-15,2024-06-22,Villa,7,62300,436100,Loyalty,completed
B00007129,G002441,R0018,A0019,2024-07-14,2024-08-07,2024-08-16,Standard Double,9,15300,137700,OTA,completed
B00007130,G002299,R0031,A0047,2024-11-18,2025-02-09,2025-02-11,Presidential,2,150700,301400,Direct,confirmed
B00007131,G000251,R0018,A0027,2024-01-14,2024-04-30,2024-05-06,Standard Double,6,13500,81000,Direct,confirmed
B00007132,G002075,R0033,A0025,2025-08-16,2025-10-07,2025-10-13,Standard Double,6,17800,106800,OTA,completed
B00007133,G000005,R0026,A0015,2025-07-11,2025-07-27,2025-07-30,Ocean Suite,3,41600,124800,OTA,completed
B00007134,G002574,R0010,A0052,2025-01-24,2025-02-21,2025-03-01,Villa,8,64100,512800,OTA,completed
B00007135,G002033,R0002,A0042,2024-02-11,2024-04-17,2024-04-23,Ocean Suite,6,37700,226200,Loyalty,completed
B00007136,G002614,R0009,A0032,2025-03-27,2025-06-10,2025-06-19,Ocean Suite,9,43600,392400,Direct,completed
B00007137,G002996,R0031,A0036,2024-05-26,2024-09-03,2024-09-12,Standard King,9,19300,173700,OTA,confirmed
B00007138,G000430,R0013,A0011,2024-10-03,2024-10-18,2024-10-27,Ocean Suite,9,41500,373500,Direct,confirmed
B00007139,G000092,R0019,A0053,2024-09-07,2024-11-26,2024-12-10,Standard Double,14,14100,197400,Loyalty,completed
B00007140,G000075,R0035,A0003,2025-04-12,2025-04-29,2025-05-12,Villa,13,75400,980200,OTA,completed
B00007141,G001774,R0036,A0022,2024-09-19,2024-12-05,2024-12-08,Standard King,3,22800,68400,Direct,completed
B00007142,G001775,R0036,A0054,2024-04-11,2024-04-30,2024-05-08,Standard King,8,17400,139200,Travel Agent,completed
B00007143,G000338,R0029,A0032,2025-11-22,2025-12-22,2025-12-28,Standard King,6,19900,119400,OTA,completed
B00007144,G001597,R0026,A0039,2024-06-03,2024-08-15,2024-08-18,Villa,3,51200,153600,OTA,cancelled
B00007145,G001454,R0028,A0059,2025-02-06,2025-02-17,2025-02-19,Standard Double,2,19100,38200,Travel Agent,completed
B00007146,G001481,R0008,A0055,2025-01-02,2025-01-28,2025-02-07,Standard King,10,16400,164000,OTA,confirmed
B00007147,G000115,R0021,A0048,2025-10-23,2025-12-23,2025-12-24,Ocean Suite,1,40700,40700,Travel Agent,confirmed
B00007148,G001598,R0034,A0027,2024-03-21,2024-03-22,2024-04-01,Standard King,10,21500,215000,OTA,completed
B00007149,G001260,R0001,A0020,2024-06-19,2024-07-01,2024-07-10,Standard King,9,16300,146700,Direct,completed
B00007150,G001543,R0015,A0014,2024-12-06,2025-01-30,2025-02-04,Standard King,5,20300,101500,Travel Agent,completed
B00007151,G001002,R0023,A0011,2024-10-31,2025-02-02,2025-02-14,Standard Double,12,14500,174000,Travel Agent,confirmed
B00007152,G002704,R0003,A0049,2025-04-09,2025-04-28,2025-05-07,Standard King,9,15300,137700,OTA,completed
B00007153,G002244,R0008,A0057,2024-01-07,2024-05-04,2024-05-15,Ocean Suite,11,31100,342100,Direct,confirmed
B00007154,G000061,R0019,A0021,2024-11-14,2024-11-29,2024-12-01,Standard Double,2,16500,33000,Direct,completed
B00007155,G002305,R0001,A0011,2025-07-24,2025-10-14,2025-10-15,Presidential,1,144400,144400,Direct,confirmed
B00007156,G001479,R0009,A0033,2025-10-21,2026-01-20,2026-02-03,Ocean Suite,14,36300,508200,OTA,completed
B00007157,G000346,R0027,A0060,2025-06-29,2025-10-27,2025-11-05,Standard King,9,20800,187200,Corporate,completed
B00007158,G000564,R0010,A0007,2024-05-18,2024-06-01,2024-06-15,Standard King,14,18900,264600,Direct,completed
B00007159,G001075,R0028,A0033,2025-05-11,2025-09-01,2025-09-09,Standard King,8,19200,153600,OTA,completed
B00007160,G002430,R0001,A0025,2025-05-08,2025-06-29,2025-07-12,Standard Double,13,18200,236600,OTA,completed
B00007161,G000788,R0007,A0011,2024-10-01,2025-01-27,2025-02-05,Standard Double,9,18900,170100,Direct,completed
B00007162,G000353,R0034,A0041,2025-04-23,2025-07-27,2025-08-09,Standard Double,13,12700,165100,Travel Agent,completed
B00007163,G000249,R0008,A0015,2024-07-25,2024-07-29,2024-08-10,Standard King,12,18400,220800,Direct,completed
B00007164,G000546,R0017,A0031,2025-11-21,2025-11-25,2025-12-06,Standard Double,11,17100,188100,OTA,completed
B00007165,G001389,R0015,A0004,2025-04-23,2025-07-18,2025-07-20,Presidential,2,150400,300800,OTA,completed
B00007166,G000332,R0009,A0024,2024-08-01,2024-11-16,2024-11-20,Standard Double,4,20000,80000,Direct,completed
B00007167,G001942,R0033,A0022,2024-07-21,2024-08-06,2024-08-09,Standard Double,3,14300,42900,Corporate,completed
B00007168,G001360,R0028,A0026,2024-01-22,2024-05-08,2024-05-18,Villa,10,75900,759000,Direct,confirmed
B00007169,G002003,R0005,A0031,2024-05-14,2024-08-08,2024-08-11,Standard King,3,23500,70500,Direct,confirmed
B00007170,G000770,R0001,A0056,2025-09-17,2026-01-05,2026-01-13,Standard King,8,16600,132800,Corporate,confirmed
B00007171,G001735,R0019,A0060,2025-11-01,2026-01-14,2026-01-25,Standard King,11,21600,237600,Direct,completed
B00007172,G002068,R0001,A0012,2024-09-04,2024-10-10,2024-10-20,Standard Double,10,12700,127000,OTA,cancelled
B00007173,G000305,R0026,A0033,2024-06-26,2024-08-06,2024-08-18,Standard Double,12,16300,195600,Corporate,completed
B00007174,G002616,R0028,A0053,2024-04-10,2024-04-28,2024-05-01,Standard Double,3,13000,39000,OTA,completed
B00007175,G001215,R0018,A0006,2024-12-10,2025-03-16,2025-03-30,Standard Double,14,14400,201600,Direct,completed
B00007176,G000821,R0013,A0015,2024-01-23,2024-03-20,2024-03-28,Presidential,8,129900,1039200,OTA,completed
B00007177,G000062,R0010,A0013,2024-12-28,2025-04-13,2025-04-19,Standard Double,6,17900,107400,Direct,completed
B00007178,G002697,R0005,A0004,2025-02-26,2025-02-28,2025-03-13,Presidential,13,109100,1418300,Direct,completed
B00007179,G001832,R0023,A0044,2025-08-10,2025-08-24,2025-09-06,Standard King,13,21000,273000,Direct,completed
B00007180,G000033,R0003,A0032,2025-08-07,2025-11-10,2025-11-19,Standard Double,9,18700,168300,OTA,completed
B00007181,G002062,R0024,A0045,2025-01-04,2025-02-14,2025-02-26,Villa,12,76700,920400,Corporate,completed
B00007182,G000499,R0018,A0036,2025-10-09,2026-01-13,2026-01-20,Presidential,7,142200,995400,Direct,completed
B00007183,G001753,R0038,A0060,2024-07-02,2024-08-30,2024-09-09,Villa,10,59100,591000,Travel Agent,completed
B00007184,G000046,R0029,A0005,2024-05-26,2024-07-26,2024-08-07,Standard King,12,20800,249600,Travel Agent,completed
B00007185,G001058,R0031,A0042,2024-10-24,2025-01-11,2025-01-16,Standard King,5,22600,113000,OTA,completed
B00007186,G000232,R0002,A0053,2025-12-22,2025-12-25,2025-12-27,Ocean Suite,2,42700,85400,Loyalty,cancelled
B00007187,G000585,R0012,A0003,2025-12-16,2026-02-23,2026-03-09,Standard King,14,18500,259000,Direct,completed
B00007188,G000281,R0022,A0018,2024-08-12,2024-08-21,2024-08-28,Standard King,7,23900,167300,OTA,completed
B00007189,G000556,R0014,A0057,2025-05-09,2025-05-20,2025-06-01,Standard King,12,15500,186000,Direct,cancelled
B00007190,G002533,R0008,A0009,2025-02-14,2025-06-01,2025-06-05,Standard King,4,15900,63600,OTA,completed
B00007191,G002045,R0009,A0027,2025-07-25,2025-08-11,2025-08-25,Standard King,14,18400,257600,OTA,confirmed
B00007192,G002702,R0026,A0008,2025-01-01,2025-03-09,2025-03-16,Standard King,7,20900,146300,Direct,confirmed
B00007193,G000799,R0006,A0043,2025-04-08,2025-08-02,2025-08-12,Standard Double,10,16800,168000,Travel Agent,confirmed
B00007194,G001463,R0038,A0050,2025-09-05,2025-11-06,2025-11-10,Standard Double,4,15900,63600,Direct,completed
B00007195,G002328,R0025,A0013,2024-03-25,2024-04-03,2024-04-11,Standard Double,8,17500,140000,Direct,completed
B00007196,G001582,R0024,A0033,2024-06-16,2024-08-08,2024-08-12,Standard Double,4,16600,66400,OTA,completed
B00007197,G001944,R0030,A0016,2025-04-06,2025-07-16,2025-07-21,Standard King,5,21000,105000,OTA,completed
B00007198,G002341,R0031,A0033,2024-09-17,2024-09-25,2024-10-02,Standard King,7,20400,142800,Direct,completed
B00007199,G000786,R0036,A0029,2024-07-31,2024-09-06,2024-09-18,Standard Double,12,13900,166800,Travel Agent,completed
B00007200,G002992,R0015,A0007,2025-10-05,2025-10-30,2025-10-31,Villa,1,78200,78200,Direct,completed
B00007201,G000083,R0013,A0022,2024-10-31,2025-01-17,2025-01-23,Standard King,6,21100,126600,Direct,confirmed
B00007202,G000819,R0011,A0001,2025-03-05,2025-05-25,2025-06-06,Standard King,12,18700,224400,Direct,completed
B00007203,G002231,R0012,A0019,2024-03-25,2024-04-14,2024-04-15,Standard King,1,20700,20700,Direct,completed
B00007204,G002362,R0011,A0033,2025-12-27,2026-03-03,2026-03-05,Standard King,2,18400,36800,Corporate,completed
B00007205,G001216,R0030,A0039,2024-04-30,2024-05-07,2024-05-20,Standard Double,13,14100,183300,OTA,confirmed
B00007206,G002297,R0035,A0032,2024-05-24,2024-06-13,2024-06-27,Standard King,14,18200,254800,Direct,confirmed
B00007207,G001283,R0025,A0031,2024-02-03,2024-05-02,2024-05-13,Villa,11,78600,864600,Direct,completed
B00007208,G001961,R0017,A0004,2025-02-19,2025-04-14,2025-04-19,Standard King,5,16300,81500,Corporate,completed
B00007209,G000606,R0009,A0010,2024-02-07,2024-05-31,2024-06-12,Standard King,12,20100,241200,Travel Agent,completed
B00007210,G001259,R0005,A0033,2025-01-24,2025-05-02,2025-05-04,Standard King,2,17400,34800,Direct,completed
B00007211,G000139,R0019,A0048,2025-02-25,2025-06-11,2025-06-24,Standard Double,13,14900,193700,Direct,confirmed
B00007212,G001733,R0014,A0007,2025-04-08,2025-06-16,2025-06-30,Standard Double,14,12900,180600,Direct,confirmed
B00007213,G002836,R0039,A0029,2025-01-07,2025-02-10,2025-02-13,Standard King,3,19300,57900,Direct,completed
B00007214,G000705,R0022,A0048,2025-06-07,2025-07-10,2025-07-16,Standard King,6,16100,96600,OTA,completed
B00007215,G002758,R0007,A0045,2024-07-12,2024-09-28,2024-10-07,Ocean Suite,9,39900,359100,Corporate,completed
B00007216,G000408,R0018,A0041,2024-12-20,2025-04-18,2025-04-28,Standard King,10,20000,200000,Direct,completed
B00007217,G001110,R0037,A0027,2025-10-21,2025-12-07,2025-12-11,Standard King,4,19300,77200,Travel Agent,no_show
B00007218,G000780,R0015,A0015,2024-11-01,2024-11-28,2024-12-11,Standard King,13,16400,213200,Travel Agent,completed
B00007219,G002187,R0018,A0060,2025-02-13,2025-05-19,2025-05-31,Standard King,12,22400,268800,Direct,completed
B00007220,G000584,R0010,A0042,2024-01-09,2024-04-13,2024-04-18,Standard Double,5,14000,70000,OTA,completed
B00007221,G000553,R0036,A0025,2024-04-30,2024-05-31,2024-06-11,Standard King,11,20000,220000,Direct,cancelled
B00007222,G002275,R0004,A0037,2025-07-01,2025-08-21,2025-09-04,Standard Double,14,16600,232400,Loyalty,completed
B00007223,G000648,R0019,A0042,2024-12-07,2024-12-23,2024-12-27,Standard Double,4,20000,80000,Direct,completed
B00007224,G000692,R0040,A0017,2025-02-14,2025-03-06,2025-03-18,Standard King,12,20900,250800,OTA,confirmed
B00007225,G000112,R0024,A0011,2024-12-31,2025-03-09,2025-03-22,Standard King,13,21800,283400,Travel Agent,completed
B00007226,G002139,R0018,A0032,2025-07-22,2025-11-17,2025-11-22,Standard King,5,15400,77000,Travel Agent,confirmed
B00007227,G000787,R0013,A0021,2024-12-01,2024-12-26,2024-12-29,Standard King,3,24000,72000,Travel Agent,completed
B00007228,G002244,R0039,A0030,2025-01-29,2025-04-21,2025-04-23,Standard King,2,22100,44200,Direct,completed
B00007229,G001127,R0009,A0053,2025-02-15,2025-05-18,2025-05-30,Standard Double,12,15100,181200,OTA,confirmed
B00007230,G000613,R0032,A0043,2024-04-28,2024-08-11,2024-08-13,Standard Double,2,17900,35800,Travel Agent,cancelled
B00007231,G000165,R0029,A0028,2024-01-03,2024-04-29,2024-04-30,Standard Double,1,13100,13100,OTA,confirmed
B00007232,G001622,R0027,A0025,2024-05-16,2024-07-06,2024-07-07,Standard Double,1,17300,17300,OTA,completed
B00007233,G002577,R0014,A0022,2024-12-02,2025-02-12,2025-02-17,Standard Double,5,19800,99000,OTA,completed
B00007234,G000342,R0017,A0032,2024-12-25,2025-03-12,2025-03-15,Standard Double,3,13700,41100,Direct,confirmed
B00007235,G001037,R0002,A0052,2024-07-29,2024-08-17,2024-08-31,Villa,14,77800,1089200,Direct,completed
B00007236,G002055,R0038,A0056,2025-06-30,2025-09-19,2025-10-03,Standard Double,14,15900,222600,Corporate,completed
B00007237,G002874,R0031,A0007,2025-04-18,2025-05-30,2025-06-11,Standard King,12,19300,231600,Corporate,completed
B00007238,G001325,R0001,A0053,2024-07-08,2024-09-22,2024-09-28,Standard Double,6,19900,119400,Direct,completed
B00007239,G001559,R0018,A0030,2024-03-17,2024-06-28,2024-07-04,Standard King,6,15300,91800,Loyalty,completed
B00007240,G002784,R0008,A0035,2024-06-26,2024-08-02,2024-08-08,Standard King,6,20200,121200,Direct,completed
B00007241,G000051,R0015,A0037,2025-02-09,2025-04-23,2025-04-29,Ocean Suite,6,35000,210000,Direct,completed
B00007242,G000514,R0021,A0005,2025-07-17,2025-08-15,2025-08-19,Standard Double,4,12800,51200,OTA,confirmed
B00007243,G001893,R0011,A0057,2025-08-02,2025-11-01,2025-11-05,Standard King,4,18800,75200,Travel Agent,confirmed
B00007244,G002767,R0018,A0031,2025-07-27,2025-11-13,2025-11-26,Ocean Suite,13,45500,591500,Loyalty,completed
B00007245,G002054,R0010,A0047,2024-01-06,2024-04-07,2024-04-19,Ocean Suite,12,43800,525600,Direct,completed
B00007246,G001626,R0006,A0029,2025-09-13,2025-10-10,2025-10-12,Standard King,2,16600,33200,OTA,completed
B00007247,G000691,R0014,A0031,2025-08-19,2025-10-16,2025-10-21,Standard Double,5,17200,86000,OTA,completed
B00007248,G000544,R0038,A0020,2024-02-06,2024-03-12,2024-03-23,Ocean Suite,11,36900,405900,Direct,confirmed
B00007249,G001142,R0021,A0008,2024-09-28,2025-01-24,2025-02-05,Ocean Suite,12,41900,502800,OTA,completed
B00007250,G000885,R0029,A0049,2025-08-07,2025-10-08,2025-10-17,Ocean Suite,9,34300,308700,Corporate,completed
B00007251,G001812,R0040,A0057,2024-02-19,2024-03-01,2024-03-05,Standard Double,4,15500,62000,Direct,completed
B00007252,G002351,R0029,A0011,2025-04-30,2025-06-08,2025-06-10,Standard King,2,22200,44400,OTA,cancelled
B00007253,G002400,R0014,A0003,2025-10-13,2025-12-11,2025-12-22,Standard King,11,16100,177100,Direct,completed
B00007254,G000792,R0009,A0053,2025-04-07,2025-05-10,2025-05-22,Standard King,12,22500,270000,Travel Agent,completed
B00007255,G001743,R0002,A0025,2024-05-26,2024-08-13,2024-08-18,Standard King,5,20400,102000,Travel Agent,confirmed
B00007256,G002700,R0028,A0011,2025-09-29,2025-10-05,2025-10-13,Standard King,8,23400,187200,Direct,completed
B00007257,G001023,R0026,A0022,2025-11-21,2026-02-04,2026-02-08,Standard King,4,20700,82800,Direct,completed
B00007258,G001475,R0028,A0056,2025-03-19,2025-05-02,2025-05-12,Ocean Suite,10,39200,392000,Direct,confirmed
B00007259,G002552,R0004,A0035,2024-10-28,2024-12-13,2024-12-20,Standard King,7,16600,116200,Direct,completed
B00007260,G000365,R0031,A0004,2025-10-14,2025-11-12,2025-11-25,Standard Double,13,18800,244400,Direct,completed
B00007261,G002487,R0011,A0050,2025-04-01,2025-06-07,2025-06-10,Standard Double,3,16200,48600,OTA,completed
B00007262,G000519,R0025,A0036,2024-03-05,2024-04-04,2024-04-08,Standard Double,4,13400,53600,OTA,completed
B00007263,G001518,R0013,A0020,2025-05-07,2025-08-23,2025-09-06,Standard King,14,24100,337400,Corporate,completed
B00007264,G001946,R0031,A0019,2025-09-29,2025-12-24,2026-01-04,Ocean Suite,11,44900,493900,Direct,confirmed
B00007265,G001945,R0010,A0041,2025-03-02,2025-03-16,2025-03-27,Standard King,11,15300,168300,Direct,completed
B00007266,G000629,R0016,A0035,2025-07-24,2025-10-25,2025-11-03,Standard King,9,20400,183600,OTA,completed
B00007267,G001290,R0007,A0050,2025-07-14,2025-10-20,2025-10-28,Standard Double,8,18600,148800,Direct,completed
B00007268,G002690,R0030,A0053,2025-09-01,2025-12-04,2025-12-07,Villa,3,72200,216600,Travel Agent,completed
B00007269,G002462,R0001,A0022,2024-02-23,2024-04-02,2024-04-09,Standard Double,7,18200,127400,Corporate,confirmed
B00007270,G001085,R0013,A0056,2025-05-20,2025-09-02,2025-09-07,Villa,5,76700,383500,OTA,confirmed
B00007271,G001212,R0028,A0010,2024-11-27,2025-03-25,2025-04-08,Standard Double,14,13200,184800,Direct,completed
B00007272,G000142,R0012,A0029,2024-08-29,2024-12-06,2024-12-16,Standard King,10,18500,185000,Loyalty,completed
B00007273,G000611,R0027,A0009,2025-09-28,2025-11-23,2025-12-01,Standard Double,8,13100,104800,Direct,confirmed
B00007274,G001078,R0022,A0024,2025-08-11,2025-08-17,2025-08-22,Presidential,5,144900,724500,Travel Agent,completed
B00007275,G002541,R0005,A0013,2025-02-02,2025-04-07,2025-04-15,Standard King,8,17600,140800,Corporate,completed
B00007276,G001790,R0001,A0005,2024-11-01,2024-12-13,2024-12-16,Presidential,3,146600,439800,Direct,completed
B00007277,G001577,R0015,A0047,2025-08-23,2025-10-01,2025-10-08,Standard King,7,20400,142800,Direct,completed
B00007278,G001879,R0027,A0056,2025-01-17,2025-02-04,2025-02-05,Standard King,1,18000,18000,Travel Agent,completed
B00007279,G000657,R0039,A0037,2025-02-16,2025-03-26,2025-03-31,Standard King,5,20900,104500,Direct,no_show
B00007280,G000120,R0010,A0019,2025-11-14,2025-12-12,2025-12-13,Standard King,1,21200,21200,Direct,completed
B00007281,G002049,R0029,A0028,2024-11-16,2025-03-12,2025-03-14,Standard Double,2,18900,37800,Direct,completed
B00007282,G000654,R0039,A0036,2025-10-20,2026-01-02,2026-01-15,Standard Double,13,14500,188500,Direct,completed
B00007283,G000019,R0040,A0029,2025-06-01,2025-07-27,2025-07-31,Standard King,4,18500,74000,Travel Agent,completed
B00007284,G001158,R0032,A0046,2024-09-10,2024-10-30,2024-11-02,Standard Double,3,19300,57900,Loyalty,confirmed
B00007285,G001235,R0016,A0002,2025-06-10,2025-08-03,2025-08-17,Standard Double,14,16700,233800,Corporate,completed
B00007286,G001222,R0007,A0050,2025-08-18,2025-12-14,2025-12-26,Standard Double,12,14500,174000,Direct,completed
B00007287,G001739,R0027,A0051,2025-10-24,2025-12-21,2025-12-23,Standard Double,2,14800,29600,Travel Agent,cancelled
B00007288,G002181,R0009,A0020,2024-05-15,2024-08-03,2024-08-14,Standard King,11,20400,224400,Loyalty,completed
B00007289,G000527,R0005,A0021,2024-07-31,2024-11-23,2024-12-05,Standard King,12,19700,236400,Direct,cancelled
B00007290,G000051,R0019,A0050,2024-12-09,2025-02-13,2025-02-16,Standard Double,3,17300,51900,Direct,completed
B00007291,G000067,R0016,A0033,2024-10-30,2024-11-03,2024-11-04,Standard King,1,18500,18500,Corporate,cancelled
B00007292,G002061,R0012,A0027,2025-07-14,2025-09-18,2025-09-22,Standard King,4,21600,86400,OTA,completed
B00007293,G001940,R0026,A0054,2025-01-05,2025-02-16,2025-02-17,Ocean Suite,1,37400,37400,Loyalty,completed
B00007294,G000954,R0008,A0015,2025-09-19,2025-09-21,2025-09-22,Standard Double,1,16000,16000,Loyalty,completed
B00007295,G002640,R0027,A0060,2025-07-03,2025-07-31,2025-08-06,Standard Double,6,16300,97800,OTA,completed
B00007296,G001792,R0036,A0045,2024-09-14,2024-12-06,2024-12-07,Standard Double,1,20000,20000,OTA,completed
B00007297,G000366,R0001,A0026,2024-06-30,2024-10-19,2024-11-01,Ocean Suite,13,41700,542100,Direct,completed
B00007298,G002216,R0019,A0033,2024-11-22,2024-12-04,2024-12-09,Standard King,5,19600,98000,OTA,completed
B00007299,G000343,R0030,A0029,2024-05-02,2024-07-06,2024-07-15,Villa,9,70300,632700,Corporate,no_show
B00007300,G000564,R0016,A0011,2024-01-09,2024-03-01,2024-03-12,Standard King,11,20400,224400,Travel Agent,completed
B00007301,G000093,R0019,A0054,2024-06-09,2024-06-15,2024-06-25,Standard King,10,21500,215000,Travel Agent,completed
B00007302,G002816,R0027,A0013,2025-12-02,2026-01-19,2026-01-25,Villa,6,75800,454800,Loyalty,cancelled
B00007303,G002442,R0012,A0060,2025-12-26,2026-02-05,2026-02-10,Standard King,5,21200,106000,Loyalty,confirmed
B00007304,G002848,R0008,A0052,2025-02-09,2025-04-25,2025-05-09,Standard Double,14,19900,278600,Corporate,completed
B00007305,G002097,R0018,A0013,2025-02-08,2025-05-18,2025-05-24,Standard King,6,22900,137400,Direct,completed
B00007306,G000186,R0003,A0056,2025-09-29,2025-09-30,2025-10-14,Presidential,14,135700,1899800,Direct,completed
B00007307,G001696,R0021,A0058,2024-12-17,2025-02-08,2025-02-15,Standard Double,7,14200,99400,Travel Agent,completed
B00007308,G001604,R0014,A0007,2025-04-04,2025-05-28,2025-06-07,Standard Double,10,15100,151000,Direct,completed
B00007309,G002861,R0026,A0002,2025-02-08,2025-03-04,2025-03-10,Ocean Suite,6,46900,281400,Direct,completed
B00007310,G001247,R0019,A0023,2025-03-19,2025-06-05,2025-06-12,Standard Double,7,15900,111300,Loyalty,completed
B00007311,G002324,R0040,A0044,2025-01-07,2025-03-29,2025-04-12,Standard Double,14,13900,194600,OTA,completed
B00007312,G002346,R0027,A0018,2025-02-06,2025-04-30,2025-05-03,Villa,3,74300,222900,OTA,completed
B00007313,G000895,R0006,A0060,2024-08-21,2024-11-09,2024-11-18,Standard Double,9,16300,146700,Corporate,no_show
B00007314,G000254,R0036,A0020,2025-02-11,2025-05-09,2025-05-11,Villa,2,65400,130800,Direct,completed
B00007315,G001584,R0035,A0013,2024-01-15,2024-01-20,2024-01-27,Ocean Suite,7,31700,221900,OTA,confirmed
B00007316,G001912,R0016,A0042,2025-01-11,2025-04-18,2025-04-29,Standard Double,11,15900,174900,Loyalty,confirmed
B00007317,G000688,R0038,A0036,2025-11-04,2026-02-19,2026-02-20,Standard Double,1,14100,14100,Direct,completed
B00007318,G002790,R0011,A0001,2025-04-03,2025-04-14,2025-04-17,Standard King,3,24200,72600,Loyalty,completed
B00007319,G002140,R0029,A0002,2024-08-27,2024-11-10,2024-11-18,Presidential,8,108600,868800,Travel Agent,confirmed
B00007320,G002588,R0013,A0020,2024-02-06,2024-05-05,2024-05-14,Ocean Suite,9,39600,356400,Loyalty,completed
B00007321,G000580,R0024,A0023,2024-06-05,2024-09-10,2024-09-16,Ocean Suite,6,37300,223800,Travel Agent,confirmed
B00007322,G001169,R0039,A0007,2024-06-09,2024-09-29,2024-10-02,Standard King,3,17800,53400,Loyalty,confirmed
B00007323,G001827,R0017,A0008,2025-09-26,2026-01-10,2026-01-14,Ocean Suite,4,45800,183200,Travel Agent,completed
B00007324,G000567,R0008,A0033,2025-02-21,2025-03-08,2025-03-18,Standard Double,10,17200,172000,Loyalty,completed
B00007325,G000312,R0034,A0030,2024-01-12,2024-03-05,2024-03-15,Standard King,10,22700,227000,Direct,confirmed
B00007326,G001609,R0040,A0051,2024-08-31,2024-09-10,2024-09-18,Standard Double,8,17900,143200,OTA,completed
B00007327,G000979,R0027,A0033,2024-09-15,2024-10-06,2024-10-10,Ocean Suite,4,43200,172800,Corporate,confirmed
B00007328,G002750,R0033,A0032,2024-11-04,2025-02-07,2025-02-17,Standard Double,10,17600,176000,Corporate,cancelled
B00007329,G001130,R0026,A0033,2024-01-07,2024-04-19,2024-05-03,Standard Double,14,13600,190400,Loyalty,completed
B00007330,G002175,R0016,A0008,2025-05-08,2025-07-20,2025-07-29,Standard Double,9,19000,171000,Direct,confirmed
B00007331,G000134,R0012,A0005,2025-03-10,2025-03-31,2025-04-07,Standard King,7,23000,161000,OTA,completed
B00007332,G002762,R0002,A0010,2025-02-15,2025-05-13,2025-05-25,Standard King,12,23700,284400,Corporate,completed
B00007333,G002064,R0021,A0053,2024-02-26,2024-04-22,2024-05-02,Ocean Suite,10,33400,334000,Direct,completed
B00007334,G000823,R0037,A0052,2025-06-09,2025-07-25,2025-07-26,Villa,1,64700,64700,OTA,completed
B00007335,G000462,R0032,A0021,2024-09-24,2024-12-25,2024-12-26,Ocean Suite,1,34100,34100,Corporate,completed
B00007336,G000982,R0031,A0030,2024-08-06,2024-08-07,2024-08-14,Standard Double,7,20100,140700,OTA,confirmed
B00007337,G001239,R0006,A0026,2024-01-19,2024-02-20,2024-02-23,Villa,3,74500,223500,OTA,completed
B00007338,G001904,R0003,A0051,2024-03-12,2024-03-25,2024-04-08,Standard Double,14,17000,238000,Direct,cancelled
B00007339,G002883,R0006,A0042,2024-10-13,2024-12-23,2024-12-31,Ocean Suite,8,31300,250400,Travel Agent,confirmed
B00007340,G001997,R0029,A0024,2025-01-08,2025-02-02,2025-02-04,Ocean Suite,2,40900,81800,Loyalty,completed
B00007341,G002063,R0026,A0022,2024-07-11,2024-09-17,2024-09-23,Villa,6,64400,386400,OTA,completed
B00007342,G002562,R0022,A0033,2025-01-11,2025-04-25,2025-05-01,Standard King,6,16500,99000,Travel Agent,confirmed
B00007343,G001152,R0038,A0014,2025-02-17,2025-04-16,2025-04-21,Standard Double,5,14700,73500,OTA,completed
B00007344,G000999,R0025,A0043,2025-01-31,2025-05-30,2025-06-06,Standard King,7,18500,129500,Travel Agent,completed
B00007345,G000263,R0008,A0047,2024-07-10,2024-11-03,2024-11-11,Villa,8,53000,424000,Direct,cancelled
B00007346,G001531,R0029,A0033,2024-11-28,2025-01-22,2025-01-29,Standard King,7,16700,116900,Direct,confirmed
B00007347,G001009,R0005,A0015,2025-12-04,2025-12-27,2026-01-01,Standard King,5,16600,83000,Direct,completed
B00007348,G002767,R0024,A0050,2024-07-13,2024-09-02,2024-09-11,Standard King,9,22100,198900,Direct,completed
B00007349,G000340,R0027,A0029,2025-08-03,2025-11-03,2025-11-15,Standard King,12,23600,283200,Corporate,completed
B00007350,G001669,R0006,A0008,2024-11-19,2024-12-15,2024-12-28,Villa,13,65300,848900,OTA,completed
B00007351,G000842,R0025,A0043,2024-07-07,2024-10-06,2024-10-19,Ocean Suite,13,45200,587600,Direct,confirmed
B00007352,G001469,R0039,A0035,2024-09-17,2024-09-20,2024-09-28,Ocean Suite,8,34900,279200,Travel Agent,confirmed
B00007353,G000629,R0024,A0058,2025-09-07,2025-12-17,2025-12-21,Standard Double,4,13800,55200,Corporate,completed
B00007354,G001435,R0007,A0058,2025-03-01,2025-03-13,2025-03-16,Standard King,3,23100,69300,OTA,confirmed
B00007355,G000059,R0026,A0022,2024-09-23,2024-12-18,2024-12-25,Standard Double,7,15400,107800,OTA,completed
B00007356,G001161,R0025,A0041,2025-05-04,2025-06-13,2025-06-22,Standard King,9,20800,187200,OTA,completed
B00007357,G000818,R0028,A0011,2024-11-27,2024-12-11,2024-12-13,Standard Double,2,18600,37200,Corporate,completed
B00007358,G001401,R0036,A0020,2025-07-01,2025-07-17,2025-07-27,Ocean Suite,10,35300,353000,Corporate,completed
B00007359,G000500,R0005,A0023,2025-04-04,2025-05-30,2025-06-07,Standard Double,8,16800,134400,Direct,completed
B00007360,G000571,R0023,A0038,2024-08-15,2024-09-29,2024-10-01,Ocean Suite,2,40100,80200,Direct,completed
B00007361,G001228,R0005,A0043,2025-11-08,2025-12-25,2025-12-29,Ocean Suite,4,43700,174800,OTA,completed
B00007362,G002612,R0030,A0002,2025-08-22,2025-10-27,2025-11-10,Standard Double,14,15900,222600,Loyalty,completed
B00007363,G001561,R0022,A0047,2024-10-08,2024-10-28,2024-10-31,Standard King,3,18000,54000,OTA,completed
B00007364,G000242,R0024,A0034,2024-07-13,2024-10-15,2024-10-25,Ocean Suite,10,32000,320000,OTA,completed
B00007365,G001298,R0006,A0030,2025-05-10,2025-08-27,2025-09-05,Standard King,9,15600,140400,Direct,completed
B00007366,G001648,R0014,A0013,2024-01-30,2024-03-22,2024-03-29,Standard King,7,23500,164500,OTA,cancelled
B00007367,G000577,R0023,A0017,2024-12-25,2025-01-24,2025-02-05,Standard King,12,24200,290400,Travel Agent,completed
B00007368,G002753,R0036,A0043,2024-03-29,2024-05-24,2024-06-03,Standard King,10,23500,235000,Travel Agent,completed
B00007369,G000819,R0039,A0033,2024-02-18,2024-05-17,2024-05-23,Standard King,6,23900,143400,Direct,completed
B00007370,G001421,R0035,A0006,2025-09-06,2025-09-30,2025-10-02,Standard Double,2,15500,31000,Corporate,completed
B00007371,G001088,R0019,A0026,2024-03-28,2024-07-24,2024-07-30,Presidential,6,117100,702600,Corporate,no_show
B00007372,G002939,R0006,A0028,2024-10-20,2024-12-27,2025-01-07,Ocean Suite,11,41400,455400,Travel Agent,completed
B00007373,G002256,R0029,A0020,2025-04-06,2025-04-19,2025-04-26,Standard King,7,18400,128800,OTA,completed
B00007374,G000480,R0014,A0016,2025-03-08,2025-04-14,2025-04-15,Ocean Suite,1,44100,44100,OTA,completed
B00007375,G001492,R0029,A0026,2025-12-03,2025-12-14,2025-12-24,Standard King,10,16100,161000,Direct,completed
B00007376,G002049,R0002,A0054,2024-09-22,2024-11-23,2024-11-24,Villa,1,68000,68000,OTA,confirmed
B00007377,G001568,R0030,A0048,2025-09-25,2025-11-12,2025-11-22,Ocean Suite,10,43200,432000,Direct,confirmed
B00007378,G000920,R0019,A0020,2024-02-25,2024-03-21,2024-04-04,Standard Double,14,20200,282800,OTA,confirmed
B00007379,G002897,R0036,A0026,2024-11-05,2024-11-29,2024-12-02,Standard King,3,18600,55800,Loyalty,completed
B00007380,G002013,R0033,A0040,2024-11-26,2025-01-02,2025-01-15,Standard Double,13,20000,260000,Travel Agent,completed
B00007381,G001713,R0019,A0011,2025-04-14,2025-05-03,2025-05-08,Standard King,5,16100,80500,Direct,completed
B00007382,G002428,R0006,A0036,2024-06-14,2024-08-28,2024-08-29,Standard King,1,22200,22200,Direct,confirmed
B00007383,G002983,R0009,A0045,2024-12-01,2025-03-27,2025-04-08,Standard King,12,15600,187200,Corporate,cancelled
B00007384,G001594,R0017,A0056,2024-09-15,2024-12-14,2024-12-16,Standard Double,2,14600,29200,Direct,completed
B00007385,G002605,R0025,A0031,2024-06-16,2024-10-05,2024-10-17,Standard Double,12,13300,159600,Travel Agent,cancelled
B00007386,G001690,R0038,A0004,2024-09-25,2025-01-03,2025-01-14,Standard Double,11,15300,168300,Travel Agent,no_show
B00007387,G002457,R0001,A0007,2024-02-22,2024-04-29,2024-05-13,Standard King,14,20300,284200,OTA,completed
B00007388,G002785,R0029,A0006,2025-04-23,2025-07-16,2025-07-26,Ocean Suite,10,33800,338000,OTA,completed
B00007389,G002174,R0039,A0008,2024-01-12,2024-02-05,2024-02-11,Ocean Suite,6,40700,244200,Direct,completed
B00007390,G001649,R0011,A0052,2024-10-19,2025-02-07,2025-02-16,Standard King,9,21200,190800,Direct,completed
B00007391,G001218,R0028,A0044,2025-10-06,2025-11-12,2025-11-23,Ocean Suite,11,42100,463100,Direct,completed
B00007392,G001444,R0017,A0010,2025-01-24,2025-03-11,2025-03-20,Standard Double,9,13900,125100,OTA,confirmed
B00007393,G000636,R0038,A0047,2024-06-25,2024-07-05,2024-07-10,Standard King,5,18000,90000,Direct,completed
B00007394,G001111,R0016,A0006,2024-04-09,2024-07-25,2024-07-26,Standard Double,1,16600,16600,Travel Agent,completed
B00007395,G001184,R0017,A0016,2025-11-30,2026-02-25,2026-03-03,Ocean Suite,6,34900,209400,Direct,confirmed
B00007396,G000844,R0004,A0036,2025-07-06,2025-09-04,2025-09-14,Standard Double,10,12800,128000,Corporate,completed
B00007397,G001895,R0031,A0023,2025-01-01,2025-01-10,2025-01-15,Ocean Suite,5,41700,208500,Travel Agent,completed
B00007398,G001502,R0019,A0050,2025-04-01,2025-05-27,2025-05-29,Villa,2,52600,105200,Loyalty,completed
B00007399,G000356,R0020,A0055,2024-08-18,2024-12-05,2024-12-17,Presidential,12,127500,1530000,OTA,completed
B00007400,G001662,R0024,A0033,2024-10-06,2024-10-30,2024-11-07,Villa,8,70400,563200,Corporate,completed
B00007401,G001609,R0019,A0015,2025-02-19,2025-06-16,2025-06-22,Standard King,6,23500,141000,Travel Agent,completed
B00007402,G000424,R0026,A0009,2024-12-23,2025-01-10,2025-01-21,Standard Double,11,20100,221100,Direct,confirmed
B00007403,G001269,R0037,A0022,2025-01-14,2025-03-13,2025-03-25,Standard King,12,19700,236400,Direct,completed
B00007404,G000708,R0039,A0033,2025-05-17,2025-08-31,2025-09-04,Standard King,4,23000,92000,Direct,completed
B00007405,G002845,R0001,A0051,2024-06-07,2024-08-01,2024-08-14,Standard King,13,20900,271700,Corporate,confirmed
B00007406,G000330,R0020,A0041,2024-06-20,2024-07-02,2024-07-15,Standard King,13,22800,296400,Corporate,completed
B00007407,G000988,R0008,A0023,2025-08-04,2025-11-19,2025-11-20,Standard Double,1,13100,13100,Direct,completed
B00007408,G002788,R0013,A0040,2025-10-07,2026-01-17,2026-01-19,Standard King,2,21800,43600,Travel Agent,no_show
B00007409,G000193,R0008,A0032,2024-08-12,2024-09-28,2024-10-03,Standard Double,5,16300,81500,Loyalty,completed
B00007410,G000308,R0025,A0002,2024-11-22,2025-02-17,2025-02-18,Standard King,1,18000,18000,Travel Agent,cancelled
B00007411,G000553,R0014,A0058,2025-12-06,2026-03-04,2026-03-18,Standard Double,14,15000,210000,Corporate,completed
B00007412,G000849,R0013,A0009,2024-04-15,2024-05-01,2024-05-02,Standard Double,1,16500,16500,OTA,completed
B00007413,G001600,R0021,A0045,2024-07-26,2024-09-11,2024-09-21,Standard Double,10,17000,170000,Travel Agent,confirmed
B00007414,G002118,R0038,A0053,2025-07-13,2025-09-03,2025-09-08,Standard Double,5,13200,66000,Direct,completed
B00007415,G001876,R0011,A0016,2025-02-10,2025-05-20,2025-05-21,Standard King,1,20800,20800,OTA,completed
B00007416,G002192,R0001,A0018,2025-08-19,2025-08-20,2025-08-28,Ocean Suite,8,32200,257600,Corporate,confirmed
B00007417,G000872,R0025,A0036,2024-11-18,2024-11-30,2024-12-13,Standard King,13,15300,198900,Direct,confirmed
B00007418,G000785,R0020,A0020,2024-03-06,2024-03-30,2024-04-01,Ocean Suite,2,37100,74200,Travel Agent,completed
B00007419,G001619,R0002,A0057,2025-12-10,2026-03-02,2026-03-11,Ocean Suite,9,32400,291600,OTA,completed
B00007420,G000740,R0018,A0039,2025-01-29,2025-05-28,2025-05-30,Villa,2,59500,119000,OTA,completed
B00007421,G002780,R0025,A0047,2025-07-06,2025-08-03,2025-08-10,Standard King,7,23200,162400,Direct,completed
B00007422,G002733,R0035,A0012,2024-11-02,2024-12-21,2024-12-28,Standard King,7,20700,144900,Travel Agent,completed
B00007423,G000469,R0004,A0043,2024-11-21,2025-01-05,2025-01-17,Standard King,12,19700,236400,Travel Agent,completed
B00007424,G001249,R0010,A0008,2024-11-11,2025-02-14,2025-02-21,Standard King,7,17800,124600,Travel Agent,completed
B00007425,G001009,R0004,A0020,2025-06-21,2025-09-15,2025-09-17,Presidential,2,107300,214600,Direct,cancelled
B00007426,G002747,R0024,A0031,2025-04-14,2025-05-04,2025-05-05,Standard King,1,24200,24200,Corporate,completed
B00007427,G001135,R0040,A0023,2024-06-05,2024-08-09,2024-08-15,Standard King,6,16100,96600,OTA,completed
B00007428,G001058,R0011,A0036,2025-08-30,2025-10-26,2025-10-30,Standard Double,4,15800,63200,Direct,confirmed
B00007429,G002521,R0023,A0001,2025-10-24,2026-01-02,2026-01-16,Standard Double,14,19600,274400,OTA,completed
B00007430,G001325,R0005,A0037,2025-04-26,2025-05-20,2025-05-22,Ocean Suite,2,45100,90200,Corporate,confirmed
B00007431,G001657,R0032,A0044,2024-11-16,2024-12-22,2024-12-26,Standard Double,4,15200,60800,Corporate,completed
B00007432,G002653,R0025,A0022,2025-05-31,2025-08-10,2025-08-13,Standard Double,3,16500,49500,Direct,no_show
B00007433,G001456,R0035,A0033,2024-02-21,2024-06-10,2024-06-11,Standard King,1,20600,20600,Loyalty,completed
B00007434,G002186,R0009,A0059,2024-02-23,2024-05-16,2024-05-24,Ocean Suite,8,38400,307200,OTA,completed
B00007435,G002140,R0022,A0054,2025-06-23,2025-08-18,2025-08-28,Standard King,10,15500,155000,Corporate,completed
B00007436,G000978,R0011,A0035,2025-05-19,2025-08-05,2025-08-06,Standard King,1,16600,16600,Loyalty,confirmed
B00007437,G002817,R0015,A0022,2025-07-13,2025-10-19,2025-10-29,Standard King,10,17500,175000,Direct,completed
B00007438,G000574,R0007,A0038,2024-05-17,2024-08-31,2024-09-09,Standard Double,9,18400,165600,Travel Agent,no_show
B00007439,G002825,R0018,A0047,2025-09-01,2025-12-14,2025-12-19,Standard King,5,21600,108000,Direct,completed
B00007440,G002534,R0003,A0015,2024-07-21,2024-10-31,2024-11-10,Standard Double,10,16900,169000,Travel Agent,cancelled
B00007441,G000600,R0007,A0012,2024-07-17,2024-09-14,2024-09-18,Standard Double,4,19600,78400,Direct,completed
B00007442,G002959,R0024,A0052,2025-05-02,2025-05-10,2025-05-13,Villa,3,76200,228600,Direct,cancelled
B00007443,G000104,R0006,A0026,2024-11-10,2025-02-20,2025-03-04,Standard Double,12,13600,163200,OTA,confirmed
B00007444,G000270,R0040,A0037,2025-01-05,2025-02-23,2025-03-04,Villa,9,76800,691200,Direct,cancelled
B00007445,G002884,R0023,A0056,2025-09-13,2025-10-02,2025-10-16,Standard Double,14,18300,256200,Direct,completed
B00007446,G002893,R0033,A0057,2024-08-08,2024-10-04,2024-10-18,Standard King,14,19600,274400,Direct,cancelled
B00007447,G000397,R0016,A0022,2025-04-20,2025-05-20,2025-05-26,Standard Double,6,16400,98400,Direct,confirmed
B00007448,G000273,R0013,A0060,2024-07-26,2024-08-05,2024-08-06,Standard Double,1,17500,17500,OTA,completed
B00007449,G002655,R0019,A0043,2025-09-28,2025-11-06,2025-11-08,Standard Double,2,16000,32000,OTA,completed
B00007450,G000735,R0003,A0053,2025-03-14,2025-03-18,2025-03-20,Ocean Suite,2,39300,78600,Loyalty,completed
B00007451,G000248,R0025,A0036,2025-01-05,2025-02-11,2025-02-24,Standard Double,13,15700,204100,OTA,cancelled
B00007452,G000781,R0003,A0021,2025-11-03,2026-01-10,2026-01-17,Standard King,7,19600,137200,Direct,completed
B00007453,G002500,R0028,A0055,2025-03-11,2025-05-18,2025-05-24,Standard King,6,22800,136800,Corporate,completed
B00007454,G000942,R0017,A0043,2025-10-27,2026-01-03,2026-01-07,Standard Double,4,13000,52000,Direct,completed
B00007455,G000907,R0004,A0053,2025-10-08,2025-11-24,2025-11-28,Villa,4,58900,235600,Direct,completed
B00007456,G000158,R0026,A0026,2025-05-26,2025-07-27,2025-07-31,Standard Double,4,15600,62400,Loyalty,completed
B00007457,G001582,R0035,A0046,2025-04-07,2025-04-21,2025-05-01,Villa,10,72400,724000,Loyalty,confirmed
B00007458,G001687,R0012,A0046,2025-05-15,2025-08-30,2025-09-07,Villa,8,56200,449600,OTA,completed
B00007459,G002348,R0011,A0055,2025-10-12,2026-02-03,2026-02-04,Standard Double,1,17800,17800,OTA,completed
B00007460,G001156,R0031,A0029,2024-09-28,2024-11-24,2024-12-01,Ocean Suite,7,36900,258300,Travel Agent,completed
B00007461,G002965,R0035,A0016,2024-03-02,2024-05-18,2024-05-21,Standard King,3,23700,71100,Direct,completed
B00007462,G002350,R0004,A0034,2024-08-22,2024-10-17,2024-10-29,Standard King,12,22500,270000,Corporate,completed
B00007463,G001773,R0026,A0006,2025-03-23,2025-06-05,2025-06-11,Standard King,6,17900,107400,Direct,completed
B00007464,G001515,R0006,A0056,2024-12-28,2025-01-13,2025-01-20,Standard Double,7,16300,114100,OTA,completed
B00007465,G002415,R0015,A0004,2025-06-11,2025-10-03,2025-10-07,Villa,4,63600,254400,OTA,confirmed
B00007466,G001606,R0025,A0024,2025-05-07,2025-08-27,2025-08-31,Standard Double,4,18500,74000,OTA,completed
B00007467,G001101,R0020,A0005,2025-11-13,2026-01-28,2026-01-30,Standard Double,2,13100,26200,OTA,completed
B00007468,G001100,R0004,A0058,2024-10-24,2024-11-27,2024-11-29,Villa,2,54400,108800,Loyalty,completed
B00007469,G001928,R0014,A0046,2025-10-11,2025-10-16,2025-10-17,Ocean Suite,1,35200,35200,OTA,completed
B00007470,G001991,R0015,A0060,2025-09-09,2025-09-28,2025-09-29,Standard Double,1,16700,16700,OTA,completed
B00007471,G001108,R0004,A0025,2024-09-02,2024-11-28,2024-12-09,Ocean Suite,11,44100,485100,Corporate,completed
B00007472,G002942,R0008,A0026,2024-08-31,2024-12-23,2025-01-05,Standard Double,13,16500,214500,Travel Agent,completed
B00007473,G001854,R0033,A0013,2025-10-03,2025-11-04,2025-11-10,Standard King,6,19900,119400,Corporate,confirmed
B00007474,G001348,R0021,A0051,2024-11-11,2024-11-30,2024-12-06,Ocean Suite,6,35300,211800,Travel Agent,completed
B00007475,G002766,R0016,A0013,2025-07-25,2025-11-17,2025-11-25,Standard Double,8,17500,140000,OTA,completed
B00007476,G002838,R0023,A0033,2024-12-16,2025-02-26,2025-03-02,Standard Double,4,15600,62400,Direct,cancelled
B00007477,G002350,R0033,A0011,2024-04-14,2024-08-08,2024-08-14,Standard Double,6,12800,76800,OTA,completed
B00007478,G002341,R0018,A0010,2024-02-13,2024-04-01,2024-04-09,Presidential,8,156700,1253600,OTA,completed
B00007479,G001351,R0040,A0055,2024-07-01,2024-08-07,2024-08-17,Standard Double,10,16100,161000,OTA,completed
B00007480,G001364,R0035,A0001,2024-02-16,2024-04-23,2024-05-06,Ocean Suite,13,46500,604500,Direct,completed
B00007481,G002709,R0014,A0041,2025-07-20,2025-10-22,2025-10-29,Standard Double,7,20100,140700,Direct,completed
B00007482,G000971,R0024,A0026,2025-06-09,2025-08-19,2025-08-25,Villa,6,67100,402600,OTA,completed
B00007483,G001237,R0028,A0042,2024-06-22,2024-09-10,2024-09-13,Standard Double,3,18600,55800,Travel Agent,completed
B00007484,G000324,R0016,A0052,2024-10-05,2024-11-06,2024-11-11,Standard King,5,17500,87500,Corporate,completed
B00007485,G002501,R0034,A0017,2024-01-28,2024-02-03,2024-02-04,Standard Double,1,19300,19300,Travel Agent,completed
B00007486,G001264,R0008,A0045,2024-11-27,2025-01-15,2025-01-27,Standard Double,12,15100,181200,Corporate,completed
B00007487,G002516,R0001,A0006,2024-07-12,2024-09-19,2024-09-24,Ocean Suite,5,30200,151000,Loyalty,completed
B00007488,G000740,R0027,A0025,2025-07-14,2025-09-19,2025-09-25,Villa,6,61700,370200,Direct,completed
B00007489,G002217,R0031,A0052,2025-10-26,2025-11-27,2025-12-07,Standard King,10,19800,198000,Travel Agent,completed
B00007490,G000394,R0040,A0004,2024-02-22,2024-03-19,2024-03-30,Standard King,11,15700,172700,Direct,cancelled
B00007491,G002620,R0009,A0014,2025-10-09,2025-11-24,2025-12-05,Standard King,11,15700,172700,Direct,completed
B00007492,G001575,R0006,A0009,2025-10-25,2025-12-31,2026-01-13,Standard King,13,20900,271700,OTA,completed
B00007493,G001351,R0014,A0011,2024-11-25,2025-01-23,2025-02-03,Villa,11,59800,657800,OTA,completed
B00007494,G002910,R0005,A0004,2024-07-21,2024-08-12,2024-08-24,Standard Double,12,16800,201600,Corporate,confirmed
B00007495,G001032,R0001,A0007,2024-10-17,2024-11-25,2024-11-30,Standard King,5,15700,78500,Loyalty,confirmed
B00007496,G000285,R0026,A0026,2024-09-28,2024-10-31,2024-11-12,Villa,12,68700,824400,OTA,completed
B00007497,G001368,R0007,A0004,2025-04-15,2025-04-29,2025-05-06,Ocean Suite,7,39600,277200,Travel Agent,completed
B00007498,G002240,R0020,A0042,2025-10-31,2025-12-07,2025-12-15,Presidential,8,154800,1238400,OTA,completed
B00007499,G001761,R0002,A0041,2024-11-20,2025-01-22,2025-01-23,Ocean Suite,1,44500,44500,Direct,completed
B00007500,G001437,R0001,A0042,2025-09-18,2025-12-24,2026-01-01,Standard Double,8,19000,152000,Travel Agent,completed
B00007501,G000402,R0013,A0019,2024-06-22,2024-07-18,2024-07-30,Ocean Suite,12,36000,432000,Travel Agent,completed
B00007502,G002998,R0017,A0057,2025-04-25,2025-08-17,2025-08-31,Standard King,14,23500,329000,OTA,cancelled
B00007503,G000197,R0002,A0001,2024-07-18,2024-10-26,2024-10-29,Standard King,3,18800,56400,Direct,confirmed
B00007504,G000625,R0009,A0051,2025-07-19,2025-07-26,2025-07-31,Ocean Suite,5,31900,159500,Corporate,completed
B00007505,G002109,R0040,A0054,2025-08-26,2025-10-11,2025-10-17,Standard King,6,17800,106800,OTA,completed
B00007506,G000585,R0012,A0042,2025-04-02,2025-06-03,2025-06-17,Standard Double,14,17200,240800,Direct,completed
B00007507,G002083,R0010,A0018,2025-08-09,2025-08-16,2025-08-29,Standard King,13,22700,295100,Loyalty,completed
B00007508,G002712,R0006,A0041,2024-11-13,2025-01-12,2025-01-16,Villa,4,56400,225600,Corporate,completed
B00007509,G002703,R0040,A0024,2024-08-19,2024-09-24,2024-09-26,Standard King,2,22400,44800,Corporate,confirmed
B00007510,G000439,R0023,A0004,2024-09-26,2025-01-23,2025-01-29,Standard King,6,21300,127800,OTA,confirmed
B00007511,G000224,R0038,A0001,2025-11-18,2026-01-14,2026-01-22,Standard King,8,21200,169600,Corporate,completed
B00007512,G000759,R0026,A0049,2024-06-25,2024-10-18,2024-11-01,Standard King,14,21400,299600,OTA,completed
B00007513,G002626,R0034,A0003,2024-07-02,2024-09-18,2024-09-28,Villa,10,68700,687000,Travel Agent,confirmed
B00007514,G000292,R0004,A0011,2024-08-22,2024-09-14,2024-09-25,Standard Double,11,18000,198000,Direct,completed
B00007515,G000256,R0016,A0046,2025-07-06,2025-07-18,2025-07-31,Ocean Suite,13,36000,468000,OTA,completed
B00007516,G000199,R0016,A0044,2025-06-26,2025-08-07,2025-08-16,Ocean Suite,9,42700,384300,Direct,completed
B00007517,G000135,R0037,A0011,2025-12-12,2026-04-02,2026-04-12,Standard Double,10,18300,183000,OTA,cancelled
B00007518,G001485,R0033,A0052,2024-05-25,2024-07-08,2024-07-22,Ocean Suite,14,34800,487200,Direct,confirmed
B00007519,G001136,R0013,A0049,2024-04-23,2024-05-24,2024-05-29,Standard Double,5,16900,84500,Travel Agent,cancelled
B00007520,G000534,R0032,A0009,2025-12-20,2026-03-26,2026-03-30,Standard King,4,16900,67600,Corporate,completed
B00007521,G002620,R0016,A0052,2025-04-12,2025-05-23,2025-06-02,Standard Double,10,14400,144000,Direct,confirmed
B00007522,G000887,R0005,A0056,2025-02-20,2025-03-03,2025-03-11,Standard King,8,22200,177600,OTA,completed
B00007523,G001225,R0033,A0030,2024-05-17,2024-08-04,2024-08-06,Standard King,2,21700,43400,Direct,completed
B00007524,G000295,R0006,A0010,2024-12-30,2025-02-15,2025-02-16,Standard King,1,19500,19500,Corporate,confirmed
B00007525,G002157,R0018,A0005,2025-05-04,2025-08-27,2025-09-09,Presidential,13,111100,1444300,Direct,confirmed
B00007526,G002127,R0003,A0026,2024-12-01,2025-02-09,2025-02-10,Villa,1,69900,69900,OTA,completed
B00007527,G001453,R0031,A0039,2025-06-12,2025-09-19,2025-09-22,Ocean Suite,3,33900,101700,Corporate,completed
B00007528,G000592,R0029,A0031,2024-01-01,2024-03-11,2024-03-22,Standard King,11,21100,232100,Corporate,completed
B00007529,G001618,R0006,A0001,2025-03-17,2025-07-11,2025-07-18,Standard King,7,20200,141400,Direct,completed
B00007530,G002593,R0026,A0014,2024-11-23,2025-02-01,2025-02-15,Ocean Suite,14,37700,527800,Corporate,completed
B00007531,G000960,R0001,A0054,2025-08-04,2025-10-20,2025-10-29,Ocean Suite,9,41300,371700,OTA,completed
B00007532,G001945,R0024,A0047,2024-10-30,2024-11-14,2024-11-24,Standard King,10,23200,232000,Corporate,completed
B00007533,G002199,R0006,A0039,2025-04-04,2025-06-11,2025-06-19,Villa,8,60800,486400,Direct,confirmed
B00007534,G000132,R0025,A0008,2024-01-11,2024-02-04,2024-02-12,Villa,8,57000,456000,Travel Agent,completed
B00007535,G000449,R0008,A0004,2025-11-21,2026-03-13,2026-03-15,Standard King,2,20700,41400,Direct,completed
B00007536,G002737,R0037,A0033,2025-01-25,2025-04-22,2025-05-03,Standard King,11,19600,215600,Travel Agent,completed
B00007537,G000318,R0019,A0027,2024-06-25,2024-07-17,2024-07-18,Standard Double,1,16100,16100,Direct,completed
B00007538,G001800,R0033,A0014,2025-09-10,2025-12-30,2026-01-06,Standard Double,7,19600,137200,OTA,completed
B00007539,G001370,R0013,A0056,2024-09-16,2025-01-11,2025-01-19,Standard King,8,21900,175200,Direct,completed
B00007540,G002603,R0022,A0027,2025-07-01,2025-10-09,2025-10-18,Standard Double,9,13500,121500,Corporate,completed
B00007541,G002770,R0016,A0021,2025-08-07,2025-08-28,2025-09-11,Villa,14,64800,907200,OTA,completed
B00007542,G002287,R0032,A0022,2024-10-26,2025-01-21,2025-02-01,Standard Double,11,15600,171600,Direct,completed
B00007543,G000337,R0031,A0025,2025-06-17,2025-09-15,2025-09-23,Standard King,8,19500,156000,OTA,completed
B00007544,G002396,R0020,A0010,2025-03-04,2025-04-27,2025-05-02,Standard King,5,16600,83000,OTA,completed
B00007545,G000602,R0026,A0017,2024-02-19,2024-06-04,2024-06-05,Standard King,1,23800,23800,Loyalty,completed
B00007546,G002202,R0029,A0011,2024-01-05,2024-03-24,2024-04-03,Standard Double,10,19700,197000,Travel Agent,confirmed
B00007547,G001017,R0016,A0024,2024-03-04,2024-04-07,2024-04-16,Standard King,9,18900,170100,OTA,cancelled
B00007548,G001657,R0008,A0055,2024-10-25,2024-12-27,2025-01-06,Ocean Suite,10,40500,405000,Travel Agent,completed
B00007549,G002331,R0003,A0011,2024-05-02,2024-05-27,2024-06-07,Standard Double,11,17600,193600,Direct,confirmed
B00007550,G000964,R0028,A0030,2024-08-07,2024-08-19,2024-08-20,Standard Double,1,12800,12800,OTA,confirmed
B00007551,G002122,R0003,A0021,2025-03-21,2025-07-01,2025-07-13,Ocean Suite,12,40000,480000,Travel Agent,completed
B00007552,G001052,R0026,A0003,2025-06-29,2025-09-18,2025-09-25,Standard Double,7,13600,95200,Travel Agent,completed
B00007553,G000502,R0023,A0040,2025-10-06,2025-11-26,2025-11-28,Standard King,2,22700,45400,OTA,completed
B00007554,G002508,R0039,A0011,2025-06-19,2025-07-22,2025-07-30,Standard Double,8,15300,122400,Direct,cancelled
B00007555,G000740,R0003,A0030,2025-03-23,2025-05-17,2025-05-28,Standard Double,11,20100,221100,Travel Agent,completed
B00007556,G001460,R0028,A0048,2025-05-06,2025-09-01,2025-09-10,Villa,9,62500,562500,OTA,completed
B00007557,G002599,R0003,A0047,2024-05-20,2024-08-16,2024-08-28,Standard King,12,16000,192000,OTA,completed
B00007558,G002345,R0027,A0026,2025-11-21,2025-12-05,2025-12-19,Standard Double,14,19300,270200,Direct,completed
B00007559,G002798,R0028,A0023,2025-12-14,2026-04-02,2026-04-05,Ocean Suite,3,33400,100200,Loyalty,completed
B00007560,G002208,R0023,A0046,2025-01-24,2025-02-03,2025-02-09,Ocean Suite,6,34100,204600,Direct,completed
B00007561,G000257,R0040,A0055,2025-11-27,2026-01-31,2026-02-13,Standard Double,13,13800,179400,Direct,completed
B00007562,G000180,R0036,A0003,2025-02-02,2025-03-27,2025-03-30,Standard King,3,19700,59100,Travel Agent,completed
B00007563,G000368,R0009,A0051,2024-02-26,2024-04-10,2024-04-17,Standard Double,7,12900,90300,Loyalty,confirmed
B00007564,G002910,R0008,A0007,2024-07-02,2024-10-08,2024-10-14,Standard King,6,17200,103200,Loyalty,confirmed
B00007565,G000122,R0032,A0024,2025-11-04,2025-11-28,2025-12-11,Standard King,13,24100,313300,Direct,completed
B00007566,G002900,R0024,A0047,2025-09-09,2025-12-12,2025-12-24,Standard King,12,16800,201600,Direct,completed
B00007567,G000419,R0007,A0009,2025-06-14,2025-10-09,2025-10-17,Standard Double,8,18300,146400,Travel Agent,confirmed
B00007568,G001401,R0020,A0021,2025-04-09,2025-05-12,2025-05-24,Standard Double,12,19300,231600,OTA,completed
B00007569,G000115,R0036,A0010,2025-04-13,2025-06-09,2025-06-18,Standard Double,9,18700,168300,OTA,completed
B00007570,G002482,R0008,A0059,2024-06-17,2024-09-16,2024-09-24,Standard King,8,17200,137600,OTA,completed
B00007571,G000437,R0024,A0016,2024-04-02,2024-05-20,2024-05-30,Standard Double,10,17300,173000,OTA,completed
B00007572,G000759,R0007,A0014,2025-02-14,2025-02-24,2025-03-01,Standard Double,5,13100,65500,Direct,completed
B00007573,G002548,R0007,A0042,2024-11-24,2025-03-13,2025-03-22,Standard Double,9,13000,117000,OTA,completed
B00007574,G002304,R0009,A0021,2024-11-18,2024-12-16,2024-12-26,Standard Double,10,19400,194000,Direct,no_show
B00007575,G001966,R0022,A0022,2024-01-03,2024-03-24,2024-04-02,Villa,9,64300,578700,Corporate,completed
B00007576,G000649,R0017,A0013,2024-10-07,2024-12-08,2024-12-21,Standard Double,13,15900,206700,Loyalty,completed
B00007577,G002149,R0002,A0027,2025-08-04,2025-10-05,2025-10-16,Ocean Suite,11,34900,383900,Direct,confirmed
B00007578,G002518,R0039,A0001,2025-11-18,2025-12-30,2026-01-13,Standard King,14,20800,291200,Corporate,completed
B00007579,G002621,R0005,A0029,2024-01-04,2024-03-20,2024-03-22,Standard King,2,22300,44600,Travel Agent,completed
B00007580,G001334,R0025,A0048,2025-06-18,2025-09-11,2025-09-20,Standard Double,9,18100,162900,Travel Agent,completed
B00007581,G002359,R0017,A0002,2025-09-01,2025-11-26,2025-12-08,Presidential,12,145600,1747200,OTA,completed
B00007582,G000257,R0012,A0023,2025-02-25,2025-03-13,2025-03-16,Ocean Suite,3,44400,133200,OTA,completed
B00007583,G002618,R0034,A0053,2025-09-12,2025-11-23,2025-11-27,Standard King,4,17000,68000,Direct,completed
B00007584,G002512,R0016,A0024,2025-02-27,2025-05-31,2025-06-04,Standard King,4,15700,62800,Corporate,cancelled
B00007585,G000314,R0031,A0057,2024-09-13,2025-01-01,2025-01-14,Standard Double,13,16800,218400,Travel Agent,completed
B00007586,G000762,R0007,A0050,2025-10-08,2025-12-14,2025-12-27,Standard Double,13,14900,193700,Loyalty,completed
B00007587,G001151,R0009,A0047,2024-06-08,2024-08-02,2024-08-13,Ocean Suite,11,42000,462000,Loyalty,completed
B00007588,G002440,R0001,A0025,2025-11-05,2025-12-06,2025-12-14,Standard King,8,21700,173600,Direct,completed
B00007589,G000499,R0029,A0015,2024-01-28,2024-03-22,2024-04-03,Standard King,12,24100,289200,Direct,completed
B00007590,G001938,R0028,A0014,2025-05-07,2025-05-13,2025-05-24,Standard King,11,24000,264000,Direct,completed
B00007591,G000124,R0022,A0036,2025-08-20,2025-11-06,2025-11-20,Standard Double,14,18200,254800,Direct,completed
B00007592,G001167,R0036,A0003,2024-05-28,2024-08-06,2024-08-12,Standard King,6,20000,120000,Travel Agent,confirmed
B00007593,G001113,R0021,A0014,2025-05-01,2025-05-31,2025-06-09,Standard King,9,16800,151200,Direct,confirmed
B00007594,G001895,R0017,A0045,2024-04-18,2024-06-23,2024-07-02,Standard King,9,23800,214200,Direct,completed
B00007595,G002708,R0032,A0003,2024-11-17,2024-12-25,2024-12-26,Ocean Suite,1,43800,43800,OTA,confirmed
B00007596,G001608,R0017,A0017,2024-10-27,2025-02-14,2025-02-27,Villa,13,65300,848900,Corporate,completed
B00007597,G002067,R0019,A0016,2025-03-22,2025-05-14,2025-05-17,Standard Double,3,14000,42000,Corporate,completed
B00007598,G000276,R0016,A0033,2025-10-31,2025-11-23,2025-11-28,Standard King,5,21400,107000,Direct,confirmed
B00007599,G002172,R0023,A0030,2024-06-12,2024-09-13,2024-09-23,Villa,10,73300,733000,Direct,cancelled
B00007600,G001921,R0040,A0039,2025-02-19,2025-04-01,2025-04-13,Standard King,12,15700,188400,Loyalty,completed
B00007601,G000778,R0003,A0049,2025-08-27,2025-11-17,2025-11-24,Ocean Suite,7,42100,294700,Direct,completed
B00007602,G001056,R0025,A0048,2025-08-05,2025-08-25,2025-09-06,Standard King,12,19300,231600,Corporate,completed
B00007603,G001032,R0009,A0038,2025-08-13,2025-09-19,2025-10-03,Standard Double,14,13400,187600,Travel Agent,cancelled
B00007604,G002612,R0018,A0043,2025-11-08,2026-01-15,2026-01-28,Standard King,13,23200,301600,OTA,completed
B00007605,G000075,R0032,A0016,2025-11-13,2025-12-07,2025-12-09,Standard Double,2,18100,36200,Loyalty,completed
B00007606,G001141,R0040,A0033,2024-12-24,2025-02-21,2025-02-28,Standard King,7,21600,151200,Direct,completed
B00007607,G001811,R0036,A0053,2024-09-06,2024-12-02,2024-12-14,Ocean Suite,12,33600,403200,Corporate,confirmed
B00007608,G001795,R0015,A0020,2025-04-13,2025-07-11,2025-07-12,Standard King,1,21700,21700,Travel Agent,completed
B00007609,G000885,R0037,A0046,2025-04-01,2025-04-19,2025-04-29,Presidential,10,134600,1346000,OTA,completed
B00007610,G000360,R0034,A0060,2024-10-12,2024-11-15,2024-11-16,Ocean Suite,1,44100,44100,Corporate,completed
B00007611,G000335,R0009,A0043,2024-09-18,2025-01-02,2025-01-11,Standard King,9,17400,156600,OTA,completed
B00007612,G000998,R0025,A0044,2024-08-24,2024-08-31,2024-09-08,Standard King,8,21100,168800,Loyalty,completed
B00007613,G002483,R0019,A0026,2024-12-30,2025-02-19,2025-02-21,Standard King,2,16700,33400,Travel Agent,confirmed
B00007614,G002957,R0037,A0011,2024-01-09,2024-02-05,2024-02-09,Ocean Suite,4,29800,119200,OTA,no_show
B00007615,G001356,R0008,A0059,2025-05-12,2025-06-21,2025-06-26,Standard King,5,17600,88000,OTA,completed
B00007616,G000456,R0012,A0001,2024-02-21,2024-06-13,2024-06-21,Standard King,8,21200,169600,OTA,confirmed
B00007617,G001993,R0034,A0042,2025-07-16,2025-10-11,2025-10-21,Standard Double,10,14400,144000,Travel Agent,completed
B00007618,G002519,R0022,A0015,2025-02-28,2025-04-10,2025-04-23,Ocean Suite,13,34600,449800,Direct,completed
B00007619,G001713,R0018,A0005,2025-07-02,2025-10-22,2025-10-31,Standard King,9,15900,143100,Corporate,no_show
B00007620,G001381,R0036,A0052,2025-01-11,2025-05-08,2025-05-12,Standard Double,4,14400,57600,Direct,completed
B00007621,G002378,R0001,A0055,2024-12-08,2025-01-30,2025-02-10,Standard King,11,17600,193600,Corporate,completed
B00007622,G002176,R0039,A0016,2025-05-04,2025-08-30,2025-09-01,Standard King,2,17500,35000,Direct,completed
B00007623,G002540,R0015,A0023,2024-09-25,2024-11-20,2024-11-25,Standard King,5,18500,92500,Travel Agent,confirmed
B00007624,G000589,R0026,A0001,2024-01-12,2024-02-21,2024-02-23,Standard King,2,21000,42000,Direct,completed
B00007625,G000512,R0028,A0015,2024-07-07,2024-07-16,2024-07-28,Standard King,12,17500,210000,Corporate,cancelled
B00007626,G000203,R0040,A0054,2025-10-24,2025-12-14,2025-12-27,Villa,13,55400,720200,OTA,completed
B00007627,G000274,R0002,A0038,2024-09-07,2024-12-15,2024-12-18,Standard Double,3,14100,42300,Corporate,completed
B00007628,G001904,R0011,A0057,2024-01-14,2024-01-16,2024-01-20,Ocean Suite,4,46200,184800,Direct,confirmed
B00007629,G001487,R0002,A0053,2024-09-04,2024-12-23,2024-12-24,Standard King,1,18900,18900,OTA,completed
B00007630,G001262,R0028,A0003,2024-04-14,2024-04-28,2024-05-12,Standard King,14,19200,268800,Travel Agent,completed
B00007631,G000567,R0021,A0008,2025-01-31,2025-05-28,2025-06-09,Standard Double,12,17200,206400,OTA,completed
B00007632,G002380,R0008,A0003,2024-06-01,2024-07-18,2024-07-31,Standard Double,13,14800,192400,Direct,confirmed
B00007633,G002917,R0005,A0043,2024-08-01,2024-09-09,2024-09-22,Villa,13,53800,699400,OTA,completed
B00007634,G002006,R0036,A0018,2025-12-17,2026-01-01,2026-01-08,Standard Double,7,13500,94500,Direct,completed
B00007635,G000241,R0007,A0035,2024-10-02,2025-01-20,2025-01-24,Standard Double,4,17100,68400,OTA,completed
B00007636,G000460,R0017,A0014,2025-05-04,2025-06-21,2025-06-24,Standard King,3,15500,46500,Travel Agent,completed
B00007637,G001765,R0018,A0033,2025-09-12,2025-10-31,2025-11-07,Villa,7,70800,495600,Loyalty,completed
B00007638,G002165,R0006,A0026,2024-06-22,2024-07-29,2024-08-11,Standard King,13,19200,249600,Direct,confirmed
B00007639,G002975,R0015,A0039,2024-09-20,2024-10-09,2024-10-22,Standard King,13,22600,293800,Direct,completed
B00007640,G000631,R0008,A0025,2024-07-31,2024-08-01,2024-08-11,Standard King,10,15600,156000,OTA,completed
B00007641,G001903,R0001,A0036,2024-06-12,2024-08-29,2024-09-11,Standard King,13,22300,289900,OTA,completed
B00007642,G001719,R0037,A0054,2025-05-15,2025-07-12,2025-07-16,Standard Double,4,14000,56000,Travel Agent,completed
B00007643,G002065,R0011,A0027,2025-11-23,2025-12-21,2025-12-25,Ocean Suite,4,45000,180000,Corporate,completed
B00007644,G002950,R0037,A0039,2024-03-12,2024-06-28,2024-06-29,Standard Double,1,13200,13200,Travel Agent,confirmed
B00007645,G001229,R0039,A0031,2024-03-27,2024-07-19,2024-07-26,Standard King,7,20700,144900,OTA,completed
B00007646,G001684,R0009,A0059,2024-02-27,2024-05-19,2024-05-22,Standard King,3,16100,48300,Direct,completed
B00007647,G002798,R0001,A0003,2024-03-17,2024-05-10,2024-05-18,Standard Double,8,19900,159200,OTA,completed
B00007648,G002796,R0031,A0049,2025-05-22,2025-07-31,2025-08-05,Presidential,5,105000,525000,Loyalty,confirmed
B00007649,G002203,R0029,A0020,2024-12-30,2025-02-17,2025-02-19,Standard King,2,18700,37400,OTA,completed
B00007650,G002316,R0009,A0006,2025-11-23,2026-01-29,2026-02-01,Ocean Suite,3,31200,93600,Loyalty,completed
B00007651,G001658,R0007,A0009,2025-11-10,2025-11-12,2025-11-15,Standard King,3,16700,50100,Direct,completed
B00007652,G000612,R0002,A0038,2025-02-10,2025-06-10,2025-06-16,Standard King,6,17700,106200,OTA,cancelled
B00007653,G000388,R0039,A0025,2025-12-08,2026-01-06,2026-01-12,Standard Double,6,14100,84600,Travel Agent,completed
B00007654,G000374,R0006,A0005,2025-02-25,2025-05-04,2025-05-11,Standard Double,7,17500,122500,Corporate,no_show
B00007655,G002882,R0023,A0051,2024-03-19,2024-05-14,2024-05-23,Ocean Suite,9,44000,396000,Direct,completed
B00007656,G001171,R0028,A0016,2024-12-27,2025-04-21,2025-05-02,Standard King,11,15500,170500,Corporate,completed
B00007657,G001238,R0007,A0025,2024-10-05,2024-11-08,2024-11-12,Standard King,4,22700,90800,OTA,confirmed
B00007658,G001128,R0036,A0058,2025-12-22,2026-02-01,2026-02-02,Standard King,1,19600,19600,Direct,completed
B00007659,G002234,R0037,A0047,2024-03-27,2024-04-09,2024-04-10,Ocean Suite,1,37900,37900,Direct,completed
B00007660,G002851,R0009,A0020,2025-03-01,2025-06-11,2025-06-23,Ocean Suite,12,30800,369600,OTA,completed
B00007661,G000302,R0006,A0035,2024-05-15,2024-07-08,2024-07-13,Standard King,5,15600,78000,OTA,completed
B00007662,G002821,R0005,A0054,2024-07-02,2024-07-08,2024-07-10,Standard King,2,18200,36400,Direct,completed
B00007663,G002565,R0021,A0056,2024-06-23,2024-08-05,2024-08-10,Standard Double,5,16600,83000,Direct,completed
B00007664,G000699,R0030,A0037,2025-04-02,2025-07-03,2025-07-13,Standard King,10,21300,213000,Loyalty,completed
B00007665,G001759,R0019,A0048,2024-06-06,2024-07-08,2024-07-21,Standard Double,13,17800,231400,Travel Agent,completed
B00007666,G000102,R0007,A0010,2024-10-25,2024-12-21,2024-12-26,Standard Double,5,17200,86000,Direct,completed
B00007667,G001598,R0006,A0050,2024-01-21,2024-02-17,2024-02-26,Standard King,9,23200,208800,OTA,confirmed
B00007668,G000655,R0014,A0013,2025-04-15,2025-08-10,2025-08-15,Standard King,5,19500,97500,OTA,completed
B00007669,G002051,R0006,A0048,2025-06-30,2025-07-06,2025-07-18,Villa,12,68000,816000,Travel Agent,no_show
B00007670,G001488,R0032,A0016,2025-04-07,2025-05-12,2025-05-13,Standard King,1,21000,21000,Loyalty,completed
B00007671,G002969,R0005,A0039,2024-06-17,2024-09-01,2024-09-13,Villa,12,67700,812400,Loyalty,completed
B00007672,G001618,R0035,A0023,2025-09-20,2025-10-02,2025-10-11,Standard Double,9,18000,162000,OTA,completed
B00007673,G000609,R0014,A0011,2024-04-17,2024-06-12,2024-06-25,Standard Double,13,16700,217100,Loyalty,completed
B00007674,G000654,R0002,A0001,2025-04-09,2025-04-18,2025-05-02,Standard King,14,23900,334600,Corporate,completed
B00007675,G001358,R0028,A0028,2024-05-30,2024-09-03,2024-09-04,Standard King,1,15300,15300,Direct,cancelled
B00007676,G000073,R0023,A0003,2025-07-27,2025-09-25,2025-09-28,Ocean Suite,3,33300,99900,Corporate,completed
B00007677,G000834,R0017,A0055,2024-03-19,2024-04-11,2024-04-24,Ocean Suite,13,32100,417300,Corporate,no_show
B00007678,G000517,R0019,A0046,2024-12-24,2025-03-02,2025-03-05,Standard Double,3,14800,44400,Travel Agent,completed
B00007679,G001543,R0007,A0021,2024-12-03,2024-12-19,2024-12-20,Ocean Suite,1,30500,30500,Corporate,completed
B00007680,G001357,R0010,A0006,2024-07-06,2024-08-11,2024-08-12,Standard Double,1,14400,14400,OTA,confirmed
B00007681,G002699,R0029,A0006,2024-07-25,2024-10-07,2024-10-21,Standard Double,14,20200,282800,Travel Agent,completed
B00007682,G001319,R0012,A0057,2025-02-15,2025-03-07,2025-03-20,Standard King,13,22500,292500,Corporate,confirmed
B00007683,G001450,R0011,A0052,2025-02-26,2025-05-22,2025-05-26,Standard Double,4,12800,51200,OTA,completed
B00007684,G001439,R0015,A0028,2024-08-05,2024-10-31,2024-11-09,Ocean Suite,9,38200,343800,OTA,completed
B00007685,G002689,R0023,A0057,2024-06-02,2024-08-10,2024-08-20,Standard Double,10,18200,182000,OTA,completed
B00007686,G001887,R0023,A0054,2024-07-28,2024-10-08,2024-10-11,Standard King,3,22600,67800,OTA,completed
B00007687,G002373,R0033,A0039,2025-06-01,2025-09-26,2025-10-05,Villa,9,61800,556200,Loyalty,completed
B00007688,G002943,R0003,A0026,2024-07-27,2024-08-28,2024-09-05,Standard King,8,21100,168800,Corporate,completed
B00007689,G001290,R0021,A0060,2025-05-12,2025-07-30,2025-08-08,Standard Double,9,18100,162900,Direct,completed
B00007690,G002731,R0035,A0035,2024-02-04,2024-05-30,2024-06-11,Villa,12,61900,742800,Travel Agent,completed
B00007691,G001746,R0015,A0047,2024-09-24,2024-11-13,2024-11-20,Standard Double,7,14800,103600,OTA,completed
B00007692,G001831,R0015,A0024,2025-06-06,2025-09-18,2025-10-01,Ocean Suite,13,38900,505700,OTA,confirmed
B00007693,G002660,R0032,A0001,2024-12-27,2025-04-17,2025-05-01,Standard King,14,16000,224000,Direct,completed
B00007694,G001786,R0021,A0058,2025-03-06,2025-06-05,2025-06-11,Ocean Suite,6,43300,259800,Direct,confirmed
B00007695,G001363,R0023,A0035,2025-08-08,2025-11-25,2025-12-02,Ocean Suite,7,41300,289100,OTA,completed
B00007696,G002063,R0036,A0053,2024-02-20,2024-02-22,2024-02-27,Standard Double,5,17100,85500,Travel Agent,completed
B00007697,G001095,R0027,A0019,2024-08-30,2024-09-16,2024-09-26,Standard King,10,18900,189000,OTA,completed
B00007698,G002301,R0018,A0037,2024-12-15,2025-01-17,2025-01-29,Standard Double,12,13100,157200,Loyalty,completed
B00007699,G002780,R0018,A0054,2025-08-20,2025-12-18,2025-12-23,Standard Double,5,18700,93500,OTA,completed
B00007700,G000934,R0023,A0043,2024-10-14,2024-11-12,2024-11-16,Presidential,4,125100,500400,Corporate,completed
B00007701,G001799,R0004,A0044,2025-08-09,2025-08-19,2025-08-20,Ocean Suite,1,45200,45200,Loyalty,confirmed
B00007702,G001538,R0037,A0019,2025-11-29,2026-03-06,2026-03-12,Standard King,6,22400,134400,Direct,completed
B00007703,G000014,R0014,A0049,2025-12-08,2026-01-24,2026-01-28,Villa,4,61300,245200,Loyalty,completed
B00007704,G002804,R0021,A0044,2024-11-05,2025-03-05,2025-03-12,Standard Double,7,13900,97300,Direct,completed
B00007705,G000774,R0031,A0006,2024-07-11,2024-08-06,2024-08-16,Ocean Suite,10,35600,356000,Travel Agent,completed
B00007706,G002468,R0006,A0020,2024-03-29,2024-07-03,2024-07-11,Standard King,8,19500,156000,Travel Agent,confirmed
B00007707,G001245,R0001,A0012,2024-05-24,2024-05-29,2024-05-31,Standard King,2,19200,38400,Direct,completed
B00007708,G000848,R0003,A0027,2025-06-09,2025-08-01,2025-08-05,Standard Double,4,19600,78400,OTA,completed
B00007709,G000352,R0004,A0016,2024-02-10,2024-02-16,2024-02-28,Standard King,12,16300,195600,Corporate,completed
B00007710,G001864,R0026,A0050,2024-05-26,2024-08-09,2024-08-13,Standard Double,4,17600,70400,Loyalty,confirmed
B00007711,G000272,R0035,A0046,2024-05-13,2024-09-05,2024-09-14,Standard King,9,23500,211500,OTA,completed
B00007712,G002296,R0029,A0015,2024-10-28,2024-11-07,2024-11-09,Standard King,2,20900,41800,Direct,completed
B00007713,G002003,R0006,A0053,2024-04-26,2024-08-13,2024-08-17,Standard Double,4,16800,67200,Direct,completed
B00007714,G000589,R0023,A0037,2025-09-27,2025-12-03,2025-12-06,Ocean Suite,3,31800,95400,Direct,completed
B00007715,G000676,R0014,A0014,2025-08-04,2025-09-06,2025-09-17,Standard King,11,23400,257400,Loyalty,confirmed
B00007716,G002942,R0007,A0021,2025-04-10,2025-07-12,2025-07-20,Standard Double,8,19800,158400,Direct,completed
B00007717,G000692,R0026,A0039,2024-05-20,2024-08-21,2024-08-25,Standard Double,4,15900,63600,OTA,completed
B00007718,G001967,R0008,A0047,2025-06-09,2025-08-04,2025-08-13,Standard King,9,21200,190800,Loyalty,completed
B00007719,G000642,R0023,A0010,2024-08-28,2024-11-02,2024-11-12,Standard King,10,17900,179000,Loyalty,confirmed
B00007720,G001662,R0031,A0060,2024-05-24,2024-07-19,2024-07-26,Standard King,7,17900,125300,Direct,completed
B00007721,G000277,R0013,A0030,2024-04-08,2024-05-27,2024-05-29,Standard Double,2,13600,27200,OTA,completed
B00007722,G001160,R0014,A0012,2024-01-08,2024-04-05,2024-04-18,Villa,13,65500,851500,Corporate,completed
B00007723,G000022,R0035,A0002,2024-05-31,2024-08-18,2024-08-20,Standard King,2,19100,38200,OTA,completed
B00007724,G001962,R0025,A0002,2024-05-16,2024-06-09,2024-06-13,Standard Double,4,19000,76000,OTA,completed
B00007725,G002097,R0040,A0046,2024-04-18,2024-07-23,2024-07-25,Villa,2,74200,148400,Travel Agent,completed
B00007726,G002475,R0004,A0052,2024-04-27,2024-05-21,2024-06-01,Standard Double,11,17600,193600,OTA,cancelled
B00007727,G002845,R0011,A0034,2025-12-06,2025-12-31,2026-01-11,Standard King,11,21500,236500,Direct,completed
B00007728,G001976,R0016,A0021,2024-11-15,2024-11-30,2024-12-03,Standard King,3,18200,54600,Loyalty,completed
B00007729,G002594,R0001,A0005,2025-09-25,2025-10-19,2025-10-28,Villa,9,69900,629100,Direct,completed
B00007730,G001162,R0039,A0035,2024-02-25,2024-04-30,2024-05-07,Standard King,7,21900,153300,Travel Agent,completed
B00007731,G001755,R0036,A0022,2025-08-28,2025-09-22,2025-09-27,Standard King,5,15600,78000,OTA,completed
B00007732,G002397,R0037,A0010,2024-07-24,2024-08-04,2024-08-14,Villa,10,66200,662000,OTA,completed
B00007733,G000936,R0007,A0010,2025-03-20,2025-04-02,2025-04-15,Standard Double,13,13000,169000,Direct,cancelled
B00007734,G002881,R0022,A0027,2025-12-27,2026-04-10,2026-04-16,Standard King,6,16200,97200,Direct,completed
B00007735,G002820,R0017,A0044,2025-10-19,2026-01-17,2026-01-22,Standard King,5,19000,95000,Corporate,completed
B00007736,G000709,R0011,A0013,2024-04-30,2024-05-22,2024-05-30,Standard Double,8,18900,151200,Corporate,confirmed
B00007737,G002628,R0033,A0032,2025-11-30,2026-03-21,2026-04-01,Standard King,11,24200,266200,Direct,completed
B00007738,G002531,R0021,A0024,2024-02-06,2024-05-28,2024-05-29,Ocean Suite,1,33200,33200,OTA,completed
B00007739,G002725,R0029,A0032,2024-05-10,2024-08-10,2024-08-22,Villa,12,72200,866400,Direct,completed
B00007740,G002483,R0010,A0046,2025-03-04,2025-05-17,2025-05-19,Standard King,2,18700,37400,OTA,completed
B00007741,G002460,R0026,A0031,2024-10-23,2024-12-16,2024-12-24,Standard King,8,15800,126400,OTA,completed
B00007742,G000948,R0027,A0008,2024-09-04,2024-12-08,2024-12-18,Standard King,10,19000,190000,OTA,completed
B00007743,G001377,R0040,A0046,2024-07-10,2024-08-28,2024-09-02,Standard Double,5,20100,100500,Travel Agent,confirmed
B00007744,G001041,R0023,A0009,2024-03-15,2024-05-03,2024-05-05,Standard Double,2,18900,37800,OTA,completed
B00007745,G001104,R0031,A0045,2024-11-22,2025-02-11,2025-02-13,Ocean Suite,2,34400,68800,Corporate,completed
B00007746,G001028,R0013,A0014,2024-10-20,2025-02-08,2025-02-10,Standard Double,2,14300,28600,OTA,confirmed
B00007747,G000651,R0039,A0024,2025-05-17,2025-08-27,2025-09-06,Standard Double,10,17800,178000,Travel Agent,completed
B00007748,G000001,R0015,A0008,2024-09-08,2024-10-05,2024-10-13,Standard King,8,21900,175200,Corporate,completed
B00007749,G002463,R0008,A0028,2024-04-29,2024-07-30,2024-08-07,Ocean Suite,8,33000,264000,Corporate,completed
B00007750,G002721,R0036,A0050,2025-01-12,2025-02-01,2025-02-10,Standard Double,9,16400,147600,OTA,completed
B00007751,G002909,R0030,A0044,2025-03-11,2025-03-12,2025-03-14,Standard King,2,23300,46600,Travel Agent,completed
B00007752,G001553,R0003,A0018,2025-04-22,2025-08-03,2025-08-16,Standard Double,13,14000,182000,Loyalty,completed
B00007753,G000078,R0007,A0045,2024-12-09,2024-12-24,2025-01-04,Villa,11,62000,682000,Travel Agent,completed
B00007754,G000695,R0034,A0059,2024-12-26,2025-02-07,2025-02-18,Standard King,11,18700,205700,OTA,completed
B00007755,G002962,R0016,A0013,2025-10-01,2026-01-12,2026-01-22,Standard Double,10,13600,136000,Direct,completed
B00007756,G000255,R0008,A0037,2024-06-03,2024-09-30,2024-10-12,Villa,12,74900,898800,Direct,completed
B00007757,G001734,R0002,A0004,2024-02-10,2024-05-30,2024-06-03,Standard King,4,24200,96800,OTA,no_show
B00007758,G000694,R0040,A0038,2025-05-24,2025-08-11,2025-08-14,Standard King,3,21100,63300,Travel Agent,completed
B00007759,G000216,R0025,A0053,2025-09-10,2026-01-07,2026-01-09,Villa,2,67200,134400,Travel Agent,completed
B00007760,G000426,R0009,A0039,2025-08-15,2025-09-10,2025-09-11,Standard Double,1,15500,15500,Travel Agent,completed
B00007761,G002929,R0032,A0035,2025-08-05,2025-08-13,2025-08-18,Standard King,5,16600,83000,Direct,completed
B00007762,G002874,R0007,A0038,2024-01-23,2024-02-17,2024-02-21,Standard King,4,21500,86000,Corporate,no_show
B00007763,G000433,R0024,A0048,2025-03-15,2025-04-18,2025-05-02,Standard Double,14,15700,219800,OTA,confirmed
B00007764,G002839,R0030,A0042,2024-07-30,2024-11-21,2024-12-03,Standard King,12,16800,201600,OTA,completed
B00007765,G001956,R0032,A0059,2025-12-23,2026-01-03,2026-01-06,Standard King,3,20700,62100,Direct,confirmed
B00007766,G000052,R0040,A0024,2024-10-28,2024-11-08,2024-11-17,Standard King,9,21200,190800,Loyalty,confirmed
B00007767,G002069,R0038,A0054,2025-11-03,2025-11-29,2025-12-07,Standard Double,8,13900,111200,OTA,completed
B00007768,G001003,R0004,A0016,2025-07-25,2025-10-18,2025-10-22,Standard Double,4,19300,77200,Direct,completed
B00007769,G000186,R0014,A0041,2024-10-31,2025-01-17,2025-01-19,Standard King,2,20000,40000,Travel Agent,completed
B00007770,G002752,R0002,A0043,2025-07-16,2025-09-04,2025-09-18,Villa,14,79900,1118600,Direct,completed
B00007771,G001140,R0024,A0037,2025-05-16,2025-06-09,2025-06-11,Standard King,2,16200,32400,Corporate,completed
B00007772,G002649,R0030,A0055,2024-05-17,2024-09-10,2024-09-19,Standard Double,9,15200,136800,Direct,no_show
B00007773,G002657,R0008,A0058,2025-02-22,2025-04-28,2025-05-04,Standard Double,6,16900,101400,Corporate,completed
B00007774,G000330,R0024,A0023,2025-06-04,2025-08-10,2025-08-12,Standard King,2,17100,34200,Direct,completed
B00007775,G001923,R0005,A0041,2024-03-13,2024-03-21,2024-03-29,Standard King,8,22100,176800,Loyalty,completed
B00007776,G000415,R0006,A0032,2024-10-04,2025-01-15,2025-01-22,Standard King,7,16100,112700,Direct,completed
B00007777,G002140,R0035,A0044,2024-05-27,2024-06-13,2024-06-27,Standard Double,14,18300,256200,Direct,completed
B00007778,G000517,R0010,A0009,2024-02-05,2024-05-20,2024-05-24,Standard Double,4,17700,70800,Corporate,completed
B00007779,G001266,R0019,A0044,2025-08-22,2025-09-05,2025-09-19,Standard Double,14,17100,239400,Direct,completed
B00007780,G000514,R0036,A0026,2024-10-15,2024-12-13,2024-12-27,Standard King,14,19400,271600,Direct,confirmed
B00007781,G001879,R0029,A0042,2025-01-16,2025-04-07,2025-04-14,Standard King,7,17400,121800,OTA,completed
B00007782,G001030,R0017,A0014,2025-10-20,2025-12-15,2025-12-24,Standard King,9,19000,171000,Corporate,completed
B00007783,G002311,R0017,A0040,2025-07-23,2025-09-14,2025-09-16,Standard King,2,17300,34600,OTA,completed
B00007784,G001490,R0003,A0018,2024-02-18,2024-04-10,2024-04-21,Standard Double,11,19800,217800,Direct,confirmed
B00007785,G001082,R0029,A0008,2025-06-16,2025-07-05,2025-07-06,Standard King,1,23600,23600,OTA,cancelled
B00007786,G002907,R0013,A0036,2024-03-13,2024-06-06,2024-06-10,Ocean Suite,4,31800,127200,Direct,completed
B00007787,G002592,R0040,A0013,2024-06-14,2024-09-26,2024-10-05,Ocean Suite,9,43500,391500,Travel Agent,confirmed
B00007788,G002503,R0024,A0043,2025-01-21,2025-03-28,2025-04-01,Standard King,4,19500,78000,OTA,completed
B00007789,G001211,R0004,A0005,2025-09-28,2025-12-07,2025-12-20,Ocean Suite,13,45300,588900,Direct,completed
B00007790,G002177,R0007,A0051,2025-01-16,2025-01-26,2025-02-02,Standard Double,7,17800,124600,Corporate,completed
B00007791,G002000,R0019,A0005,2024-01-07,2024-04-29,2024-05-12,Villa,13,56400,733200,OTA,completed
B00007792,G001158,R0005,A0010,2025-10-14,2026-01-06,2026-01-20,Standard King,14,22000,308000,Direct,cancelled
B00007793,G002036,R0009,A0010,2025-06-05,2025-07-27,2025-08-06,Standard King,10,20700,207000,Direct,completed
B00007794,G001494,R0028,A0042,2024-10-18,2024-11-04,2024-11-06,Standard King,2,19700,39400,Corporate,confirmed
B00007795,G001014,R0040,A0022,2025-09-28,2025-10-29,2025-11-07,Standard Double,9,19700,177300,Direct,cancelled
B00007796,G001968,R0033,A0034,2025-12-01,2026-03-18,2026-03-28,Standard King,10,18000,180000,Loyalty,completed
B00007797,G001618,R0016,A0058,2024-07-22,2024-10-21,2024-10-30,Ocean Suite,9,46800,421200,Direct,completed
B00007798,G002489,R0004,A0037,2025-10-15,2026-01-25,2026-02-01,Standard Double,7,13900,97300,OTA,completed
B00007799,G000959,R0016,A0026,2024-12-24,2025-01-14,2025-01-22,Ocean Suite,8,45800,366400,Corporate,completed
B00007800,G000921,R0029,A0005,2024-05-12,2024-07-29,2024-08-10,Ocean Suite,12,41500,498000,Loyalty,completed
B00007801,G000490,R0025,A0054,2024-02-18,2024-04-06,2024-04-19,Villa,13,51000,663000,Corporate,cancelled
B00007802,G001706,R0003,A0036,2025-12-04,2026-02-13,2026-02-17,Ocean Suite,4,46500,186000,OTA,completed
B00007803,G001371,R0003,A0006,2025-10-14,2025-12-31,2026-01-06,Standard Double,6,13900,83400,OTA,completed
B00007804,G001441,R0025,A0012,2025-08-05,2025-12-03,2025-12-12,Standard King,9,17800,160200,OTA,completed
B00007805,G000949,R0012,A0019,2025-07-07,2025-07-14,2025-07-26,Standard King,12,23900,286800,OTA,completed
B00007806,G001979,R0002,A0054,2025-06-07,2025-07-07,2025-07-18,Standard King,11,17400,191400,OTA,completed
B00007807,G002826,R0011,A0022,2025-07-26,2025-10-31,2025-11-12,Standard King,12,18500,222000,Travel Agent,completed
B00007808,G000247,R0018,A0012,2024-05-09,2024-08-03,2024-08-17,Ocean Suite,14,43300,606200,Direct,completed
B00007809,G000719,R0035,A0016,2025-12-30,2026-03-28,2026-04-08,Standard King,11,23700,260700,Direct,completed
B00007810,G000765,R0030,A0024,2025-12-11,2026-04-08,2026-04-16,Standard Double,8,18300,146400,Loyalty,completed
B00007811,G002155,R0022,A0060,2025-08-27,2025-12-18,2025-12-25,Standard Double,7,17200,120400,Direct,completed
B00007812,G000644,R0003,A0033,2024-04-11,2024-05-08,2024-05-19,Standard King,11,16000,176000,Corporate,completed
B00007813,G002067,R0001,A0030,2024-10-21,2024-12-13,2024-12-20,Ocean Suite,7,40800,285600,OTA,completed
B00007814,G000857,R0011,A0032,2025-07-14,2025-09-24,2025-09-27,Ocean Suite,3,47000,141000,Travel Agent,completed
B00007815,G000314,R0029,A0015,2025-10-07,2026-01-23,2026-01-31,Villa,8,51200,409600,OTA,completed
B00007816,G001195,R0021,A0035,2025-01-10,2025-04-05,2025-04-08,Standard King,3,16700,50100,Corporate,completed
B00007817,G002845,R0006,A0041,2025-05-24,2025-06-29,2025-07-12,Standard Double,13,19900,258700,OTA,confirmed
B00007818,G001187,R0004,A0047,2025-10-28,2025-12-13,2025-12-20,Standard Double,7,13500,94500,Direct,cancelled
B00007819,G000282,R0031,A0016,2025-09-18,2025-12-08,2025-12-15,Ocean Suite,7,43400,303800,OTA,completed
B00007820,G002073,R0023,A0003,2024-05-18,2024-08-12,2024-08-16,Presidential,4,144700,578800,Loyalty,completed
B00007821,G001412,R0013,A0011,2025-03-20,2025-07-06,2025-07-12,Standard Double,6,19000,114000,OTA,confirmed
B00007822,G000017,R0003,A0038,2024-03-17,2024-06-16,2024-06-26,Presidential,10,106400,1064000,Corporate,confirmed
B00007823,G000376,R0027,A0040,2025-01-07,2025-02-20,2025-02-25,Ocean Suite,5,43300,216500,Direct,completed
B00007824,G000996,R0005,A0038,2024-09-09,2024-09-21,2024-10-02,Standard King,11,17300,190300,Corporate,completed
B00007825,G000379,R0013,A0033,2024-07-01,2024-10-19,2024-10-28,Ocean Suite,9,39200,352800,Loyalty,confirmed
B00007826,G002460,R0020,A0036,2025-06-12,2025-07-26,2025-08-09,Ocean Suite,14,35900,502600,Corporate,confirmed
B00007827,G002064,R0016,A0036,2024-03-02,2024-05-26,2024-06-08,Standard King,13,18000,234000,Direct,completed
B00007828,G002944,R0029,A0055,2024-12-23,2025-02-08,2025-02-21,Ocean Suite,13,35200,457600,Corporate,confirmed
B00007829,G000097,R0037,A0060,2025-08-21,2025-08-23,2025-09-06,Standard Double,14,17000,238000,Travel Agent,completed
B00007830,G001425,R0024,A0044,2024-03-12,2024-05-30,2024-06-07,Villa,8,54300,434400,OTA,completed
B00007831,G002015,R0002,A0003,2025-06-29,2025-10-18,2025-10-20,Ocean Suite,2,36100,72200,Direct,completed
B00007832,G002976,R0025,A0042,2025-06-27,2025-09-19,2025-09-25,Standard King,6,23300,139800,OTA,cancelled
B00007833,G000301,R0007,A0036,2025-09-06,2025-12-15,2025-12-24,Standard Double,9,19800,178200,Direct,completed
B00007834,G001599,R0014,A0036,2025-10-19,2025-11-19,2025-12-03,Standard Double,14,15000,210000,Travel Agent,completed
B00007835,G002173,R0026,A0002,2025-09-30,2025-10-03,2025-10-10,Ocean Suite,7,38000,266000,Corporate,confirmed
B00007836,G000898,R0006,A0049,2024-05-07,2024-09-01,2024-09-13,Presidential,12,121900,1462800,Corporate,completed
B00007837,G000016,R0023,A0059,2024-09-21,2024-12-19,2024-12-29,Standard King,10,19000,190000,Direct,completed
B00007838,G001682,R0016,A0055,2024-12-19,2025-03-02,2025-03-11,Villa,9,72800,655200,OTA,completed
B00007839,G002372,R0030,A0053,2024-08-02,2024-09-20,2024-09-24,Standard King,4,22200,88800,OTA,completed
B00007840,G002081,R0009,A0043,2024-06-20,2024-07-21,2024-07-30,Standard King,9,23100,207900,OTA,confirmed
B00007841,G002306,R0038,A0041,2024-11-10,2025-02-23,2025-02-28,Villa,5,52600,263000,Travel Agent,no_show
B00007842,G001487,R0040,A0026,2025-09-13,2025-09-24,2025-10-02,Villa,8,53400,427200,Direct,completed
B00007843,G000186,R0014,A0047,2025-01-28,2025-04-19,2025-04-26,Standard Double,7,15800,110600,Direct,cancelled
B00007844,G000105,R0020,A0014,2025-10-03,2025-12-09,2025-12-18,Standard King,9,22400,201600,Direct,cancelled
B00007845,G002476,R0028,A0053,2025-08-10,2025-10-14,2025-10-22,Standard Double,8,17600,140800,OTA,completed
B00007846,G002822,R0034,A0045,2025-12-12,2026-04-07,2026-04-09,Standard Double,2,20100,40200,OTA,confirmed
B00007847,G001559,R0006,A0020,2025-12-29,2026-01-11,2026-01-14,Ocean Suite,3,45500,136500,Direct,completed
B00007848,G000634,R0028,A0036,2024-04-22,2024-06-12,2024-06-23,Ocean Suite,11,33000,363000,Corporate,cancelled
B00007849,G002890,R0022,A0059,2025-11-08,2026-03-05,2026-03-10,Standard King,5,20500,102500,Direct,completed
B00007850,G000147,R0001,A0045,2025-02-17,2025-05-07,2025-05-09,Ocean Suite,2,34500,69000,Corporate,completed
B00007851,G001683,R0012,A0037,2025-07-01,2025-09-02,2025-09-10,Ocean Suite,8,39600,316800,OTA,cancelled
B00007852,G000793,R0019,A0017,2025-03-28,2025-07-23,2025-07-30,Standard Double,7,13800,96600,OTA,confirmed
B00007853,G001264,R0011,A0016,2025-09-25,2025-12-31,2026-01-03,Villa,3,75200,225600,Loyalty,confirmed
B00007854,G002703,R0036,A0044,2025-06-05,2025-09-01,2025-09-15,Standard King,14,17900,250600,Loyalty,completed
B00007855,G001756,R0036,A0030,2025-11-18,2025-12-25,2026-01-02,Standard King,8,17900,143200,OTA,cancelled
B00007856,G001380,R0039,A0034,2025-07-27,2025-10-30,2025-11-08,Ocean Suite,9,37400,336600,Direct,cancelled
B00007857,G002579,R0039,A0045,2024-06-24,2024-07-20,2024-07-24,Standard Double,4,19500,78000,Loyalty,completed
B00007858,G000129,R0008,A0014,2024-04-16,2024-06-06,2024-06-14,Standard King,8,15700,125600,OTA,confirmed
B00007859,G001322,R0013,A0028,2024-04-07,2024-07-12,2024-07-26,Standard King,14,19100,267400,Direct,confirmed
B00007860,G000836,R0001,A0014,2025-03-20,2025-06-01,2025-06-04,Villa,3,71200,213600,Direct,cancelled
B00007861,G002734,R0010,A0035,2025-01-26,2025-03-14,2025-03-27,Standard King,13,21100,274300,OTA,completed
B00007862,G001491,R0011,A0024,2024-07-27,2024-09-17,2024-09-20,Villa,3,72000,216000,Direct,completed
B00007863,G002974,R0001,A0021,2025-06-26,2025-09-16,2025-09-27,Ocean Suite,11,32500,357500,Direct,completed
B00007864,G002575,R0034,A0047,2025-09-01,2025-09-18,2025-10-01,Standard Double,13,17500,227500,Direct,completed
B00007865,G002858,R0004,A0041,2024-09-27,2024-10-08,2024-10-11,Ocean Suite,3,35600,106800,OTA,confirmed
B00007866,G002383,R0007,A0020,2025-01-16,2025-02-01,2025-02-15,Standard King,14,24200,338800,Corporate,confirmed
B00007867,G002660,R0037,A0044,2024-04-23,2024-07-07,2024-07-21,Standard Double,14,14000,196000,OTA,completed
B00007868,G000182,R0021,A0048,2025-11-04,2026-03-03,2026-03-13,Standard King,10,22400,224000,OTA,completed
B00007869,G002026,R0032,A0004,2025-11-06,2025-11-25,2025-12-03,Standard King,8,20700,165600,Travel Agent,completed
B00007870,G000259,R0005,A0028,2024-01-10,2024-04-29,2024-05-06,Standard King,7,19100,133700,OTA,completed
B00007871,G002681,R0025,A0037,2024-10-07,2024-10-27,2024-11-08,Standard King,12,20100,241200,Direct,completed
B00007872,G000895,R0005,A0011,2025-10-12,2026-02-07,2026-02-20,Standard Double,13,20200,262600,Travel Agent,completed
B00007873,G002758,R0002,A0055,2025-06-14,2025-08-17,2025-08-20,Standard Double,3,19300,57900,Direct,completed
B00007874,G001958,R0019,A0045,2024-07-09,2024-09-24,2024-10-06,Standard Double,12,13800,165600,Direct,confirmed
B00007875,G000160,R0027,A0006,2025-12-23,2026-01-23,2026-01-26,Presidential,3,112800,338400,OTA,completed
B00007876,G000152,R0028,A0019,2025-02-05,2025-04-30,2025-05-02,Standard King,2,17500,35000,OTA,completed
B00007877,G001365,R0022,A0032,2024-05-25,2024-09-06,2024-09-18,Standard Double,12,15200,182400,OTA,completed
B00007878,G000034,R0035,A0007,2025-05-11,2025-06-09,2025-06-13,Standard Double,4,14100,56400,Direct,completed
B00007879,G000487,R0011,A0031,2025-07-11,2025-07-27,2025-08-10,Standard King,14,15800,221200,Loyalty,completed
B00007880,G001522,R0031,A0040,2025-10-16,2026-01-19,2026-01-31,Standard King,12,19100,229200,OTA,no_show
B00007881,G002615,R0039,A0031,2025-02-16,2025-04-18,2025-04-24,Ocean Suite,6,42200,253200,OTA,cancelled
B00007882,G001581,R0001,A0013,2024-08-06,2024-11-05,2024-11-11,Standard King,6,16900,101400,Direct,completed
B00007883,G000228,R0031,A0042,2025-10-25,2026-02-10,2026-02-23,Presidential,13,136400,1773200,OTA,cancelled
B00007884,G002348,R0028,A0029,2024-01-10,2024-03-19,2024-03-22,Standard King,3,16900,50700,Direct,completed
B00007885,G000182,R0029,A0027,2024-06-20,2024-08-30,2024-08-31,Ocean Suite,1,33200,33200,Travel Agent,no_show
B00007886,G001867,R0005,A0032,2025-07-09,2025-07-18,2025-07-26,Villa,8,74800,598400,Travel Agent,cancelled
B00007887,G002802,R0027,A0031,2025-09-19,2025-11-07,2025-11-15,Standard King,8,21900,175200,Direct,confirmed
B00007888,G002672,R0032,A0005,2024-02-10,2024-04-01,2024-04-02,Standard King,1,21000,21000,Travel Agent,cancelled
B00007889,G000548,R0032,A0015,2024-02-18,2024-06-17,2024-06-27,Standard Double,10,19400,194000,Travel Agent,completed
B00007890,G000663,R0006,A0052,2024-10-04,2025-01-03,2025-01-04,Standard King,1,19800,19800,OTA,completed
B00007891,G001427,R0025,A0059,2024-09-20,2025-01-06,2025-01-20,Ocean Suite,14,36900,516600,Loyalty,completed
B00007892,G001457,R0024,A0058,2024-07-05,2024-07-15,2024-07-20,Villa,5,73300,366500,OTA,no_show
B00007893,G000015,R0021,A0039,2024-02-13,2024-05-17,2024-05-25,Villa,8,52300,418400,Travel Agent,completed
B00007894,G000789,R0010,A0020,2025-06-05,2025-06-11,2025-06-12,Standard King,1,20900,20900,OTA,completed
B00007895,G001839,R0027,A0046,2024-02-06,2024-03-13,2024-03-17,Standard Double,4,13400,53600,Loyalty,cancelled
B00007896,G001650,R0028,A0032,2024-11-29,2025-02-02,2025-02-04,Ocean Suite,2,37800,75600,OTA,completed
B00007897,G001864,R0034,A0052,2025-12-22,2026-03-11,2026-03-24,Standard King,13,18200,236600,Corporate,completed
B00007898,G002287,R0029,A0036,2025-04-04,2025-07-17,2025-07-22,Standard Double,5,16600,83000,Loyalty,completed
B00007899,G000414,R0005,A0044,2024-04-03,2024-05-18,2024-05-20,Standard Double,2,14800,29600,OTA,cancelled
B00007900,G002949,R0029,A0034,2025-03-20,2025-05-25,2025-06-08,Standard Double,14,14400,201600,OTA,completed
B00007901,G002412,R0013,A0001,2024-07-11,2024-09-03,2024-09-11,Standard Double,8,16000,128000,Corporate,completed
B00007902,G002728,R0036,A0042,2025-10-17,2025-11-14,2025-11-19,Standard Double,5,19200,96000,Direct,completed
B00007903,G000068,R0011,A0042,2025-09-27,2025-11-18,2025-12-02,Standard Double,14,19600,274400,OTA,completed
B00007904,G000322,R0018,A0006,2025-12-06,2025-12-25,2025-12-29,Standard Double,4,14600,58400,Loyalty,completed
B00007905,G001077,R0027,A0010,2025-12-03,2026-03-06,2026-03-10,Ocean Suite,4,34000,136000,Travel Agent,completed
B00007906,G001505,R0026,A0059,2025-11-22,2025-12-04,2025-12-09,Standard Double,5,20000,100000,Direct,completed
B00007907,G002144,R0037,A0023,2025-01-13,2025-02-23,2025-03-06,Standard Double,11,17000,187000,Direct,confirmed
B00007908,G001367,R0027,A0017,2024-06-29,2024-08-04,2024-08-05,Ocean Suite,1,35600,35600,OTA,completed
B00007909,G000114,R0009,A0030,2025-04-20,2025-07-09,2025-07-15,Standard King,6,18100,108600,Travel Agent,completed
B00007910,G000050,R0016,A0034,2025-04-10,2025-08-07,2025-08-15,Standard King,8,20200,161600,Travel Agent,completed
B00007911,G000460,R0003,A0052,2025-06-15,2025-08-26,2025-09-02,Ocean Suite,7,38300,268100,Direct,completed
B00007912,G001013,R0033,A0039,2024-12-23,2024-12-31,2025-01-10,Ocean Suite,10,45700,457000,Travel Agent,confirmed
B00007913,G001895,R0018,A0029,2025-02-25,2025-05-18,2025-05-25,Standard Double,7,14900,104300,Corporate,confirmed
B00007914,G000766,R0009,A0046,2024-03-25,2024-04-27,2024-05-02,Standard King,5,23300,116500,Direct,completed
B00007915,G001251,R0012,A0023,2025-04-18,2025-07-09,2025-07-11,Presidential,2,110700,221400,Corporate,completed
B00007916,G000725,R0023,A0045,2025-09-11,2025-09-30,2025-10-05,Standard Double,5,17100,85500,Loyalty,completed
B00007917,G001365,R0019,A0007,2024-03-08,2024-05-05,2024-05-06,Villa,1,51500,51500,Travel Agent,completed
B00007918,G001262,R0033,A0049,2024-11-11,2024-11-20,2024-12-03,Standard King,13,23400,304200,Travel Agent,completed
B00007919,G001187,R0028,A0022,2025-06-20,2025-08-19,2025-08-28,Standard Double,9,14700,132300,OTA,cancelled
B00007920,G002999,R0030,A0002,2025-01-14,2025-03-05,2025-03-08,Standard King,3,24200,72600,OTA,completed
B00007921,G002416,R0030,A0035,2024-01-11,2024-03-03,2024-03-10,Ocean Suite,7,32700,228900,Corporate,cancelled
B00007922,G002323,R0028,A0025,2024-08-17,2024-09-25,2024-09-27,Standard Double,2,18800,37600,Travel Agent,completed
B00007923,G002815,R0040,A0036,2025-02-26,2025-05-28,2025-05-31,Villa,3,64900,194700,OTA,completed
B00007924,G001886,R0020,A0021,2024-09-09,2024-11-10,2024-11-15,Standard King,5,22800,114000,OTA,completed
B00007925,G000459,R0001,A0055,2024-02-26,2024-02-28,2024-03-07,Ocean Suite,8,37000,296000,Direct,completed
B00007926,G000299,R0031,A0005,2024-08-22,2024-09-20,2024-10-01,Standard King,11,15800,173800,Direct,completed
B00007927,G001633,R0015,A0010,2025-02-24,2025-03-15,2025-03-16,Standard Double,1,15400,15400,Direct,cancelled
B00007928,G000579,R0040,A0032,2025-06-08,2025-06-16,2025-06-23,Ocean Suite,7,35900,251300,Travel Agent,completed
B00007929,G001439,R0009,A0035,2025-11-13,2025-12-31,2026-01-13,Ocean Suite,13,30700,399100,OTA,completed
B00007930,G001098,R0003,A0051,2024-06-03,2024-07-21,2024-08-02,Villa,12,54200,650400,Travel Agent,completed
B00007931,G001873,R0022,A0016,2024-10-16,2024-12-28,2025-01-03,Villa,6,54700,328200,Direct,confirmed
B00007932,G002661,R0001,A0032,2024-03-29,2024-04-13,2024-04-21,Villa,8,57200,457600,Direct,cancelled
B00007933,G000594,R0019,A0031,2025-07-15,2025-08-18,2025-08-20,Standard King,2,23500,47000,Loyalty,completed
B00007934,G000860,R0037,A0036,2025-02-15,2025-03-12,2025-03-20,Villa,8,75400,603200,Corporate,completed
B00007935,G002350,R0027,A0002,2024-03-11,2024-03-22,2024-03-30,Presidential,8,150400,1203200,Travel Agent,completed
B00007936,G000387,R0036,A0029,2024-12-24,2025-03-12,2025-03-24,Ocean Suite,12,35900,430800,OTA,completed
B00007937,G002250,R0032,A0034,2024-04-17,2024-04-29,2024-04-30,Standard Double,1,18000,18000,Direct,completed
B00007938,G002507,R0005,A0053,2025-04-04,2025-06-13,2025-06-21,Standard King,8,21500,172000,Travel Agent,completed
B00007939,G000452,R0028,A0006,2025-11-25,2026-01-28,2026-02-07,Ocean Suite,10,31700,317000,Travel Agent,completed
B00007940,G002126,R0031,A0007,2025-04-15,2025-05-01,2025-05-10,Ocean Suite,9,30500,274500,OTA,confirmed
B00007941,G001233,R0032,A0021,2024-11-17,2025-02-01,2025-02-08,Standard King,7,21300,149100,Direct,completed
B00007942,G002833,R0020,A0034,2025-06-27,2025-08-08,2025-08-10,Standard Double,2,15300,30600,Direct,completed
B00007943,G002504,R0040,A0026,2024-07-26,2024-11-17,2024-11-19,Standard King,2,19600,39200,Direct,completed
B00007944,G001970,R0014,A0017,2025-12-24,2026-03-08,2026-03-19,Villa,11,58500,643500,Travel Agent,completed
B00007945,G000828,R0007,A0045,2025-05-26,2025-07-16,2025-07-18,Standard King,2,17300,34600,Direct,completed
B00007946,G000003,R0038,A0030,2024-04-29,2024-08-27,2024-08-28,Standard King,1,21200,21200,Loyalty,cancelled
B00007947,G000325,R0005,A0001,2025-07-13,2025-07-20,2025-07-22,Standard Double,2,15900,31800,Direct,cancelled
B00007948,G002378,R0006,A0045,2024-12-12,2025-03-11,2025-03-23,Villa,12,79300,951600,OTA,completed
B00007949,G002605,R0020,A0037,2024-12-07,2024-12-22,2024-12-26,Standard King,4,20700,82800,OTA,completed
B00007950,G000897,R0036,A0053,2024-06-17,2024-09-14,2024-09-21,Standard Double,7,18300,128100,Direct,confirmed
B00007951,G001594,R0005,A0002,2024-12-15,2024-12-17,2024-12-28,Villa,11,67100,738100,Direct,confirmed
B00007952,G001358,R0031,A0019,2025-03-05,2025-04-16,2025-04-27,Standard Double,11,18600,204600,OTA,completed
B00007953,G000892,R0017,A0036,2025-03-30,2025-07-06,2025-07-16,Ocean Suite,10,32600,326000,Direct,completed
B00007954,G000944,R0024,A0001,2024-08-15,2024-12-04,2024-12-10,Standard Double,6,13300,79800,Loyalty,completed
B00007955,G001562,R0019,A0053,2024-07-03,2024-07-27,2024-08-10,Standard King,14,20900,292600,Corporate,confirmed
B00007956,G001504,R0015,A0032,2024-05-30,2024-09-26,2024-09-30,Ocean Suite,4,30700,122800,Direct,completed
B00007957,G002866,R0025,A0052,2024-09-14,2024-10-10,2024-10-12,Standard Double,2,17600,35200,Loyalty,completed
B00007958,G000274,R0039,A0037,2024-04-26,2024-08-14,2024-08-25,Ocean Suite,11,41700,458700,Corporate,cancelled
B00007959,G002024,R0010,A0003,2024-09-30,2025-01-14,2025-01-18,Ocean Suite,4,37300,149200,Loyalty,completed
B00007960,G000882,R0023,A0026,2025-03-31,2025-06-30,2025-07-10,Presidential,10,129600,1296000,Corporate,cancelled
B00007961,G001671,R0040,A0047,2024-12-22,2025-02-11,2025-02-20,Standard Double,9,13500,121500,Travel Agent,no_show
B00007962,G000677,R0015,A0055,2024-08-12,2024-10-18,2024-10-27,Ocean Suite,9,47200,424800,OTA,completed
B00007963,G000880,R0009,A0005,2024-05-31,2024-07-17,2024-07-23,Standard King,6,22800,136800,Direct,no_show
B00007964,G001591,R0014,A0005,2024-10-24,2025-01-10,2025-01-21,Standard King,11,19400,213400,Direct,completed
B00007965,G001056,R0038,A0046,2024-03-11,2024-04-22,2024-04-30,Standard King,8,16500,132000,Direct,completed
B00007966,G000363,R0011,A0023,2025-06-18,2025-07-29,2025-08-07,Standard King,9,23200,208800,Corporate,completed
B00007967,G001113,R0030,A0034,2024-07-03,2024-10-10,2024-10-18,Villa,8,53400,427200,OTA,completed
B00007968,G000907,R0030,A0022,2024-06-20,2024-06-22,2024-07-03,Ocean Suite,11,42000,462000,Loyalty,completed
B00007969,G002695,R0004,A0008,2024-07-21,2024-10-22,2024-10-26,Villa,4,64800,259200,Travel Agent,completed
B00007970,G001405,R0004,A0046,2024-09-08,2024-11-21,2024-11-22,Standard Double,1,14700,14700,OTA,completed
B00007971,G001813,R0038,A0040,2025-01-03,2025-02-13,2025-02-23,Standard Double,10,17400,174000,Direct,confirmed
B00007972,G000079,R0011,A0003,2024-08-17,2024-08-28,2024-09-03,Standard King,6,19800,118800,Direct,confirmed
B00007973,G000324,R0008,A0014,2025-11-05,2026-01-14,2026-01-19,Standard Double,5,19900,99500,Direct,completed
B00007974,G000144,R0035,A0006,2025-05-27,2025-07-03,2025-07-10,Standard Double,7,14600,102200,Direct,completed
B00007975,G001566,R0026,A0023,2025-11-26,2025-12-30,2026-01-10,Ocean Suite,11,33100,364100,OTA,cancelled
B00007976,G000852,R0039,A0006,2024-12-12,2025-03-23,2025-03-28,Standard Double,5,15000,75000,Direct,completed
B00007977,G000824,R0036,A0037,2024-12-28,2025-03-11,2025-03-21,Ocean Suite,10,36200,362000,Direct,completed
B00007978,G001623,R0010,A0055,2024-11-18,2025-03-17,2025-03-29,Standard Double,12,14100,169200,Direct,confirmed
B00007979,G001476,R0023,A0040,2025-12-02,2025-12-04,2025-12-13,Standard King,9,23300,209700,OTA,confirmed
B00007980,G001964,R0003,A0008,2024-11-09,2024-11-10,2024-11-20,Standard Double,10,15500,155000,Direct,completed
B00007981,G000108,R0017,A0013,2025-09-09,2025-12-13,2025-12-15,Presidential,2,131800,263600,Travel Agent,cancelled
B00007982,G002572,R0039,A0006,2025-03-12,2025-03-28,2025-04-05,Standard Double,8,19300,154400,OTA,completed
B00007983,G000766,R0028,A0037,2024-07-25,2024-10-18,2024-10-27,Standard King,9,23700,213300,OTA,completed
B00007984,G000231,R0019,A0046,2025-06-20,2025-06-23,2025-06-25,Standard Double,2,19500,39000,Corporate,completed
B00007985,G000899,R0034,A0008,2024-05-23,2024-07-21,2024-08-01,Standard King,11,21300,234300,Loyalty,completed
B00007986,G001258,R0015,A0031,2025-04-14,2025-05-29,2025-06-02,Standard King,4,17100,68400,OTA,cancelled
B00007987,G002445,R0024,A0016,2024-09-13,2025-01-01,2025-01-13,Ocean Suite,12,46000,552000,Corporate,completed
B00007988,G000881,R0021,A0027,2025-05-16,2025-09-12,2025-09-21,Standard King,9,17800,160200,OTA,completed
B00007989,G002216,R0038,A0037,2025-01-06,2025-04-14,2025-04-16,Standard King,2,19100,38200,Direct,completed
B00007990,G002624,R0004,A0006,2025-09-07,2025-12-06,2025-12-10,Standard King,4,18700,74800,OTA,completed
B00007991,G001565,R0009,A0015,2025-06-27,2025-09-17,2025-09-27,Standard Double,10,13400,134000,OTA,completed
B00007992,G002673,R0038,A0001,2025-01-26,2025-01-27,2025-02-09,Standard King,13,16600,215800,OTA,completed
B00007993,G001084,R0022,A0025,2025-01-23,2025-01-28,2025-02-11,Ocean Suite,14,44100,617400,Direct,completed
B00007994,G002061,R0011,A0012,2025-01-25,2025-02-27,2025-03-04,Ocean Suite,5,43500,217500,Direct,completed
B00007995,G002802,R0022,A0051,2024-01-25,2024-03-30,2024-04-04,Standard King,5,18000,90000,Loyalty,confirmed
B00007996,G000793,R0003,A0039,2024-05-13,2024-07-09,2024-07-14,Standard King,5,15500,77500,Direct,completed
B00007997,G001190,R0001,A0004,2024-02-20,2024-05-08,2024-05-17,Ocean Suite,9,42800,385200,Corporate,completed
B00007998,G001330,R0022,A0053,2024-07-26,2024-08-07,2024-08-17,Standard King,10,18400,184000,Travel Agent,completed
B00007999,G002966,R0020,A0017,2024-10-25,2025-01-05,2025-01-18,Standard Double,13,19200,249600,Direct,completed
B00008000,G002374,R0005,A0027,2025-03-23,2025-03-25,2025-04-05,Presidential,11,120400,1324400,Direct,confirmed
B00008001,G000615,R0022,A0012,2024-12-31,2025-02-26,2025-03-12,Standard King,14,20600,288400,Travel Agent,completed
B00008002,G002935,R0014,A0043,2025-04-22,2025-06-04,2025-06-07,Ocean Suite,3,39800,119400,Direct,cancelled
B00008003,G000648,R0028,A0050,2024-08-17,2024-11-20,2024-12-01,Standard Double,11,18600,204600,Direct,confirmed
B00008004,G001175,R0033,A0045,2024-04-12,2024-06-06,2024-06-19,Standard King,13,20400,265200,OTA,completed
B00008005,G000054,R0003,A0039,2024-03-09,2024-03-14,2024-03-17,Standard King,3,20300,60900,Loyalty,completed
B00008006,G002194,R0018,A0053,2024-08-06,2024-10-07,2024-10-18,Ocean Suite,11,46800,514800,OTA,completed
B00008007,G000901,R0006,A0029,2024-11-22,2025-01-13,2025-01-19,Standard Double,6,18900,113400,Direct,completed
B00008008,G000208,R0027,A0032,2025-08-27,2025-12-16,2025-12-19,Standard Double,3,19900,59700,OTA,cancelled
B00008009,G000665,R0039,A0032,2024-07-21,2024-11-13,2024-11-24,Standard Double,11,13300,146300,Direct,completed
B00008010,G001070,R0008,A0029,2025-09-07,2025-11-04,2025-11-17,Villa,13,62500,812500,Direct,confirmed
B00008011,G002932,R0011,A0010,2024-01-10,2024-02-05,2024-02-17,Standard Double,12,13700,164400,Direct,completed
B00008012,G001637,R0008,A0031,2025-08-01,2025-09-04,2025-09-10,Ocean Suite,6,38400,230400,Travel Agent,completed
B00008013,G002148,R0019,A0023,2024-04-08,2024-07-20,2024-07-28,Standard Double,8,17300,138400,Corporate,completed
B00008014,G000627,R0028,A0006,2025-12-03,2025-12-30,2026-01-10,Standard King,11,21600,237600,Direct,completed
B00008015,G000926,R0031,A0029,2024-04-20,2024-05-11,2024-05-18,Standard King,7,15800,110600,Loyalty,completed
B00008016,G001413,R0010,A0021,2025-10-04,2025-11-16,2025-11-29,Standard King,13,23400,304200,OTA,completed
B00008017,G001502,R0001,A0025,2025-10-18,2026-02-10,2026-02-16,Ocean Suite,6,45700,274200,Travel Agent,completed
B00008018,G000220,R0010,A0046,2024-06-11,2024-08-06,2024-08-08,Standard King,2,20300,40600,OTA,cancelled
B00008019,G002703,R0021,A0012,2025-07-13,2025-11-09,2025-11-13,Standard King,4,20200,80800,Corporate,confirmed
B00008020,G002038,R0013,A0051,2025-12-20,2026-04-14,2026-04-27,Ocean Suite,13,34800,452400,Loyalty,completed
B00008021,G001440,R0020,A0030,2025-12-21,2026-03-08,2026-03-19,Standard King,11,21600,237600,Direct,completed
B00008022,G002035,R0021,A0010,2024-02-29,2024-03-02,2024-03-13,Standard King,11,18800,206800,OTA,completed
B00008023,G002807,R0037,A0007,2024-03-20,2024-03-22,2024-03-29,Standard Double,7,17600,123200,Travel Agent,completed
B00008024,G000948,R0031,A0033,2025-12-14,2025-12-18,2025-12-20,Standard Double,2,17200,34400,OTA,confirmed
B00008025,G001472,R0023,A0045,2025-06-27,2025-10-06,2025-10-18,Standard King,12,19800,237600,OTA,cancelled
B00008026,G000074,R0036,A0030,2024-09-22,2024-12-13,2024-12-27,Standard King,14,23500,329000,Travel Agent,completed
B00008027,G001334,R0010,A0014,2025-06-02,2025-08-14,2025-08-16,Standard King,2,15700,31400,Direct,completed
B00008028,G002936,R0006,A0022,2025-04-20,2025-07-12,2025-07-25,Ocean Suite,13,33000,429000,Corporate,confirmed
B00008029,G001772,R0017,A0022,2025-05-03,2025-07-13,2025-07-27,Standard Double,14,16400,229600,Direct,completed
B00008030,G001692,R0012,A0029,2025-01-23,2025-02-20,2025-03-02,Standard Double,10,15300,153000,Travel Agent,completed
B00008031,G001843,R0037,A0019,2025-09-01,2025-09-07,2025-09-16,Ocean Suite,9,44600,401400,Loyalty,completed
B00008032,G002552,R0022,A0051,2024-04-28,2024-05-21,2024-05-22,Ocean Suite,1,43600,43600,Direct,completed
B00008033,G002048,R0035,A0050,2024-11-25,2025-02-14,2025-02-26,Standard Double,12,18200,218400,OTA,completed
B00008034,G002298,R0007,A0025,2025-12-12,2026-04-06,2026-04-13,Standard King,7,22700,158900,Corporate,no_show
B00008035,G001318,R0037,A0005,2025-01-06,2025-02-11,2025-02-20,Standard Double,9,18100,162900,Travel Agent,completed
B00008036,G001669,R0029,A0023,2025-04-11,2025-06-27,2025-07-10,Standard Double,13,20200,262600,OTA,completed
B00008037,G000767,R0025,A0060,2024-04-22,2024-06-17,2024-06-23,Standard Double,6,12900,77400,Travel Agent,completed
B00008038,G000288,R0012,A0016,2025-12-26,2026-02-25,2026-03-03,Standard King,6,21000,126000,Loyalty,completed
B00008039,G001780,R0029,A0043,2025-08-12,2025-11-02,2025-11-12,Presidential,10,119900,1199000,Direct,confirmed
B00008040,G002051,R0001,A0032,2024-05-17,2024-08-12,2024-08-22,Presidential,10,152700,1527000,OTA,completed
B00008041,G001143,R0010,A0027,2025-12-01,2025-12-11,2025-12-24,Ocean Suite,13,37400,486200,Direct,completed
B00008042,G000694,R0039,A0056,2024-01-30,2024-03-23,2024-04-06,Ocean Suite,14,32600,456400,Corporate,confirmed
B00008043,G001739,R0008,A0026,2025-07-04,2025-07-08,2025-07-18,Standard Double,10,18800,188000,Corporate,completed
B00008044,G002343,R0013,A0020,2025-04-07,2025-07-07,2025-07-10,Villa,3,77400,232200,OTA,completed
B00008045,G001155,R0034,A0001,2024-07-06,2024-09-23,2024-10-02,Standard Double,9,13000,117000,Direct,completed
B00008046,G001320,R0014,A0003,2025-01-28,2025-04-03,2025-04-15,Standard King,12,21000,252000,Direct,cancelled
B00008047,G000276,R0025,A0039,2025-09-15,2025-10-11,2025-10-18,Standard King,7,16300,114100,Loyalty,completed
B00008048,G000248,R0009,A0011,2025-06-02,2025-06-23,2025-06-29,Standard Double,6,19400,116400,Direct,completed
B00008049,G001629,R0006,A0009,2025-05-20,2025-08-29,2025-09-10,Villa,12,70100,841200,Direct,completed
B00008050,G000652,R0026,A0008,2025-07-26,2025-09-21,2025-09-26,Standard Double,5,13400,67000,Corporate,cancelled
B00008051,G001938,R0007,A0008,2025-11-11,2025-12-08,2025-12-17,Standard Double,9,13600,122400,Direct,confirmed
B00008052,G000688,R0014,A0019,2025-11-04,2026-02-23,2026-02-27,Standard King,4,17200,68800,OTA,completed
B00008053,G002738,R0008,A0052,2024-06-09,2024-06-16,2024-06-18,Standard King,2,20000,40000,Corporate,completed
B00008054,G002724,R0040,A0029,2024-10-13,2025-02-03,2025-02-04,Standard King,1,18100,18100,OTA,completed
B00008055,G000273,R0011,A0023,2025-01-06,2025-04-22,2025-04-27,Standard King,5,17400,87000,OTA,completed
B00008056,G002736,R0040,A0035,2025-05-13,2025-07-06,2025-07-14,Standard King,8,19800,158400,OTA,completed
B00008057,G001483,R0005,A0019,2025-09-07,2025-10-05,2025-10-17,Ocean Suite,12,30200,362400,Direct,cancelled
B00008058,G000141,R0002,A0032,2024-05-16,2024-07-25,2024-08-03,Standard King,9,16400,147600,OTA,completed
B00008059,G001293,R0017,A0040,2024-01-19,2024-04-30,2024-05-10,Standard King,10,17100,171000,OTA,confirmed
B00008060,G001618,R0006,A0043,2024-07-09,2024-08-26,2024-08-28,Standard King,2,15800,31600,Direct,no_show
B00008061,G000673,R0019,A0001,2024-06-17,2024-07-02,2024-07-16,Standard King,14,15800,221200,OTA,completed
B00008062,G002411,R0001,A0001,2024-04-26,2024-07-30,2024-08-09,Standard Double,10,18400,184000,Travel Agent,completed
B00008063,G002457,R0031,A0033,2025-04-28,2025-05-14,2025-05-17,Presidential,3,130700,392100,OTA,completed
B00008064,G002063,R0029,A0033,2024-12-15,2025-01-10,2025-01-18,Standard Double,8,14100,112800,OTA,completed
B00008065,G001938,R0012,A0003,2025-10-18,2025-12-10,2025-12-20,Standard King,10,23700,237000,OTA,completed
B00008066,G001855,R0021,A0033,2025-07-09,2025-08-14,2025-08-21,Standard Double,7,15700,109900,OTA,completed
B00008067,G000073,R0002,A0037,2024-05-20,2024-05-31,2024-06-02,Standard King,2,19200,38400,Travel Agent,confirmed
B00008068,G002940,R0034,A0016,2025-11-21,2026-03-16,2026-03-25,Ocean Suite,9,30400,273600,OTA,completed
B00008069,G001268,R0010,A0004,2025-05-17,2025-08-22,2025-09-05,Standard Double,14,17500,245000,Corporate,completed
B00008070,G000188,R0028,A0026,2025-09-06,2025-10-31,2025-11-05,Presidential,5,152800,764000,OTA,completed
B00008071,G002418,R0032,A0049,2024-10-11,2025-01-29,2025-02-11,Villa,13,75300,978900,OTA,confirmed
B00008072,G002049,R0017,A0024,2025-08-14,2025-08-26,2025-08-31,Standard King,5,22500,112500,Direct,confirmed
B00008073,G001677,R0012,A0010,2024-09-26,2024-11-24,2024-12-03,Standard Double,9,19200,172800,Loyalty,completed
B00008074,G002919,R0040,A0016,2025-07-03,2025-09-13,2025-09-16,Standard Double,3,17000,51000,Direct,cancelled
B00008075,G002560,R0012,A0017,2024-12-24,2025-02-07,2025-02-17,Standard King,10,21600,216000,OTA,completed
B00008076,G000454,R0038,A0032,2024-07-21,2024-11-15,2024-11-17,Standard King,2,20700,41400,Direct,completed
B00008077,G002065,R0035,A0006,2024-10-28,2024-12-26,2024-12-27,Standard Double,1,20100,20100,Direct,completed
B00008078,G000771,R0030,A0018,2024-10-26,2025-01-03,2025-01-10,Standard Double,7,13200,92400,Direct,no_show
B00008079,G001828,R0026,A0010,2025-12-12,2026-01-30,2026-02-02,Standard King,3,19700,59100,Loyalty,completed
B00008080,G002067,R0027,A0006,2025-11-13,2026-01-26,2026-02-04,Standard King,9,21400,192600,Direct,completed
B00008081,G001673,R0037,A0009,2024-01-28,2024-04-02,2024-04-09,Standard King,7,19000,133000,OTA,completed
B00008082,G000335,R0003,A0036,2025-02-01,2025-05-12,2025-05-23,Standard King,11,22300,245300,Direct,confirmed
B00008083,G000196,R0024,A0060,2025-09-26,2025-09-27,2025-10-01,Standard Double,4,13400,53600,OTA,completed
B00008084,G000942,R0008,A0059,2024-06-20,2024-07-03,2024-07-14,Villa,11,78500,863500,OTA,confirmed
B00008085,G001856,R0031,A0004,2024-04-07,2024-05-13,2024-05-26,Standard King,13,21000,273000,Loyalty,confirmed
B00008086,G002459,R0038,A0002,2025-01-07,2025-01-15,2025-01-27,Villa,12,51000,612000,Corporate,completed
B00008087,G001357,R0023,A0039,2024-11-24,2025-02-11,2025-02-13,Standard Double,2,18500,37000,OTA,completed
B00008088,G002127,R0018,A0001,2024-05-22,2024-09-03,2024-09-13,Standard Double,10,17200,172000,Direct,completed
B00008089,G000898,R0016,A0057,2025-04-03,2025-07-08,2025-07-14,Standard King,6,15800,94800,OTA,confirmed
B00008090,G002344,R0031,A0005,2025-06-01,2025-07-06,2025-07-16,Standard King,10,17200,172000,Direct,completed
B00008091,G000819,R0035,A0033,2025-10-15,2026-01-03,2026-01-07,Presidential,4,143200,572800,Travel Agent,confirmed
B00008092,G001525,R0005,A0024,2025-10-03,2025-11-21,2025-11-25,Standard Double,4,13100,52400,OTA,completed
B00008093,G002329,R0011,A0035,2025-04-13,2025-06-07,2025-06-09,Presidential,2,118600,237200,Corporate,completed
B00008094,G002585,R0022,A0002,2024-07-25,2024-11-08,2024-11-15,Villa,7,74800,523600,Travel Agent,completed
B00008095,G001476,R0032,A0028,2024-02-02,2024-02-18,2024-03-02,Standard King,13,21000,273000,Corporate,completed
B00008096,G000523,R0010,A0055,2025-04-25,2025-06-20,2025-06-25,Standard King,5,16000,80000,OTA,completed
B00008097,G000482,R0014,A0042,2024-06-30,2024-07-18,2024-07-30,Standard King,12,16100,193200,Direct,completed
B00008098,G000842,R0027,A0001,2025-12-11,2026-01-23,2026-01-30,Standard Double,7,15700,109900,Loyalty,completed
B00008099,G000388,R0008,A0020,2024-06-20,2024-09-06,2024-09-18,Standard King,12,22500,270000,OTA,completed
B00008100,G002429,R0030,A0043,2024-02-18,2024-02-29,2024-03-04,Standard King,4,18400,73600,Direct,completed
B00008101,G000290,R0023,A0040,2024-07-25,2024-10-25,2024-10-31,Standard Double,6,16800,100800,Loyalty,completed
B00008102,G000194,R0032,A0015,2025-05-04,2025-05-13,2025-05-19,Standard Double,6,13600,81600,OTA,completed
B00008103,G002993,R0013,A0025,2024-03-27,2024-07-17,2024-07-18,Standard King,1,17000,17000,Direct,completed
B00008104,G000305,R0016,A0020,2025-10-07,2025-11-19,2025-11-25,Standard King,6,16400,98400,Corporate,completed
B00008105,G000483,R0039,A0011,2025-03-07,2025-04-19,2025-04-21,Ocean Suite,2,37200,74400,Corporate,completed
B00008106,G002681,R0015,A0034,2025-10-31,2026-01-15,2026-01-21,Villa,6,55900,335400,OTA,confirmed
B00008107,G000614,R0019,A0045,2025-10-21,2025-10-26,2025-11-03,Presidential,8,144200,1153600,Direct,completed
B00008108,G002556,R0015,A0050,2024-02-03,2024-03-04,2024-03-14,Standard King,10,24000,240000,OTA,completed
B00008109,G000156,R0032,A0043,2025-12-25,2026-02-04,2026-02-10,Standard Double,6,17700,106200,Travel Agent,completed
B00008110,G001454,R0004,A0019,2025-02-22,2025-06-16,2025-06-18,Standard Double,2,19300,38600,Direct,completed
B00008111,G000744,R0019,A0039,2024-09-10,2024-11-19,2024-11-28,Villa,9,70600,635400,OTA,confirmed
B00008112,G001913,R0027,A0045,2024-03-21,2024-06-17,2024-06-22,Standard King,5,21100,105500,OTA,completed
B00008113,G001480,R0031,A0007,2024-01-21,2024-02-26,2024-03-10,Standard King,13,21700,282100,OTA,completed
B00008114,G000916,R0040,A0033,2024-03-07,2024-06-02,2024-06-15,Standard Double,13,19800,257400,OTA,completed
B00008115,G000749,R0002,A0017,2025-01-24,2025-02-15,2025-03-01,Standard Double,14,20100,281400,OTA,completed
B00008116,G000761,R0006,A0046,2024-03-05,2024-05-11,2024-05-22,Villa,11,55300,608300,Direct,completed
B00008117,G000412,R0010,A0030,2025-09-01,2025-10-19,2025-10-29,Standard King,10,20200,202000,OTA,cancelled
B00008118,G001686,R0018,A0026,2025-12-10,2025-12-17,2025-12-20,Ocean Suite,3,38600,115800,Travel Agent,completed
B00008119,G001509,R0039,A0057,2024-04-08,2024-07-08,2024-07-16,Standard Double,8,19900,159200,OTA,completed
B00008120,G002214,R0026,A0011,2024-08-14,2024-11-09,2024-11-12,Standard Double,3,17600,52800,Direct,completed
B00008121,G002223,R0004,A0056,2025-11-09,2025-11-18,2025-11-20,Standard Double,2,17300,34600,Corporate,completed
B00008122,G002435,R0039,A0044,2025-05-10,2025-08-23,2025-08-27,Standard Double,4,19800,79200,OTA,cancelled
B00008123,G000444,R0019,A0042,2025-03-21,2025-05-22,2025-06-03,Standard King,12,21000,252000,OTA,completed
B00008124,G001895,R0015,A0023,2024-07-04,2024-07-21,2024-07-27,Standard Double,6,14900,89400,Direct,completed
B00008125,G002658,R0011,A0003,2025-11-29,2026-03-28,2026-04-11,Standard King,14,21600,302400,Direct,completed
B00008126,G000454,R0027,A0001,2024-03-17,2024-06-09,2024-06-10,Presidential,1,157800,157800,OTA,cancelled
B00008127,G002966,R0005,A0051,2025-01-23,2025-05-11,2025-05-13,Standard King,2,17400,34800,Loyalty,completed
B00008128,G001508,R0038,A0042,2024-05-30,2024-09-17,2024-09-23,Standard Double,6,14300,85800,Direct,completed
B00008129,G000954,R0017,A0034,2024-04-11,2024-05-24,2024-06-01,Ocean Suite,8,31200,249600,Travel Agent,confirmed
B00008130,G000192,R0039,A0003,2024-08-17,2024-11-27,2024-12-06,Standard Double,9,13000,117000,Travel Agent,confirmed
B00008131,G000333,R0028,A0058,2024-11-07,2025-02-20,2025-02-28,Villa,8,65000,520000,Corporate,completed
B00008132,G001413,R0016,A0001,2024-06-20,2024-07-01,2024-07-09,Standard Double,8,19800,158400,Travel Agent,completed
B00008133,G001848,R0031,A0052,2024-10-20,2025-01-26,2025-02-04,Ocean Suite,9,31000,279000,Direct,completed
B00008134,G002690,R0036,A0002,2025-12-03,2025-12-17,2025-12-25,Standard King,8,20200,161600,Direct,cancelled
B00008135,G001038,R0037,A0009,2025-07-06,2025-07-21,2025-07-31,Standard Double,10,16700,167000,Travel Agent,completed
B00008136,G000877,R0022,A0026,2024-02-28,2024-05-18,2024-05-26,Standard Double,8,19900,159200,OTA,completed
B00008137,G000944,R0005,A0029,2024-07-28,2024-11-14,2024-11-24,Standard King,10,22600,226000,OTA,completed
B00008138,G002658,R0034,A0046,2024-05-28,2024-06-26,2024-07-03,Ocean Suite,7,38800,271600,Loyalty,completed
B00008139,G001072,R0001,A0018,2024-02-02,2024-04-09,2024-04-23,Presidential,14,114300,1600200,Direct,completed
B00008140,G000703,R0039,A0060,2025-08-09,2025-11-18,2025-11-21,Standard Double,3,19400,58200,Direct,completed
B00008141,G002812,R0014,A0017,2024-06-19,2024-07-08,2024-07-21,Ocean Suite,13,39000,507000,Direct,confirmed
B00008142,G002944,R0002,A0017,2024-06-22,2024-08-10,2024-08-11,Standard King,1,18600,18600,Direct,completed
B00008143,G001026,R0016,A0005,2025-03-07,2025-06-26,2025-07-10,Standard Double,14,14000,196000,OTA,confirmed
B00008144,G000888,R0002,A0002,2025-04-09,2025-05-17,2025-05-23,Standard King,6,15800,94800,Travel Agent,confirmed
B00008145,G002587,R0023,A0033,2025-09-08,2025-12-16,2025-12-20,Ocean Suite,4,32200,128800,Direct,completed
B00008146,G000975,R0010,A0009,2024-05-11,2024-08-04,2024-08-16,Standard King,12,22700,272400,Travel Agent,completed
B00008147,G000233,R0014,A0013,2024-01-19,2024-03-06,2024-03-12,Ocean Suite,6,36700,220200,Travel Agent,completed
B00008148,G002368,R0009,A0056,2024-01-05,2024-01-15,2024-01-16,Ocean Suite,1,35500,35500,Loyalty,cancelled
B00008149,G002293,R0030,A0035,2024-02-20,2024-04-16,2024-04-19,Villa,3,77200,231600,OTA,completed
B00008150,G000205,R0010,A0052,2024-08-09,2024-10-10,2024-10-18,Ocean Suite,8,34100,272800,OTA,completed
B00008151,G000006,R0032,A0030,2024-11-15,2025-01-22,2025-02-02,Standard King,11,16800,184800,OTA,completed
B00008152,G000720,R0040,A0005,2025-02-19,2025-06-14,2025-06-21,Standard King,7,21000,147000,OTA,completed
B00008153,G000510,R0028,A0033,2025-11-03,2025-12-15,2025-12-27,Standard King,12,17500,210000,Direct,confirmed
B00008154,G002570,R0013,A0029,2025-03-15,2025-07-08,2025-07-13,Presidential,5,125400,627000,Direct,completed
B00008155,G001536,R0026,A0053,2025-03-11,2025-04-25,2025-04-29,Standard King,4,22000,88000,Direct,completed
B00008156,G000675,R0015,A0057,2025-12-21,2026-03-17,2026-03-29,Standard Double,12,12800,153600,Travel Agent,confirmed
B00008157,G001254,R0010,A0019,2025-11-06,2026-01-04,2026-01-11,Standard King,7,23100,161700,Direct,completed
B00008158,G002586,R0012,A0017,2024-09-15,2025-01-03,2025-01-10,Standard King,7,18900,132300,OTA,confirmed
B00008159,G001027,R0013,A0014,2025-04-30,2025-05-01,2025-05-10,Standard King,9,19600,176400,Loyalty,confirmed
B00008160,G002359,R0030,A0018,2024-06-25,2024-08-20,2024-09-01,Standard Double,12,17500,210000,Direct,completed
B00008161,G000311,R0024,A0031,2025-06-10,2025-09-21,2025-09-25,Standard King,4,18000,72000,Direct,confirmed
B00008162,G001938,R0036,A0051,2024-05-24,2024-06-27,2024-07-06,Standard King,9,18900,170100,Travel Agent,completed
B00008163,G002801,R0036,A0019,2024-01-27,2024-04-09,2024-04-13,Standard Double,4,13200,52800,Travel Agent,completed
B00008164,G002520,R0020,A0004,2024-07-25,2024-08-15,2024-08-21,Standard King,6,18500,111000,Travel Agent,completed
B00008165,G000059,R0016,A0008,2025-04-13,2025-04-21,2025-04-23,Standard King,2,16200,32400,Travel Agent,completed
B00008166,G000221,R0003,A0039,2025-02-03,2025-06-02,2025-06-05,Standard King,3,23100,69300,Direct,completed
B00008167,G002395,R0003,A0013,2024-10-29,2025-01-07,2025-01-09,Standard King,2,16000,32000,Loyalty,completed
B00008168,G001385,R0003,A0042,2024-04-21,2024-06-03,2024-06-12,Standard Double,9,14300,128700,Direct,completed
B00008169,G002249,R0027,A0059,2025-07-10,2025-10-21,2025-10-23,Standard King,2,15600,31200,Direct,confirmed
B00008170,G000968,R0037,A0004,2025-02-22,2025-03-21,2025-04-01,Villa,11,51800,569800,Direct,completed
B00008171,G002363,R0015,A0022,2024-09-08,2024-11-03,2024-11-16,Ocean Suite,13,32400,421200,Direct,cancelled
B00008172,G000039,R0032,A0018,2025-10-13,2026-02-10,2026-02-19,Standard King,9,22500,202500,Corporate,confirmed
B00008173,G001736,R0021,A0055,2025-06-24,2025-08-01,2025-08-09,Standard Double,8,17200,137600,Direct,completed
B00008174,G000673,R0030,A0052,2024-09-15,2024-09-25,2024-10-08,Standard Double,13,19100,248300,Travel Agent,completed
B00008175,G000568,R0016,A0020,2024-03-23,2024-04-27,2024-04-30,Villa,3,65300,195900,Direct,completed
B00008176,G000078,R0029,A0016,2025-05-29,2025-08-20,2025-08-26,Standard Double,6,14700,88200,Direct,completed
B00008177,G000532,R0013,A0033,2025-01-17,2025-02-23,2025-02-27,Standard Double,4,15300,61200,OTA,completed
B00008178,G000536,R0040,A0011,2025-01-31,2025-05-27,2025-06-05,Ocean Suite,9,32400,291600,OTA,completed
B00008179,G002738,R0022,A0031,2025-09-19,2025-11-17,2025-11-27,Ocean Suite,10,38100,381000,Direct,completed
B00008180,G002851,R0014,A0050,2024-06-13,2024-07-02,2024-07-14,Standard King,12,19500,234000,OTA,completed
B00008181,G000467,R0011,A0025,2025-06-03,2025-07-26,2025-08-03,Standard Double,8,16400,131200,Direct,completed
B00008182,G000331,R0025,A0001,2025-05-26,2025-07-26,2025-08-01,Ocean Suite,6,44200,265200,Corporate,completed
B00008183,G001076,R0028,A0032,2025-10-29,2026-02-18,2026-02-20,Standard Double,2,12900,25800,Direct,completed
B00008184,G001178,R0033,A0040,2024-04-10,2024-06-11,2024-06-21,Standard King,10,18600,186000,Direct,completed
B00008185,G002324,R0027,A0042,2025-09-18,2025-10-14,2025-10-25,Standard Double,11,13500,148500,OTA,confirmed
B00008186,G002912,R0035,A0051,2024-08-04,2024-10-16,2024-10-30,Standard King,14,23600,330400,Corporate,completed
B00008187,G000074,R0019,A0027,2025-03-15,2025-06-09,2025-06-10,Villa,1,74400,74400,Direct,cancelled
B00008188,G001936,R0015,A0045,2025-08-03,2025-11-16,2025-11-18,Standard Double,2,15000,30000,Travel Agent,completed
B00008189,G000719,R0018,A0036,2024-05-05,2024-06-05,2024-06-11,Villa,6,59400,356400,Loyalty,no_show
B00008190,G000783,R0038,A0053,2025-01-16,2025-02-11,2025-02-20,Standard King,9,23100,207900,Corporate,completed
B00008191,G000733,R0039,A0055,2024-07-09,2024-07-19,2024-07-31,Standard King,12,17000,204000,Loyalty,confirmed
B00008192,G000307,R0008,A0060,2025-03-09,2025-03-26,2025-04-01,Standard Double,6,17200,103200,OTA,completed
B00008193,G000995,R0033,A0055,2024-06-09,2024-10-04,2024-10-15,Standard King,11,16600,182600,Travel Agent,completed
B00008194,G001186,R0019,A0025,2024-09-15,2024-10-13,2024-10-23,Ocean Suite,10,43300,433000,Direct,confirmed
B00008195,G001320,R0036,A0026,2025-05-22,2025-07-30,2025-08-02,Standard Double,3,17900,53700,OTA,cancelled
B00008196,G000063,R0005,A0044,2024-07-01,2024-08-18,2024-08-24,Standard Double,6,13000,78000,OTA,no_show
B00008197,G000643,R0038,A0030,2025-05-17,2025-08-30,2025-09-05,Standard Double,6,15500,93000,OTA,confirmed
B00008198,G001975,R0027,A0005,2024-02-12,2024-06-10,2024-06-23,Standard Double,13,19600,254800,Corporate,completed
B00008199,G001989,R0023,A0026,2025-01-08,2025-03-21,2025-03-22,Ocean Suite,1,39900,39900,OTA,completed
B00008200,G002347,R0022,A0057,2024-02-12,2024-04-12,2024-04-23,Standard King,11,24100,265100,Loyalty,confirmed
B00008201,G002902,R0008,A0002,2024-05-14,2024-08-20,2024-08-25,Standard Double,5,12800,64000,Direct,no_show
B00008202,G000167,R0005,A0039,2024-05-23,2024-07-09,2024-07-11,Standard King,2,15400,30800,Direct,completed
B00008203,G002678,R0028,A0034,2025-05-03,2025-07-03,2025-07-17,Presidential,14,112900,1580600,Direct,completed
B00008204,G001591,R0008,A0007,2025-12-08,2026-02-27,2026-03-01,Standard Double,2,14400,28800,OTA,cancelled
B00008205,G001788,R0013,A0011,2025-06-06,2025-08-06,2025-08-18,Presidential,12,150100,1801200,OTA,completed
B00008206,G002306,R0008,A0031,2024-05-15,2024-07-21,2024-07-28,Standard King,7,23200,162400,Travel Agent,completed
B00008207,G002148,R0023,A0012,2025-10-09,2026-01-11,2026-01-20,Standard King,9,15300,137700,OTA,completed
B00008208,G002286,R0003,A0037,2025-10-05,2025-12-05,2025-12-06,Standard Double,1,18500,18500,Corporate,cancelled
B00008209,G002575,R0006,A0049,2024-12-31,2025-04-06,2025-04-15,Standard Double,9,19000,171000,Direct,completed
B00008210,G000614,R0032,A0022,2024-04-04,2024-04-06,2024-04-15,Standard King,9,16200,145800,Direct,cancelled
B00008211,G001693,R0040,A0050,2025-05-08,2025-08-18,2025-08-20,Ocean Suite,2,31400,62800,Travel Agent,confirmed
B00008212,G001390,R0037,A0029,2024-09-03,2024-11-17,2024-11-29,Ocean Suite,12,35400,424800,Direct,cancelled
B00008213,G001916,R0033,A0011,2024-03-24,2024-06-25,2024-06-29,Ocean Suite,4,47200,188800,OTA,completed
B00008214,G002309,R0008,A0037,2025-10-01,2025-11-24,2025-12-06,Standard King,12,19900,238800,Loyalty,confirmed
B00008215,G002968,R0033,A0006,2024-09-15,2024-11-05,2024-11-11,Ocean Suite,6,39500,237000,OTA,completed
B00008216,G002130,R0034,A0012,2024-04-26,2024-07-11,2024-07-23,Standard Double,12,17200,206400,Direct,completed
B00008217,G001762,R0035,A0033,2024-08-10,2024-10-23,2024-10-27,Standard King,4,22800,91200,OTA,completed
B00008218,G002153,R0026,A0054,2025-06-30,2025-10-04,2025-10-06,Ocean Suite,2,34900,69800,Travel Agent,cancelled
B00008219,G001014,R0031,A0053,2025-07-24,2025-10-19,2025-11-02,Villa,14,79600,1114400,Corporate,completed
B00008220,G002739,R0006,A0034,2024-01-04,2024-03-03,2024-03-13,Standard King,10,15700,157000,OTA,completed
B00008221,G001780,R0021,A0007,2025-04-12,2025-06-01,2025-06-14,Ocean Suite,13,34000,442000,Corporate,confirmed
B00008222,G000218,R0006,A0005,2024-04-03,2024-05-09,2024-05-11,Standard King,2,15300,30600,Direct,completed
B00008223,G001647,R0008,A0060,2024-05-28,2024-06-07,2024-06-11,Standard King,4,22100,88400,Direct,completed
B00008224,G000032,R0028,A0007,2025-10-26,2025-12-07,2025-12-17,Standard Double,10,14000,140000,Corporate,completed
B00008225,G001789,R0034,A0047,2024-12-20,2025-02-02,2025-02-16,Ocean Suite,14,32400,453600,OTA,cancelled
B00008226,G001695,R0020,A0032,2024-09-14,2024-09-22,2024-09-28,Standard Double,6,18500,111000,Travel Agent,completed
B00008227,G000607,R0025,A0038,2024-03-17,2024-04-29,2024-05-13,Ocean Suite,14,36900,516600,Corporate,completed
B00008228,G001071,R0001,A0013,2025-01-19,2025-03-29,2025-04-09,Standard King,11,22700,249700,OTA,cancelled
B00008229,G002958,R0032,A0029,2024-03-20,2024-06-11,2024-06-18,Presidential,7,148400,1038800,Direct,completed
B00008230,G001412,R0017,A0017,2024-09-28,2024-12-09,2024-12-11,Standard King,2,18900,37800,Travel Agent,confirmed
B00008231,G002157,R0037,A0001,2025-08-04,2025-08-26,2025-09-05,Standard King,10,16300,163000,OTA,completed
B00008232,G002329,R0015,A0050,2024-02-26,2024-06-16,2024-06-30,Villa,14,67000,938000,Direct,completed
B00008233,G001228,R0033,A0028,2025-10-16,2026-01-12,2026-01-26,Standard King,14,23000,322000,Travel Agent,cancelled
B00008234,G001359,R0019,A0012,2025-06-27,2025-08-09,2025-08-17,Standard Double,8,20200,161600,OTA,completed
B00008235,G002485,R0029,A0051,2024-11-12,2024-12-05,2024-12-19,Standard King,14,15600,218400,Direct,completed
B00008236,G002994,R0022,A0001,2025-12-10,2025-12-29,2026-01-11,Standard King,13,16200,210600,Direct,cancelled
B00008237,G000045,R0036,A0038,2024-10-19,2024-12-04,2024-12-05,Standard Double,1,18800,18800,Travel Agent,completed
B00008238,G000819,R0024,A0058,2025-02-12,2025-04-23,2025-05-06,Standard Double,13,14100,183300,OTA,completed
B00008239,G000181,R0038,A0031,2024-08-14,2024-11-23,2024-11-30,Standard Double,7,17500,122500,OTA,completed
B00008240,G001458,R0031,A0027,2025-09-03,2025-12-10,2025-12-16,Standard King,6,20300,121800,Direct,completed
B00008241,G001212,R0031,A0001,2025-04-29,2025-08-25,2025-08-26,Ocean Suite,1,42300,42300,Direct,completed
B00008242,G002560,R0040,A0012,2025-04-08,2025-04-12,2025-04-23,Standard Double,11,18600,204600,Travel Agent,confirmed
B00008243,G001750,R0014,A0026,2024-06-10,2024-09-10,2024-09-21,Standard King,11,21600,237600,Direct,completed
B00008244,G002811,R0023,A0026,2024-01-26,2024-05-20,2024-05-26,Standard Double,6,16700,100200,Direct,completed
B00008245,G002599,R0033,A0040,2025-05-14,2025-09-03,2025-09-09,Standard King,6,17700,106200,Direct,completed
B00008246,G000976,R0015,A0046,2025-06-11,2025-10-07,2025-10-15,Standard Double,8,18900,151200,Direct,completed
B00008247,G000620,R0003,A0032,2025-10-05,2025-11-27,2025-12-02,Standard Double,5,19800,99000,OTA,confirmed
B00008248,G001214,R0026,A0040,2024-07-29,2024-09-27,2024-10-07,Villa,10,80000,800000,Corporate,completed
B00008249,G000574,R0032,A0034,2025-04-15,2025-07-08,2025-07-17,Standard Double,9,15100,135900,Corporate,completed
B00008250,G001704,R0003,A0060,2024-05-13,2024-07-10,2024-07-18,Standard Double,8,17400,139200,OTA,completed
B00008251,G001292,R0035,A0056,2025-01-31,2025-02-18,2025-02-22,Standard King,4,16000,64000,OTA,completed
B00008252,G002313,R0027,A0032,2025-02-16,2025-05-29,2025-06-09,Ocean Suite,11,39700,436700,Direct,completed
B00008253,G000388,R0035,A0032,2024-03-30,2024-04-22,2024-04-28,Standard Double,6,16100,96600,Travel Agent,completed
B00008254,G001404,R0030,A0028,2025-09-22,2025-10-21,2025-10-31,Villa,10,70000,700000,Direct,confirmed
B00008255,G000431,R0025,A0044,2025-01-30,2025-02-11,2025-02-23,Standard King,12,22600,271200,OTA,completed
B00008256,G002391,R0026,A0020,2024-06-19,2024-09-10,2024-09-21,Standard Double,11,14100,155100,Direct,confirmed
B00008257,G002465,R0024,A0049,2025-10-30,2026-02-04,2026-02-09,Standard King,5,17200,86000,Corporate,completed
B00008258,G000392,R0001,A0026,2024-03-15,2024-05-10,2024-05-14,Standard Double,4,20200,80800,Corporate,completed
B00008259,G000725,R0001,A0055,2024-10-21,2025-02-07,2025-02-17,Villa,10,64800,648000,Direct,cancelled
B00008260,G002727,R0036,A0046,2025-06-23,2025-07-11,2025-07-14,Standard Double,3,15100,45300,Direct,completed
B00008261,G001334,R0012,A0003,2025-03-21,2025-06-04,2025-06-05,Ocean Suite,1,37500,37500,Direct,completed
B00008262,G001743,R0020,A0026,2024-07-15,2024-07-18,2024-07-27,Standard King,9,17300,155700,Travel Agent,completed
B00008263,G001379,R0016,A0017,2025-11-17,2026-02-26,2026-03-02,Ocean Suite,4,43600,174400,OTA,completed
B00008264,G000972,R0007,A0059,2024-08-23,2024-09-11,2024-09-24,Standard Double,13,14700,191100,Loyalty,completed
B00008265,G001014,R0032,A0038,2025-05-04,2025-05-05,2025-05-14,Standard Double,9,16500,148500,Direct,confirmed
B00008266,G002348,R0019,A0042,2025-02-11,2025-05-29,2025-06-06,Villa,8,56300,450400,Direct,completed
B00008267,G001643,R0017,A0010,2025-08-15,2025-11-20,2025-11-26,Standard King,6,22800,136800,Corporate,completed
B00008268,G000363,R0022,A0028,2025-03-04,2025-06-24,2025-07-03,Ocean Suite,9,35100,315900,Travel Agent,confirmed
B00008269,G000506,R0018,A0001,2025-12-26,2026-02-04,2026-02-05,Standard Double,1,17800,17800,Corporate,completed
B00008270,G002505,R0004,A0057,2024-06-26,2024-08-21,2024-08-25,Standard Double,4,13100,52400,Direct,completed
B00008271,G002023,R0015,A0012,2024-04-30,2024-07-07,2024-07-19,Standard King,12,20100,241200,Direct,no_show
B00008272,G001688,R0003,A0036,2024-01-17,2024-02-24,2024-02-29,Presidential,5,139300,696500,OTA,cancelled
B00008273,G002967,R0014,A0046,2024-12-24,2025-04-20,2025-04-26,Ocean Suite,6,45300,271800,Direct,cancelled
B00008274,G000113,R0025,A0006,2025-05-08,2025-09-02,2025-09-13,Presidential,11,148400,1632400,OTA,completed
B00008275,G000939,R0036,A0049,2025-04-07,2025-04-16,2025-04-18,Ocean Suite,2,40100,80200,Travel Agent,completed
B00008276,G000588,R0038,A0017,2024-12-07,2025-03-12,2025-03-20,Standard Double,8,15300,122400,Direct,completed
B00008277,G001329,R0015,A0017,2024-09-25,2025-01-06,2025-01-13,Standard King,7,22200,155400,Travel Agent,cancelled
B00008278,G002488,R0011,A0003,2024-11-12,2024-12-19,2024-12-20,Standard King,1,16600,16600,Direct,no_show
B00008279,G000434,R0008,A0020,2024-01-11,2024-03-05,2024-03-13,Ocean Suite,8,39900,319200,Loyalty,completed
B00008280,G001609,R0002,A0047,2025-10-20,2025-12-01,2025-12-04,Ocean Suite,3,32400,97200,Direct,completed
B00008281,G000458,R0007,A0029,2025-05-22,2025-08-05,2025-08-08,Standard Double,3,14500,43500,OTA,completed
B00008282,G001611,R0036,A0007,2024-04-09,2024-07-23,2024-08-02,Ocean Suite,10,44400,444000,Corporate,completed
B00008283,G001880,R0004,A0059,2024-12-31,2025-01-17,2025-01-26,Standard Double,9,18200,163800,Corporate,completed
B00008284,G000354,R0008,A0031,2025-11-18,2025-12-17,2025-12-20,Villa,3,72100,216300,Direct,completed
B00008285,G000826,R0008,A0026,2024-05-30,2024-07-29,2024-07-31,Standard Double,2,17700,35400,Direct,completed
B00008286,G000113,R0014,A0023,2024-02-28,2024-05-04,2024-05-17,Ocean Suite,13,46800,608400,OTA,completed
B00008287,G000130,R0009,A0045,2024-08-11,2024-10-17,2024-10-22,Presidential,5,114900,574500,Loyalty,completed
B00008288,G002236,R0006,A0030,2025-06-02,2025-09-06,2025-09-20,Standard Double,14,13100,183400,OTA,confirmed
B00008289,G002225,R0040,A0005,2024-06-02,2024-09-03,2024-09-07,Villa,4,63400,253600,Direct,confirmed
B00008290,G000094,R0037,A0004,2025-03-01,2025-06-09,2025-06-22,Standard Double,13,18300,237900,OTA,confirmed
B00008291,G002138,R0028,A0020,2024-04-24,2024-08-10,2024-08-19,Standard Double,9,16500,148500,OTA,completed
B00008292,G000339,R0023,A0009,2024-07-22,2024-08-14,2024-08-24,Standard King,10,23000,230000,Loyalty,completed
B00008293,G002661,R0029,A0031,2025-04-27,2025-06-11,2025-06-19,Standard King,8,18500,148000,OTA,completed
B00008294,G001757,R0031,A0007,2025-11-22,2026-03-11,2026-03-25,Standard Double,14,14000,196000,OTA,completed
B00008295,G001613,R0022,A0034,2025-07-07,2025-08-01,2025-08-02,Standard Double,1,15700,15700,Direct,cancelled
B00008296,G000868,R0021,A0060,2025-06-06,2025-10-03,2025-10-09,Standard King,6,23300,139800,Travel Agent,completed
B00008297,G002803,R0040,A0026,2024-09-06,2024-12-23,2024-12-28,Ocean Suite,5,37500,187500,Direct,completed
B00008298,G002272,R0001,A0001,2025-03-20,2025-05-24,2025-06-01,Standard King,8,17500,140000,Travel Agent,completed
B00008299,G000344,R0012,A0029,2024-06-03,2024-06-13,2024-06-17,Villa,4,54000,216000,OTA,confirmed
B00008300,G001287,R0038,A0033,2025-08-22,2025-09-28,2025-09-30,Standard Double,2,19100,38200,Travel Agent,completed
B00008301,G000444,R0038,A0058,2024-02-14,2024-05-05,2024-05-14,Standard King,9,21400,192600,Travel Agent,completed
B00008302,G001648,R0018,A0040,2025-05-05,2025-05-21,2025-06-04,Ocean Suite,14,39800,557200,Direct,completed
B00008303,G001810,R0006,A0022,2025-10-16,2025-11-24,2025-12-07,Standard King,13,18800,244400,Loyalty,completed
B00008304,G002938,R0028,A0019,2024-06-09,2024-08-04,2024-08-17,Standard Double,13,14100,183300,Corporate,completed
B00008305,G001651,R0007,A0031,2024-06-28,2024-08-12,2024-08-19,Ocean Suite,7,33100,231700,Direct,completed
B00008306,G002006,R0039,A0025,2025-02-01,2025-03-20,2025-03-30,Standard King,10,22400,224000,OTA,completed
B00008307,G001985,R0020,A0022,2024-10-18,2025-01-27,2025-02-06,Standard King,10,16400,164000,Travel Agent,completed
B00008308,G002836,R0032,A0036,2025-01-01,2025-01-30,2025-02-05,Presidential,6,125400,752400,Corporate,completed
B00008309,G001478,R0025,A0048,2024-02-05,2024-02-17,2024-02-26,Standard King,9,22900,206100,OTA,completed
B00008310,G001447,R0023,A0052,2024-07-11,2024-09-17,2024-09-25,Standard Double,8,13400,107200,OTA,cancelled
B00008311,G002114,R0033,A0009,2025-02-22,2025-03-22,2025-04-01,Standard King,10,15300,153000,Direct,confirmed
B00008312,G000315,R0033,A0011,2024-05-21,2024-09-12,2024-09-15,Standard Double,3,17600,52800,Travel Agent,completed
B00008313,G000234,R0031,A0003,2025-11-30,2026-02-15,2026-02-28,Standard Double,13,14700,191100,Travel Agent,completed
B00008314,G002208,R0011,A0003,2024-02-05,2024-02-28,2024-03-10,Standard King,11,16300,179300,Direct,completed
B00008315,G000125,R0018,A0056,2025-11-10,2026-02-14,2026-02-20,Standard Double,6,13500,81000,OTA,completed
B00008316,G002217,R0033,A0028,2025-03-21,2025-06-25,2025-07-03,Standard King,8,23100,184800,Direct,completed
B00008317,G001773,R0019,A0005,2025-11-03,2025-12-14,2025-12-15,Standard Double,1,16000,16000,Travel Agent,completed
B00008318,G001397,R0022,A0018,2024-08-20,2024-10-25,2024-11-05,Standard King,11,18700,205700,OTA,completed
B00008319,G002280,R0030,A0006,2025-06-22,2025-08-16,2025-08-23,Standard Double,7,19600,137200,Loyalty,completed
B00008320,G001321,R0011,A0051,2024-05-16,2024-08-12,2024-08-13,Standard King,1,18700,18700,Direct,completed
B00008321,G002169,R0039,A0054,2025-07-03,2025-07-26,2025-08-08,Standard Double,13,14200,184600,Loyalty,completed
B00008322,G002741,R0006,A0031,2024-03-29,2024-04-21,2024-04-29,Standard King,8,18800,150400,OTA,completed
B00008323,G002641,R0039,A0011,2025-11-26,2026-02-04,2026-02-17,Presidential,13,151800,1973400,Direct,completed
B00008324,G000975,R0026,A0004,2024-05-23,2024-09-11,2024-09-25,Standard Double,14,13500,189000,Direct,completed
B00008325,G002541,R0014,A0048,2024-11-22,2024-12-16,2024-12-25,Standard Double,9,15600,140400,OTA,cancelled
B00008326,G000608,R0007,A0014,2024-10-03,2025-01-16,2025-01-20,Standard King,4,21500,86000,Corporate,completed
B00008327,G001991,R0016,A0011,2024-08-22,2024-09-23,2024-09-25,Standard Double,2,16700,33400,Direct,completed
B00008328,G002171,R0020,A0042,2024-12-17,2025-03-24,2025-04-03,Ocean Suite,10,41700,417000,Corporate,completed
B00008329,G001856,R0039,A0038,2025-02-26,2025-06-03,2025-06-11,Villa,8,77600,620800,Direct,completed
B00008330,G002353,R0003,A0003,2025-07-13,2025-09-11,2025-09-19,Standard Double,8,14500,116000,Loyalty,completed
B00008331,G002590,R0029,A0045,2025-07-11,2025-09-28,2025-10-08,Standard Double,10,16500,165000,OTA,completed
B00008332,G002784,R0018,A0058,2025-01-13,2025-04-07,2025-04-19,Standard King,12,18900,226800,Corporate,confirmed
B00008333,G001296,R0018,A0049,2024-05-03,2024-06-20,2024-06-27,Standard Double,7,19300,135100,Corporate,completed
B00008334,G002638,R0013,A0030,2024-09-09,2024-11-17,2024-11-27,Standard King,10,21400,214000,Direct,completed
B00008335,G000104,R0035,A0008,2025-05-08,2025-06-04,2025-06-17,Standard Double,13,16800,218400,Loyalty,confirmed
B00008336,G001788,R0030,A0039,2024-10-28,2025-01-06,2025-01-10,Villa,4,73200,292800,Direct,confirmed
B00008337,G002890,R0037,A0046,2025-08-22,2025-09-03,2025-09-10,Presidential,7,128700,900900,Corporate,completed
B00008338,G001951,R0016,A0039,2025-07-24,2025-08-25,2025-08-27,Villa,2,53200,106400,Direct,cancelled
B00008339,G001500,R0025,A0029,2024-09-02,2024-09-29,2024-10-04,Ocean Suite,5,34900,174500,Direct,completed
B00008340,G002590,R0037,A0060,2025-02-19,2025-05-06,2025-05-08,Standard King,2,19000,38000,Corporate,completed
B00008341,G000113,R0036,A0050,2024-11-15,2024-11-29,2024-12-03,Villa,4,57100,228400,Corporate,confirmed
B00008342,G002716,R0004,A0038,2024-12-06,2025-01-10,2025-01-15,Standard King,5,20400,102000,OTA,completed
B00008343,G002785,R0038,A0045,2024-05-15,2024-06-20,2024-06-25,Standard Double,5,14200,71000,Travel Agent,completed
B00008344,G001681,R0026,A0055,2024-09-23,2024-12-03,2024-12-15,Presidential,12,128600,1543200,Corporate,confirmed
B00008345,G001066,R0008,A0053,2024-02-13,2024-05-26,2024-06-01,Standard Double,6,17300,103800,Loyalty,completed
B00008346,G002169,R0008,A0012,2024-02-05,2024-06-01,2024-06-03,Villa,2,76000,152000,Travel Agent,completed
B00008347,G001213,R0013,A0035,2025-03-01,2025-06-11,2025-06-19,Standard Double,8,19100,152800,Direct,completed
B00008348,G001073,R0023,A0040,2024-03-05,2024-04-16,2024-04-18,Presidential,2,106600,213200,Direct,confirmed
B00008349,G000664,R0004,A0011,2025-04-06,2025-07-12,2025-07-25,Standard King,13,22200,288600,Corporate,confirmed
B00008350,G000713,R0029,A0016,2025-05-29,2025-07-21,2025-07-26,Standard Double,5,17400,87000,OTA,confirmed
B00008351,G000083,R0033,A0017,2024-12-01,2025-03-08,2025-03-14,Standard King,6,23600,141600,Direct,confirmed
B00008352,G001634,R0035,A0059,2024-10-04,2024-12-18,2024-12-20,Standard King,2,23900,47800,Loyalty,confirmed
B00008353,G002204,R0013,A0047,2025-10-27,2025-12-23,2025-12-28,Standard Double,5,19800,99000,OTA,completed
B00008354,G002786,R0010,A0030,2024-04-02,2024-07-18,2024-07-27,Standard Double,9,19400,174600,Direct,no_show
B00008355,G002162,R0015,A0028,2025-01-20,2025-01-27,2025-01-30,Standard King,3,24000,72000,Direct,confirmed
B00008356,G002384,R0030,A0045,2025-01-19,2025-05-14,2025-05-19,Standard Double,5,16500,82500,Direct,completed
B00008357,G000373,R0002,A0048,2024-09-29,2024-11-09,2024-11-10,Standard Double,1,15700,15700,Corporate,confirmed
B00008358,G002481,R0037,A0007,2025-03-05,2025-03-13,2025-03-24,Presidential,11,157200,1729200,Direct,completed
B00008359,G001886,R0010,A0031,2025-01-09,2025-02-11,2025-02-16,Ocean Suite,5,44000,220000,OTA,completed
B00008360,G000494,R0018,A0056,2025-02-18,2025-03-23,2025-04-06,Standard Double,14,19800,277200,Travel Agent,confirmed
B00008361,G001363,R0034,A0044,2025-05-26,2025-09-20,2025-10-04,Standard King,14,23600,330400,Corporate,completed
B00008362,G002688,R0037,A0055,2025-08-28,2025-10-30,2025-10-31,Standard King,1,18200,18200,Direct,cancelled
B00008363,G000853,R0005,A0047,2025-11-26,2026-01-28,2026-02-07,Standard King,10,21800,218000,Loyalty,completed
B00008364,G002302,R0003,A0056,2024-09-21,2024-09-26,2024-10-04,Standard Double,8,18800,150400,OTA,confirmed
B00008365,G001278,R0026,A0043,2024-09-05,2024-11-09,2024-11-21,Ocean Suite,12,41300,495600,Corporate,completed
B00008366,G001916,R0003,A0059,2025-09-19,2025-10-03,2025-10-09,Villa,6,62200,373200,Travel Agent,completed
B00008367,G000643,R0033,A0051,2025-04-05,2025-07-20,2025-07-23,Standard King,3,15400,46200,Travel Agent,completed
B00008368,G002313,R0019,A0035,2025-10-11,2026-01-25,2026-02-06,Standard Double,12,18400,220800,Travel Agent,completed
B00008369,G000158,R0012,A0036,2025-04-14,2025-05-25,2025-05-30,Standard King,5,15500,77500,Corporate,confirmed
B00008370,G000893,R0038,A0045,2025-07-06,2025-10-02,2025-10-15,Standard King,13,16400,213200,OTA,confirmed
B00008371,G001768,R0018,A0023,2025-07-13,2025-07-26,2025-07-29,Ocean Suite,3,35400,106200,Travel Agent,completed
B00008372,G002777,R0014,A0033,2025-05-31,2025-06-19,2025-07-03,Standard Double,14,13700,191800,OTA,completed
B00008373,G001998,R0032,A0051,2025-08-28,2025-12-21,2025-12-27,Standard King,6,24200,145200,Direct,completed
B00008374,G000731,R0038,A0036,2024-04-13,2024-07-05,2024-07-18,Standard King,13,21600,280800,Corporate,completed
B00008375,G002796,R0001,A0046,2025-02-04,2025-03-09,2025-03-14,Standard King,5,22400,112000,OTA,completed
B00008376,G001998,R0005,A0026,2024-12-08,2025-02-27,2025-03-10,Presidential,11,104100,1145100,Direct,completed
B00008377,G001707,R0004,A0030,2024-07-04,2024-10-21,2024-10-28,Standard King,7,16700,116900,Direct,cancelled
B00008378,G001322,R0011,A0035,2024-08-28,2024-11-11,2024-11-15,Standard King,4,16200,64800,Direct,completed
B00008379,G002437,R0029,A0025,2024-08-27,2024-11-05,2024-11-07,Ocean Suite,2,36400,72800,Travel Agent,completed
B00008380,G001918,R0034,A0021,2025-01-31,2025-02-20,2025-02-25,Standard Double,5,13800,69000,Travel Agent,completed
B00008381,G000157,R0039,A0051,2025-06-15,2025-09-12,2025-09-14,Standard King,2,17900,35800,OTA,confirmed
B00008382,G001799,R0036,A0011,2025-04-02,2025-05-04,2025-05-06,Standard Double,2,19300,38600,OTA,completed
B00008383,G000077,R0002,A0002,2024-07-22,2024-08-28,2024-08-29,Villa,1,58900,58900,Loyalty,completed
B00008384,G002114,R0037,A0031,2025-06-05,2025-09-19,2025-09-27,Standard Double,8,15100,120800,Direct,completed
B00008385,G002902,R0005,A0043,2025-05-06,2025-06-23,2025-07-07,Presidential,14,130600,1828400,Direct,completed
B00008386,G000142,R0006,A0014,2024-05-27,2024-09-12,2024-09-20,Standard King,8,19100,152800,OTA,completed
B00008387,G001525,R0033,A0030,2024-03-06,2024-04-09,2024-04-13,Standard King,4,19900,79600,OTA,completed
B00008388,G002390,R0040,A0047,2024-11-17,2025-01-19,2025-01-22,Standard King,3,17000,51000,OTA,cancelled
B00008389,G001625,R0022,A0015,2025-10-02,2026-01-20,2026-02-02,Villa,13,78300,1017900,OTA,completed
B00008390,G002618,R0009,A0058,2024-08-02,2024-11-11,2024-11-20,Standard Double,9,14900,134100,Direct,completed
B00008391,G002760,R0037,A0009,2024-05-14,2024-05-30,2024-06-06,Ocean Suite,7,29700,207900,Travel Agent,completed
B00008392,G002041,R0014,A0030,2024-09-10,2024-12-10,2024-12-11,Standard Double,1,13200,13200,Direct,completed
B00008393,G001746,R0032,A0018,2025-08-14,2025-09-30,2025-10-10,Standard Double,10,14500,145000,Loyalty,no_show
B00008394,G001254,R0018,A0013,2024-09-01,2024-10-20,2024-10-25,Standard Double,5,12800,64000,Direct,completed
B00008395,G002863,R0010,A0055,2025-03-27,2025-07-22,2025-07-26,Standard King,4,20800,83200,Direct,completed
B00008396,G000126,R0015,A0032,2025-04-14,2025-07-27,2025-08-08,Ocean Suite,12,38400,460800,Direct,completed
B00008397,G000349,R0013,A0030,2024-02-27,2024-06-15,2024-06-27,Ocean Suite,12,43200,518400,OTA,completed
B00008398,G000629,R0011,A0035,2024-03-09,2024-05-09,2024-05-23,Standard King,14,18500,259000,Corporate,confirmed
B00008399,G001861,R0022,A0052,2025-09-25,2026-01-23,2026-01-26,Standard Double,3,16700,50100,Direct,completed
B00008400,G001772,R0015,A0027,2025-12-11,2026-01-02,2026-01-06,Standard Double,4,13100,52400,Direct,completed
B00008401,G001463,R0030,A0005,2025-10-24,2026-01-01,2026-01-12,Standard Double,11,18500,203500,Direct,confirmed
B00008402,G000409,R0014,A0023,2025-04-16,2025-05-19,2025-05-31,Standard King,12,18900,226800,OTA,completed
B00008403,G001391,R0039,A0037,2024-05-05,2024-08-15,2024-08-18,Ocean Suite,3,41800,125400,Corporate,confirmed
B00008404,G001360,R0024,A0005,2024-10-25,2024-12-22,2024-12-26,Standard Double,4,17600,70400,Direct,confirmed
B00008405,G000592,R0003,A0032,2024-08-22,2024-11-30,2024-12-13,Presidential,13,106600,1385800,OTA,completed
B00008406,G000911,R0031,A0038,2025-11-27,2026-03-13,2026-03-24,Standard King,11,16600,182600,Direct,completed
B00008407,G001899,R0025,A0013,2024-09-03,2024-09-11,2024-09-14,Standard King,3,18300,54900,Corporate,completed
B00008408,G002444,R0003,A0012,2025-06-03,2025-07-06,2025-07-08,Standard King,2,15300,30600,Direct,completed
B00008409,G000588,R0038,A0040,2024-01-02,2024-01-16,2024-01-23,Standard King,7,17600,123200,Direct,cancelled
B00008410,G002963,R0009,A0014,2025-12-14,2025-12-31,2026-01-04,Ocean Suite,4,32500,130000,Travel Agent,completed
B00008411,G002160,R0004,A0049,2024-02-18,2024-05-04,2024-05-09,Presidential,5,105600,528000,OTA,no_show
B00008412,G000367,R0028,A0041,2025-01-18,2025-02-28,2025-03-14,Standard Double,14,14400,201600,OTA,completed
B00008413,G002397,R0021,A0048,2025-09-10,2025-12-14,2025-12-27,Standard King,13,16500,214500,Travel Agent,completed
B00008414,G002699,R0022,A0019,2025-11-18,2025-11-19,2025-11-23,Standard Double,4,14900,59600,OTA,completed
B00008415,G000358,R0030,A0050,2025-12-22,2026-01-27,2026-01-31,Standard King,4,15600,62400,Direct,cancelled
B00008416,G002914,R0034,A0031,2024-08-09,2024-10-16,2024-10-21,Standard King,5,16000,80000,Travel Agent,cancelled
B00008417,G000358,R0022,A0028,2025-01-29,2025-05-02,2025-05-15,Villa,13,69000,897000,Travel Agent,confirmed
B00008418,G002290,R0015,A0015,2024-05-16,2024-07-21,2024-07-27,Standard King,6,20200,121200,Travel Agent,completed
B00008419,G001665,R0039,A0044,2024-04-27,2024-08-03,2024-08-17,Standard King,14,18400,257600,Direct,completed
B00008420,G001437,R0018,A0017,2025-10-30,2026-01-11,2026-01-16,Standard King,5,17800,89000,OTA,completed
B00008421,G000204,R0010,A0012,2024-09-10,2024-10-17,2024-10-18,Ocean Suite,1,42400,42400,Direct,completed
B00008422,G001429,R0009,A0017,2025-01-26,2025-04-07,2025-04-19,Standard Double,12,18200,218400,Loyalty,confirmed
B00008423,G001153,R0002,A0058,2025-03-25,2025-05-29,2025-06-08,Standard King,10,17000,170000,Direct,completed
B00008424,G002032,R0001,A0014,2024-11-18,2024-11-20,2024-12-01,Villa,11,65400,719400,Direct,cancelled
B00008425,G001659,R0029,A0055,2024-05-11,2024-08-07,2024-08-14,Standard Double,7,18100,126700,Loyalty,completed
B00008426,G002369,R0039,A0006,2024-11-11,2024-11-14,2024-11-24,Ocean Suite,10,43100,431000,Travel Agent,completed
B00008427,G000667,R0039,A0035,2025-05-21,2025-06-16,2025-06-21,Standard Double,5,17400,87000,Travel Agent,completed
B00008428,G001159,R0039,A0018,2025-09-22,2025-12-23,2026-01-04,Standard Double,12,17700,212400,Loyalty,completed
B00008429,G001423,R0004,A0060,2025-03-10,2025-04-24,2025-04-29,Standard Double,5,15800,79000,Direct,completed
B00008430,G001130,R0024,A0042,2024-08-17,2024-10-10,2024-10-21,Villa,11,65500,720500,Direct,completed
B00008431,G002982,R0033,A0007,2024-07-06,2024-08-04,2024-08-09,Ocean Suite,5,41500,207500,OTA,completed
B00008432,G000767,R0038,A0030,2025-04-09,2025-05-30,2025-06-12,Standard Double,13,15700,204100,Corporate,confirmed
B00008433,G000924,R0040,A0045,2024-08-12,2024-09-17,2024-09-26,Standard King,9,17200,154800,OTA,cancelled
B00008434,G002710,R0035,A0055,2025-12-14,2025-12-16,2025-12-25,Presidential,9,154600,1391400,Loyalty,completed
B00008435,G000848,R0012,A0007,2024-08-15,2024-08-23,2024-09-02,Standard King,10,22200,222000,Travel Agent,completed
B00008436,G001947,R0039,A0001,2025-10-17,2026-02-11,2026-02-17,Standard Double,6,18800,112800,Direct,completed
B00008437,G001239,R0032,A0059,2025-08-26,2025-09-06,2025-09-14,Standard King,8,22700,181600,OTA,completed
B00008438,G001685,R0026,A0040,2024-06-15,2024-07-31,2024-08-09,Standard Double,9,17800,160200,Direct,completed
B00008439,G000240,R0035,A0041,2024-08-21,2024-12-02,2024-12-05,Villa,3,75400,226200,Direct,completed
B00008440,G001222,R0006,A0049,2025-06-04,2025-06-10,2025-06-11,Standard Double,1,12900,12900,Travel Agent,completed
B00008441,G000348,R0025,A0006,2024-08-23,2024-09-13,2024-09-23,Standard Double,10,14300,143000,Direct,cancelled
B00008442,G000083,R0038,A0004,2025-04-30,2025-07-20,2025-08-01,Standard King,12,16000,192000,Corporate,completed
B00008443,G002156,R0007,A0035,2024-07-25,2024-08-29,2024-09-01,Ocean Suite,3,39700,119100,Corporate,completed
B00008444,G000458,R0039,A0045,2024-03-31,2024-06-02,2024-06-15,Standard Double,13,19700,256100,Direct,completed
B00008445,G002442,R0025,A0031,2025-08-04,2025-08-30,2025-09-05,Ocean Suite,6,30200,181200,Travel Agent,completed
B00008446,G000252,R0037,A0057,2025-01-22,2025-01-25,2025-01-27,Standard Double,2,18800,37600,OTA,completed
B00008447,G000174,R0021,A0006,2024-11-21,2025-02-04,2025-02-11,Ocean Suite,7,35800,250600,Travel Agent,cancelled
B00008448,G000093,R0017,A0036,2024-04-17,2024-05-20,2024-05-21,Standard Double,1,17100,17100,Corporate,completed
B00008449,G001363,R0022,A0020,2024-02-26,2024-04-14,2024-04-23,Standard King,9,20300,182700,Direct,completed
B00008450,G002009,R0013,A0017,2025-08-02,2025-11-16,2025-11-30,Standard King,14,19400,271600,Direct,completed
B00008451,G000344,R0019,A0021,2025-10-29,2026-02-09,2026-02-17,Standard Double,8,14500,116000,Direct,completed
B00008452,G000553,R0017,A0007,2025-10-24,2025-11-25,2025-11-29,Standard King,4,21400,85600,OTA,completed
B00008453,G000328,R0021,A0051,2024-11-20,2024-12-19,2024-12-30,Ocean Suite,11,42900,471900,Direct,confirmed
B00008454,G002755,R0037,A0013,2024-07-25,2024-10-27,2024-10-30,Standard Double,3,19300,57900,Direct,completed
B00008455,G000660,R0028,A0020,2024-12-29,2025-03-24,2025-03-26,Standard King,2,20900,41800,Loyalty,completed
B00008456,G001903,R0032,A0041,2024-11-02,2024-12-12,2024-12-19,Standard King,7,15300,107100,Direct,completed
B00008457,G002732,R0007,A0021,2024-07-25,2024-08-14,2024-08-26,Standard King,12,18700,224400,Travel Agent,completed
B00008458,G002995,R0034,A0049,2025-06-02,2025-06-09,2025-06-23,Ocean Suite,14,34300,480200,Direct,confirmed
B00008459,G001824,R0034,A0001,2024-06-23,2024-06-30,2024-07-01,Ocean Suite,1,30600,30600,OTA,completed
B00008460,G002227,R0039,A0030,2024-09-25,2024-10-18,2024-10-29,Standard Double,11,14300,157300,OTA,completed
B00008461,G002883,R0029,A0059,2025-06-07,2025-06-13,2025-06-18,Standard King,5,19500,97500,Corporate,confirmed
B00008462,G001630,R0007,A0039,2025-10-06,2025-11-10,2025-11-16,Standard King,6,18100,108600,Direct,confirmed
B00008463,G001482,R0039,A0039,2025-07-03,2025-10-13,2025-10-17,Ocean Suite,4,29800,119200,Travel Agent,completed
B00008464,G002552,R0031,A0023,2025-08-12,2025-11-15,2025-11-18,Villa,3,65600,196800,Direct,completed
B00008465,G001691,R0014,A0026,2025-01-03,2025-04-04,2025-04-16,Ocean Suite,12,46600,559200,OTA,completed
B00008466,G002108,R0029,A0053,2025-09-24,2026-01-02,2026-01-09,Ocean Suite,7,40900,286300,Direct,completed
B00008467,G002623,R0022,A0013,2025-04-12,2025-04-16,2025-04-27,Standard Double,11,14000,154000,Direct,completed
B00008468,G001867,R0022,A0025,2024-01-28,2024-04-20,2024-04-23,Standard Double,3,18700,56100,OTA,completed
B00008469,G002480,R0006,A0031,2025-08-27,2025-11-10,2025-11-19,Standard Double,9,19100,171900,OTA,completed
B00008470,G001815,R0028,A0050,2024-07-01,2024-09-03,2024-09-04,Villa,1,79500,79500,Loyalty,completed
B00008471,G000522,R0005,A0003,2024-02-16,2024-02-25,2024-03-01,Ocean Suite,5,40700,203500,Corporate,completed
B00008472,G000702,R0039,A0060,2024-05-12,2024-08-09,2024-08-18,Standard Double,9,17800,160200,Direct,completed
B00008473,G002768,R0013,A0007,2025-04-13,2025-05-18,2025-05-26,Villa,8,71000,568000,Corporate,completed
B00008474,G001767,R0002,A0019,2025-01-10,2025-05-01,2025-05-10,Standard King,9,18100,162900,OTA,completed
B00008475,G000235,R0037,A0044,2025-05-06,2025-08-05,2025-08-11,Ocean Suite,6,31500,189000,Direct,completed
B00008476,G000186,R0011,A0039,2025-04-25,2025-08-21,2025-09-01,Standard King,11,16900,185900,Corporate,cancelled
B00008477,G001019,R0009,A0053,2024-06-21,2024-07-21,2024-07-30,Standard King,9,16400,147600,OTA,cancelled
B00008478,G001824,R0006,A0057,2025-01-29,2025-05-10,2025-05-17,Standard Double,7,19000,133000,Loyalty,completed
B00008479,G000499,R0029,A0034,2024-04-28,2024-08-26,2024-09-05,Ocean Suite,10,44100,441000,OTA,confirmed
B00008480,G000743,R0025,A0005,2025-10-08,2025-12-01,2025-12-15,Standard King,14,21800,305200,Corporate,completed
B00008481,G001585,R0039,A0015,2025-04-29,2025-06-26,2025-07-04,Standard Double,8,20100,160800,Corporate,completed
B00008482,G001736,R0004,A0024,2024-03-11,2024-04-15,2024-04-17,Standard Double,2,13800,27600,OTA,completed
B00008483,G002173,R0038,A0011,2025-11-17,2025-12-27,2026-01-10,Standard King,14,15700,219800,Corporate,completed
B00008484,G002347,R0015,A0033,2024-06-15,2024-08-23,2024-09-05,Standard King,13,20700,269100,OTA,no_show
B00008485,G002655,R0010,A0055,2024-10-24,2025-02-11,2025-02-24,Presidential,13,121900,1584700,Direct,cancelled
B00008486,G001705,R0017,A0043,2025-12-29,2026-01-20,2026-01-28,Ocean Suite,8,39300,314400,OTA,completed
B00008487,G001196,R0011,A0060,2025-11-25,2026-02-07,2026-02-18,Standard King,11,19300,212300,Travel Agent,completed
B00008488,G002675,R0006,A0037,2025-09-24,2025-11-18,2025-11-24,Standard Double,6,15000,90000,Corporate,confirmed
B00008489,G001778,R0007,A0057,2024-07-01,2024-09-23,2024-09-30,Standard King,7,23800,166600,Corporate,completed
B00008490,G000725,R0004,A0012,2024-12-09,2025-03-31,2025-04-11,Standard King,11,18500,203500,Direct,no_show
B00008491,G002978,R0001,A0022,2025-05-23,2025-06-25,2025-07-08,Presidential,13,160200,2082600,OTA,completed
B00008492,G000264,R0039,A0060,2025-07-14,2025-09-23,2025-09-24,Villa,1,78800,78800,OTA,no_show
B00008493,G001981,R0030,A0052,2025-11-14,2026-03-07,2026-03-21,Standard Double,14,18600,260400,OTA,completed
B00008494,G002699,R0033,A0038,2024-06-09,2024-08-12,2024-08-25,Standard King,13,22800,296400,Corporate,completed
B00008495,G001702,R0024,A0045,2024-11-21,2025-02-16,2025-02-22,Standard Double,6,19700,118200,OTA,completed
B00008496,G001549,R0012,A0055,2024-01-17,2024-05-02,2024-05-07,Ocean Suite,5,44300,221500,Direct,confirmed
B00008497,G000269,R0021,A0026,2025-12-12,2026-03-03,2026-03-15,Ocean Suite,12,45400,544800,Direct,completed
B00008498,G001054,R0026,A0055,2024-01-28,2024-03-28,2024-04-11,Villa,14,76500,1071000,Loyalty,completed
B00008499,G002870,R0034,A0022,2025-06-03,2025-08-31,2025-09-13,Standard Double,13,17500,227500,Loyalty,completed
B00008500,G001520,R0023,A0014,2024-12-27,2025-03-18,2025-03-26,Standard Double,8,13500,108000,Direct,completed
B00008501,G001982,R0016,A0015,2025-09-04,2025-09-06,2025-09-15,Villa,9,59000,531000,Direct,confirmed
B00008502,G001167,R0033,A0044,2024-11-23,2025-02-28,2025-03-12,Standard Double,12,19000,228000,OTA,completed
B00008503,G001452,R0027,A0051,2024-04-20,2024-05-03,2024-05-14,Standard King,11,19600,215600,Direct,confirmed
B00008504,G001475,R0039,A0018,2024-12-17,2025-02-02,2025-02-16,Ocean Suite,14,39000,546000,Corporate,completed
B00008505,G002572,R0002,A0045,2025-10-28,2026-01-04,2026-01-12,Standard Double,8,15300,122400,OTA,completed
B00008506,G001366,R0006,A0054,2024-01-30,2024-04-07,2024-04-12,Standard King,5,17500,87500,Direct,completed
B00008507,G000146,R0001,A0003,2025-02-02,2025-02-27,2025-03-03,Standard King,4,21200,84800,OTA,confirmed
B00008508,G000867,R0004,A0006,2024-04-28,2024-07-17,2024-07-31,Standard Double,14,18800,263200,Corporate,completed
B00008509,G002226,R0027,A0007,2025-04-18,2025-07-08,2025-07-19,Standard King,11,23000,253000,OTA,confirmed
B00008510,G001087,R0025,A0034,2025-05-13,2025-06-14,2025-06-27,Villa,13,74000,962000,OTA,no_show
B00008511,G001274,R0005,A0004,2024-05-20,2024-07-25,2024-08-05,Standard Double,11,13700,150700,Direct,completed
B00008512,G001265,R0015,A0015,2025-05-28,2025-08-31,2025-09-03,Standard Double,3,17300,51900,Direct,completed
B00008513,G000677,R0030,A0012,2024-10-14,2025-01-14,2025-01-21,Villa,7,76100,532700,Corporate,completed
B00008514,G000038,R0030,A0045,2025-08-13,2025-09-21,2025-09-27,Standard King,6,16600,99600,OTA,confirmed
B00008515,G000673,R0035,A0019,2025-07-01,2025-07-29,2025-08-10,Standard Double,12,16800,201600,Direct,completed
B00008516,G000551,R0001,A0021,2024-11-07,2024-12-06,2024-12-11,Standard King,5,21300,106500,Loyalty,completed
B00008517,G002103,R0005,A0053,2024-12-08,2024-12-17,2024-12-30,Ocean Suite,13,33800,439400,Direct,completed
B00008518,G001965,R0013,A0044,2025-06-13,2025-09-26,2025-10-10,Ocean Suite,14,46300,648200,OTA,completed
B00008519,G001187,R0033,A0013,2024-12-17,2025-03-18,2025-03-28,Standard Double,10,15800,158000,Travel Agent,confirmed
B00008520,G001892,R0016,A0004,2024-06-03,2024-06-17,2024-06-18,Standard King,1,20800,20800,Corporate,completed
B00008521,G000128,R0021,A0045,2024-12-03,2025-03-29,2025-04-06,Standard Double,8,18800,150400,Direct,completed
B00008522,G002627,R0036,A0034,2024-02-16,2024-03-07,2024-03-10,Standard King,3,22500,67500,Corporate,completed
B00008523,G002953,R0026,A0049,2025-06-10,2025-07-30,2025-08-13,Ocean Suite,14,34200,478800,Corporate,completed
B00008524,G002345,R0038,A0013,2024-07-20,2024-07-22,2024-08-03,Standard King,12,22500,270000,OTA,completed
B00008525,G002760,R0010,A0018,2025-03-23,2025-04-25,2025-05-03,Standard Double,8,13000,104000,Travel Agent,completed
B00008526,G002154,R0025,A0019,2025-03-27,2025-03-29,2025-04-11,Ocean Suite,13,40700,529100,OTA,completed
B00008527,G000927,R0011,A0010,2024-05-09,2024-07-27,2024-08-03,Ocean Suite,7,40800,285600,Direct,cancelled
B00008528,G002116,R0014,A0035,2025-01-10,2025-04-14,2025-04-15,Standard Double,1,19200,19200,Travel Agent,completed
B00008529,G001417,R0037,A0013,2025-05-10,2025-06-03,2025-06-07,Ocean Suite,4,37800,151200,Travel Agent,completed
B00008530,G000467,R0037,A0037,2024-04-11,2024-05-09,2024-05-23,Standard Double,14,15900,222600,Direct,completed
B00008531,G000501,R0013,A0026,2024-07-08,2024-08-05,2024-08-13,Standard Double,8,16400,131200,Corporate,confirmed
B00008532,G001069,R0011,A0041,2025-08-07,2025-11-09,2025-11-17,Standard Double,8,19800,158400,Corporate,completed
B00008533,G002015,R0022,A0026,2025-11-17,2026-02-08,2026-02-14,Villa,6,59500,357000,Direct,completed
B00008534,G000390,R0017,A0024,2024-07-07,2024-10-28,2024-11-08,Standard Double,11,19300,212300,OTA,completed
B00008535,G001288,R0037,A0031,2024-12-20,2025-01-17,2025-01-28,Standard King,11,16600,182600,Direct,confirmed
B00008536,G001842,R0003,A0014,2024-06-25,2024-07-18,2024-07-28,Standard King,10,17700,177000,OTA,completed
B00008537,G001610,R0016,A0018,2025-09-03,2025-12-27,2025-12-31,Standard Double,4,16600,66400,Travel Agent,completed
B00008538,G002764,R0015,A0015,2025-02-02,2025-05-20,2025-05-26,Standard King,6,19900,119400,OTA,completed
B00008539,G002849,R0029,A0002,2024-06-24,2024-10-09,2024-10-17,Ocean Suite,8,46200,369600,Corporate,completed
B00008540,G002543,R0037,A0022,2025-02-15,2025-04-08,2025-04-19,Standard King,11,17900,196900,Direct,confirmed
B00008541,G002625,R0031,A0029,2025-03-12,2025-03-27,2025-04-07,Ocean Suite,11,37300,410300,Corporate,cancelled
B00008542,G001037,R0032,A0010,2025-01-17,2025-05-14,2025-05-21,Standard Double,7,13600,95200,Direct,completed
B00008543,G002895,R0040,A0009,2024-04-18,2024-06-17,2024-06-26,Ocean Suite,9,30000,270000,Direct,confirmed
B00008544,G001280,R0018,A0058,2025-05-13,2025-06-15,2025-06-22,Standard King,7,22600,158200,OTA,completed
B00008545,G000693,R0028,A0039,2025-11-04,2025-12-23,2026-01-04,Standard Double,12,16900,202800,Travel Agent,completed
B00008546,G001277,R0012,A0034,2024-10-28,2024-11-28,2024-11-30,Ocean Suite,2,33900,67800,Direct,completed
B00008547,G000940,R0012,A0018,2025-09-07,2025-10-07,2025-10-19,Standard Double,12,15800,189600,OTA,confirmed
B00008548,G001063,R0026,A0004,2024-05-18,2024-08-09,2024-08-15,Standard Double,6,13200,79200,Direct,cancelled
B00008549,G001045,R0040,A0020,2024-12-12,2025-01-20,2025-01-21,Standard King,1,17100,17100,Direct,completed
B00008550,G000302,R0035,A0009,2025-11-05,2026-01-14,2026-01-15,Standard King,1,23600,23600,Direct,completed
B00008551,G000467,R0015,A0036,2025-01-15,2025-05-01,2025-05-04,Standard King,3,21700,65100,Corporate,completed
B00008552,G000503,R0033,A0004,2024-08-19,2024-10-10,2024-10-23,Ocean Suite,13,34200,444600,Corporate,completed
B00008553,G000547,R0026,A0040,2024-06-23,2024-08-21,2024-08-28,Villa,7,58600,410200,OTA,cancelled
B00008554,G002780,R0015,A0029,2024-04-20,2024-06-10,2024-06-11,Standard Double,1,18200,18200,Travel Agent,completed
B00008555,G001706,R0033,A0014,2025-11-07,2025-11-16,2025-11-30,Standard Double,14,17100,239400,OTA,completed
B00008556,G001959,R0007,A0010,2024-11-13,2025-01-30,2025-02-02,Standard Double,3,18800,56400,Direct,completed
B00008557,G002001,R0027,A0026,2024-09-10,2024-11-28,2024-12-03,Ocean Suite,5,45300,226500,Travel Agent,completed
B00008558,G000209,R0031,A0006,2025-03-02,2025-05-04,2025-05-14,Ocean Suite,10,31400,314000,OTA,completed
B00008559,G001220,R0037,A0007,2025-01-15,2025-03-06,2025-03-13,Standard Double,7,15500,108500,Direct,confirmed
B00008560,G002799,R0038,A0023,2025-04-04,2025-07-12,2025-07-19,Presidential,7,128800,901600,Direct,completed
B00008561,G000054,R0028,A0024,2025-09-06,2025-11-14,2025-11-28,Standard Double,14,18700,261800,Corporate,completed
B00008562,G001441,R0013,A0008,2024-01-03,2024-02-22,2024-03-02,Standard Double,9,18200,163800,Direct,confirmed
B00008563,G000190,R0028,A0016,2025-02-22,2025-03-12,2025-03-20,Standard King,8,23700,189600,Direct,completed
B00008564,G002571,R0018,A0023,2024-07-30,2024-09-23,2024-10-07,Standard King,14,22800,319200,Loyalty,completed
B00008565,G001030,R0020,A0054,2025-10-30,2025-12-05,2025-12-14,Ocean Suite,9,47000,423000,Direct,completed
B00008566,G001052,R0026,A0020,2025-09-09,2025-11-08,2025-11-15,Standard King,7,16200,113400,OTA,cancelled
B00008567,G000572,R0032,A0051,2024-01-25,2024-02-16,2024-02-17,Standard Double,1,15100,15100,Corporate,completed
B00008568,G002488,R0012,A0056,2024-05-06,2024-08-04,2024-08-18,Villa,14,62900,880600,Direct,completed
B00008569,G001760,R0028,A0047,2025-05-13,2025-05-16,2025-05-21,Standard King,5,17700,88500,Corporate,confirmed
B00008570,G000066,R0018,A0041,2024-02-11,2024-03-03,2024-03-17,Ocean Suite,14,31500,441000,Travel Agent,confirmed
B00008571,G001520,R0019,A0046,2025-01-07,2025-02-26,2025-03-01,Villa,3,77000,231000,Direct,completed
B00008572,G000383,R0020,A0017,2025-02-17,2025-06-05,2025-06-13,Villa,8,70500,564000,OTA,completed
B00008573,G002640,R0022,A0027,2025-11-14,2025-11-27,2025-11-28,Ocean Suite,1,33800,33800,OTA,cancelled
B00008574,G001459,R0028,A0056,2025-11-25,2026-03-14,2026-03-15,Standard Double,1,20100,20100,OTA,completed
B00008575,G001527,R0040,A0032,2024-01-11,2024-04-23,2024-04-26,Standard Double,3,19000,57000,Direct,completed
B00008576,G000841,R0030,A0032,2024-03-25,2024-05-08,2024-05-18,Standard Double,10,19900,199000,Direct,completed
B00008577,G001499,R0021,A0006,2024-04-29,2024-08-06,2024-08-16,Standard King,10,18000,180000,Corporate,completed
B00008578,G001677,R0003,A0057,2024-09-11,2024-11-25,2024-11-29,Villa,4,72800,291200,Loyalty,completed
B00008579,G000864,R0004,A0010,2024-09-25,2025-01-20,2025-02-02,Standard King,13,16100,209300,OTA,confirmed
B00008580,G000857,R0018,A0053,2025-01-21,2025-05-13,2025-05-14,Ocean Suite,1,42300,42300,Direct,completed
B00008581,G000824,R0017,A0058,2025-04-29,2025-06-24,2025-06-28,Villa,4,54700,218800,Corporate,confirmed
B00008582,G002510,R0022,A0047,2024-06-27,2024-10-10,2024-10-21,Standard Double,11,16100,177100,Corporate,completed
B00008583,G001812,R0032,A0027,2024-06-07,2024-06-14,2024-06-27,Standard King,13,22800,296400,Direct,completed
B00008584,G000041,R0002,A0014,2025-09-25,2025-11-08,2025-11-19,Standard King,11,17800,195800,Corporate,completed
B00008585,G001130,R0024,A0041,2024-06-30,2024-10-17,2024-10-24,Standard Double,7,18900,132300,OTA,completed
B00008586,G002540,R0029,A0028,2025-07-19,2025-09-30,2025-10-13,Standard King,13,23600,306800,Direct,confirmed
B00008587,G000744,R0004,A0018,2024-06-19,2024-06-20,2024-06-23,Standard King,3,19900,59700,Corporate,completed
B00008588,G002507,R0037,A0011,2025-01-19,2025-03-06,2025-03-10,Standard Double,4,18200,72800,Loyalty,completed
B00008589,G000786,R0032,A0017,2025-08-02,2025-09-30,2025-10-02,Standard King,2,19200,38400,Direct,confirmed
B00008590,G000262,R0016,A0042,2024-09-18,2024-12-28,2025-01-08,Villa,11,59500,654500,Direct,confirmed
B00008591,G001717,R0019,A0010,2024-07-14,2024-07-19,2024-07-21,Standard Double,2,19000,38000,OTA,completed
B00008592,G000070,R0027,A0039,2024-08-13,2024-11-23,2024-12-04,Standard Double,11,14300,157300,OTA,completed
B00008593,G000449,R0013,A0026,2025-10-31,2025-11-11,2025-11-13,Ocean Suite,2,37200,74400,Travel Agent,completed
B00008594,G000192,R0040,A0050,2024-04-06,2024-07-11,2024-07-17,Ocean Suite,6,45400,272400,OTA,completed
B00008595,G001462,R0033,A0033,2024-09-29,2024-11-01,2024-11-04,Ocean Suite,3,33200,99600,Loyalty,completed
B00008596,G001836,R0023,A0032,2025-01-28,2025-05-04,2025-05-07,Standard King,3,15800,47400,Corporate,completed
B00008597,G000052,R0003,A0005,2024-06-23,2024-08-03,2024-08-07,Standard King,4,20100,80400,Direct,completed
B00008598,G001713,R0032,A0049,2024-08-13,2024-09-13,2024-09-15,Standard King,2,19400,38800,Corporate,completed
B00008599,G001469,R0009,A0055,2024-10-22,2024-11-28,2024-12-12,Ocean Suite,14,39300,550200,Direct,completed
B00008600,G000683,R0039,A0047,2025-12-06,2025-12-29,2026-01-02,Standard King,4,23300,93200,Direct,confirmed
B00008601,G000903,R0004,A0055,2025-06-18,2025-09-26,2025-10-08,Standard King,12,19000,228000,OTA,completed
B00008602,G001321,R0021,A0012,2024-05-17,2024-08-25,2024-08-26,Ocean Suite,1,45300,45300,OTA,no_show
B00008603,G002119,R0016,A0023,2024-04-28,2024-07-06,2024-07-20,Standard Double,14,17400,243600,Corporate,confirmed
B00008604,G001908,R0008,A0041,2025-09-08,2025-12-18,2026-01-01,Ocean Suite,14,45400,635600,Direct,completed
B00008605,G002643,R0039,A0033,2025-05-17,2025-06-13,2025-06-19,Standard Double,6,19400,116400,OTA,completed
B00008606,G000689,R0013,A0057,2024-10-18,2024-11-06,2024-11-17,Standard King,11,17400,191400,Corporate,completed
B00008607,G002903,R0004,A0034,2024-12-13,2024-12-19,2025-01-02,Standard Double,14,18800,263200,Travel Agent,completed
B00008608,G001028,R0023,A0053,2024-05-11,2024-08-17,2024-08-26,Standard King,9,20300,182700,OTA,completed
B00008609,G001618,R0030,A0011,2024-10-04,2024-12-16,2024-12-21,Standard King,5,22700,113500,Loyalty,confirmed
B00008610,G000457,R0031,A0042,2024-10-10,2024-11-18,2024-11-20,Standard King,2,23700,47400,Loyalty,confirmed
B00008611,G002147,R0014,A0016,2024-10-24,2025-01-15,2025-01-20,Standard King,5,23200,116000,Loyalty,completed
B00008612,G000360,R0018,A0055,2025-02-19,2025-05-27,2025-06-04,Standard Double,8,15400,123200,Direct,confirmed
B00008613,G001892,R0032,A0029,2025-04-20,2025-07-30,2025-08-04,Standard Double,5,17800,89000,OTA,confirmed
B00008614,G000321,R0038,A0008,2025-09-25,2025-12-06,2025-12-09,Standard Double,3,18800,56400,Loyalty,completed
B00008615,G000858,R0022,A0031,2025-09-14,2025-12-10,2025-12-16,Ocean Suite,6,34700,208200,Direct,completed
B00008616,G001396,R0004,A0050,2024-05-02,2024-06-05,2024-06-19,Standard King,14,19300,270200,Corporate,confirmed
B00008617,G002800,R0020,A0039,2024-03-03,2024-04-22,2024-05-02,Standard King,10,22800,228000,Travel Agent,completed
B00008618,G001817,R0038,A0019,2025-07-20,2025-10-12,2025-10-18,Standard King,6,18900,113400,Direct,completed
B00008619,G001000,R0011,A0045,2024-08-09,2024-11-30,2024-12-02,Villa,2,79000,158000,OTA,cancelled
B00008620,G002309,R0032,A0026,2025-06-10,2025-07-03,2025-07-13,Presidential,10,117000,1170000,OTA,confirmed
B00008621,G000145,R0010,A0057,2024-06-15,2024-08-22,2024-08-28,Standard King,6,17200,103200,Loyalty,completed
B00008622,G001259,R0011,A0022,2025-10-19,2025-12-11,2025-12-18,Standard King,7,20900,146300,OTA,completed
B00008623,G000712,R0011,A0047,2024-09-21,2024-11-05,2024-11-19,Ocean Suite,14,42400,593600,Loyalty,confirmed
B00008624,G001137,R0030,A0035,2024-01-22,2024-04-19,2024-05-03,Standard Double,14,16700,233800,Direct,cancelled
B00008625,G002114,R0021,A0039,2025-09-30,2026-01-13,2026-01-19,Standard Double,6,16400,98400,OTA,completed
B00008626,G001746,R0036,A0027,2024-01-05,2024-04-07,2024-04-08,Standard King,1,17700,17700,Direct,completed
B00008627,G002674,R0037,A0027,2024-04-06,2024-04-21,2024-04-24,Standard Double,3,17100,51300,Direct,completed
B00008628,G002271,R0032,A0031,2025-08-17,2025-10-26,2025-10-29,Ocean Suite,3,47100,141300,Loyalty,completed
B00008629,G000170,R0019,A0058,2025-03-10,2025-05-17,2025-05-19,Standard Double,2,12900,25800,Corporate,completed
B00008630,G000705,R0020,A0021,2024-11-06,2024-11-20,2024-11-25,Standard King,5,24100,120500,Loyalty,completed
B00008631,G003000,R0016,A0053,2025-03-04,2025-03-20,2025-04-03,Standard Double,14,15600,218400,Loyalty,confirmed
B00008632,G001307,R0020,A0041,2024-04-29,2024-08-03,2024-08-16,Standard Double,13,16200,210600,Corporate,completed
B00008633,G000735,R0021,A0004,2024-08-18,2024-09-06,2024-09-10,Standard King,4,16700,66800,Direct,completed
B00008634,G000408,R0003,A0038,2025-12-04,2026-01-12,2026-01-17,Standard Double,5,15400,77000,OTA,confirmed
B00008635,G000531,R0015,A0015,2025-07-26,2025-08-24,2025-08-29,Standard Double,5,13500,67500,OTA,cancelled
B00008636,G001253,R0035,A0053,2025-06-24,2025-07-18,2025-07-19,Standard King,1,24000,24000,Corporate,completed
B00008637,G001742,R0020,A0011,2024-06-07,2024-08-30,2024-09-05,Villa,6,65800,394800,Travel Agent,confirmed
B00008638,G001537,R0019,A0025,2025-07-12,2025-08-08,2025-08-10,Villa,2,75300,150600,Corporate,completed
B00008639,G002034,R0010,A0050,2025-04-25,2025-08-19,2025-08-23,Ocean Suite,4,40000,160000,Direct,completed
B00008640,G002344,R0012,A0046,2025-08-15,2025-10-13,2025-10-26,Standard King,13,23200,301600,OTA,completed
B00008641,G000994,R0022,A0040,2024-04-17,2024-04-23,2024-04-24,Standard King,1,20800,20800,OTA,confirmed
B00008642,G002980,R0034,A0012,2024-07-09,2024-09-28,2024-10-03,Standard King,5,22400,112000,Travel Agent,completed
B00008643,G002128,R0006,A0037,2024-09-23,2025-01-19,2025-01-26,Villa,7,80200,561400,OTA,completed
B00008644,G000318,R0027,A0042,2024-07-03,2024-07-18,2024-08-01,Ocean Suite,14,44700,625800,OTA,completed
B00008645,G001121,R0014,A0020,2025-04-25,2025-07-29,2025-08-06,Standard King,8,20200,161600,OTA,completed
B00008646,G001567,R0015,A0056,2024-07-19,2024-10-18,2024-11-01,Standard Double,14,13700,191800,Corporate,completed
B00008647,G000688,R0009,A0010,2024-12-31,2025-01-30,2025-02-04,Standard King,5,18800,94000,OTA,completed
B00008648,G000084,R0021,A0054,2024-06-27,2024-07-09,2024-07-13,Standard King,4,16500,66000,OTA,no_show
B00008649,G002567,R0030,A0052,2024-08-22,2024-11-15,2024-11-22,Standard Double,7,19800,138600,Corporate,cancelled
B00008650,G000137,R0020,A0012,2025-01-30,2025-04-10,2025-04-22,Standard King,12,21000,252000,Direct,completed
B00008651,G001373,R0006,A0025,2024-09-11,2024-11-30,2024-12-04,Ocean Suite,4,46800,187200,Direct,no_show
B00008652,G000884,R0038,A0005,2025-10-30,2026-01-04,2026-01-18,Standard Double,14,17900,250600,Direct,confirmed
B00008653,G001171,R0032,A0040,2025-05-20,2025-05-27,2025-06-03,Standard Double,7,20100,140700,Direct,completed
B00008654,G002805,R0022,A0044,2024-05-18,2024-05-19,2024-05-31,Villa,12,68600,823200,OTA,completed
B00008655,G001965,R0037,A0041,2024-12-04,2025-03-17,2025-03-22,Standard King,5,18400,92000,Direct,completed
B00008656,G000904,R0024,A0038,2025-02-16,2025-04-23,2025-05-05,Standard King,12,24200,290400,Loyalty,completed
B00008657,G002701,R0013,A0002,2025-08-19,2025-09-07,2025-09-13,Standard Double,6,19600,117600,Corporate,completed
B00008658,G001753,R0036,A0044,2024-02-16,2024-04-18,2024-05-02,Standard King,14,17000,238000,Loyalty,completed
B00008659,G000797,R0020,A0035,2024-08-02,2024-08-24,2024-09-01,Standard Double,8,19600,156800,OTA,completed
B00008660,G001507,R0013,A0015,2025-02-02,2025-04-28,2025-05-06,Standard King,8,17900,143200,Loyalty,confirmed
B00008661,G002337,R0004,A0059,2024-05-03,2024-05-19,2024-05-21,Ocean Suite,2,36800,73600,Travel Agent,cancelled
B00008662,G002963,R0013,A0007,2025-04-08,2025-05-19,2025-05-23,Ocean Suite,4,30400,121600,Travel Agent,completed
B00008663,G000120,R0004,A0045,2025-04-16,2025-05-12,2025-05-18,Ocean Suite,6,43300,259800,Direct,completed
B00008664,G001559,R0025,A0057,2024-11-04,2025-02-21,2025-03-06,Villa,13,55600,722800,OTA,confirmed
B00008665,G000325,R0025,A0027,2025-05-23,2025-06-02,2025-06-11,Standard Double,9,16500,148500,Direct,completed
B00008666,G002907,R0014,A0028,2025-03-29,2025-06-09,2025-06-21,Standard King,12,18800,225600,OTA,completed
B00008667,G002961,R0027,A0056,2024-07-23,2024-09-13,2024-09-21,Presidential,8,129200,1033600,OTA,completed
B00008668,G001924,R0013,A0053,2025-02-26,2025-03-06,2025-03-14,Standard Double,8,15100,120800,OTA,completed
B00008669,G001291,R0040,A0029,2025-06-21,2025-08-27,2025-09-04,Standard King,8,17800,142400,OTA,completed
B00008670,G000901,R0009,A0047,2025-05-15,2025-08-14,2025-08-26,Ocean Suite,12,40900,490800,Corporate,completed
B00008671,G002866,R0011,A0041,2024-03-16,2024-06-03,2024-06-12,Standard King,9,20400,183600,Direct,completed
B00008672,G001701,R0032,A0055,2025-05-30,2025-08-31,2025-09-09,Standard Double,9,16500,148500,OTA,completed
B00008673,G000324,R0026,A0041,2024-04-21,2024-06-28,2024-07-01,Standard Double,3,17800,53400,Loyalty,completed
B00008674,G002082,R0015,A0053,2024-06-21,2024-08-08,2024-08-22,Presidential,14,120900,1692600,Loyalty,confirmed
B00008675,G001387,R0003,A0004,2024-09-14,2024-12-28,2025-01-10,Standard King,13,18300,237900,Corporate,no_show
B00008676,G001169,R0030,A0043,2025-10-09,2025-12-13,2025-12-26,Standard King,13,18700,243100,Direct,completed
B00008677,G001055,R0035,A0059,2024-12-24,2025-04-20,2025-05-01,Villa,11,59100,650100,Direct,confirmed
B00008678,G000565,R0030,A0031,2024-09-20,2024-10-21,2024-10-25,Standard King,4,17600,70400,Corporate,cancelled
B00008679,G002819,R0038,A0002,2024-05-16,2024-08-26,2024-09-04,Standard Double,9,16500,148500,Direct,completed
B00008680,G002095,R0009,A0037,2025-09-29,2026-01-10,2026-01-24,Standard Double,14,14600,204400,Corporate,completed
B00008681,G000743,R0033,A0017,2025-05-08,2025-06-24,2025-06-30,Standard Double,6,16600,99600,Corporate,completed
B00008682,G001049,R0035,A0016,2025-03-16,2025-07-03,2025-07-13,Ocean Suite,10,34800,348000,Corporate,confirmed
B00008683,G002933,R0012,A0030,2024-06-26,2024-09-05,2024-09-12,Standard King,7,19400,135800,Corporate,completed
B00008684,G002478,R0039,A0035,2024-05-07,2024-07-01,2024-07-03,Standard Double,2,18300,36600,Direct,completed
B00008685,G001094,R0038,A0032,2024-08-19,2024-08-22,2024-08-24,Presidential,2,117000,234000,Direct,completed
B00008686,G002195,R0002,A0048,2025-10-13,2025-12-22,2025-12-26,Standard Double,4,15300,61200,Corporate,cancelled
B00008687,G001909,R0005,A0030,2024-11-16,2024-11-23,2024-11-25,Ocean Suite,2,33300,66600,OTA,completed
B00008688,G001772,R0018,A0035,2024-12-01,2024-12-08,2024-12-19,Standard Double,11,15900,174900,OTA,completed
B00008689,G002599,R0017,A0053,2024-01-25,2024-04-15,2024-04-24,Ocean Suite,9,45000,405000,Direct,completed
B00008690,G002272,R0015,A0045,2024-11-14,2025-03-14,2025-03-28,Standard King,14,18100,253400,Direct,cancelled
B00008691,G002286,R0006,A0058,2024-10-09,2024-11-02,2024-11-13,Standard Double,11,16100,177100,Corporate,cancelled
B00008692,G002522,R0011,A0002,2024-02-22,2024-02-24,2024-03-03,Standard King,8,19400,155200,Direct,completed
B00008693,G000779,R0031,A0029,2024-11-11,2025-01-26,2025-01-27,Standard King,1,18100,18100,Corporate,completed
B00008694,G001171,R0034,A0024,2024-01-22,2024-03-05,2024-03-16,Standard King,11,18000,198000,Direct,completed
B00008695,G002123,R0009,A0009,2025-09-16,2025-10-20,2025-10-22,Presidential,2,139000,278000,Travel Agent,completed
B00008696,G002084,R0032,A0018,2025-07-04,2025-08-13,2025-08-25,Standard Double,12,12900,154800,Loyalty,completed
B00008697,G001983,R0012,A0043,2025-10-17,2026-01-31,2026-02-13,Villa,13,61800,803400,Direct,completed
B00008698,G000242,R0002,A0031,2025-08-24,2025-12-03,2025-12-09,Standard Double,6,19900,119400,Direct,confirmed
B00008699,G001838,R0006,A0036,2025-11-24,2026-02-18,2026-02-28,Ocean Suite,10,43500,435000,Corporate,completed
B00008700,G000264,R0021,A0002,2024-02-15,2024-03-08,2024-03-19,Ocean Suite,11,41500,456500,Corporate,completed
B00008701,G000234,R0033,A0031,2025-04-11,2025-06-25,2025-07-07,Standard Double,12,15000,180000,OTA,completed
B00008702,G002637,R0029,A0042,2024-12-02,2025-03-28,2025-04-07,Standard King,10,21200,212000,OTA,completed
B00008703,G001071,R0026,A0024,2024-12-19,2025-03-19,2025-03-21,Ocean Suite,2,33500,67000,Loyalty,cancelled
B00008704,G002130,R0039,A0017,2024-12-09,2025-03-14,2025-03-19,Standard King,5,23900,119500,Direct,completed
B00008705,G000637,R0023,A0035,2024-10-16,2024-11-13,2024-11-14,Standard Double,1,14000,14000,Direct,completed
B00008706,G000924,R0029,A0052,2024-07-16,2024-09-21,2024-09-30,Standard Double,9,13800,124200,Direct,completed
B00008707,G001142,R0017,A0017,2025-04-11,2025-04-14,2025-04-26,Ocean Suite,12,44300,531600,Travel Agent,cancelled
B00008708,G000288,R0020,A0036,2024-08-31,2024-10-13,2024-10-14,Ocean Suite,1,35200,35200,Travel Agent,completed
B00008709,G001623,R0030,A0001,2025-04-22,2025-08-19,2025-08-22,Standard King,3,15700,47100,OTA,completed
B00008710,G002496,R0002,A0048,2025-10-28,2025-12-06,2025-12-15,Standard King,9,15400,138600,Direct,cancelled
B00008711,G000763,R0023,A0039,2024-03-23,2024-04-28,2024-05-05,Standard King,7,18600,130200,Direct,completed
B00008712,G002263,R0010,A0051,2024-05-23,2024-08-13,2024-08-17,Villa,4,68800,275200,Direct,completed
B00008713,G002368,R0017,A0055,2024-03-10,2024-04-11,2024-04-24,Ocean Suite,13,34800,452400,Direct,completed
B00008714,G002274,R0026,A0038,2025-03-06,2025-07-04,2025-07-11,Standard Double,7,14600,102200,Direct,completed
B00008715,G000641,R0017,A0007,2024-11-15,2025-01-12,2025-01-19,Standard Double,7,13200,92400,Corporate,completed
B00008716,G000573,R0032,A0025,2025-10-01,2025-12-21,2025-12-26,Standard Double,5,16000,80000,OTA,completed
B00008717,G002139,R0017,A0040,2025-01-29,2025-05-24,2025-06-02,Standard King,9,24100,216900,Travel Agent,confirmed
B00008718,G000156,R0010,A0042,2025-08-16,2025-08-23,2025-08-25,Standard King,2,22600,45200,Loyalty,completed
B00008719,G002988,R0037,A0011,2024-09-18,2024-11-23,2024-11-27,Villa,4,51000,204000,Travel Agent,completed
B00008720,G001534,R0035,A0041,2025-01-18,2025-04-08,2025-04-20,Standard Double,12,15700,188400,Direct,confirmed
B00008721,G002663,R0040,A0008,2025-08-13,2025-09-07,2025-09-08,Ocean Suite,1,33400,33400,OTA,completed
B00008722,G002447,R0017,A0010,2024-08-14,2024-10-24,2024-10-28,Standard King,4,15900,63600,Loyalty,confirmed
B00008723,G002872,R0034,A0004,2025-10-28,2025-12-25,2025-12-28,Standard Double,3,19300,57900,Travel Agent,completed
B00008724,G002021,R0039,A0031,2024-05-22,2024-09-09,2024-09-19,Ocean Suite,10,31100,311000,Direct,confirmed
B00008725,G002277,R0037,A0049,2025-10-29,2025-11-14,2025-11-17,Villa,3,76000,228000,OTA,confirmed
B00008726,G001934,R0011,A0040,2025-10-04,2025-10-15,2025-10-22,Villa,7,73200,512400,OTA,completed
B00008727,G002131,R0039,A0039,2024-03-08,2024-05-13,2024-05-15,Standard King,2,21600,43200,Travel Agent,confirmed
B00008728,G002414,R0015,A0021,2024-10-31,2024-11-11,2024-11-12,Standard Double,1,19200,19200,OTA,completed
B00008729,G002537,R0029,A0037,2025-10-29,2026-02-18,2026-03-04,Standard King,14,20300,284200,Travel Agent,no_show
B00008730,G002719,R0002,A0058,2025-08-29,2025-09-23,2025-09-27,Standard Double,4,14000,56000,Travel Agent,completed
B00008731,G000881,R0023,A0043,2024-07-31,2024-11-05,2024-11-13,Standard King,8,19800,158400,OTA,confirmed
B00008732,G001714,R0012,A0032,2024-10-05,2025-01-15,2025-01-27,Standard King,12,23700,284400,OTA,completed
B00008733,G000256,R0038,A0012,2025-08-03,2025-11-23,2025-12-07,Presidential,14,155200,2172800,Loyalty,completed
B00008734,G000581,R0025,A0007,2024-11-26,2024-12-07,2024-12-08,Standard King,1,18900,18900,Corporate,completed
B00008735,G001879,R0036,A0030,2024-04-16,2024-06-30,2024-07-11,Standard Double,11,16800,184800,Corporate,confirmed
B00008736,G001331,R0021,A0040,2024-11-16,2025-02-21,2025-02-22,Standard King,1,19300,19300,OTA,completed
B00008737,G001573,R0015,A0047,2025-06-07,2025-08-09,2025-08-12,Presidential,3,129500,388500,OTA,completed
B00008738,G000086,R0016,A0043,2025-05-23,2025-06-03,2025-06-15,Standard Double,12,14700,176400,OTA,confirmed
B00008739,G000376,R0037,A0027,2024-11-17,2024-11-26,2024-11-30,Presidential,4,148100,592400,Direct,completed
B00008740,G001346,R0011,A0023,2024-05-27,2024-09-12,2024-09-25,Villa,13,77600,1008800,OTA,completed
B00008741,G001929,R0018,A0055,2024-07-12,2024-08-01,2024-08-15,Standard Double,14,14200,198800,Direct,confirmed
B00008742,G002629,R0039,A0006,2024-11-24,2024-12-10,2024-12-21,Standard King,11,18000,198000,Direct,completed
B00008743,G001197,R0012,A0042,2025-07-31,2025-10-18,2025-10-31,Standard King,13,19600,254800,OTA,completed
B00008744,G000100,R0005,A0051,2025-03-10,2025-05-03,2025-05-12,Standard King,9,21600,194400,Corporate,completed
B00008745,G000729,R0009,A0003,2025-08-26,2025-09-13,2025-09-21,Villa,8,69900,559200,OTA,confirmed
B00008746,G001457,R0033,A0039,2024-07-09,2024-07-15,2024-07-23,Ocean Suite,8,45800,366400,Direct,confirmed
B00008747,G002293,R0021,A0007,2025-09-16,2025-09-27,2025-10-03,Ocean Suite,6,43200,259200,Direct,confirmed
B00008748,G000095,R0012,A0038,2025-04-13,2025-04-19,2025-04-25,Ocean Suite,6,31000,186000,Travel Agent,completed
B00008749,G002785,R0001,A0047,2024-08-19,2024-12-05,2024-12-18,Ocean Suite,13,41600,540800,Direct,completed
B00008750,G000387,R0005,A0041,2025-05-08,2025-07-09,2025-07-21,Standard King,12,21500,258000,Travel Agent,completed
B00008751,G001402,R0032,A0007,2024-06-21,2024-07-27,2024-07-29,Standard King,2,18600,37200,Direct,completed
B00008752,G000044,R0022,A0059,2025-08-06,2025-10-30,2025-11-13,Ocean Suite,14,30000,420000,Corporate,confirmed
B00008753,G002611,R0029,A0030,2025-10-06,2025-11-25,2025-11-28,Standard King,3,20300,60900,Corporate,completed
B00008754,G001589,R0017,A0041,2024-10-12,2024-11-19,2024-11-29,Villa,10,76100,761000,OTA,completed
B00008755,G002138,R0036,A0014,2024-09-16,2025-01-08,2025-01-13,Ocean Suite,5,33800,169000,Corporate,completed
B00008756,G000488,R0006,A0012,2024-09-19,2025-01-01,2025-01-15,Ocean Suite,14,41000,574000,OTA,completed
B00008757,G001860,R0020,A0047,2024-02-22,2024-03-23,2024-03-26,Standard King,3,19100,57300,Travel Agent,completed
B00008758,G002257,R0027,A0054,2024-08-06,2024-09-26,2024-09-29,Villa,3,74900,224700,Corporate,completed
B00008759,G002755,R0029,A0025,2024-12-15,2025-01-16,2025-01-22,Standard Double,6,14200,85200,OTA,completed
B00008760,G000836,R0004,A0018,2025-05-14,2025-07-24,2025-08-05,Standard Double,12,15000,180000,Direct,completed
B00008761,G001102,R0025,A0031,2025-10-16,2025-12-02,2025-12-14,Standard Double,12,17800,213600,OTA,completed
B00008762,G000201,R0034,A0043,2025-01-07,2025-02-19,2025-02-22,Standard Double,3,13300,39900,Direct,confirmed
B00008763,G000683,R0021,A0024,2025-11-05,2026-01-23,2026-01-24,Standard Double,1,19400,19400,Travel Agent,completed
B00008764,G001901,R0010,A0055,2024-08-21,2024-12-03,2024-12-08,Ocean Suite,5,30500,152500,Corporate,completed
B00008765,G000435,R0014,A0055,2025-07-09,2025-07-26,2025-07-27,Standard Double,1,18400,18400,Loyalty,completed
B00008766,G000737,R0018,A0010,2025-03-15,2025-05-31,2025-06-06,Standard Double,6,16000,96000,Travel Agent,completed
B00008767,G002193,R0003,A0005,2024-12-09,2025-03-19,2025-04-01,Standard King,13,20000,260000,Loyalty,completed
B00008768,G001902,R0023,A0011,2025-09-09,2025-10-17,2025-10-18,Standard Double,1,19300,19300,OTA,completed
B00008769,G001207,R0032,A0024,2024-07-21,2024-11-01,2024-11-06,Ocean Suite,5,34100,170500,OTA,completed
B00008770,G000689,R0029,A0059,2025-02-05,2025-02-17,2025-03-03,Standard Double,14,20100,281400,OTA,cancelled
B00008771,G001867,R0029,A0003,2025-11-14,2025-12-13,2025-12-27,Standard King,14,15500,217000,OTA,completed
B00008772,G000624,R0009,A0017,2025-04-09,2025-07-24,2025-08-01,Standard Double,8,16800,134400,Direct,completed
B00008773,G002184,R0012,A0015,2025-11-06,2025-12-07,2025-12-17,Standard King,10,19900,199000,OTA,completed
B00008774,G000853,R0004,A0023,2025-03-20,2025-05-10,2025-05-15,Standard King,5,21700,108500,Direct,completed
B00008775,G001360,R0038,A0038,2025-04-09,2025-04-30,2025-05-02,Ocean Suite,2,30600,61200,OTA,completed
B00008776,G000591,R0033,A0050,2025-11-01,2025-11-28,2025-12-10,Ocean Suite,12,36900,442800,Direct,cancelled
B00008777,G002460,R0015,A0052,2024-11-08,2024-11-30,2024-12-08,Standard Double,8,15100,120800,Direct,completed
B00008778,G001022,R0018,A0027,2024-09-19,2024-11-06,2024-11-11,Standard King,5,18100,90500,Corporate,completed
B00008779,G002840,R0034,A0023,2024-09-10,2024-10-06,2024-10-18,Presidential,12,119900,1438800,Loyalty,completed
B00008780,G000865,R0038,A0051,2025-03-27,2025-06-27,2025-06-28,Standard Double,1,15700,15700,Direct,completed
B00008781,G001379,R0004,A0028,2024-01-05,2024-03-14,2024-03-20,Villa,6,70700,424200,Corporate,completed
B00008782,G001317,R0017,A0046,2024-05-10,2024-07-13,2024-07-17,Ocean Suite,4,39400,157600,Travel Agent,completed
B00008783,G000387,R0017,A0009,2024-03-25,2024-05-19,2024-05-24,Standard King,5,20100,100500,Corporate,completed
B00008784,G000553,R0005,A0044,2025-02-16,2025-04-01,2025-04-09,Ocean Suite,8,35600,284800,OTA,completed
B00008785,G000501,R0008,A0032,2024-10-16,2025-01-31,2025-02-09,Standard Double,9,17400,156600,Corporate,completed
B00008786,G002548,R0021,A0052,2025-05-31,2025-08-05,2025-08-12,Standard King,7,16700,116900,Direct,confirmed
B00008787,G002934,R0039,A0046,2025-03-31,2025-04-26,2025-04-28,Standard Double,2,14300,28600,OTA,completed
B00008788,G002908,R0007,A0003,2024-11-12,2025-03-07,2025-03-14,Standard Double,7,17500,122500,OTA,confirmed
B00008789,G002462,R0023,A0005,2024-03-08,2024-04-07,2024-04-10,Standard King,3,22900,68700,Direct,completed
B00008790,G002336,R0026,A0017,2025-04-12,2025-06-03,2025-06-08,Ocean Suite,5,38100,190500,Travel Agent,confirmed
B00008791,G002735,R0034,A0008,2024-04-20,2024-07-06,2024-07-16,Standard Double,10,19000,190000,OTA,completed
B00008792,G000374,R0020,A0016,2024-07-12,2024-09-16,2024-09-27,Standard Double,11,14000,154000,Direct,completed
B00008793,G002773,R0039,A0010,2024-04-01,2024-04-10,2024-04-11,Presidential,1,158600,158600,Direct,completed
B00008794,G002530,R0034,A0051,2025-02-24,2025-06-01,2025-06-09,Standard King,8,17600,140800,Loyalty,confirmed
B00008795,G001900,R0039,A0025,2025-01-28,2025-02-05,2025-02-19,Villa,14,66800,935200,OTA,no_show
B00008796,G002382,R0030,A0048,2025-09-20,2025-11-10,2025-11-15,Standard Double,5,13200,66000,Direct,no_show
B00008797,G002189,R0027,A0011,2025-04-17,2025-08-06,2025-08-16,Standard Double,10,19800,198000,Corporate,completed
B00008798,G000547,R0034,A0005,2024-03-14,2024-06-07,2024-06-09,Standard King,2,22700,45400,Travel Agent,completed
B00008799,G002310,R0006,A0060,2025-10-04,2025-11-08,2025-11-13,Standard King,5,21300,106500,Loyalty,confirmed
B00008800,G000673,R0019,A0043,2024-12-28,2025-01-09,2025-01-21,Standard Double,12,14700,176400,Loyalty,completed
B00008801,G000647,R0020,A0022,2025-02-20,2025-04-25,2025-05-04,Ocean Suite,9,46600,419400,OTA,completed
B00008802,G000961,R0011,A0022,2024-06-29,2024-07-07,2024-07-21,Ocean Suite,14,34400,481600,OTA,completed
B00008803,G001970,R0038,A0019,2025-09-06,2025-11-18,2025-11-27,Standard King,9,20200,181800,OTA,completed
B00008804,G001096,R0031,A0050,2024-06-25,2024-10-02,2024-10-13,Ocean Suite,11,42900,471900,Travel Agent,completed
B00008805,G000835,R0010,A0040,2025-12-11,2025-12-31,2026-01-10,Standard King,10,23200,232000,OTA,completed
B00008806,G000809,R0013,A0008,2025-09-14,2025-12-18,2025-12-29,Standard Double,11,13600,149600,Corporate,completed
B00008807,G001214,R0003,A0048,2025-12-20,2026-01-24,2026-02-02,Standard Double,9,14700,132300,Corporate,confirmed
B00008808,G002260,R0014,A0022,2024-03-25,2024-06-18,2024-06-28,Villa,10,54900,549000,OTA,completed
B00008809,G001390,R0001,A0053,2025-01-23,2025-01-26,2025-02-02,Standard Double,7,14700,102900,Direct,completed
B00008810,G001615,R0021,A0034,2025-02-07,2025-05-03,2025-05-10,Standard King,7,17000,119000,Direct,no_show
B00008811,G001774,R0036,A0039,2025-01-31,2025-05-23,2025-05-31,Standard Double,8,17800,142400,Direct,completed
B00008812,G002331,R0011,A0051,2024-08-12,2024-11-03,2024-11-16,Standard King,13,22300,289900,Direct,confirmed
B00008813,G001660,R0023,A0040,2025-05-18,2025-06-04,2025-06-12,Standard Double,8,17000,136000,OTA,cancelled
B00008814,G000961,R0033,A0034,2025-04-20,2025-07-05,2025-07-13,Standard Double,8,15200,121600,OTA,completed
B00008815,G001719,R0025,A0016,2024-02-04,2024-03-14,2024-03-16,Ocean Suite,2,41800,83600,Corporate,confirmed
B00008816,G000941,R0023,A0031,2025-08-01,2025-08-22,2025-09-02,Standard King,11,21500,236500,Travel Agent,completed
B00008817,G002474,R0015,A0018,2025-12-21,2026-01-29,2026-02-12,Standard Double,14,14800,207200,Corporate,completed
B00008818,G001899,R0019,A0025,2024-11-08,2025-03-01,2025-03-03,Standard King,2,15900,31800,Travel Agent,completed
B00008819,G002842,R0017,A0042,2024-05-06,2024-08-08,2024-08-20,Villa,12,58200,698400,Travel Agent,completed
B00008820,G001121,R0028,A0035,2024-02-13,2024-03-11,2024-03-23,Ocean Suite,12,44200,530400,Direct,completed
B00008821,G001625,R0017,A0033,2024-05-27,2024-06-25,2024-06-29,Ocean Suite,4,38900,155600,Corporate,cancelled
B00008822,G000271,R0004,A0028,2024-01-17,2024-04-15,2024-04-18,Villa,3,72600,217800,Loyalty,completed
B00008823,G001331,R0028,A0040,2025-03-23,2025-07-18,2025-07-23,Ocean Suite,5,34100,170500,OTA,completed
B00008824,G001576,R0015,A0024,2025-02-26,2025-03-04,2025-03-11,Ocean Suite,7,46400,324800,Loyalty,completed
B00008825,G001210,R0039,A0002,2025-09-24,2026-01-18,2026-01-19,Standard Double,1,17700,17700,OTA,completed
B00008826,G001811,R0019,A0039,2025-04-23,2025-07-21,2025-08-02,Standard Double,12,20100,241200,OTA,completed
B00008827,G002327,R0004,A0050,2024-05-02,2024-08-30,2024-08-31,Villa,1,60700,60700,Loyalty,completed
B00008828,G002200,R0038,A0059,2025-05-08,2025-05-13,2025-05-16,Standard King,3,18100,54300,Travel Agent,confirmed
B00008829,G000335,R0028,A0020,2024-06-07,2024-10-04,2024-10-07,Standard King,3,18400,55200,Direct,completed
B00008830,G002127,R0007,A0016,2025-06-19,2025-08-19,2025-08-20,Standard King,1,22600,22600,Travel Agent,no_show
B00008831,G000514,R0037,A0008,2024-04-04,2024-07-20,2024-08-03,Standard King,14,20600,288400,Direct,no_show
B00008832,G000767,R0026,A0048,2025-11-13,2025-12-28,2026-01-09,Standard Double,12,13900,166800,Loyalty,completed
B00008833,G001685,R0018,A0002,2024-12-17,2025-02-12,2025-02-18,Standard Double,6,20000,120000,Loyalty,no_show
B00008834,G001333,R0007,A0045,2024-11-13,2025-01-17,2025-01-22,Standard King,5,15800,79000,Direct,completed
B00008835,G002332,R0024,A0051,2025-11-06,2026-03-06,2026-03-09,Ocean Suite,3,39500,118500,OTA,completed
B00008836,G001416,R0039,A0010,2024-02-23,2024-06-11,2024-06-21,Villa,10,80600,806000,Corporate,completed
B00008837,G002497,R0016,A0023,2024-06-26,2024-08-25,2024-08-28,Standard Double,3,17900,53700,Direct,completed
B00008838,G002840,R0014,A0060,2024-10-21,2025-01-08,2025-01-09,Presidential,1,132000,132000,OTA,completed
B00008839,G001959,R0028,A0007,2024-04-03,2024-06-24,2024-07-04,Standard King,10,21600,216000,Corporate,cancelled
B00008840,G001705,R0013,A0014,2025-04-27,2025-07-16,2025-07-27,Ocean Suite,11,32900,361900,OTA,completed
B00008841,G002327,R0008,A0058,2024-01-25,2024-04-24,2024-05-01,Standard King,7,18000,126000,Corporate,completed
B00008842,G001906,R0033,A0016,2024-07-06,2024-11-02,2024-11-10,Standard Double,8,14800,118400,OTA,cancelled
B00008843,G002550,R0006,A0018,2024-07-31,2024-10-11,2024-10-12,Standard King,1,20500,20500,Corporate,confirmed
B00008844,G001042,R0034,A0034,2024-04-21,2024-07-19,2024-07-23,Standard Double,4,15500,62000,Direct,completed
B00008845,G000161,R0010,A0018,2024-04-09,2024-06-23,2024-06-29,Standard King,6,19900,119400,Direct,completed
B00008846,G002223,R0014,A0032,2025-08-27,2025-10-11,2025-10-24,Ocean Suite,13,32500,422500,Direct,completed
B00008847,G002704,R0002,A0026,2025-01-18,2025-02-23,2025-02-27,Standard Double,4,19900,79600,Direct,completed
B00008848,G000569,R0013,A0017,2025-12-30,2026-01-28,2026-02-11,Standard King,14,18500,259000,Travel Agent,completed
B00008849,G000179,R0024,A0045,2024-08-30,2024-10-10,2024-10-23,Standard Double,13,13300,172900,OTA,cancelled
B00008850,G002536,R0018,A0019,2025-04-09,2025-06-21,2025-06-30,Ocean Suite,9,45800,412200,Travel Agent,completed
B00008851,G000208,R0009,A0037,2025-07-10,2025-10-06,2025-10-16,Ocean Suite,10,46400,464000,Loyalty,completed
B00008852,G001790,R0036,A0005,2024-01-11,2024-02-22,2024-03-07,Standard Double,14,18900,264600,Direct,completed
B00008853,G002084,R0038,A0030,2025-04-20,2025-07-05,2025-07-19,Presidential,14,136200,1906800,Direct,completed
B00008854,G002553,R0010,A0017,2025-12-30,2026-01-07,2026-01-12,Ocean Suite,5,34700,173500,Direct,confirmed
B00008855,G002160,R0017,A0006,2025-03-04,2025-04-04,2025-04-11,Standard Double,7,14200,99400,Loyalty,completed
B00008856,G000038,R0040,A0055,2025-10-09,2025-10-10,2025-10-23,Standard King,13,16300,211900,Direct,completed
B00008857,G001009,R0034,A0050,2024-05-05,2024-06-25,2024-07-05,Standard Double,10,19000,190000,Travel Agent,completed
B00008858,G002077,R0028,A0022,2024-05-18,2024-08-20,2024-08-23,Ocean Suite,3,30500,91500,Travel Agent,confirmed
B00008859,G000617,R0028,A0059,2024-05-23,2024-06-06,2024-06-11,Standard Double,5,19700,98500,Travel Agent,completed
B00008860,G002805,R0001,A0002,2025-04-18,2025-06-27,2025-07-11,Standard Double,14,16300,228200,Corporate,confirmed
B00008861,G001477,R0016,A0044,2025-10-06,2025-11-18,2025-12-02,Standard King,14,20800,291200,Direct,completed
B00008862,G000617,R0013,A0043,2024-11-24,2024-12-02,2024-12-06,Standard King,4,15500,62000,Direct,cancelled
B00008863,G002201,R0013,A0040,2024-05-29,2024-09-13,2024-09-22,Ocean Suite,9,43600,392400,Direct,completed
B00008864,G000641,R0029,A0026,2025-08-13,2025-11-08,2025-11-15,Ocean Suite,7,43900,307300,OTA,cancelled
B00008865,G001011,R0033,A0025,2024-11-09,2024-12-14,2024-12-26,Ocean Suite,12,42600,511200,Direct,completed
B00008866,G000316,R0013,A0004,2024-11-10,2025-02-23,2025-02-27,Standard Double,4,19100,76400,Direct,confirmed
B00008867,G002354,R0016,A0050,2024-01-14,2024-02-26,2024-03-05,Standard King,8,20900,167200,OTA,confirmed
B00008868,G002678,R0017,A0048,2024-03-24,2024-06-08,2024-06-09,Standard Double,1,16100,16100,Direct,completed
B00008869,G002193,R0007,A0012,2025-09-16,2025-10-29,2025-10-31,Standard Double,2,18900,37800,OTA,completed
B00008870,G001879,R0035,A0005,2024-05-09,2024-05-27,2024-06-08,Standard King,12,17100,205200,OTA,completed
B00008871,G000469,R0009,A0035,2024-05-15,2024-07-21,2024-07-25,Ocean Suite,4,44000,176000,Direct,completed
B00008872,G000514,R0033,A0012,2025-11-12,2025-12-31,2026-01-05,Standard Double,5,19100,95500,Travel Agent,completed
B00008873,G000486,R0030,A0041,2025-06-09,2025-09-01,2025-09-03,Ocean Suite,2,32300,64600,Travel Agent,completed
B00008874,G001743,R0030,A0036,2024-05-25,2024-06-08,2024-06-17,Villa,9,57200,514800,Loyalty,completed
B00008875,G001787,R0015,A0014,2024-12-16,2025-03-20,2025-03-29,Standard Double,9,17000,153000,Loyalty,completed
B00008876,G001042,R0006,A0008,2024-06-13,2024-08-15,2024-08-20,Standard Double,5,17300,86500,Travel Agent,no_show
B00008877,G002331,R0012,A0019,2024-08-05,2024-11-02,2024-11-15,Ocean Suite,13,32000,416000,Direct,completed
B00008878,G000847,R0017,A0018,2024-02-04,2024-03-12,2024-03-22,Standard King,10,23900,239000,OTA,completed
B00008879,G001036,R0002,A0017,2024-03-26,2024-06-17,2024-06-18,Ocean Suite,1,44900,44900,OTA,confirmed
B00008880,G000484,R0019,A0036,2025-08-02,2025-08-24,2025-09-02,Ocean Suite,9,41100,369900,Corporate,completed
B00008881,G001978,R0037,A0009,2025-03-30,2025-06-14,2025-06-24,Villa,10,76300,763000,Direct,completed
B00008882,G000648,R0011,A0016,2024-12-01,2025-01-16,2025-01-17,Ocean Suite,1,43500,43500,OTA,completed
B00008883,G002994,R0037,A0019,2024-05-25,2024-08-31,2024-09-01,Standard Double,1,18200,18200,Direct,completed
B00008884,G002606,R0014,A0042,2024-03-30,2024-07-02,2024-07-08,Standard Double,6,16900,101400,OTA,completed
B00008885,G002048,R0013,A0043,2024-08-17,2024-09-04,2024-09-13,Standard Double,9,18000,162000,Direct,completed
B00008886,G001272,R0009,A0020,2024-05-20,2024-06-10,2024-06-22,Standard Double,12,17200,206400,Loyalty,completed
B00008887,G002972,R0018,A0057,2025-05-25,2025-06-14,2025-06-25,Standard King,11,16500,181500,Direct,completed
B00008888,G002254,R0039,A0046,2024-04-11,2024-06-19,2024-06-21,Standard Double,2,18400,36800,Direct,cancelled
B00008889,G001376,R0005,A0035,2025-05-09,2025-05-28,2025-06-11,Standard King,14,23500,329000,Direct,completed
B00008890,G001668,R0002,A0006,2024-09-04,2024-09-19,2024-09-25,Standard Double,6,18400,110400,Travel Agent,completed
B00008891,G001620,R0035,A0006,2025-04-18,2025-07-12,2025-07-18,Ocean Suite,6,39300,235800,Travel Agent,completed
B00008892,G001199,R0004,A0030,2025-04-03,2025-04-16,2025-04-23,Ocean Suite,7,37400,261800,Travel Agent,completed
B00008893,G002350,R0030,A0054,2025-07-31,2025-10-26,2025-11-07,Villa,12,71100,853200,Corporate,cancelled
B00008894,G001032,R0040,A0045,2025-08-23,2025-10-05,2025-10-14,Standard King,9,21500,193500,Direct,confirmed
B00008895,G000822,R0030,A0022,2024-12-04,2025-02-03,2025-02-04,Standard King,1,18900,18900,OTA,cancelled
B00008896,G001946,R0029,A0017,2024-04-24,2024-08-19,2024-08-26,Standard Double,7,20100,140700,OTA,completed
B00008897,G001403,R0030,A0035,2024-01-02,2024-04-26,2024-05-04,Villa,8,58700,469600,Corporate,completed
B00008898,G000615,R0036,A0024,2025-03-17,2025-03-19,2025-03-28,Standard King,9,15500,139500,Direct,completed
B00008899,G001626,R0001,A0045,2024-04-20,2024-05-30,2024-06-02,Ocean Suite,3,32300,96900,Corporate,completed
B00008900,G000713,R0011,A0049,2025-03-10,2025-03-20,2025-03-26,Standard Double,6,16100,96600,OTA,completed
B00008901,G000432,R0022,A0017,2025-04-20,2025-07-10,2025-07-11,Presidential,1,148700,148700,Travel Agent,confirmed
B00008902,G000765,R0031,A0021,2025-11-26,2026-02-15,2026-02-27,Presidential,12,154600,1855200,Direct,completed
B00008903,G002795,R0020,A0012,2025-03-15,2025-04-28,2025-05-07,Standard King,9,23000,207000,Direct,completed
B00008904,G001065,R0014,A0003,2024-08-25,2024-12-22,2024-12-23,Presidential,1,117900,117900,Corporate,completed
B00008905,G001839,R0010,A0027,2024-10-05,2024-12-17,2024-12-25,Villa,8,52400,419200,Loyalty,confirmed
B00008906,G000142,R0009,A0052,2024-03-19,2024-05-19,2024-06-02,Standard King,14,22900,320600,Corporate,completed
B00008907,G000686,R0006,A0003,2025-12-23,2026-02-27,2026-03-05,Standard Double,6,13100,78600,Direct,completed
B00008908,G001271,R0039,A0041,2024-03-20,2024-07-14,2024-07-21,Ocean Suite,7,41400,289800,OTA,completed
B00008909,G000133,R0002,A0009,2025-05-04,2025-06-23,2025-06-25,Standard King,2,23200,46400,OTA,completed
B00008910,G001220,R0001,A0018,2025-05-27,2025-09-24,2025-10-05,Standard King,11,22200,244200,OTA,confirmed
B00008911,G002570,R0002,A0041,2025-06-30,2025-10-05,2025-10-16,Standard Double,11,19600,215600,Corporate,completed
B00008912,G000122,R0010,A0034,2024-11-02,2024-12-28,2025-01-03,Ocean Suite,6,43100,258600,Loyalty,confirmed
B00008913,G002811,R0012,A0051,2024-05-31,2024-07-08,2024-07-15,Ocean Suite,7,39000,273000,Loyalty,confirmed
B00008914,G001274,R0014,A0052,2025-10-10,2026-01-03,2026-01-13,Standard King,10,24000,240000,Corporate,no_show
B00008915,G000680,R0032,A0020,2025-07-29,2025-09-24,2025-09-25,Standard King,1,16100,16100,Travel Agent,confirmed
B00008916,G002802,R0028,A0037,2024-04-08,2024-05-14,2024-05-15,Standard Double,1,19500,19500,Corporate,completed
B00008917,G000324,R0019,A0055,2025-04-13,2025-05-11,2025-05-13,Standard King,2,17900,35800,OTA,confirmed
B00008918,G000882,R0040,A0031,2024-04-09,2024-04-16,2024-04-18,Ocean Suite,2,34400,68800,OTA,confirmed
B00008919,G000771,R0014,A0040,2024-08-05,2024-11-29,2024-12-05,Ocean Suite,6,33200,199200,Direct,completed
B00008920,G002647,R0013,A0052,2024-05-12,2024-07-18,2024-07-23,Villa,5,71400,357000,OTA,cancelled
B00008921,G000553,R0025,A0039,2024-01-27,2024-03-19,2024-03-29,Presidential,10,110200,1102000,Corporate,completed
B00008922,G002092,R0001,A0019,2024-12-01,2025-03-13,2025-03-18,Ocean Suite,5,35800,179000,Travel Agent,completed
B00008923,G000105,R0026,A0047,2024-04-07,2024-05-13,2024-05-20,Standard King,7,18000,126000,OTA,completed
B00008924,G000327,R0037,A0048,2024-10-20,2025-01-14,2025-01-15,Standard King,1,22500,22500,Direct,no_show
B00008925,G000249,R0022,A0003,2025-01-23,2025-02-13,2025-02-19,Standard King,6,16500,99000,Loyalty,completed
B00008926,G000815,R0026,A0017,2024-06-19,2024-08-19,2024-08-28,Standard Double,9,18300,164700,Corporate,completed
B00008927,G001535,R0019,A0058,2025-09-13,2025-12-12,2025-12-15,Villa,3,66700,200100,Direct,confirmed
B00008928,G001291,R0036,A0058,2025-09-10,2025-11-18,2025-11-23,Standard King,5,19600,98000,Corporate,completed
B00008929,G001540,R0025,A0048,2025-11-14,2026-01-09,2026-01-16,Ocean Suite,7,45200,316400,Direct,completed
B00008930,G001375,R0011,A0031,2024-08-18,2024-10-22,2024-10-26,Standard Double,4,14500,58000,OTA,completed
B00008931,G001760,R0037,A0053,2025-10-07,2025-12-23,2025-12-27,Standard Double,4,13400,53600,Corporate,completed
B00008932,G002913,R0025,A0025,2024-01-06,2024-03-09,2024-03-12,Standard Double,3,16300,48900,Travel Agent,completed
B00008933,G001708,R0013,A0039,2024-10-15,2025-01-20,2025-02-01,Standard King,12,18100,217200,Direct,confirmed
B00008934,G001006,R0004,A0039,2024-10-21,2024-11-30,2024-12-03,Ocean Suite,3,36500,109500,Direct,confirmed
B00008935,G001664,R0012,A0032,2025-11-02,2025-11-12,2025-11-16,Standard King,4,19300,77200,OTA,completed
B00008936,G000148,R0001,A0022,2024-02-19,2024-05-10,2024-05-13,Ocean Suite,3,40500,121500,Direct,completed
B00008937,G001457,R0025,A0054,2024-02-17,2024-06-11,2024-06-21,Villa,10,59800,598000,Travel Agent,completed
B00008938,G002682,R0039,A0012,2025-11-07,2025-12-28,2026-01-02,Standard King,5,19900,99500,Direct,cancelled
B00008939,G001434,R0039,A0012,2024-03-22,2024-06-06,2024-06-08,Standard Double,2,19200,38400,Direct,completed
B00008940,G000853,R0034,A0012,2025-06-24,2025-09-17,2025-09-20,Standard King,3,23300,69900,Direct,no_show
B00008941,G000537,R0015,A0040,2024-10-17,2024-12-06,2024-12-20,Standard King,14,17200,240800,Loyalty,completed
B00008942,G001054,R0002,A0008,2024-01-02,2024-04-25,2024-05-03,Standard King,8,21600,172800,Corporate,completed
B00008943,G001103,R0008,A0029,2025-05-12,2025-08-09,2025-08-19,Standard King,10,19900,199000,OTA,completed
B00008944,G000817,R0029,A0050,2024-06-07,2024-09-21,2024-10-05,Standard Double,14,19500,273000,OTA,cancelled
B00008945,G000462,R0017,A0038,2025-12-03,2025-12-26,2026-01-02,Standard Double,7,17700,123900,Direct,no_show
B00008946,G001929,R0017,A0019,2024-01-17,2024-05-05,2024-05-18,Standard King,13,20100,261300,Corporate,cancelled
B00008947,G000674,R0030,A0028,2025-10-05,2025-10-28,2025-11-01,Standard Double,4,17000,68000,OTA,completed
B00008948,G000355,R0004,A0050,2025-09-27,2025-12-03,2025-12-09,Standard Double,6,17400,104400,OTA,completed
B00008949,G002286,R0010,A0011,2024-12-14,2025-01-21,2025-01-22,Standard Double,1,16800,16800,Direct,completed
B00008950,G000905,R0019,A0013,2024-10-09,2024-12-11,2024-12-22,Ocean Suite,11,36200,398200,OTA,completed
B00008951,G001426,R0035,A0001,2025-02-12,2025-04-21,2025-04-22,Presidential,1,133500,133500,Direct,completed
B00008952,G000693,R0039,A0005,2025-12-01,2026-03-20,2026-03-29,Standard Double,9,14800,133200,Direct,confirmed
B00008953,G002608,R0008,A0030,2025-06-22,2025-10-10,2025-10-17,Standard King,7,18700,130900,Direct,completed
B00008954,G001776,R0002,A0050,2024-02-20,2024-03-24,2024-03-28,Ocean Suite,4,38000,152000,Direct,confirmed
B00008955,G000209,R0038,A0013,2025-01-03,2025-03-18,2025-03-19,Standard Double,1,16000,16000,Loyalty,completed
B00008956,G001776,R0026,A0058,2025-03-25,2025-04-21,2025-04-26,Villa,5,71800,359000,Travel Agent,confirmed
B00008957,G001190,R0032,A0038,2025-12-09,2026-04-02,2026-04-13,Standard King,11,21200,233200,OTA,completed
B00008958,G002746,R0039,A0045,2025-09-12,2025-12-27,2026-01-04,Villa,8,74000,592000,Loyalty,completed
B00008959,G001854,R0013,A0026,2024-09-04,2024-10-30,2024-11-03,Standard King,4,17400,69600,Direct,no_show
B00008960,G001206,R0019,A0047,2025-07-13,2025-10-04,2025-10-14,Standard Double,10,17100,171000,Travel Agent,completed
B00008961,G000406,R0021,A0020,2025-11-09,2026-03-02,2026-03-11,Presidential,9,115000,1035000,OTA,completed
B00008962,G002120,R0024,A0011,2025-01-29,2025-03-17,2025-03-19,Standard King,2,17800,35600,Direct,confirmed
B00008963,G000001,R0030,A0009,2024-03-23,2024-07-03,2024-07-07,Standard King,4,17400,69600,OTA,confirmed
B00008964,G002479,R0011,A0026,2025-10-30,2025-12-24,2025-12-27,Standard King,3,22400,67200,Direct,completed
B00008965,G001384,R0001,A0021,2025-09-10,2025-11-28,2025-12-10,Standard Double,12,16100,193200,Direct,completed
B00008966,G001462,R0015,A0050,2024-03-26,2024-04-14,2024-04-25,Villa,11,63400,697400,Direct,completed
B00008967,G000216,R0019,A0045,2024-12-30,2025-02-14,2025-02-21,Standard Double,7,18100,126700,Travel Agent,completed
B00008968,G001513,R0023,A0024,2024-12-07,2025-01-08,2025-01-14,Standard Double,6,17100,102600,Corporate,completed
B00008969,G002852,R0011,A0051,2025-02-01,2025-03-11,2025-03-13,Standard Double,2,13300,26600,Corporate,confirmed
B00008970,G001331,R0002,A0009,2024-07-18,2024-10-02,2024-10-07,Ocean Suite,5,37200,186000,Travel Agent,confirmed
B00008971,G002586,R0004,A0047,2025-07-05,2025-09-23,2025-09-29,Villa,6,66900,401400,Corporate,completed
B00008972,G002060,R0004,A0057,2024-01-27,2024-02-12,2024-02-19,Standard King,7,24000,168000,Travel Agent,completed
B00008973,G002024,R0040,A0051,2025-05-05,2025-06-12,2025-06-25,Ocean Suite,13,41300,536900,Direct,completed
B00008974,G000890,R0030,A0004,2024-04-03,2024-04-15,2024-04-24,Standard King,9,24000,216000,Travel Agent,cancelled
B00008975,G002805,R0005,A0011,2025-06-26,2025-10-14,2025-10-21,Standard Double,7,18400,128800,OTA,completed
B00008976,G001476,R0039,A0004,2025-10-20,2026-01-14,2026-01-20,Ocean Suite,6,41600,249600,Direct,completed
B00008977,G002119,R0036,A0044,2024-06-13,2024-08-04,2024-08-15,Ocean Suite,11,36800,404800,Direct,completed
B00008978,G000639,R0026,A0030,2024-07-23,2024-09-23,2024-09-28,Standard Double,5,20000,100000,Direct,completed
B00008979,G000464,R0001,A0052,2025-01-07,2025-03-28,2025-04-09,Standard Double,12,16900,202800,Direct,completed
B00008980,G000784,R0035,A0034,2025-10-25,2026-01-20,2026-01-26,Standard Double,6,17800,106800,OTA,completed
B00008981,G000270,R0036,A0030,2024-08-05,2024-11-17,2024-11-29,Standard Double,12,17500,210000,Direct,completed
B00008982,G002709,R0002,A0002,2025-10-06,2025-11-20,2025-11-25,Villa,5,74200,371000,Travel Agent,confirmed
B00008983,G001574,R0013,A0010,2024-07-24,2024-09-08,2024-09-15,Standard King,7,23900,167300,OTA,completed
B00008984,G001423,R0007,A0039,2025-12-03,2025-12-14,2025-12-19,Standard King,5,23400,117000,Direct,no_show
B00008985,G001848,R0006,A0009,2024-11-30,2025-03-03,2025-03-09,Ocean Suite,6,36100,216600,Travel Agent,completed
B00008986,G000214,R0031,A0059,2025-02-12,2025-05-08,2025-05-15,Standard Double,7,14000,98000,OTA,completed
B00008987,G001051,R0035,A0024,2024-12-31,2025-03-15,2025-03-27,Standard Double,12,19400,232800,Travel Agent,completed
B00008988,G002313,R0005,A0019,2024-10-24,2025-01-23,2025-02-04,Ocean Suite,12,37300,447600,OTA,confirmed
B00008989,G000318,R0030,A0032,2025-09-08,2025-12-18,2025-12-20,Ocean Suite,2,33600,67200,OTA,cancelled
B00008990,G001193,R0034,A0035,2025-07-19,2025-09-06,2025-09-13,Standard King,7,22400,156800,Corporate,completed
B00008991,G002211,R0014,A0030,2024-12-06,2025-03-10,2025-03-23,Standard Double,13,16300,211900,Corporate,cancelled
B00008992,G001683,R0028,A0028,2024-06-11,2024-07-20,2024-08-02,Standard King,13,23900,310700,Direct,confirmed
B00008993,G002896,R0005,A0037,2024-06-15,2024-06-18,2024-06-29,Standard King,11,19800,217800,OTA,completed
B00008994,G002541,R0015,A0020,2025-06-30,2025-08-31,2025-09-07,Villa,7,71600,501200,Direct,completed
B00008995,G000475,R0020,A0058,2024-09-05,2024-12-25,2025-01-07,Ocean Suite,13,45200,587600,OTA,confirmed
B00008996,G001327,R0001,A0057,2025-10-27,2026-01-27,2026-01-29,Presidential,2,103400,206800,Direct,completed
B00008997,G002933,R0024,A0020,2024-02-26,2024-03-16,2024-03-28,Villa,12,78600,943200,Corporate,completed
B00008998,G000154,R0016,A0011,2024-10-19,2024-11-03,2024-11-08,Presidential,5,138500,692500,Direct,confirmed
B00008999,G000389,R0027,A0055,2025-01-21,2025-04-10,2025-04-17,Standard Double,7,16700,116900,Corporate,completed
B00009000,G002395,R0002,A0043,2025-08-11,2025-10-18,2025-10-26,Standard Double,8,19500,156000,Corporate,confirmed
