commission_id,booking_id,agent_id,commission_rate,commission_amount_cents
C00000001,B00000001,A0009,0.05,3405
C00000002,B00000002,A0033,0.15,10170
C00000003,B00000003,A0048,0.15,2085
C00000004,B00000004,A0018,0.1,8000
C00000005,B00000005,A0052,0.05,12815
C00000006,B00000006,A0033,0.1,16280
C00000007,B00000007,A0042,0.05,4420
C00000008,B00000008,A0042,0.15,19110
C00000009,B00000009,A0044,0.15,85320
C00000010,B00000010,A0009,0.1,23370
C00000011,B00000011,A0024,0.05,26040
C00000012,B00000012,A0034,0.02,15428
C00000013,B00000013,A0050,0.02,26576
C00000014,B00000014,A0009,0.15,20895
C00000015,B00000015,A0013,0.05,18535
C00000016,B00000016,A0020,0.05,6840
C00000017,B00000017,A0011,0.1,12800
C00000018,B00000018,A0050,0.1,141700
C00000019,B00000019,A0017,0.15,24420
C00000020,B00000020,A0033,0.02,1620
C00000021,B00000021,A0019,0.15,85920
C00000022,B00000022,A0010,0.1,54600
C00000023,B00000023,A0052,0.05,13740
C00000024,B00000024,A0040,0.15,34230
C00000025,B00000025,A0008,0.02,3052
C00000026,B00000026,A0002,0.02,3040
C00000027,B00000027,A0034,0.02,4240
C00000028,B00000028,A0058,0.15,109065
C00000029,B00000029,A0004,0.02,4136
C00000030,B00000030,A0032,0.02,2366
C00000031,B00000031,A0022,0.05,7100
C00000032,B00000032,A0001,0.15,197175
C00000033,B00000033,A0007,0.02,1832
C00000034,B00000034,A0060,0.1,7520
C00000035,B00000035,A0054,0.1,41040
C00000036,B00000036,A0057,0.1,12110
C00000037,B00000037,A0009,0.15,34200
C00000038,B00000038,A0046,0.03,7128
C00000039,B00000039,A0031,0.05,10980
C00000040,B00000040,A0004,0.02,3250
C00000041,B00000041,A0023,0.02,11060
C00000042,B00000042,A0060,0.15,235365
C00000043,B00000043,A0049,0.02,4360
C00000044,B00000044,A0017,0.1,25480
C00000045,B00000045,A0054,0.05,10010
C00000046,B00000046,A0027,0.1,4640
C00000047,B00000047,A0008,0.1,27760
C00000048,B00000048,A0025,0.05,4975
C00000049,B00000049,A0021,0.15,66735
C00000050,B00000050,A0035,0.02,20552
C00000051,B00000051,A0036,0.15,37920
C00000052,B00000052,A0005,0.02,6608
C00000053,B00000053,A0025,0.1,13760
C00000054,B00000054,A0001,0.15,6120
C00000055,B00000055,A0010,0.02,6620
C00000056,B00000056,A0017,0.02,3040
C00000057,B00000057,A0022,0.15,30420
C00000058,B00000058,A0046,0.15,37380
C00000059,B00000059,A0042,0.15,41400
C00000060,B00000060,A0026,0.03,504
C00000061,B00000061,A0047,0.15,21195
C00000062,B00000062,A0037,0.15,17190
C00000063,B00000063,A0043,0.15,31590
C00000064,B00000064,A0024,0.03,7350
C00000065,B00000065,A0001,0.02,1194
C00000066,B00000066,A0047,0.1,13680
C00000067,B00000067,A0003,0.03,1521
C00000068,B00000068,A0029,0.1,18160
C00000069,B00000069,A0060,0.02,748
C00000070,B00000070,A0039,0.02,5096
C00000071,B00000071,A0045,0.15,36075
C00000072,B00000072,A0059,0.1,12690
C00000073,B00000073,A0045,0.02,844
C00000074,B00000074,A0049,0.15,27300
C00000075,B00000075,A0007,0.1,26260
C00000076,B00000076,A0060,0.1,3720
C00000077,B00000077,A0004,0.03,5496
C00000078,B00000078,A0024,0.15,7965
C00000079,B00000079,A0059,0.15,82260
C00000080,B00000080,A0033,0.05,10710
C00000081,B00000081,A0017,0.15,21750
C00000082,B00000082,A0025,0.03,6516
C00000083,B00000083,A0044,0.05,2310
C00000084,B00000084,A0056,0.15,26580
C00000085,B00000085,A0003,0.05,6030
C00000086,B00000086,A0009,0.15,17640
C00000087,B00000087,A0030,0.02,726
C00000088,B00000088,A0024,0.15,10980
C00000089,B00000089,A0052,0.03,5796
C00000090,B00000090,A0035,0.15,24360
C00000091,B00000091,A0054,0.15,33300
C00000092,B00000092,A0013,0.02,4400
C00000093,B00000093,A0030,0.15,8865
C00000094,B00000094,A0021,0.02,5064
C00000095,B00000095,A0009,0.02,7200
C00000096,B00000096,A0050,0.02,832
C00000097,B00000097,A0034,0.05,10780
C00000098,B00000098,A0041,0.03,4509
C00000099,B00000099,A0017,0.02,368
C00000100,B00000100,A0052,0.15,36270
C00000101,B00000101,A0017,0.1,7480
C00000102,B00000102,A0012,0.1,17710
C00000103,B00000103,A0012,0.02,2544
C00000104,B00000104,A0024,0.03,684
C00000105,B00000105,A0053,0.03,14196
C00000106,B00000106,A0060,0.15,42660
C00000107,B00000107,A0008,0.15,20160
C00000108,B00000108,A0024,0.03,4992
C00000109,B00000109,A0045,0.05,9640
C00000110,B00000110,A0023,0.02,320
C00000111,B00000111,A0018,0.05,1610
C00000112,B00000112,A0040,0.15,37080
C00000113,B00000113,A0027,0.05,1320
C00000114,B00000114,A0043,0.02,3144
C00000115,B00000115,A0030,0.05,20385
C00000116,B00000116,A0005,0.02,1560
C00000117,B00000117,A0023,0.05,7425
C00000118,B00000118,A0036,0.15,36855
C00000119,B00000119,A0029,0.15,20655
C00000120,B00000120,A0014,0.03,31752
C00000121,B00000121,A0010,0.15,26400
C00000122,B00000122,A0012,0.1,31400
C00000123,B00000123,A0023,0.1,31080
C00000124,B00000124,A0010,0.03,2556
C00000125,B00000125,A0051,0.02,2448
C00000126,B00000126,A0049,0.02,1408
C00000127,B00000127,A0021,0.15,11130
C00000128,B00000128,A0040,0.02,3616
C00000129,B00000129,A0040,0.15,28440
C00000130,B00000130,A0049,0.1,32200
C00000131,B00000131,A0019,0.02,2870
C00000132,B00000132,A0015,0.15,19650
C00000133,B00000133,A0020,0.15,33120
C00000134,B00000134,A0057,0.15,13725
C00000135,B00000135,A0010,0.02,4020
C00000136,B00000136,A0059,0.03,9204
C00000137,B00000137,A0047,0.1,84140
C00000138,B00000138,A0009,0.1,17200
C00000139,B00000139,A0009,0.15,25380
C00000140,B00000140,A0060,0.02,7968
C00000141,B00000141,A0028,0.15,76140
C00000142,B00000142,A0057,0.15,109515
C00000143,B00000143,A0050,0.1,16450
C00000144,B00000144,A0058,0.02,2254
C00000145,B00000145,A0045,0.02,1914
C00000146,B00000146,A0040,0.15,17640
C00000147,B00000147,A0019,0.05,15330
C00000148,B00000148,A0016,0.1,12800
C00000149,B00000149,A0003,0.03,10470
C00000150,B00000150,A0043,0.15,49200
C00000151,B00000151,A0053,0.02,3510
C00000152,B00000152,A0004,0.1,14740
C00000153,B00000153,A0017,0.15,62460
C00000154,B00000154,A0001,0.02,9372
C00000155,B00000155,A0001,0.15,11925
C00000156,B00000156,A0040,0.15,41220
C00000157,B00000157,A0058,0.02,11934
C00000158,B00000158,A0052,0.15,26700
C00000159,B00000159,A0046,0.02,1640
C00000160,B00000160,A0051,0.15,3870
C00000161,B00000161,A0050,0.15,7020
C00000162,B00000162,A0056,0.1,2210
C00000163,B00000163,A0018,0.02,5520
C00000164,B00000164,A0036,0.02,9528
C00000165,B00000165,A0007,0.05,6300
C00000166,B00000166,A0046,0.02,10296
C00000167,B00000167,A0031,0.15,123270
C00000168,B00000168,A0023,0.15,8280
C00000169,B00000169,A0051,0.02,2030
C00000170,B00000170,A0028,0.1,8700
C00000171,B00000171,A0021,0.02,3824
C00000172,B00000172,A0006,0.02,14000
C00000173,B00000173,A0029,0.1,13440
C00000174,B00000174,A0006,0.02,2466
C00000175,B00000175,A0008,0.15,38430
C00000176,B00000176,A0009,0.02,27583
C00000177,B00000177,A0047,0.15,9450
C00000178,B00000178,A0036,0.15,12420
C00000179,B00000179,A0037,0.15,23250
C00000180,B00000180,A0006,0.1,49680
C00000181,B00000181,A0031,0.15,18240
C00000182,B00000182,A0048,0.15,2550
C00000183,B00000183,A0033,0.02,888
C00000184,B00000184,A0017,0.15,20160
C00000185,B00000185,A0050,0.15,39120
C00000186,B00000186,A0026,0.02,18864
C00000187,B00000187,A0001,0.03,6600
C00000188,B00000188,A0022,0.15,6150
C00000189,B00000189,A0021,0.02,598
C00000190,B00000190,A0002,0.03,13290
C00000191,B00000191,A0025,0.1,202410
C00000192,B00000192,A0050,0.02,7788
C00000193,B00000193,A0017,0.1,3940
C00000194,B00000194,A0059,0.02,408
C00000195,B00000195,A0058,0.15,80845
C00000196,B00000196,A0008,0.02,2160
C00000197,B00000197,A0006,0.15,9360
C00000198,B00000198,A0048,0.02,1936
C00000199,B00000199,A0002,0.02,3648
C00000200,B00000200,A0060,0.03,1152
C00000201,B00000201,A0058,0.05,10300
C00000202,B00000202,A0022,0.02,5460
C00000203,B00000203,A0018,0.02,4156
C00000204,B00000204,A0001,0.1,16280
C00000205,B00000205,A0034,0.02,913
C00000206,B00000206,A0034,0.02,10948
C00000207,B00000207,A0044,0.1,9150
C00000208,B00000208,A0060,0.02,5174
C00000209,B00000209,A0015,0.02,760
C00000210,B00000210,A0030,0.15,6390
C00000211,B00000211,A0055,0.02,2010
C00000212,B00000212,A0032,0.15,26880
C00000213,B00000213,A0010,0.05,975
C00000214,B00000214,A0006,0.15,25740
C00000215,B00000215,A0050,0.15,16290
C00000216,B00000216,A0035,0.1,25520
C00000217,B00000217,A0040,0.15,8100
C00000218,B00000218,A0048,0.15,65520
C00000219,B00000219,A0029,0.1,30240
C00000220,B00000220,A0006,0.02,1434
C00000221,B00000221,A0041,0.15,22605
C00000222,B00000222,A0054,0.05,6160
C00000223,B00000223,A0009,0.02,1860
C00000224,B00000224,A0060,0.1,8400
C00000225,B00000225,A0003,0.15,20280
C00000226,B00000226,A0011,0.02,328
C00000227,B00000227,A0031,0.03,3816
C00000228,B00000228,A0008,0.02,7500
C00000229,B00000229,A0013,0.02,4956
C00000230,B00000230,A0026,0.15,15540
C00000231,B00000231,A0048,0.15,21015
C00000232,B00000232,A0022,0.03,3969
C00000233,B00000233,A0019,0.15,93030
C00000234,B00000234,A0041,0.02,7634
C00000235,B00000235,A0032,0.05,5070
C00000236,B00000236,A0002,0.1,1940
C00000237,B00000237,A0004,0.05,36520
C00000238,B00000238,A0018,0.05,6150
C00000239,B00000239,A0007,0.15,26160
C00000240,B00000240,A0008,0.05,5550
C00000241,B00000241,A0015,0.02,4901
C00000242,B00000242,A0003,0.15,78195
C00000243,B00000243,A0038,0.1,9960
C00000244,B00000244,A0016,0.15,12930
C00000245,B00000245,A0060,0.02,4296
C00000246,B00000246,A0015,0.02,1944
C00000247,B00000247,A0008,0.05,20850
C00000248,B00000248,A0044,0.15,22275
C00000249,B00000249,A0007,0.03,2472
C00000250,B00000250,A0038,0.15,15480
C00000251,B00000251,A0032,0.02,314
C00000252,B00000252,A0050,0.02,3830
C00000253,B00000253,A0029,0.15,8640
C00000254,B00000254,A0049,0.15,50040
C00000255,B00000255,A0050,0.15,2055
C00000256,B00000256,A0023,0.15,28710
C00000257,B00000257,A0035,0.03,22440
C00000258,B00000258,A0021,0.15,25560
C00000259,B00000259,A0028,0.05,74550
C00000260,B00000260,A0048,0.05,7950
C00000261,B00000261,A0028,0.15,8760
C00000262,B00000262,A0043,0.05,9515
C00000263,B00000263,A0016,0.05,9225
C00000264,B00000264,A0053,0.02,3380
C00000265,B00000265,A0028,0.05,2325
C00000266,B00000266,A0056,0.15,58500
C00000267,B00000267,A0016,0.05,29970
C00000268,B00000268,A0016,0.1,29510
C00000269,B00000269,A0014,0.15,39450
C00000270,B00000270,A0018,0.1,18000
C00000271,B00000271,A0058,0.02,5376
C00000272,B00000272,A0006,0.1,109760
C00000273,B00000273,A0053,0.15,63945
C00000274,B00000274,A0047,0.1,18840
C00000275,B00000275,A0021,0.05,3255
C00000276,B00000276,A0017,0.02,4984
C00000277,B00000277,A0060,0.15,26565
C00000278,B00000278,A0037,0.15,26460
C00000279,B00000279,A0019,0.03,14490
C00000280,B00000280,A0002,0.15,21900
C00000281,B00000281,A0044,0.02,4128
C00000282,B00000282,A0043,0.1,22750
C00000283,B00000283,A0003,0.05,2955
C00000284,B00000284,A0021,0.15,249480
C00000285,B00000285,A0049,0.02,3520
C00000286,B00000286,A0028,0.15,21600
C00000287,B00000287,A0056,0.15,19845
C00000288,B00000288,A0016,0.1,12840
C00000289,B00000289,A0030,0.1,11760
C00000290,B00000290,A0009,0.1,24640
C00000291,B00000291,A0050,0.15,39270
C00000292,B00000292,A0048,0.15,6030
C00000293,B00000293,A0028,0.15,14400
C00000294,B00000294,A0060,0.15,24585
C00000295,B00000295,A0037,0.15,2475
C00000296,B00000296,A0050,0.02,7872
C00000297,B00000297,A0049,0.05,15600
C00000298,B00000298,A0001,0.15,17010
C00000299,B00000299,A0024,0.02,3300
C00000300,B00000300,A0031,0.05,3480
C00000301,B00000301,A0008,0.02,3912
C00000302,B00000302,A0007,0.15,44730
C00000303,B00000303,A0047,0.02,16212
C00000304,B00000304,A0057,0.1,61400
C00000305,B00000305,A0033,0.05,11385
C00000306,B00000306,A0051,0.1,8800
C00000307,B00000307,A0020,0.02,2470
C00000308,B00000308,A0028,0.03,978
C00000309,B00000309,A0039,0.15,9615
C00000310,B00000310,A0033,0.02,3132
C00000311,B00000311,A0010,0.15,48090
C00000312,B00000312,A0011,0.1,43200
C00000313,B00000313,A0027,0.02,6480
C00000314,B00000314,A0026,0.1,28910
C00000315,B00000315,A0056,0.15,16020
C00000316,B00000316,A0057,0.05,20950
C00000317,B00000317,A0022,0.15,21735
C00000318,B00000318,A0038,0.15,37245
C00000319,B00000319,A0029,0.05,1005
C00000320,B00000320,A0043,0.02,2328
C00000321,B00000321,A0054,0.02,274
C00000322,B00000322,A0032,0.03,23616
C00000323,B00000323,A0046,0.1,23400
C00000324,B00000324,A0003,0.02,2232
C00000325,B00000325,A0057,0.15,62370
C00000326,B00000326,A0051,0.02,7680
C00000327,B00000327,A0006,0.15,20475
C00000328,B00000328,A0046,0.1,45630
C00000329,B00000329,A0013,0.02,474
C00000330,B00000330,A0039,0.15,2955
C00000331,B00000331,A0008,0.02,1750
C00000332,B00000332,A0012,0.15,11325
C00000333,B00000333,A0038,0.02,5148
C00000334,B00000334,A0059,0.15,51000
C00000335,B00000335,A0014,0.15,17595
C00000336,B00000336,A0001,0.03,6420
C00000337,B00000337,A0037,0.1,30940
C00000338,B00000338,A0057,0.02,14440
C00000339,B00000339,A0002,0.02,254
C00000340,B00000340,A0035,0.15,39600
C00000341,B00000341,A0029,0.1,4160
C00000342,B00000342,A0024,0.02,8016
C00000343,B00000343,A0043,0.02,2640
C00000344,B00000344,A0045,0.02,4520
C00000345,B00000345,A0018,0.02,2656
C00000346,B00000346,A0013,0.02,9400
C00000347,B00000347,A0041,0.05,5160
C00000348,B00000348,A0016,0.02,1740
C00000349,B00000349,A0004,0.02,12152
C00000350,B00000350,A0036,0.15,18165
C00000351,B00000351,A0057,0.02,6543
C00000352,B00000352,A0051,0.15,25410
C00000353,B00000353,A0038,0.15,33345
C00000354,B00000354,A0034,0.05,2970
C00000355,B00000355,A0051,0.15,29535
C00000356,B00000356,A0057,0.15,2685
C00000357,B00000357,A0053,0.02,676
C00000358,B00000358,A0013,0.15,26700
C00000359,B00000359,A0025,0.05,3480
C00000360,B00000360,A0051,0.15,37065
C00000361,B00000361,A0056,0.15,19200
C00000362,B00000362,A0024,0.1,5580
C00000363,B00000363,A0042,0.02,1160
C00000364,B00000364,A0009,0.15,23085
C00000365,B00000365,A0021,0.02,882
C00000366,B00000366,A0024,0.15,16380
C00000367,B00000367,A0055,0.05,4475
C00000368,B00000368,A0049,0.02,2672
C00000369,B00000369,A0021,0.05,9600
C00000370,B00000370,A0032,0.15,10680
C00000371,B00000371,A0060,0.1,17200
C00000372,B00000372,A0022,0.15,12150
C00000373,B00000373,A0059,0.15,12000
C00000374,B00000374,A0009,0.05,14280
C00000375,B00000375,A0020,0.02,8280
C00000376,B00000376,A0057,0.1,16100
C00000377,B00000377,A0058,0.15,59325
C00000378,B00000378,A0019,0.15,60300
C00000379,B00000379,A0049,0.02,5018
C00000380,B00000380,A0055,0.02,432
C00000381,B00000381,A0046,0.05,11690
C00000382,B00000382,A0044,0.05,6510
C00000383,B00000383,A0029,0.03,1293
C00000384,B00000384,A0022,0.05,2320
C00000385,B00000385,A0053,0.15,28215
C00000386,B00000386,A0042,0.05,2640
C00000387,B00000387,A0032,0.02,39780
C00000388,B00000388,A0055,0.15,21150
C00000389,B00000389,A0049,0.02,3480
C00000390,B00000390,A0016,0.15,99000
C00000391,B00000391,A0055,0.1,7800
C00000392,B00000392,A0029,0.02,5572
C00000393,B00000393,A0036,0.02,648
C00000394,B00000394,A0041,0.15,38610
C00000395,B00000395,A0002,0.15,13740
C00000396,B00000396,A0019,0.15,19800
C00000397,B00000397,A0026,0.15,12825
C00000398,B00000398,A0033,0.15,23580
C00000399,B00000399,A0041,0.1,38760
C00000400,B00000400,A0026,0.15,4230
C00000401,B00000401,A0049,0.05,11833
C00000402,B00000402,A0001,0.02,3792
C00000403,B00000403,A0033,0.1,23940
C00000404,B00000404,A0007,0.02,1934
C00000405,B00000405,A0043,0.1,5120
C00000406,B00000406,A0039,0.05,44495
C00000407,B00000407,A0023,0.05,25200
C00000408,B00000408,A0033,0.05,7970
C00000409,B00000409,A0039,0.03,10740
C00000410,B00000410,A0057,0.05,2010
C00000411,B00000411,A0031,0.1,8800
C00000412,B00000412,A0058,0.05,11700
C00000413,B00000413,A0056,0.03,5490
C00000414,B00000414,A0017,0.03,1314
C00000415,B00000415,A0037,0.03,5730
C00000416,B00000416,A0035,0.15,159810
C00000417,B00000417,A0033,0.05,26670
C00000418,B00000418,A0010,0.1,69240
C00000419,B00000419,A0020,0.15,21465
C00000420,B00000420,A0045,0.05,3360
C00000421,B00000421,A0045,0.02,1350
C00000422,B00000422,A0044,0.02,13524
C00000423,B00000423,A0016,0.03,3759
C00000424,B00000424,A0018,0.02,1956
C00000425,B00000425,A0020,0.05,7020
C00000426,B00000426,A0051,0.05,17595
C00000427,B00000427,A0045,0.02,5104
C00000428,B00000428,A0006,0.03,20196
C00000429,B00000429,A0009,0.15,18090
C00000430,B00000430,A0010,0.02,3420
C00000431,B00000431,A0026,0.15,29535
C00000432,B00000432,A0039,0.15,10035
C00000433,B00000433,A0005,0.02,8916
C00000434,B00000434,A0025,0.05,15795
C00000435,B00000435,A0011,0.05,12480
C00000436,B00000436,A0025,0.05,9300
C00000437,B00000437,A0052,0.1,66600
C00000438,B00000438,A0005,0.02,1104
C00000439,B00000439,A0060,0.05,8080
C00000440,B00000440,A0048,0.05,83270
C00000441,B00000441,A0058,0.03,6966
C00000442,B00000442,A0054,0.02,1470
C00000443,B00000443,A0055,0.15,2280
C00000444,B00000444,A0034,0.05,5120
C00000445,B00000445,A0035,0.15,53625
C00000446,B00000446,A0009,0.02,6696
C00000447,B00000447,A0032,0.15,87945
C00000448,B00000448,A0007,0.02,2220
C00000449,B00000449,A0032,0.02,3980
C00000450,B00000450,A0045,0.1,6870
C00000451,B00000451,A0060,0.15,34500
C00000452,B00000452,A0004,0.02,354
C00000453,B00000453,A0004,0.02,1950
C00000454,B00000454,A0044,0.05,10800
C00000455,B00000455,A0057,0.03,4680
C00000456,B00000456,A0060,0.03,6540
C00000457,B00000457,A0046,0.03,3258
C00000458,B00000458,A0045,0.02,4800
C00000459,B00000459,A0025,0.02,3380
C00000460,B00000460,A0017,0.02,3912
C00000461,B00000461,A0056,0.1,22820
C00000462,B00000462,A0021,0.03,1005
C00000463,B00000463,A0021,0.02,9438
C00000464,B00000464,A0032,0.15,118860
C00000465,B00000465,A0053,0.02,1272
C00000466,B00000466,A0009,0.05,1290
C00000467,B00000467,A0018,0.05,1495
C00000468,B00000468,A0058,0.15,13050
C00000469,B00000469,A0007,0.15,7755
C00000470,B00000470,A0032,0.02,4756
C00000471,B00000471,A0028,0.1,9690
C00000472,B00000472,A0043,0.05,26100
C00000473,B00000473,A0047,0.02,3640
C00000474,B00000474,A0031,0.03,5343
C00000475,B00000475,A0025,0.05,6475
C00000476,B00000476,A0024,0.05,1840
C00000477,B00000477,A0060,0.02,6160
C00000478,B00000478,A0043,0.02,3892
C00000479,B00000479,A0031,0.15,13575
C00000480,B00000480,A0039,0.03,477
C00000481,B00000481,A0060,0.1,17820
C00000482,B00000482,A0039,0.05,8400
C00000483,B00000483,A0005,0.02,4872
C00000484,B00000484,A0041,0.15,40740
C00000485,B00000485,A0023,0.15,11280
C00000486,B00000486,A0007,0.05,19000
C00000487,B00000487,A0046,0.02,9504
C00000488,B00000488,A0040,0.02,8760
C00000489,B00000489,A0010,0.02,8112
C00000490,B00000490,A0006,0.03,7839
C00000491,B00000491,A0003,0.02,10990
C00000492,B00000492,A0033,0.02,5280
C00000493,B00000493,A0019,0.05,20160
C00000494,B00000494,A0047,0.15,19110
C00000495,B00000495,A0008,0.1,17550
C00000496,B00000496,A0051,0.05,775
C00000497,B00000497,A0026,0.02,3792
C00000498,B00000498,A0011,0.02,2864
C00000499,B00000499,A0013,0.05,10600
C00000500,B00000500,A0060,0.15,21600
C00000501,B00000501,A0007,0.02,1344
C00000502,B00000502,A0002,0.1,100660
C00000503,B00000503,A0008,0.15,18540
C00000504,B00000504,A0006,0.15,2370
C00000505,B00000505,A0036,0.03,5712
C00000506,B00000506,A0057,0.1,109480
C00000507,B00000507,A0028,0.02,1248
C00000508,B00000508,A0015,0.05,2610
C00000509,B00000509,A0006,0.02,342
C00000510,B00000510,A0012,0.02,1608
C00000511,B00000511,A0041,0.15,40740
C00000512,B00000512,A0059,0.15,44280
C00000513,B00000513,A0052,0.1,7070
C00000514,B00000514,A0039,0.02,8262
C00000515,B00000515,A0008,0.03,1962
C00000516,B00000516,A0030,0.02,8190
C00000517,B00000517,A0020,0.15,19200
C00000518,B00000518,A0023,0.03,1164
C00000519,B00000519,A0012,0.1,3960
C00000520,B00000520,A0046,0.15,68100
C00000521,B00000521,A0046,0.05,31800
C00000522,B00000522,A0003,0.15,5160
C00000523,B00000523,A0009,0.1,46890
C00000524,B00000524,A0026,0.02,1572
C00000525,B00000525,A0007,0.15,34020
C00000526,B00000526,A0053,0.05,35220
C00000527,B00000527,A0018,0.15,6120
C00000528,B00000528,A0034,0.05,8140
C00000529,B00000529,A0043,0.02,788
C00000530,B00000530,A0014,0.1,33180
C00000531,B00000531,A0025,0.02,2640
C00000532,B00000532,A0048,0.1,12400
C00000533,B00000533,A0010,0.15,25920
C00000534,B00000534,A0012,0.1,16000
C00000535,B00000535,A0018,0.1,4640
C00000536,B00000536,A0051,0.02,3470
C00000537,B00000537,A0012,0.02,744
C00000538,B00000538,A0039,0.02,292
C00000539,B00000539,A0049,0.15,26700
C00000540,B00000540,A0053,0.05,22260
C00000541,B00000541,A0055,0.1,8700
C00000542,B00000542,A0059,0.05,17825
C00000543,B00000543,A0057,0.02,8288
C00000544,B00000544,A0051,0.15,2670
C00000545,B00000545,A0052,0.02,454
C00000546,B00000546,A0023,0.1,25870
C00000547,B00000547,A0031,0.03,5247
C00000548,B00000548,A0044,0.15,56265
C00000549,B00000549,A0051,0.03,4050
C00000550,B00000550,A0030,0.1,23920
C00000551,B00000551,A0058,0.1,41470
C00000552,B00000552,A0004,0.15,17010
C00000553,B00000553,A0009,0.1,29260
C00000554,B00000554,A0008,0.02,13300
C00000555,B00000555,A0020,0.02,6412
C00000556,B00000556,A0012,0.02,1074
C00000557,B00000557,A0026,0.02,752
C00000558,B00000558,A0042,0.03,5616
C00000559,B00000559,A0033,0.02,3960
C00000560,B00000560,A0018,0.15,23940
C00000561,B00000561,A0050,0.15,18000
C00000562,B00000562,A0015,0.05,26080
C00000563,B00000563,A0047,0.02,700
C00000564,B00000564,A0007,0.02,8184
C00000565,B00000565,A0028,0.02,4780
C00000566,B00000566,A0035,0.1,50160
C00000567,B00000567,A0055,0.15,20265
C00000568,B00000568,A0039,0.05,6960
C00000569,B00000569,A0016,0.1,6550
C00000570,B00000570,A0017,0.05,11115
C00000571,B00000571,A0058,0.02,9308
C00000572,B00000572,A0047,0.15,21120
C00000573,B00000573,A0050,0.02,4984
C00000574,B00000574,A0036,0.15,24120
C00000575,B00000575,A0001,0.15,145665
C00000576,B00000576,A0004,0.1,9200
C00000577,B00000577,A0005,0.05,17560
C00000578,B00000578,A0056,0.02,2010
C00000579,B00000579,A0054,0.1,16320
C00000580,B00000580,A0008,0.15,3075
C00000581,B00000581,A0015,0.15,21615
C00000582,B00000582,A0052,0.15,3405
C00000583,B00000583,A0055,0.02,8640
C00000584,B00000584,A0006,0.02,1560
C00000585,B00000585,A0054,0.02,2448
C00000586,B00000586,A0006,0.02,15408
C00000587,B00000587,A0010,0.1,6240
C00000588,B00000588,A0017,0.02,10976
C00000589,B00000589,A0016,0.02,4992
C00000590,B00000590,A0022,0.02,9568
C00000591,B00000591,A0052,0.1,56420
C00000592,B00000592,A0037,0.02,7038
C00000593,B00000593,A0054,0.03,2688
C00000594,B00000594,A0024,0.15,24975
C00000595,B00000595,A0050,0.02,3872
C00000596,B00000596,A0058,0.15,7920
C00000597,B00000597,A0054,0.05,16485
C00000598,B00000598,A0045,0.05,5825
C00000599,B00000599,A0029,0.15,62640
C00000600,B00000600,A0038,0.02,3322
C00000601,B00000601,A0004,0.15,25650
C00000602,B00000602,A0028,0.02,3680
C00000603,B00000603,A0039,0.05,5770
C00000604,B00000604,A0024,0.05,13580
C00000605,B00000605,A0017,0.05,27960
C00000606,B00000606,A0018,0.1,27900
C00000607,B00000607,A0016,0.02,19936
C00000608,B00000608,A0034,0.02,2842
C00000609,B00000609,A0041,0.05,85030
C00000610,B00000610,A0031,0.05,15580
C00000611,B00000611,A0021,0.05,8220
C00000612,B00000612,A0004,0.15,31020
C00000613,B00000613,A0037,0.1,25740
C00000614,B00000614,A0050,0.1,23640
C00000615,B00000615,A0056,0.15,36270
C00000616,B00000616,A0007,0.02,2848
C00000617,B00000617,A0042,0.02,24866
C00000618,B00000618,A0059,0.1,33100
C00000619,B00000619,A0013,0.02,2980
C00000620,B00000620,A0047,0.15,50760
C00000621,B00000621,A0042,0.15,25935
C00000622,B00000622,A0054,0.05,10080
C00000623,B00000623,A0039,0.15,36540
C00000624,B00000624,A0036,0.02,3936
C00000625,B00000625,A0003,0.1,42020
C00000626,B00000626,A0047,0.1,9300
C00000627,B00000627,A0031,0.05,21780
C00000628,B00000628,A0010,0.02,3320
C00000629,B00000629,A0057,0.05,2960
C00000630,B00000630,A0060,0.02,6842
C00000631,B00000631,A0038,0.02,8020
C00000632,B00000632,A0006,0.02,762
C00000633,B00000633,A0016,0.15,31785
C00000634,B00000634,A0046,0.1,14880
C00000635,B00000635,A0055,0.05,10380
C00000636,B00000636,A0013,0.02,2232
C00000637,B00000637,A0042,0.02,8280
C00000638,B00000638,A0048,0.05,1550
C00000639,B00000639,A0004,0.02,460
C00000640,B00000640,A0058,0.02,7220
C00000641,B00000641,A0010,0.02,888
C00000642,B00000642,A0008,0.15,83160
C00000643,B00000643,A0050,0.1,14630
C00000644,B00000644,A0046,0.05,2370
C00000645,B00000645,A0006,0.15,18900
C00000646,B00000646,A0014,0.02,9592
C00000647,B00000647,A0017,0.1,6650
C00000648,B00000648,A0058,0.02,768
C00000649,B00000649,A0011,0.15,43875
C00000650,B00000650,A0047,0.03,8400
C00000651,B00000651,A0037,0.05,2940
C00000652,B00000652,A0049,0.02,3672
C00000653,B00000653,A0001,0.02,960
C00000654,B00000654,A0001,0.1,3580
C00000655,B00000655,A0049,0.05,9600
C00000656,B00000656,A0039,0.15,16470
C00000657,B00000657,A0053,0.02,3458
C00000658,B00000658,A0042,0.15,15975
C00000659,B00000659,A0030,0.05,13800
C00000660,B00000660,A0032,0.02,4900
C00000661,B00000661,A0055,0.05,12415
C00000662,B00000662,A0017,0.02,7540
C00000663,B00000663,A0044,0.02,5172
C00000664,B00000664,A0041,0.15,35100
C00000665,B00000665,A0058,0.03,7056
C00000666,B00000666,A0005,0.05,2715
C00000667,B00000667,A0028,0.05,12660
C00000668,B00000668,A0040,0.15,43680
C00000669,B00000669,A0018,0.02,2820
C00000670,B00000670,A0039,0.02,1728
C00000671,B00000671,A0035,0.15,24705
C00000672,B00000672,A0044,0.02,794
C00000673,B00000673,A0044,0.15,26100
C00000674,B00000674,A0059,0.15,82050
C00000675,B00000675,A0036,0.15,10320
C00000676,B00000676,A0032,0.15,27720
C00000677,B00000677,A0025,0.1,12250
C00000678,B00000678,A0040,0.15,22110
C00000679,B00000679,A0012,0.05,3580
C00000680,B00000680,A0030,0.03,5928
C00000681,B00000681,A0056,0.02,2660
C00000682,B00000682,A0019,0.1,27090
C00000683,B00000683,A0049,0.02,4508
C00000684,B00000684,A0049,0.15,26625
C00000685,B00000685,A0002,0.1,21060
C00000686,B00000686,A0010,0.05,6055
C00000687,B00000687,A0048,0.1,80100
C00000688,B00000688,A0042,0.1,4650
C00000689,B00000689,A0050,0.03,1932
C00000690,B00000690,A0058,0.03,6897
C00000691,B00000691,A0029,0.1,8760
C00000692,B00000692,A0018,0.02,5448
C00000693,B00000693,A0031,0.02,5824
C00000694,B00000694,A0014,0.03,5730
C00000695,B00000695,A0049,0.15,18240
C00000696,B00000696,A0033,0.15,47610
C00000697,B00000697,A0060,0.05,7755
C00000698,B00000698,A0031,0.15,31950
C00000699,B00000699,A0021,0.02,8660
C00000700,B00000700,A0054,0.02,2576
C00000701,B00000701,A0053,0.15,57585
C00000702,B00000702,A0033,0.15,5460
C00000703,B00000703,A0016,0.15,16590
C00000704,B00000704,A0021,0.15,7650
C00000705,B00000705,A0045,0.1,28990
C00000706,B00000706,A0024,0.03,7452
C00000707,B00000707,A0054,0.03,4563
C00000708,B00000708,A0032,0.02,3498
C00000709,B00000709,A0040,0.02,1488
C00000710,B00000710,A0057,0.02,2270
C00000711,B00000711,A0035,0.15,23880
C00000712,B00000712,A0014,0.02,396
C00000713,B00000713,A0043,0.03,1323
C00000714,B00000714,A0002,0.02,314
C00000715,B00000715,A0047,0.1,30810
C00000716,B00000716,A0008,0.05,12845
C00000717,B00000717,A0042,0.1,19120
C00000718,B00000718,A0009,0.05,1125
C00000719,B00000719,A0060,0.05,21385
C00000720,B00000720,A0059,0.05,1775
C00000721,B00000721,A0023,0.03,1170
C00000722,B00000722,A0058,0.1,21890
C00000723,B00000723,A0052,0.02,1692
C00000724,B00000724,A0022,0.05,8500
C00000725,B00000725,A0048,0.02,936
C00000726,B00000726,A0037,0.03,4158
C00000727,B00000727,A0060,0.15,10125
C00000728,B00000728,A0028,0.05,3600
C00000729,B00000729,A0036,0.15,47460
C00000730,B00000730,A0034,0.15,27510
C00000731,B00000731,A0044,0.05,13300
C00000732,B00000732,A0019,0.03,3288
C00000733,B00000733,A0039,0.02,2744
C00000734,B00000734,A0026,0.03,6048
C00000735,B00000735,A0049,0.05,1660
C00000736,B00000736,A0048,0.1,14720
C00000737,B00000737,A0028,0.05,26160
C00000738,B00000738,A0054,0.02,384
C00000739,B00000739,A0023,0.15,61020
C00000740,B00000740,A0025,0.15,28380
C00000741,B00000741,A0024,0.1,15700
C00000742,B00000742,A0043,0.02,1428
C00000743,B00000743,A0023,0.15,13380
C00000744,B00000744,A0042,0.15,29430
C00000745,B00000745,A0007,0.02,2758
C00000746,B00000746,A0058,0.15,15300
C00000747,B00000747,A0013,0.05,35400
C00000748,B00000748,A0007,0.05,1730
C00000749,B00000749,A0016,0.02,4004
C00000750,B00000750,A0013,0.05,7830
C00000751,B00000751,A0028,0.03,2220
C00000752,B00000752,A0052,0.15,36900
C00000753,B00000753,A0030,0.02,3960
C00000754,B00000754,A0005,0.05,10500
C00000755,B00000755,A0043,0.15,63900
C00000756,B00000756,A0004,0.02,1236
C00000757,B00000757,A0054,0.02,5680
C00000758,B00000758,A0009,0.05,4500
C00000759,B00000759,A0022,0.03,3105
C00000760,B00000760,A0001,0.15,17550
C00000761,B00000761,A0007,0.1,11640
C00000762,B00000762,A0060,0.1,27100
C00000763,B00000763,A0040,0.15,25740
C00000764,B00000764,A0053,0.03,3318
C00000765,B00000765,A0059,0.15,28260
C00000766,B00000766,A0026,0.15,19440
C00000767,B00000767,A0013,0.02,7940
C00000768,B00000768,A0013,0.1,63000
C00000769,B00000769,A0030,0.02,2052
C00000770,B00000770,A0060,0.15,27420
C00000771,B00000771,A0003,0.03,1752
C00000772,B00000772,A0027,0.03,6216
C00000773,B00000773,A0009,0.03,816
C00000774,B00000774,A0044,0.15,11100
C00000775,B00000775,A0013,0.02,2160
C00000776,B00000776,A0029,0.05,15405
C00000777,B00000777,A0022,0.15,25200
C00000778,B00000778,A0022,0.1,26600
C00000779,B00000779,A0027,0.15,63600
C00000780,B00000780,A0008,0.05,6400
C00000781,B00000781,A0029,0.1,24100
C00000782,B00000782,A0025,0.02,5400
C00000783,B00000783,A0054,0.1,11060
C00000784,B00000784,A0009,0.02,1360
C00000785,B00000785,A0024,0.1,11340
C00000786,B00000786,A0036,0.02,3564
C00000787,B00000787,A0050,0.15,49800
C00000788,B00000788,A0006,0.02,17052
C00000789,B00000789,A0038,0.05,10800
C00000790,B00000790,A0045,0.02,3234
C00000791,B00000791,A0037,0.15,23805
C00000792,B00000792,A0012,0.03,4554
C00000793,B00000793,A0023,0.02,12700
C00000794,B00000794,A0004,0.15,18150
C00000795,B00000795,A0001,0.15,20475
C00000796,B00000796,A0055,0.02,2208
C00000797,B00000797,A0052,0.02,9288
C00000798,B00000798,A0052,0.05,1540
C00000799,B00000799,A0051,0.03,990
C00000800,B00000800,A0025,0.03,1704
C00000801,B00000801,A0001,0.03,3015
C00000802,B00000802,A0049,0.15,57585
C00000803,B00000803,A0001,0.02,3080
C00000804,B00000804,A0001,0.1,45700
C00000805,B00000805,A0024,0.02,3872
C00000806,B00000806,A0021,0.05,5520
C00000807,B00000807,A0026,0.02,11830
C00000808,B00000808,A0002,0.02,4460
C00000809,B00000809,A0032,0.15,5460
C00000810,B00000810,A0020,0.1,22880
C00000811,B00000811,A0024,0.02,316
C00000812,B00000812,A0022,0.05,15980
C00000813,B00000813,A0033,0.15,5985
C00000814,B00000814,A0046,0.1,22750
C00000815,B00000815,A0032,0.02,4050
C00000816,B00000816,A0048,0.15,30240
C00000817,B00000817,A0002,0.03,4074
C00000818,B00000818,A0007,0.02,3008
C00000819,B00000819,A0010,0.15,2625
C00000820,B00000820,A0003,0.03,13824
C00000821,B00000821,A0023,0.15,34470
C00000822,B00000822,A0053,0.02,1796
C00000823,B00000823,A0031,0.05,10790
C00000824,B00000824,A0032,0.02,3168
C00000825,B00000825,A0038,0.15,36120
C00000826,B00000826,A0024,0.15,43470
C00000827,B00000827,A0039,0.02,3666
C00000828,B00000828,A0054,0.02,7200
C00000829,B00000829,A0001,0.15,21420
C00000830,B00000830,A0005,0.05,3475
C00000831,B00000831,A0047,0.03,525
C00000832,B00000832,A0050,0.05,3540
C00000833,B00000833,A0006,0.02,20104
C00000834,B00000834,A0044,0.02,2592
C00000835,B00000835,A0043,0.1,15240
C00000836,B00000836,A0019,0.02,1944
C00000837,B00000837,A0027,0.02,1836
C00000838,B00000838,A0006,0.15,8325
C00000839,B00000839,A0041,0.15,92610
C00000840,B00000840,A0060,0.15,38880
C00000841,B00000841,A0015,0.02,6580
C00000842,B00000842,A0052,0.05,3510
C00000843,B00000843,A0019,0.02,8652
C00000844,B00000844,A0014,0.15,105000
C00000845,B00000845,A0049,0.03,6948
C00000846,B00000846,A0016,0.02,732
C00000847,B00000847,A0014,0.1,4010
C00000848,B00000848,A0025,0.15,2445
C00000849,B00000849,A0028,0.02,5488
C00000850,B00000850,A0015,0.05,12670
C00000851,B00000851,A0051,0.1,21480
C00000852,B00000852,A0005,0.03,5181
C00000853,B00000853,A0006,0.15,12120
C00000854,B00000854,A0015,0.15,16425
C00000855,B00000855,A0020,0.02,6000
C00000856,B00000856,A0055,0.05,8295
C00000857,B00000857,A0027,0.02,5264
C00000858,B00000858,A0031,0.02,2576
C00000859,B00000859,A0005,0.15,40950
C00000860,B00000860,A0021,0.1,15360
C00000861,B00000861,A0035,0.02,708
C00000862,B00000862,A0013,0.02,5964
C00000863,B00000863,A0013,0.05,9060
C00000864,B00000864,A0012,0.03,2172
C00000865,B00000865,A0053,0.03,1422
C00000866,B00000866,A0041,0.02,2400
C00000867,B00000867,A0007,0.1,13770
C00000868,B00000868,A0015,0.15,68850
C00000869,B00000869,A0014,0.03,1971
C00000870,B00000870,A0016,0.02,3558
C00000871,B00000871,A0055,0.15,21840
C00000872,B00000872,A0028,0.05,865
C00000873,B00000873,A0014,0.05,7595
C00000874,B00000874,A0024,0.02,6384
C00000875,B00000875,A0015,0.02,2840
C00000876,B00000876,A0006,0.02,400
C00000877,B00000877,A0015,0.1,20790
C00000878,B00000878,A0058,0.02,35906
C00000879,B00000879,A0049,0.02,10494
C00000880,B00000880,A0026,0.05,6560
C00000881,B00000881,A0046,0.02,1104
C00000882,B00000882,A0036,0.15,23760
C00000883,B00000883,A0011,0.03,6201
C00000884,B00000884,A0002,0.1,24960
C00000885,B00000885,A0058,0.05,5670
C00000886,B00000886,A0019,0.05,31040
C00000887,B00000887,A0005,0.03,8385
C00000888,B00000888,A0041,0.15,22440
C00000889,B00000889,A0028,0.15,35685
C00000890,B00000890,A0047,0.02,1410
C00000891,B00000891,A0013,0.15,47460
C00000892,B00000892,A0015,0.15,21945
C00000893,B00000893,A0017,0.15,85680
C00000894,B00000894,A0015,0.15,14850
C00000895,B00000895,A0036,0.02,1104
C00000896,B00000896,A0006,0.05,28320
C00000897,B00000897,A0022,0.03,2424
C00000898,B00000898,A0052,0.02,3720
C00000899,B00000899,A0058,0.02,6126
C00000900,B00000900,A0007,0.02,378
C00000901,B00000901,A0040,0.1,15800
C00000902,B00000902,A0045,0.15,35070
C00000903,B00000903,A0051,0.02,1328
C00000904,B00000904,A0009,0.02,4706
C00000905,B00000905,A0058,0.02,2040
C00000906,B00000906,A0029,0.03,5436
C00000907,B00000907,A0006,0.1,5820
C00000908,B00000908,A0003,0.15,37440
C00000909,B00000909,A0044,0.15,22545
C00000910,B00000910,A0003,0.02,2786
C00000911,B00000911,A0015,0.1,83050
C00000912,B00000912,A0016,0.02,3002
C00000913,B00000913,A0050,0.1,91840
C00000914,B00000914,A0012,0.1,3110
C00000915,B00000915,A0011,0.02,1104
C00000916,B00000916,A0056,0.03,2616
C00000917,B00000917,A0043,0.02,536
C00000918,B00000918,A0052,0.1,5970
C00000919,B00000919,A0007,0.05,3150
C00000920,B00000920,A0025,0.02,4160
C00000921,B00000921,A0021,0.05,13930
C00000922,B00000922,A0051,0.02,1590
C00000923,B00000923,A0022,0.02,2160
C00000924,B00000924,A0017,0.05,1720
C00000925,B00000925,A0060,0.02,7070
C00000926,B00000926,A0048,0.02,2744
C00000927,B00000927,A0011,0.02,4758
C00000928,B00000928,A0031,0.1,13230
C00000929,B00000929,A0032,0.02,2982
C00000930,B00000930,A0018,0.1,6840
C00000931,B00000931,A0012,0.02,4752
C00000932,B00000932,A0018,0.1,17820
C00000933,B00000933,A0056,0.15,43680
C00000934,B00000934,A0032,0.02,382
C00000935,B00000935,A0057,0.15,16650
C00000936,B00000936,A0029,0.02,4660
C00000937,B00000937,A0025,0.1,59620
C00000938,B00000938,A0005,0.03,2610
C00000939,B00000939,A0059,0.15,32265
C00000940,B00000940,A0007,0.1,48000
C00000941,B00000941,A0013,0.02,5460
C00000942,B00000942,A0037,0.15,40950
C00000943,B00000943,A0048,0.15,4620
C00000944,B00000944,A0040,0.1,19550
C00000945,B00000945,A0060,0.15,56700
C00000946,B00000946,A0049,0.1,4830
C00000947,B00000947,A0047,0.02,1432
C00000948,B00000948,A0024,0.05,9845
C00000949,B00000949,A0044,0.15,31005
C00000950,B00000950,A0057,0.03,23550
C00000951,B00000951,A0018,0.05,14980
C00000952,B00000952,A0008,0.03,648
C00000953,B00000953,A0057,0.05,865
C00000954,B00000954,A0036,0.02,2660
C00000955,B00000955,A0028,0.02,1412
C00000956,B00000956,A0050,0.15,63420
C00000957,B00000957,A0052,0.1,11790
C00000958,B00000958,A0042,0.1,6780
C00000959,B00000959,A0033,0.15,17325
C00000960,B00000960,A0006,0.02,3348
C00000961,B00000961,A0043,0.1,28560
C00000962,B00000962,A0027,0.02,2976
C00000963,B00000963,A0018,0.05,7000
C00000964,B00000964,A0055,0.15,23640
C00000965,B00000965,A0010,0.1,21360
C00000966,B00000966,A0016,0.02,9336
C00000967,B00000967,A0019,0.02,7464
C00000968,B00000968,A0019,0.05,1500
C00000969,B00000969,A0024,0.02,3402
C00000970,B00000970,A0055,0.15,13260
C00000971,B00000971,A0052,0.15,11310
C00000972,B00000972,A0041,0.03,2520
C00000973,B00000973,A0049,0.03,22399
C00000974,B00000974,A0052,0.02,3804
C00000975,B00000975,A0053,0.1,54180
C00000976,B00000976,A0020,0.15,21030
C00000977,B00000977,A0054,0.05,73840
C00000978,B00000978,A0018,0.1,4740
C00000979,B00000979,A0054,0.03,13221
C00000980,B00000980,A0028,0.02,37296
C00000981,B00000981,A0007,0.15,16920
C00000982,B00000982,A0042,0.03,9396
C00000983,B00000983,A0050,0.15,10620
C00000984,B00000984,A0004,0.05,12000
C00000985,B00000985,A0017,0.03,6630
C00000986,B00000986,A0049,0.05,84045
C00000987,B00000987,A0016,0.05,2220
C00000988,B00000988,A0012,0.15,16740
C00000989,B00000989,A0049,0.15,20640
C00000990,B00000990,A0059,0.05,10485
C00000991,B00000991,A0040,0.15,58590
C00000992,B00000992,A0051,0.03,4389
C00000993,B00000993,A0050,0.02,4720
C00000994,B00000994,A0055,0.02,1518
C00000995,B00000995,A0005,0.02,3692
C00000996,B00000996,A0034,0.02,2090
C00000997,B00000997,A0013,0.15,13755
C00000998,B00000998,A0026,0.05,38955
C00000999,B00000999,A0047,0.15,84420
C00001000,B00001000,A0013,0.15,23880
C00001001,B00001001,A0060,0.02,3632
C00001002,B00001002,A0016,0.03,1512
C00001003,B00001003,A0019,0.15,4905
C00001004,B00001004,A0016,0.15,27525
C00001005,B00001005,A0043,0.1,6840
C00001006,B00001006,A0011,0.1,52080
C00001007,B00001007,A0012,0.05,6055
C00001008,B00001008,A0026,0.05,6580
C00001009,B00001009,A0012,0.15,28080
C00001010,B00001010,A0026,0.02,740
C00001011,B00001011,A0049,0.02,3560
C00001012,B00001012,A0058,0.02,2870
C00001013,B00001013,A0057,0.02,4056
C00001014,B00001014,A0045,0.15,52200
C00001015,B00001015,A0029,0.1,21160
C00001016,B00001016,A0055,0.02,2534
C00001017,B00001017,A0051,0.02,3454
C00001018,B00001018,A0049,0.02,3880
C00001019,B00001019,A0055,0.15,28215
C00001020,B00001020,A0044,0.02,4420
C00001021,B00001021,A0012,0.15,28560
C00001022,B00001022,A0007,0.15,21315
C00001023,B00001023,A0050,0.1,8500
C00001024,B00001024,A0059,0.1,5970
C00001025,B00001025,A0026,0.15,11400
C00001026,B00001026,A0047,0.02,4966
C00001027,B00001027,A0012,0.15,89063
C00001028,B00001028,A0055,0.05,25690
C00001029,B00001029,A0033,0.02,3680
C00001030,B00001030,A0024,0.15,29700
C00001031,B00001031,A0009,0.02,2172
C00001032,B00001032,A0052,0.02,1464
C00001033,B00001033,A0020,0.03,5130
C00001034,B00001034,A0047,0.05,4800
C00001035,B00001035,A0034,0.02,5688
C00001036,B00001036,A0006,0.15,9975
C00001037,B00001037,A0011,0.05,11640
C00001038,B00001038,A0010,0.05,2475
C00001039,B00001039,A0004,0.02,22512
C00001040,B00001040,A0012,0.03,2142
C00001041,B00001041,A0043,0.02,2020
C00001042,B00001042,A0018,0.05,10920
C00001043,B00001043,A0022,0.1,171340
C00001044,B00001044,A0004,0.15,25050
C00001045,B00001045,A0059,0.03,1917
C00001046,B00001046,A0017,0.15,151125
C00001047,B00001047,A0043,0.02,1750
C00001048,B00001048,A0060,0.15,39270
C00001049,B00001049,A0058,0.03,1260
C00001050,B00001050,A0020,0.02,14586
C00001051,B00001051,A0010,0.02,1902
C00001052,B00001052,A0008,0.02,676
C00001053,B00001053,A0060,0.15,11925
C00001054,B00001054,A0010,0.1,4480
C00001055,B00001055,A0009,0.15,23940
C00001056,B00001056,A0052,0.15,23820
C00001057,B00001057,A0008,0.15,70770
C00001058,B00001058,A0005,0.15,76320
C00001059,B00001059,A0040,0.05,76680
C00001060,B00001060,A0022,0.1,12510
C00001061,B00001061,A0002,0.05,47530
C00001062,B00001062,A0044,0.02,6482
C00001063,B00001063,A0003,0.02,1548
C00001064,B00001064,A0032,0.05,830
C00001065,B00001065,A0022,0.15,4680
C00001066,B00001066,A0053,0.15,10650
C00001067,B00001067,A0056,0.02,2544
C00001068,B00001068,A0039,0.02,16666
C00001069,B00001069,A0034,0.03,5418
C00001070,B00001070,A0049,0.02,2832
C00001071,B00001071,A0005,0.02,16776
C00001072,B00001072,A0017,0.05,1745
C00001073,B00001073,A0029,0.02,2366
C00001074,B00001074,A0004,0.05,5675
C00001075,B00001075,A0040,0.05,20580
C00001076,B00001076,A0030,0.1,3800
C00001077,B00001077,A0052,0.15,66825
C00001078,B00001078,A0033,0.05,10340
C00001079,B00001079,A0011,0.02,2184
C00001080,B00001080,A0035,0.15,2355
C00001081,B00001081,A0020,0.02,3458
C00001082,B00001082,A0039,0.15,29430
C00001083,B00001083,A0018,0.05,6840
C00001084,B00001084,A0042,0.15,32850
C00001085,B00001085,A0038,0.05,7350
C00001086,B00001086,A0025,0.02,6331
C00001087,B00001087,A0025,0.1,8700
C00001088,B00001088,A0035,0.03,5760
C00001089,B00001089,A0028,0.03,954
C00001090,B00001090,A0015,0.03,12852
C00001091,B00001091,A0059,0.02,3840
C00001092,B00001092,A0002,0.15,46410
C00001093,B00001093,A0045,0.15,61050
C00001094,B00001094,A0054,0.15,13275
C00001095,B00001095,A0041,0.05,5845
C00001096,B00001096,A0021,0.02,3672
C00001097,B00001097,A0024,0.02,7322
C00001098,B00001098,A0049,0.1,13230
C00001099,B00001099,A0025,0.15,2640
C00001100,B00001100,A0025,0.15,124920
C00001101,B00001101,A0021,0.02,4342
C00001102,B00001102,A0002,0.15,71820
C00001103,B00001103,A0004,0.03,2754
C00001104,B00001104,A0019,0.15,45600
C00001105,B00001105,A0018,0.05,31472
C00001106,B00001106,A0001,0.15,176580
C00001107,B00001107,A0029,0.02,7590
C00001108,B00001108,A0004,0.15,27120
C00001109,B00001109,A0053,0.02,5620
C00001110,B00001110,A0052,0.1,64460
C00001111,B00001111,A0008,0.15,214380
C00001112,B00001112,A0049,0.02,1780
C00001113,B00001113,A0058,0.05,1540
C00001114,B00001114,A0003,0.05,4040
C00001115,B00001115,A0033,0.02,2656
C00001116,B00001116,A0014,0.15,5190
C00001117,B00001117,A0010,0.1,40500
C00001118,B00001118,A0004,0.02,8880
C00001119,B00001119,A0056,0.02,34704
C00001120,B00001120,A0034,0.03,9360
C00001121,B00001121,A0014,0.15,114100
C00001122,B00001122,A0002,0.02,2170
C00001123,B00001123,A0001,0.02,1870
C00001124,B00001124,A0042,0.15,38220
C00001125,B00001125,A0021,0.02,444
C00001126,B00001126,A0022,0.1,27902
C00001127,B00001127,A0020,0.02,11304
C00001128,B00001128,A0053,0.02,3320
C00001129,B00001129,A0036,0.02,4176
C00001130,B00001130,A0036,0.1,4040
C00001131,B00001131,A0028,0.15,40530
C00001132,B00001132,A0030,0.02,5940
C00001133,B00001133,A0024,0.03,3960
C00001134,B00001134,A0032,0.1,9420
C00001135,B00001135,A0026,0.15,9315
C00001136,B00001136,A0018,0.15,30771
C00001137,B00001137,A0055,0.1,3000
C00001138,B00001138,A0030,0.03,2070
C00001139,B00001139,A0012,0.03,4824
C00001140,B00001140,A0051,0.02,7368
C00001141,B00001141,A0053,0.02,1098
C00001142,B00001142,A0030,0.15,26820
C00001143,B00001143,A0037,0.1,20220
C00001144,B00001144,A0023,0.15,110925
C00001145,B00001145,A0052,0.02,8034
C00001146,B00001146,A0005,0.02,9360
C00001147,B00001147,A0026,0.15,5625
C00001148,B00001148,A0013,0.03,6552
C00001149,B00001149,A0035,0.02,320
C00001150,B00001150,A0011,0.15,72180
C00001151,B00001151,A0047,0.02,2156
C00001152,B00001152,A0010,0.1,24480
C00001153,B00001153,A0045,0.02,1420
C00001154,B00001154,A0056,0.03,7896
C00001155,B00001155,A0052,0.1,21000
C00001156,B00001156,A0055,0.1,16560
C00001157,B00001157,A0019,0.1,14950
C00001158,B00001158,A0028,0.02,28560
C00001159,B00001159,A0057,0.05,18525
C00001160,B00001160,A0005,0.1,13600
C00001161,B00001161,A0046,0.03,1362
C00001162,B00001162,A0055,0.02,29856
C00001163,B00001163,A0014,0.03,8274
C00001164,B00001164,A0035,0.15,2655
C00001165,B00001165,A0005,0.05,970
C00001166,B00001166,A0001,0.02,2002
C00001167,B00001167,A0056,0.15,64800
C00001168,B00001168,A0052,0.02,3276
C00001169,B00001169,A0052,0.02,7152
C00001170,B00001170,A0051,0.15,50040
C00001171,B00001171,A0022,0.1,18000
C00001172,B00001172,A0046,0.1,7360
C00001173,B00001173,A0031,0.02,14472
C00001174,B00001174,A0012,0.05,4350
C00001175,B00001175,A0018,0.05,9180
C00001176,B00001176,A0048,0.02,400
C00001177,B00001177,A0023,0.02,868
C00001178,B00001178,A0027,0.15,6615
C00001179,B00001179,A0058,0.1,19980
C00001180,B00001180,A0056,0.02,4266
C00001181,B00001181,A0011,0.15,154245
C00001182,B00001182,A0054,0.03,540
C00001183,B00001183,A0038,0.15,39435
C00001184,B00001184,A0001,0.05,5950
C00001185,B00001185,A0017,0.03,6579
C00001186,B00001186,A0041,0.1,55040
C00001187,B00001187,A0059,0.02,3120
C00001188,B00001188,A0057,0.02,1728
C00001189,B00001189,A0055,0.02,3374
C00001190,B00001190,A0026,0.05,20640
C00001191,B00001191,A0016,0.15,141840
C00001192,B00001192,A0009,0.03,2505
C00001193,B00001193,A0010,0.02,2660
C00001194,B00001194,A0050,0.05,4100
C00001195,B00001195,A0027,0.05,17220
C00001196,B00001196,A0002,0.05,14220
C00001197,B00001197,A0018,0.1,24720
C00001198,B00001198,A0013,0.1,78430
C00001199,B00001199,A0029,0.02,5152
C00001200,B00001200,A0053,0.15,31860
C00001201,B00001201,A0031,0.15,7605
C00001202,B00001202,A0037,0.1,15600
C00001203,B00001203,A0046,0.1,15190
C00001204,B00001204,A0040,0.02,4432
C00001205,B00001205,A0039,0.05,21510
C00001206,B00001206,A0028,0.02,268
C00001207,B00001207,A0051,0.02,1992
C00001208,B00001208,A0015,0.03,47619
C00001209,B00001209,A0050,0.02,1764
C00001210,B00001210,A0059,0.02,4554
C00001211,B00001211,A0026,0.15,169470
C00001212,B00001212,A0056,0.15,25905
C00001213,B00001213,A0015,0.02,1416
C00001214,B00001214,A0033,0.1,7240
C00001215,B00001215,A0017,0.15,31815
C00001216,B00001216,A0022,0.1,53700
C00001217,B00001217,A0052,0.02,4290
C00001218,B00001218,A0007,0.15,10665
C00001219,B00001219,A0026,0.15,20040
C00001220,B00001220,A0044,0.1,20040
C00001221,B00001221,A0058,0.05,3220
C00001222,B00001222,A0010,0.05,11400
C00001223,B00001223,A0031,0.15,3600
C00001224,B00001224,A0029,0.05,13400
C00001225,B00001225,A0002,0.02,4548
C00001226,B00001226,A0042,0.02,3624
C00001227,B00001227,A0011,0.02,5208
C00001228,B00001228,A0060,0.05,8400
C00001229,B00001229,A0051,0.02,2408
C00001230,B00001230,A0015,0.1,14000
C00001231,B00001231,A0033,0.03,7092
C00001232,B00001232,A0007,0.05,2520
C00001233,B00001233,A0024,0.02,4440
C00001234,B00001234,A0010,0.05,7750
C00001235,B00001235,A0022,0.15,25380
C00001236,B00001236,A0060,0.02,740
C00001237,B00001237,A0060,0.02,1196
C00001238,B00001238,A0020,0.02,1760
C00001239,B00001239,A0054,0.15,154830
C00001240,B00001240,A0010,0.02,28204
C00001241,B00001241,A0004,0.02,9386
C00001242,B00001242,A0029,0.1,9680
C00001243,B00001243,A0014,0.15,2625
C00001244,B00001244,A0029,0.05,6120
C00001245,B00001245,A0004,0.02,3152
C00001246,B00001246,A0003,0.15,28800
C00001247,B00001247,A0019,0.03,10152
C00001248,B00001248,A0007,0.15,36960
C00001249,B00001249,A0041,0.15,118230
C00001250,B00001250,A0046,0.02,4200
C00001251,B00001251,A0006,0.1,83600
C00001252,B00001252,A0004,0.02,6356
C00001253,B00001253,A0040,0.05,5430
C00001254,B00001254,A0025,0.15,18765
C00001255,B00001255,A0044,0.03,6567
C00001256,B00001256,A0019,0.15,41580
C00001257,B00001257,A0052,0.15,13950
C00001258,B00001258,A0032,0.02,1050
C00001259,B00001259,A0031,0.02,1536
C00001260,B00001260,A0037,0.03,4770
C00001261,B00001261,A0038,0.15,60555
C00001262,B00001262,A0047,0.15,8370
C00001263,B00001263,A0047,0.02,5472
C00001264,B00001264,A0054,0.05,12720
C00001265,B00001265,A0020,0.15,27300
C00001266,B00001266,A0003,0.1,59310
C00001267,B00001267,A0041,0.02,6062
C00001268,B00001268,A0046,0.1,3080
C00001269,B00001269,A0019,0.02,8400
C00001270,B00001270,A0040,0.1,15030
C00001271,B00001271,A0027,0.15,13860
C00001272,B00001272,A0056,0.02,4950
C00001273,B00001273,A0060,0.1,22860
C00001274,B00001274,A0045,0.05,18400
C00001275,B00001275,A0014,0.02,4392
C00001276,B00001276,A0016,0.02,6240
C00001277,B00001277,A0007,0.05,15120
C00001278,B00001278,A0026,0.1,7420
C00001279,B00001279,A0016,0.02,3184
C00001280,B00001280,A0027,0.1,5960
C00001281,B00001281,A0035,0.02,5292
C00001282,B00001282,A0039,0.1,20240
C00001283,B00001283,A0027,0.15,11910
C00001284,B00001284,A0017,0.02,11900
C00001285,B00001285,A0054,0.15,19620
C00001286,B00001286,A0011,0.03,4992
C00001287,B00001287,A0036,0.05,10290
C00001288,B00001288,A0037,0.15,58575
C00001289,B00001289,A0036,0.15,14160
C00001290,B00001290,A0047,0.15,5760
C00001291,B00001291,A0017,0.05,56720
C00001292,B00001292,A0042,0.02,1050
C00001293,B00001293,A0004,0.02,2400
C00001294,B00001294,A0036,0.05,15575
C00001295,B00001295,A0021,0.15,43470
C00001296,B00001296,A0032,0.05,6230
C00001297,B00001297,A0035,0.02,8777
C00001298,B00001298,A0043,0.15,45570
C00001299,B00001299,A0032,0.02,1680
C00001300,B00001300,A0043,0.15,45570
C00001301,B00001301,A0034,0.15,10950
C00001302,B00001302,A0020,0.05,35880
C00001303,B00001303,A0055,0.02,2376
C00001304,B00001304,A0045,0.02,3784
C00001305,B00001305,A0031,0.02,404
C00001306,B00001306,A0021,0.05,11430
C00001307,B00001307,A0013,0.15,19110
C00001308,B00001308,A0014,0.1,19400
C00001309,B00001309,A0022,0.03,435
C00001310,B00001310,A0058,0.15,13650
C00001311,B00001311,A0059,0.15,59070
C00001312,B00001312,A0012,0.1,21840
C00001313,B00001313,A0020,0.05,10505
C00001314,B00001314,A0051,0.15,129870
C00001315,B00001315,A0022,0.03,6825
C00001316,B00001316,A0048,0.1,203280
C00001317,B00001317,A0036,0.02,1792
C00001318,B00001318,A0048,0.1,7520
C00001319,B00001319,A0009,0.02,906
C00001320,B00001320,A0055,0.02,2320
C00001321,B00001321,A0032,0.02,2688
C00001322,B00001322,A0052,0.03,504
C00001323,B00001323,A0029,0.15,30855
C00001324,B00001324,A0007,0.1,97160
C00001325,B00001325,A0050,0.02,350
C00001326,B00001326,A0005,0.1,23760
C00001327,B00001327,A0024,0.15,20955
C00001328,B00001328,A0060,0.02,3894
C00001329,B00001329,A0027,0.05,7160
C00001330,B00001330,A0049,0.05,17960
C00001331,B00001331,A0057,0.03,9765
C00001332,B00001332,A0038,0.15,4260
C00001333,B00001333,A0026,0.1,3140
C00001334,B00001334,A0002,0.02,2464
C00001335,B00001335,A0003,0.05,5120
C00001336,B00001336,A0011,0.02,3280
C00001337,B00001337,A0035,0.1,45600
C00001338,B00001338,A0006,0.05,2310
C00001339,B00001339,A0054,0.02,1600
C00001340,B00001340,A0045,0.15,13635
C00001341,B00001341,A0013,0.1,1940
C00001342,B00001342,A0001,0.05,7050
C00001343,B00001343,A0037,0.02,1536
C00001344,B00001344,A0032,0.15,62910
C00001345,B00001345,A0053,0.02,12740
C00001346,B00001346,A0059,0.03,1308
C00001347,B00001347,A0057,0.1,1690
C00001348,B00001348,A0039,0.05,13090
C00001349,B00001349,A0007,0.03,24156
C00001350,B00001350,A0047,0.05,7105
C00001351,B00001351,A0059,0.15,13200
C00001352,B00001352,A0037,0.15,48000
C00001353,B00001353,A0054,0.02,1650
C00001354,B00001354,A0012,0.1,22780
C00001355,B00001355,A0057,0.15,3030
C00001356,B00001356,A0040,0.03,4995
C00001357,B00001357,A0025,0.02,5992
C00001358,B00001358,A0003,0.03,13650
C00001359,B00001359,A0028,0.15,9300
C00001360,B00001360,A0057,0.02,2668
C00001361,B00001361,A0049,0.05,880
C00001362,B00001362,A0002,0.15,21900
C00001363,B00001363,A0057,0.02,2346
C00001364,B00001364,A0010,0.1,59310
C00001365,B00001365,A0023,0.03,3120
C00001366,B00001366,A0005,0.02,26994
C00001367,B00001367,A0028,0.02,696
C00001368,B00001368,A0037,0.03,3684
C00001369,B00001369,A0049,0.05,50960
C00001370,B00001370,A0027,0.1,21070
C00001371,B00001371,A0032,0.15,14310
C00001372,B00001372,A0053,0.15,13335
C00001373,B00001373,A0018,0.15,75840
C00001374,B00001374,A0043,0.15,25410
C00001375,B00001375,A0031,0.02,1416
C00001376,B00001376,A0006,0.15,45990
C00001377,B00001377,A0052,0.1,6300
C00001378,B00001378,A0016,0.15,10980
C00001379,B00001379,A0035,0.05,12875
C00001380,B00001380,A0006,0.02,6048
C00001381,B00001381,A0046,0.02,3618
C00001382,B00001382,A0040,0.02,1212
C00001383,B00001383,A0048,0.02,6304
C00001384,B00001384,A0055,0.02,3330
C00001385,B00001385,A0011,0.1,54160
C00001386,B00001386,A0039,0.02,2164
C00001387,B00001387,A0044,0.02,2758
C00001388,B00001388,A0036,0.1,25933
C00001389,B00001389,A0013,0.05,39095
C00001390,B00001390,A0017,0.1,1600
C00001391,B00001391,A0045,0.05,2220
C00001392,B00001392,A0013,0.05,8030
C00001393,B00001393,A0035,0.02,1440
C00001394,B00001394,A0003,0.05,1810
C00001395,B00001395,A0006,0.02,902
C00001396,B00001396,A0051,0.1,14640
C00001397,B00001397,A0009,0.15,32175
C00001398,B00001398,A0002,0.03,2730
C00001399,B00001399,A0005,0.15,27240
C00001400,B00001400,A0014,0.05,33450
C00001401,B00001401,A0025,0.15,9990
C00001402,B00001402,A0009,0.03,6762
C00001403,B00001403,A0031,0.15,12870
C00001404,B00001404,A0052,0.02,24732
C00001405,B00001405,A0051,0.02,3864
C00001406,B00001406,A0050,0.15,58245
C00001407,B00001407,A0017,0.02,768
C00001408,B00001408,A0048,0.02,1728
C00001409,B00001409,A0042,0.02,4332
C00001410,B00001410,A0054,0.03,5022
C00001411,B00001411,A0048,0.05,10890
C00001412,B00001412,A0002,0.03,6708
C00001413,B00001413,A0019,0.02,966
C00001414,B00001414,A0051,0.15,23355
C00001415,B00001415,A0040,0.02,3870
C00001416,B00001416,A0011,0.02,2954
C00001417,B00001417,A0029,0.15,48300
C00001418,B00001418,A0055,0.03,9240
C00001419,B00001419,A0043,0.02,11228
C00001420,B00001420,A0059,0.02,3684
C00001421,B00001421,A0010,0.02,2880
C00001422,B00001422,A0038,0.1,20070
C00001423,B00001423,A0059,0.15,9045
C00001424,B00001424,A0049,0.05,11150
C00001425,B00001425,A0026,0.02,2976
C00001426,B00001426,A0040,0.02,798
C00001427,B00001427,A0031,0.02,5488
C00001428,B00001428,A0038,0.02,10872
C00001429,B00001429,A0056,0.05,5130
C00001430,B00001430,A0034,0.15,20550
C00001431,B00001431,A0006,0.1,48840
C00001432,B00001432,A0020,0.05,875
C00001433,B00001433,A0028,0.15,27510
C00001434,B00001434,A0022,0.02,4342
C00001435,B00001435,A0009,0.02,3768
C00001436,B00001436,A0048,0.02,3380
C00001437,B00001437,A0011,0.02,3078
C00001438,B00001438,A0006,0.1,5580
C00001439,B00001439,A0001,0.15,50346
C00001440,B00001440,A0004,0.1,5680
C00001441,B00001441,A0015,0.15,1935
C00001442,B00001442,A0060,0.05,21365
C00001443,B00001443,A0030,0.1,15890
C00001444,B00001444,A0001,0.02,4660
C00001445,B00001445,A0058,0.15,30420
C00001446,B00001446,A0051,0.02,780
C00001447,B00001447,A0029,0.02,4844
C00001448,B00001448,A0020,0.15,27885
C00001449,B00001449,A0037,0.1,28140
C00001450,B00001450,A0012,0.02,7392
C00001451,B00001451,A0012,0.1,11150
C00001452,B00001452,A0044,0.1,32640
C00001453,B00001453,A0004,0.03,12015
C00001454,B00001454,A0049,0.15,145080
C00001455,B00001455,A0037,0.15,21480
C00001456,B00001456,A0042,0.05,30950
C00001457,B00001457,A0018,0.1,7520
C00001458,B00001458,A0036,0.15,8730
C00001459,B00001459,A0033,0.1,13260
C00001460,B00001460,A0020,0.15,60615
C00001461,B00001461,A0037,0.1,6140
C00001462,B00001462,A0002,0.15,19350
C00001463,B00001463,A0038,0.05,12100
C00001464,B00001464,A0050,0.15,54960
C00001465,B00001465,A0011,0.1,21480
C00001466,B00001466,A0044,0.15,2775
C00001467,B00001467,A0012,0.15,29610
C00001468,B00001468,A0015,0.05,14495
C00001469,B00001469,A0027,0.1,1550
C00001470,B00001470,A0057,0.02,8764
C00001471,B00001471,A0060,0.02,4246
C00001472,B00001472,A0010,0.05,6160
C00001473,B00001473,A0030,0.15,25080
C00001474,B00001474,A0001,0.15,13560
C00001475,B00001475,A0003,0.02,326
C00001476,B00001476,A0018,0.02,5989
C00001477,B00001477,A0020,0.15,23460
C00001478,B00001478,A0037,0.1,73780
C00001479,B00001479,A0009,0.15,16110
C00001480,B00001480,A0044,0.05,12075
C00001481,B00001481,A0034,0.03,4242
C00001482,B00001482,A0034,0.15,6150
C00001483,B00001483,A0025,0.15,19200
C00001484,B00001484,A0025,0.03,9720
C00001485,B00001485,A0048,0.1,14760
C00001486,B00001486,A0034,0.05,31780
C00001487,B00001487,A0006,0.02,466
C00001488,B00001488,A0048,0.03,7476
C00001489,B00001489,A0032,0.02,8338
C00001490,B00001490,A0019,0.02,3144
C00001491,B00001491,A0040,0.15,29400
C00001492,B00001492,A0026,0.02,424
C00001493,B00001493,A0010,0.02,2980
C00001494,B00001494,A0031,0.15,26880
C00001495,B00001495,A0004,0.03,6903
C00001496,B00001496,A0014,0.05,10975
C00001497,B00001497,A0028,0.02,2466
C00001498,B00001498,A0050,0.1,16000
C00001499,B00001499,A0025,0.15,59250
C00001500,B00001500,A0017,0.02,3784
C00001501,B00001501,A0038,0.15,13575
C00001502,B00001502,A0002,0.03,2919
C00001503,B00001503,A0041,0.15,15360
C00001504,B00001504,A0046,0.15,21420
C00001505,B00001505,A0033,0.15,74490
C00001506,B00001506,A0006,0.02,5330
C00001507,B00001507,A0035,0.15,22545
C00001508,B00001508,A0052,0.03,1557
C00001509,B00001509,A0031,0.1,7130
C00001510,B00001510,A0019,0.15,27300
C00001511,B00001511,A0012,0.15,38220
C00001512,B00001512,A0020,0.02,7296
C00001513,B00001513,A0026,0.15,2055
C00001514,B00001514,A0035,0.02,4368
C00001515,B00001515,A0002,0.15,19395
C00001516,B00001516,A0042,0.02,334
C00001517,B00001517,A0052,0.15,8010
C00001518,B00001518,A0036,0.15,12030
C00001519,B00001519,A0011,0.1,14960
C00001520,B00001520,A0007,0.02,3358
C00001521,B00001521,A0024,0.02,568
C00001522,B00001522,A0021,0.02,2376
C00001523,B00001523,A0017,0.02,3610
C00001524,B00001524,A0008,0.15,115665
C00001525,B00001525,A0022,0.1,7280
C00001526,B00001526,A0024,0.1,22620
C00001527,B00001527,A0052,0.15,9315
C00001528,B00001528,A0014,0.03,3465
C00001529,B00001529,A0042,0.03,3480
C00001530,B00001530,A0044,0.02,968
C00001531,B00001531,A0020,0.1,13800
C00001532,B00001532,A0045,0.15,24780
C00001533,B00001533,A0008,0.02,4144
C00001534,B00001534,A0029,0.1,25360
C00001535,B00001535,A0002,0.05,6525
C00001536,B00001536,A0006,0.02,5584
C00001537,B00001537,A0009,0.02,744
C00001538,B00001538,A0041,0.02,4896
C00001539,B00001539,A0038,0.1,35520
C00001540,B00001540,A0028,0.02,15080
C00001541,B00001541,A0019,0.05,12360
C00001542,B00001542,A0022,0.1,9240
C00001543,B00001543,A0034,0.1,11650
C00001544,B00001544,A0050,0.15,9000
C00001545,B00001545,A0004,0.15,39240
C00001546,B00001546,A0033,0.15,33300
C00001547,B00001547,A0004,0.02,936
C00001548,B00001548,A0018,0.05,27270
C00001549,B00001549,A0018,0.05,5320
C00001550,B00001550,A0005,0.05,4150
C00001551,B00001551,A0010,0.02,11326
C00001552,B00001552,A0002,0.03,1797
C00001553,B00001553,A0047,0.1,15480
C00001554,B00001554,A0038,0.05,12040
C00001555,B00001555,A0054,0.15,23085
C00001556,B00001556,A0049,0.02,16040
C00001557,B00001557,A0038,0.02,2238
C00001558,B00001558,A0059,0.05,2670
C00001559,B00001559,A0037,0.15,23040
C00001560,B00001560,A0047,0.05,8145
C00001561,B00001561,A0011,0.02,1864
C00001562,B00001562,A0054,0.15,30915
C00001563,B00001563,A0024,0.15,73905
C00001564,B00001564,A0020,0.03,13800
C00001565,B00001565,A0029,0.02,3100
C00001566,B00001566,A0056,0.15,29205
C00001567,B00001567,A0013,0.1,94220
C00001568,B00001568,A0038,0.15,30750
C00001569,B00001569,A0014,0.02,2556
C00001570,B00001570,A0038,0.1,6270
C00001571,B00001571,A0042,0.02,7415
C00001572,B00001572,A0003,0.02,3920
C00001573,B00001573,A0043,0.02,15720
C00001574,B00001574,A0056,0.05,4800
C00001575,B00001575,A0022,0.03,15708
C00001576,B00001576,A0034,0.03,2715
C00001577,B00001577,A0004,0.1,22490
C00001578,B00001578,A0053,0.05,12600
C00001579,B00001579,A0052,0.03,3087
C00001580,B00001580,A0020,0.15,41580
C00001581,B00001581,A0024,0.02,1080
C00001582,B00001582,A0037,0.1,42480
C00001583,B00001583,A0025,0.02,1752
C00001584,B00001584,A0055,0.1,11480
C00001585,B00001585,A0008,0.05,1190
C00001586,B00001586,A0058,0.15,34515
C00001587,B00001587,A0019,0.15,62205
C00001588,B00001588,A0037,0.15,34650
C00001589,B00001589,A0027,0.15,2715
C00001590,B00001590,A0009,0.02,1680
C00001591,B00001591,A0032,0.1,2300
C00001592,B00001592,A0002,0.15,21480
C00001593,B00001593,A0016,0.05,4100
C00001594,B00001594,A0041,0.05,8906
C00001595,B00001595,A0022,0.03,57993
C00001596,B00001596,A0015,0.02,7424
C00001597,B00001597,A0010,0.15,30000
C00001598,B00001598,A0019,0.15,14775
C00001599,B00001599,A0007,0.02,17136
C00001600,B00001600,A0035,0.05,5140
C00001601,B00001601,A0028,0.1,17030
C00001602,B00001602,A0024,0.02,4536
C00001603,B00001603,A0059,0.02,6612
C00001604,B00001604,A0003,0.02,2050
C00001605,B00001605,A0018,0.02,5488
C00001606,B00001606,A0049,0.02,5226
C00001607,B00001607,A0008,0.05,9120
C00001608,B00001608,A0020,0.15,34335
C00001609,B00001609,A0023,0.03,3912
C00001610,B00001610,A0054,0.02,9968
C00001611,B00001611,A0011,0.15,28545
C00001612,B00001612,A0045,0.03,11112
C00001613,B00001613,A0045,0.05,7350
C00001614,B00001614,A0032,0.1,3200
C00001615,B00001615,A0060,0.15,35700
C00001616,B00001616,A0047,0.1,17500
C00001617,B00001617,A0044,0.02,9296
C00001618,B00001618,A0009,0.02,5448
C00001619,B00001619,A0036,0.03,2040
C00001620,B00001620,A0051,0.1,11400
C00001621,B00001621,A0023,0.02,4536
C00001622,B00001622,A0001,0.02,4580
C00001623,B00001623,A0030,0.1,82800
C00001624,B00001624,A0007,0.05,8840
C00001625,B00001625,A0018,0.05,8965
C00001626,B00001626,A0005,0.03,2904
C00001627,B00001627,A0055,0.15,23445
C00001628,B00001628,A0003,0.03,495
C00001629,B00001629,A0004,0.15,5370
C00001630,B00001630,A0004,0.02,3456
C00001631,B00001631,A0060,0.03,7152
C00001632,B00001632,A0054,0.15,27225
C00001633,B00001633,A0024,0.02,4816
C00001634,B00001634,A0043,0.1,112100
C00001635,B00001635,A0059,0.03,531
C00001636,B00001636,A0011,0.02,3300
C00001637,B00001637,A0038,0.03,6000
C00001638,B00001638,A0024,0.15,67140
C00001639,B00001639,A0057,0.15,62205
C00001640,B00001640,A0056,0.03,5907
C00001641,B00001641,A0003,0.02,11700
C00001642,B00001642,A0032,0.15,2100
C00001643,B00001643,A0010,0.15,9045
C00001644,B00001644,A0006,0.15,16320
C00001645,B00001645,A0013,0.15,9450
C00001646,B00001646,A0003,0.02,1888
C00001647,B00001647,A0056,0.15,17640
C00001648,B00001648,A0044,0.15,2760
C00001649,B00001649,A0030,0.05,3140
C00001650,B00001650,A0021,0.05,4500
C00001651,B00001651,A0037,0.1,6900
C00001652,B00001652,A0030,0.02,4992
C00001653,B00001653,A0043,0.15,79050
C00001654,B00001654,A0040,0.15,30870
C00001655,B00001655,A0012,0.15,5175
C00001656,B00001656,A0039,0.03,3204
C00001657,B00001657,A0029,0.05,3300
C00001658,B00001658,A0041,0.03,3738
C00001659,B00001659,A0032,0.02,1812
C00001660,B00001660,A0039,0.02,4816
C00001661,B00001661,A0011,0.02,7938
C00001662,B00001662,A0014,0.02,2128
C00001663,B00001663,A0012,0.02,10080
C00001664,B00001664,A0040,0.05,8925
C00001665,B00001665,A0030,0.02,1920
C00001666,B00001666,A0013,0.03,4266
C00001667,B00001667,A0043,0.05,8840
C00001668,B00001668,A0043,0.02,954
C00001669,B00001669,A0041,0.15,10200
C00001670,B00001670,A0047,0.02,2340
C00001671,B00001671,A0048,0.05,10200
C00001672,B00001672,A0028,0.1,17160
C00001673,B00001673,A0013,0.15,17370
C00001674,B00001674,A0043,0.02,2292
C00001675,B00001675,A0021,0.1,7600
C00001676,B00001676,A0033,0.15,10170
C00001677,B00001677,A0021,0.15,57195
C00001678,B00001678,A0056,0.02,11568
C00001679,B00001679,A0029,0.02,16918
C00001680,B00001680,A0019,0.1,62580
C00001681,B00001681,A0055,0.02,5012
C00001682,B00001682,A0036,0.05,4220
C00001683,B00001683,A0001,0.05,9075
C00001684,B00001684,A0005,0.05,36680
C00001685,B00001685,A0050,0.1,29770
C00001686,B00001686,A0045,0.1,29820
C00001687,B00001687,A0059,0.02,7608
C00001688,B00001688,A0005,0.05,6440
C00001689,B00001689,A0004,0.05,3780
C00001690,B00001690,A0018,0.15,21720
C00001691,B00001691,A0060,0.15,27360
C00001692,B00001692,A0026,0.1,12780
C00001693,B00001693,A0028,0.15,28350
C00001694,B00001694,A0031,0.02,482
C00001695,B00001695,A0021,0.02,2772
C00001696,B00001696,A0026,0.15,86400
C00001697,B00001697,A0036,0.02,1848
C00001698,B00001698,A0012,0.02,3520
C00001699,B00001699,A0024,0.05,4020
C00001700,B00001700,A0036,0.1,20930
C00001701,B00001701,A0045,0.02,3122
C00001702,B00001702,A0010,0.03,2910
C00001703,B00001703,A0054,0.15,11970
C00001704,B00001704,A0050,0.15,3567
C00001705,B00001705,A0011,0.05,12635
C00001706,B00001706,A0016,0.15,25800
C00001707,B00001707,A0008,0.15,54900
C00001708,B00001708,A0026,0.15,31680
C00001709,B00001709,A0033,0.02,1608
C00001710,B00001710,A0060,0.05,15890
C00001711,B00001711,A0028,0.15,25380
C00001712,B00001712,A0001,0.15,57960
C00001713,B00001713,A0002,0.02,3072
C00001714,B00001714,A0025,0.02,21084
C00001715,B00001715,A0034,0.02,6690
C00001716,B00001716,A0040,0.15,30600
C00001717,B00001717,A0033,0.15,27390
C00001718,B00001718,A0050,0.03,10368
C00001719,B00001719,A0001,0.02,1384
C00001720,B00001720,A0039,0.05,42240
C00001721,B00001721,A0033,0.15,148470
C00001722,B00001722,A0057,0.15,17535
C00001723,B00001723,A0029,0.02,16996
C00001724,B00001724,A0039,0.15,28200
C00001725,B00001725,A0021,0.03,3420
C00001726,B00001726,A0059,0.05,12610
C00001727,B00001727,A0038,0.02,6661
C00001728,B00001728,A0018,0.05,2415
C00001729,B00001729,A0038,0.1,6460
C00001730,B00001730,A0049,0.02,3036
C00001731,B00001731,A0025,0.02,36478
C00001732,B00001732,A0009,0.03,4350
C00001733,B00001733,A0052,0.15,83790
C00001734,B00001734,A0035,0.02,5214
C00001735,B00001735,A0043,0.05,12390
C00001736,B00001736,A0042,0.02,4554
C00001737,B00001737,A0056,0.15,11430
C00001738,B00001738,A0020,0.15,36180
C00001739,B00001739,A0039,0.02,2548
C00001740,B00001740,A0015,0.03,6300
C00001741,B00001741,A0022,0.1,9840
C00001742,B00001742,A0009,0.02,10790
C00001743,B00001743,A0008,0.05,4440
C00001744,B00001744,A0054,0.1,10710
C00001745,B00001745,A0023,0.02,1590
C00001746,B00001746,A0023,0.02,4246
C00001747,B00001747,A0016,0.02,4416
C00001748,B00001748,A0057,0.02,2464
C00001749,B00001749,A0040,0.02,1816
C00001750,B00001750,A0004,0.15,37440
C00001751,B00001751,A0012,0.15,23400
C00001752,B00001752,A0039,0.15,19260
C00001753,B00001753,A0050,0.02,3312
C00001754,B00001754,A0034,0.15,17400
C00001755,B00001755,A0021,0.03,6534
C00001756,B00001756,A0055,0.02,4984
C00001757,B00001757,A0036,0.1,7480
C00001758,B00001758,A0044,0.15,18360
C00001759,B00001759,A0021,0.15,9990
C00001760,B00001760,A0041,0.05,12542
C00001761,B00001761,A0018,0.02,5584
C00001762,B00001762,A0054,0.05,6280
C00001763,B00001763,A0011,0.15,10080
C00001764,B00001764,A0057,0.02,1636
C00001765,B00001765,A0039,0.15,20250
C00001766,B00001766,A0045,0.15,23505
C00001767,B00001767,A0054,0.15,6885
C00001768,B00001768,A0027,0.05,7600
C00001769,B00001769,A0047,0.05,25025
C00001770,B00001770,A0049,0.15,37260
C00001771,B00001771,A0011,0.03,13959
C00001772,B00001772,A0032,0.02,1904
C00001773,B00001773,A0024,0.15,11280
C00001774,B00001774,A0037,0.15,68880
C00001775,B00001775,A0044,0.02,5852
C00001776,B00001776,A0022,0.15,5280
C00001777,B00001777,A0011,0.02,2880
C00001778,B00001778,A0022,0.15,66450
C00001779,B00001779,A0021,0.05,7120
C00001780,B00001780,A0041,0.15,56490
C00001781,B00001781,A0053,0.02,2422
C00001782,B00001782,A0045,0.02,1024
C00001783,B00001783,A0008,0.05,14100
C00001784,B00001784,A0049,0.1,33900
C00001785,B00001785,A0045,0.05,33700
C00001786,B00001786,A0007,0.15,38220
C00001787,B00001787,A0053,0.1,5200
C00001788,B00001788,A0047,0.05,3760
C00001789,B00001789,A0050,0.15,26550
C00001790,B00001790,A0036,0.1,11340
C00001791,B00001791,A0014,0.02,2282
C00001792,B00001792,A0020,0.02,5038
C00001793,B00001793,A0012,0.15,40350
C00001794,B00001794,A0056,0.02,4730
C00001795,B00001795,A0008,0.03,6039
C00001796,B00001796,A0013,0.02,4080
C00001797,B00001797,A0004,0.05,16380
C00001798,B00001798,A0048,0.15,2100
C00001799,B00001799,A0023,0.05,6125
C00001800,B00001800,A0051,0.02,3036
C00001801,B00001801,A0052,0.02,3564
C00001802,B00001802,A0017,0.02,5040
C00001803,B00001803,A0036,0.05,7320
C00001804,B00001804,A0054,0.05,9750
C00001805,B00001805,A0026,0.02,3232
C00001806,B00001806,A0030,0.1,49200
C00001807,B00001807,A0045,0.05,36120
C00001808,B00001808,A0006,0.1,21420
C00001809,B00001809,A0001,0.02,6678
C00001810,B00001810,A0014,0.15,15750
C00001811,B00001811,A0042,0.02,12180
C00001812,B00001812,A0005,0.15,27300
C00001813,B00001813,A0035,0.05,15015
C00001814,B00001814,A0056,0.02,2786
C00001815,B00001815,A0025,0.05,9295
C00001816,B00001816,A0030,0.15,37830
C00001817,B00001817,A0044,0.15,29700
C00001818,B00001818,A0013,0.05,8965
C00001819,B00001819,A0030,0.02,3014
C00001820,B00001820,A0051,0.03,6165
C00001821,B00001821,A0048,0.05,55860
C00001822,B00001822,A0056,0.15,18480
C00001823,B00001823,A0050,0.05,4100
C00001824,B00001824,A0026,0.15,25380
C00001825,B00001825,A0059,0.1,9030
C00001826,B00001826,A0017,0.1,30900
C00001827,B00001827,A0045,0.03,13290
C00001828,B00001828,A0051,0.15,5400
C00001829,B00001829,A0027,0.05,25480
C00001830,B00001830,A0039,0.1,11880
C00001831,B00001831,A0032,0.1,2280
C00001832,B00001832,A0005,0.15,15750
C00001833,B00001833,A0022,0.02,7580
C00001834,B00001834,A0059,0.15,19440
C00001835,B00001835,A0014,0.02,2556
C00001836,B00001836,A0053,0.15,111300
C00001837,B00001837,A0052,0.1,18000
C00001838,B00001838,A0054,0.15,29520
C00001839,B00001839,A0047,0.02,1796
C00001840,B00001840,A0045,0.05,13560
C00001841,B00001841,A0010,0.15,35910
C00001842,B00001842,A0005,0.02,1440
C00001843,B00001843,A0024,0.15,58245
C00001844,B00001844,A0008,0.1,18900
C00001845,B00001845,A0059,0.03,4404
C00001846,B00001846,A0041,0.15,16425
C00001847,B00001847,A0023,0.15,73095
C00001848,B00001848,A0037,0.02,408
C00001849,B00001849,A0036,0.02,3984
C00001850,B00001850,A0017,0.02,736
C00001851,B00001851,A0057,0.15,35730
C00001852,B00001852,A0017,0.02,5424
C00001853,B00001853,A0041,0.02,2388
C00001854,B00001854,A0034,0.1,73680
C00001855,B00001855,A0014,0.02,2702
C00001856,B00001856,A0018,0.02,1620
C00001857,B00001857,A0011,0.02,2170
C00001858,B00001858,A0009,0.15,71730
C00001859,B00001859,A0032,0.05,11620
C00001860,B00001860,A0038,0.02,14740
C00001861,B00001861,A0014,0.1,14310
C00001862,B00001862,A0002,0.03,6030
C00001863,B00001863,A0023,0.05,7360
C00001864,B00001864,A0018,0.15,36000
C00001865,B00001865,A0049,0.02,4264
C00001866,B00001866,A0050,0.15,4800
C00001867,B00001867,A0053,0.02,564
C00001868,B00001868,A0010,0.15,35685
C00001869,B00001869,A0041,0.05,25520
C00001870,B00001870,A0056,0.15,11580
C00001871,B00001871,A0017,0.05,1025
C00001872,B00001872,A0048,0.15,107820
C00001873,B00001873,A0052,0.05,800
C00001874,B00001874,A0030,0.02,1002
C00001875,B00001875,A0019,0.05,8505
C00001876,B00001876,A0024,0.05,19195
C00001877,B00001877,A0040,0.05,22100
C00001878,B00001878,A0025,0.15,2310
C00001879,B00001879,A0035,0.15,5670
C00001880,B00001880,A0050,0.02,10052
C00001881,B00001881,A0043,0.05,4860
C00001882,B00001882,A0045,0.03,1386
C00001883,B00001883,A0020,0.02,7464
C00001884,B00001884,A0036,0.15,66450
C00001885,B00001885,A0003,0.02,1503
C00001886,B00001886,A0017,0.03,11286
C00001887,B00001887,A0046,0.03,429
C00001888,B00001888,A0039,0.02,692
C00001889,B00001889,A0037,0.15,2385
C00001890,B00001890,A0038,0.15,77805
C00001891,B00001891,A0024,0.02,2340
C00001892,B00001892,A0015,0.02,1064
C00001893,B00001893,A0021,0.05,9600
C00001894,B00001894,A0043,0.1,22200
C00001895,B00001895,A0012,0.05,7630
C00001896,B00001896,A0057,0.05,18935
C00001897,B00001897,A0021,0.15,5580
C00001898,B00001898,A0029,0.02,1550
C00001899,B00001899,A0034,0.15,128865
C00001900,B00001900,A0007,0.15,50760
C00001901,B00001901,A0025,0.15,8820
C00001902,B00001902,A0011,0.15,16065
C00001903,B00001903,A0028,0.1,17940
C00001904,B00001904,A0007,0.15,14250
C00001905,B00001905,A0003,0.05,14420
C00001906,B00001906,A0026,0.02,8888
C00001907,B00001907,A0020,0.15,238095
C00001908,B00001908,A0013,0.15,29850
C00001909,B00001909,A0047,0.02,4508
C00001910,B00001910,A0056,0.05,87555
C00001911,B00001911,A0016,0.15,13125
C00001912,B00001912,A0020,0.15,21600
C00001913,B00001913,A0052,0.15,64080
C00001914,B00001914,A0020,0.03,5472
C00001915,B00001915,A0025,0.15,35880
C00001916,B00001916,A0020,0.15,134820
C00001917,B00001917,A0015,0.1,42800
C00001918,B00001918,A0058,0.1,23450
C00001919,B00001919,A0055,0.15,2775
C00001920,B00001920,A0052,0.03,942
C00001921,B00001921,A0027,0.02,2898
C00001922,B00001922,A0049,0.15,29850
C00001923,B00001923,A0047,0.15,304500
C00001924,B00001924,A0057,0.1,13000
C00001925,B00001925,A0005,0.02,7520
C00001926,B00001926,A0019,0.02,3464
C00001927,B00001927,A0051,0.15,6960
C00001928,B00001928,A0026,0.05,2880
C00001929,B00001929,A0016,0.02,5148
C00001930,B00001930,A0041,0.03,1791
C00001931,B00001931,A0009,0.03,573
C00001932,B00001932,A0003,0.03,2088
C00001933,B00001933,A0043,0.02,2960
C00001934,B00001934,A0012,0.02,3300
C00001935,B00001935,A0021,0.1,4500
C00001936,B00001936,A0024,0.1,3340
C00001937,B00001937,A0056,0.02,3864
C00001938,B00001938,A0015,0.02,2960
C00001939,B00001939,A0033,0.15,20100
C00001940,B00001940,A0010,0.15,26280
C00001941,B00001941,A0047,0.15,22920
C00001942,B00001942,A0008,0.02,7656
C00001943,B00001943,A0049,0.15,31590
C00001944,B00001944,A0052,0.15,43470
C00001945,B00001945,A0020,0.05,14975
C00001946,B00001946,A0006,0.15,32400
C00001947,B00001947,A0046,0.15,33150
C00001948,B00001948,A0039,0.1,3780
C00001949,B00001949,A0042,0.15,10329
C00001950,B00001950,A0031,0.15,7560
C00001951,B00001951,A0010,0.05,8515
C00001952,B00001952,A0030,0.02,1316
C00001953,B00001953,A0057,0.05,10575
C00001954,B00001954,A0011,0.05,12320
C00001955,B00001955,A0023,0.03,7449
C00001956,B00001956,A0047,0.03,4680
C00001957,B00001957,A0020,0.15,26280
C00001958,B00001958,A0032,0.15,76680
C00001959,B00001959,A0038,0.15,46830
C00001960,B00001960,A0016,0.02,1896
C00001961,B00001961,A0028,0.03,1989
C00001962,B00001962,A0011,0.15,21150
C00001963,B00001963,A0046,0.05,4920
C00001964,B00001964,A0022,0.05,1390
C00001965,B00001965,A0005,0.05,8500
C00001966,B00001966,A0040,0.15,40230
C00001967,B00001967,A0033,0.05,3200
C00001968,B00001968,A0016,0.03,15834
C00001969,B00001969,A0033,0.02,2268
C00001970,B00001970,A0003,0.05,890
C00001971,B00001971,A0034,0.05,5850
C00001972,B00001972,A0036,0.15,22545
C00001973,B00001973,A0043,0.02,5474
C00001974,B00001974,A0011,0.02,1848
C00001975,B00001975,A0030,0.15,54360
C00001976,B00001976,A0023,0.02,1552
C00001977,B00001977,A0029,0.02,3546
C00001978,B00001978,A0053,0.02,4288
C00001979,B00001979,A0023,0.05,10020
C00001980,B00001980,A0025,0.05,10088
C00001981,B00001981,A0043,0.1,25340
C00001982,B00001982,A0043,0.15,53460
C00001983,B00001983,A0007,0.02,3456
C00001984,B00001984,A0015,0.02,1440
C00001985,B00001985,A0042,0.1,22680
C00001986,B00001986,A0010,0.02,2338
C00001987,B00001987,A0012,0.05,5460
C00001988,B00001988,A0026,0.02,8028
C00001989,B00001989,A0003,0.02,4160
C00001990,B00001990,A0001,0.15,24225
C00001991,B00001991,A0030,0.05,795
C00001992,B00001992,A0052,0.15,4380
C00001993,B00001993,A0056,0.15,29160
C00001994,B00001994,A0010,0.02,3330
C00001995,B00001995,A0007,0.15,7140
C00001996,B00001996,A0056,0.15,11700
C00001997,B00001997,A0043,0.02,1360
C00001998,B00001998,A0049,0.05,75845
C00001999,B00001999,A0017,0.15,30000
C00002000,B00002000,A0019,0.02,3300
C00002001,B00002001,A0045,0.02,2376
C00002002,B00002002,A0027,0.02,1248
C00002003,B00002003,A0057,0.15,31020
C00002004,B00002004,A0026,0.02,4768
C00002005,B00002005,A0039,0.03,405
C00002006,B00002006,A0040,0.03,1074
C00002007,B00002007,A0015,0.03,6375
C00002008,B00002008,A0053,0.05,15440
C00002009,B00002009,A0014,0.1,27760
C00002010,B00002010,A0049,0.1,5910
C00002011,B00002011,A0054,0.15,43800
C00002012,B00002012,A0058,0.15,76680
C00002013,B00002013,A0008,0.05,2820
C00002014,B00002014,A0014,0.02,2700
C00002015,B00002015,A0039,0.03,7095
C00002016,B00002016,A0022,0.02,786
C00002017,B00002017,A0005,0.05,8450
C00002018,B00002018,A0009,0.02,788
C00002019,B00002019,A0004,0.15,80280
C00002020,B00002020,A0008,0.03,13992
C00002021,B00002021,A0005,0.02,1032
C00002022,B00002022,A0041,0.15,19440
C00002023,B00002023,A0021,0.02,648
C00002024,B00002024,A0009,0.03,14454
C00002025,B00002025,A0027,0.02,4048
C00002026,B00002026,A0028,0.02,892
C00002027,B00002027,A0031,0.05,12780
C00002028,B00002028,A0031,0.02,2148
C00002029,B00002029,A0057,0.15,29880
C00002030,B00002030,A0043,0.15,17280
C00002031,B00002031,A0037,0.02,5609
C00002032,B00002032,A0010,0.02,8656
C00002033,B00002033,A0003,0.02,772
C00002034,B00002034,A0009,0.02,20972
C00002035,B00002035,A0015,0.02,17498
C00002036,B00002036,A0019,0.1,15450
C00002037,B00002037,A0005,0.1,21840
C00002038,B00002038,A0050,0.1,4200
C00002039,B00002039,A0003,0.1,9360
C00002040,B00002040,A0050,0.05,9315
C00002041,B00002041,A0031,0.02,460
C00002042,B00002042,A0017,0.05,1735
C00002043,B00002043,A0010,0.02,3672
C00002044,B00002044,A0040,0.02,1728
C00002045,B00002045,A0009,0.02,456
C00002046,B00002046,A0048,0.02,5808
C00002047,B00002047,A0050,0.15,59805
C00002048,B00002048,A0029,0.03,3093
C00002049,B00002049,A0005,0.03,34560
C00002050,B00002050,A0003,0.15,16800
C00002051,B00002051,A0038,0.15,32760
C00002052,B00002052,A0034,0.15,4740
C00002053,B00002053,A0050,0.1,24383
C00002054,B00002054,A0018,0.15,12750
C00002055,B00002055,A0045,0.15,112320
C00002056,B00002056,A0033,0.1,21980
C00002057,B00002057,A0004,0.15,28710
C00002058,B00002058,A0056,0.15,271110
C00002059,B00002059,A0019,0.15,30030
C00002060,B00002060,A0014,0.1,21120
C00002061,B00002061,A0029,0.03,5214
C00002062,B00002062,A0020,0.03,48132
C00002063,B00002063,A0057,0.1,6200
C00002064,B00002064,A0046,0.15,17550
C00002065,B00002065,A0047,0.05,71630
C00002066,B00002066,A0052,0.02,3296
C00002067,B00002067,A0028,0.15,2700
C00002068,B00002068,A0008,0.03,1800
C00002069,B00002069,A0007,0.02,4378
C00002070,B00002070,A0048,0.03,1494
C00002071,B00002071,A0027,0.15,27660
C00002072,B00002072,A0014,0.15,2460
C00002073,B00002073,A0027,0.15,32100
C00002074,B00002074,A0028,0.15,26070
C00002075,B00002075,A0050,0.03,21384
C00002076,B00002076,A0038,0.15,28800
C00002077,B00002077,A0044,0.05,3500
C00002078,B00002078,A0015,0.05,2850
C00002079,B00002079,A0030,0.15,24600
C00002080,B00002080,A0004,0.1,11640
C00002081,B00002081,A0027,0.05,6165
C00002082,B00002082,A0029,0.02,8090
C00002083,B00002083,A0058,0.1,17200
C00002084,B00002084,A0010,0.15,29400
C00002085,B00002085,A0046,0.02,508
C00002086,B00002086,A0035,0.1,9120
C00002087,B00002087,A0058,0.1,143000
C00002088,B00002088,A0006,0.02,2940
C00002089,B00002089,A0032,0.1,1760
C00002090,B00002090,A0036,0.02,2576
C00002091,B00002091,A0060,0.15,19440
C00002092,B00002092,A0043,0.02,2760
C00002093,B00002093,A0040,0.1,38000
C00002094,B00002094,A0021,0.15,16575
C00002095,B00002095,A0026,0.02,9724
C00002096,B00002096,A0016,0.05,14920
C00002097,B00002097,A0050,0.05,4020
C00002098,B00002098,A0034,0.02,1300
C00002099,B00002099,A0019,0.15,21840
C00002100,B00002100,A0021,0.02,4680
C00002101,B00002101,A0035,0.1,48440
C00002102,B00002102,A0027,0.1,8480
C00002103,B00002103,A0057,0.1,19460
C00002104,B00002104,A0055,0.05,14280
C00002105,B00002105,A0046,0.03,14532
C00002106,B00002106,A0019,0.15,157080
C00002107,B00002107,A0030,0.05,7965
C00002108,B00002108,A0019,0.03,11055
C00002109,B00002109,A0045,0.03,3195
C00002110,B00002110,A0034,0.15,19980
C00002111,B00002111,A0027,0.1,10990
C00002112,B00002112,A0022,0.02,1600
C00002113,B00002113,A0014,0.05,45825
C00002114,B00002114,A0027,0.02,5434
C00002115,B00002115,A0058,0.1,20940
C00002116,B00002116,A0046,0.1,2290
C00002117,B00002117,A0059,0.15,19005
C00002118,B00002118,A0022,0.02,1776
C00002119,B00002119,A0014,0.15,32760
C00002120,B00002120,A0045,0.15,23280
C00002121,B00002121,A0054,0.15,30420
C00002122,B00002122,A0058,0.05,12375
C00002123,B00002123,A0022,0.02,2640
C00002124,B00002124,A0060,0.1,9120
C00002125,B00002125,A0038,0.15,2430
C00002126,B00002126,A0054,0.15,3585
C00002127,B00002127,A0040,0.15,11400
C00002128,B00002128,A0021,0.02,4676
C00002129,B00002129,A0009,0.02,38220
C00002130,B00002130,A0010,0.15,15660
C00002131,B00002131,A0044,0.05,13580
C00002132,B00002132,A0032,0.15,21720
C00002133,B00002133,A0043,0.15,15570
C00002134,B00002134,A0033,0.03,1044
C00002135,B00002135,A0030,0.15,29835
C00002136,B00002136,A0021,0.02,1800
C00002137,B00002137,A0047,0.1,2180
C00002138,B00002138,A0057,0.05,10260
C00002139,B00002139,A0053,0.15,58680
C00002140,B00002140,A0039,0.02,15106
C00002141,B00002141,A0014,0.02,4030
C00002142,B00002142,A0035,0.02,3616
C00002143,B00002143,A0033,0.15,6900
C00002144,B00002144,A0020,0.15,9480
C00002145,B00002145,A0036,0.05,1380
C00002146,B00002146,A0060,0.02,3680
C00002147,B00002147,A0053,0.05,10020
C00002148,B00002148,A0002,0.02,2808
C00002149,B00002149,A0010,0.15,35070
C00002150,B00002150,A0021,0.15,22125
C00002151,B00002151,A0002,0.05,11750
C00002152,B00002152,A0002,0.05,12430
C00002153,B00002153,A0014,0.05,15660
C00002154,B00002154,A0039,0.05,6900
C00002155,B00002155,A0048,0.02,5824
C00002156,B00002156,A0056,0.15,23400
C00002157,B00002157,A0002,0.15,9600
C00002158,B00002158,A0050,0.15,20370
C00002159,B00002159,A0033,0.02,888
C00002160,B00002160,A0045,0.15,14280
C00002161,B00002161,A0006,0.15,31605
C00002162,B00002162,A0048,0.05,5110
C00002163,B00002163,A0052,0.15,79560
C00002164,B00002164,A0001,0.1,4760
C00002165,B00002165,A0052,0.1,20900
C00002166,B00002166,A0035,0.05,14350
C00002167,B00002167,A0037,0.02,1956
C00002168,B00002168,A0041,0.05,15960
C00002169,B00002169,A0046,0.15,40680
C00002170,B00002170,A0009,0.05,32690
C00002171,B00002171,A0027,0.15,21600
C00002172,B00002172,A0053,0.02,3006
C00002173,B00002173,A0001,0.1,12180
C00002174,B00002174,A0056,0.02,2350
C00002175,B00002175,A0013,0.1,13170
C00002176,B00002176,A0059,0.03,3150
C00002177,B00002177,A0054,0.02,16434
C00002178,B00002178,A0008,0.02,756
C00002179,B00002179,A0030,0.15,81000
C00002180,B00002180,A0055,0.1,7260
C00002181,B00002181,A0031,0.02,612
C00002182,B00002182,A0031,0.1,15700
C00002183,B00002183,A0030,0.02,5796
C00002184,B00002184,A0001,0.05,1910
C00002185,B00002185,A0015,0.02,11154
C00002186,B00002186,A0018,0.15,68940
C00002187,B00002187,A0052,0.15,27450
C00002188,B00002188,A0011,0.15,29250
C00002189,B00002189,A0049,0.03,26418
C00002190,B00002190,A0029,0.03,22110
C00002191,B00002191,A0022,0.15,14940
C00002192,B00002192,A0031,0.05,1120
C00002193,B00002193,A0028,0.1,7110
C00002194,B00002194,A0032,0.02,3996
C00002195,B00002195,A0020,0.1,26000
C00002196,B00002196,A0057,0.03,2625
C00002197,B00002197,A0029,0.05,26455
C00002198,B00002198,A0019,0.02,2270
C00002199,B00002199,A0028,0.15,24420
C00002200,B00002200,A0034,0.15,28080
C00002201,B00002201,A0016,0.1,15390
C00002202,B00002202,A0009,0.1,13650
C00002203,B00002203,A0020,0.15,22740
C00002204,B00002204,A0057,0.05,8100
C00002205,B00002205,A0016,0.02,1608
C00002206,B00002206,A0023,0.15,15930
C00002207,B00002207,A0048,0.03,4158
C00002208,B00002208,A0014,0.02,1308
C00002209,B00002209,A0001,0.15,2250
C00002210,B00002210,A0050,0.15,35100
C00002211,B00002211,A0043,0.03,5494
C00002212,B00002212,A0053,0.02,21294
C00002213,B00002213,A0048,0.15,69930
C00002214,B00002214,A0006,0.15,28275
C00002215,B00002215,A0014,0.02,1842
C00002216,B00002216,A0041,0.15,13860
C00002217,B00002217,A0044,0.02,5404
C00002218,B00002218,A0028,0.02,5070
C00002219,B00002219,A0012,0.1,26520
C00002220,B00002220,A0008,0.05,3720
C00002221,B00002221,A0033,0.15,4530
C00002222,B00002222,A0005,0.15,48420
C00002223,B00002223,A0008,0.15,59085
C00002224,B00002224,A0033,0.1,3340
C00002225,B00002225,A0059,0.1,57600
C00002226,B00002226,A0018,0.05,3465
C00002227,B00002227,A0060,0.1,14040
C00002228,B00002228,A0058,0.03,588
C00002229,B00002229,A0011,0.15,22050
C00002230,B00002230,A0056,0.02,11360
C00002231,B00002231,A0008,0.15,26400
C00002232,B00002232,A0041,0.02,7336
C00002233,B00002233,A0051,0.02,592
C00002234,B00002234,A0054,0.02,1536
C00002235,B00002235,A0017,0.15,17010
C00002236,B00002236,A0045,0.1,11830
C00002237,B00002237,A0006,0.15,52200
C00002238,B00002238,A0012,0.15,29055
C00002239,B00002239,A0055,0.15,170100
C00002240,B00002240,A0009,0.02,9300
C00002241,B00002241,A0020,0.15,27525
C00002242,B00002242,A0042,0.1,11400
C00002243,B00002243,A0009,0.03,1905
C00002244,B00002244,A0054,0.02,9030
C00002245,B00002245,A0013,0.15,11850
C00002246,B00002246,A0016,0.02,7152
C00002247,B00002247,A0018,0.1,18720
C00002248,B00002248,A0010,0.15,46020
C00002249,B00002249,A0056,0.02,2772
C00002250,B00002250,A0030,0.15,27885
C00002251,B00002251,A0014,0.1,99540
C00002252,B00002252,A0009,0.03,4194
C00002253,B00002253,A0017,0.03,8910
C00002254,B00002254,A0009,0.15,16125
C00002255,B00002255,A0044,0.05,4050
C00002256,B00002256,A0046,0.02,2100
C00002257,B00002257,A0025,0.02,3776
C00002258,B00002258,A0015,0.02,4600
C00002259,B00002259,A0048,0.15,12360
C00002260,B00002260,A0034,0.1,10480
C00002261,B00002261,A0038,0.03,2880
C00002262,B00002262,A0014,0.02,1242
C00002263,B00002263,A0014,0.15,13575
C00002264,B00002264,A0026,0.02,2896
C00002265,B00002265,A0051,0.02,1362
C00002266,B00002266,A0049,0.02,3350
C00002267,B00002267,A0043,0.02,2010
C00002268,B00002268,A0052,0.1,21510
C00002269,B00002269,A0012,0.1,26530
C00002270,B00002270,A0041,0.15,27360
C00002271,B00002271,A0037,0.1,73840
C00002272,B00002272,A0032,0.15,33450
C00002273,B00002273,A0005,0.03,15366
C00002274,B00002274,A0013,0.15,5745
C00002275,B00002275,A0007,0.02,338
C00002276,B00002276,A0038,0.15,10005
C00002277,B00002277,A0020,0.03,36750
C00002278,B00002278,A0025,0.15,21000
C00002279,B00002279,A0020,0.15,2805
C00002280,B00002280,A0007,0.02,7716
C00002281,B00002281,A0020,0.02,39900
C00002282,B00002282,A0028,0.1,15030
C00002283,B00002283,A0013,0.05,30200
C00002284,B00002284,A0004,0.1,5700
C00002285,B00002285,A0052,0.1,29200
C00002286,B00002286,A0018,0.02,2172
C00002287,B00002287,A0036,0.15,84840
C00002288,B00002288,A0018,0.15,18600
C00002289,B00002289,A0008,0.02,3066
C00002290,B00002290,A0030,0.05,3825
C00002291,B00002291,A0052,0.1,18000
C00002292,B00002292,A0018,0.05,11900
C00002293,B00002293,A0040,0.1,11160
C00002294,B00002294,A0012,0.1,1670
C00002295,B00002295,A0031,0.05,4040
C00002296,B00002296,A0056,0.02,16032
C00002297,B00002297,A0002,0.15,21465
C00002298,B00002298,A0012,0.02,2720
C00002299,B00002299,A0045,0.15,67515
C00002300,B00002300,A0041,0.02,3020
C00002301,B00002301,A0033,0.15,13875
C00002302,B00002302,A0004,0.05,6760
C00002303,B00002303,A0028,0.03,6804
C00002304,B00002304,A0014,0.15,34485
C00002305,B00002305,A0050,0.1,13680
C00002306,B00002306,A0026,0.02,3026
C00002307,B00002307,A0016,0.02,4114
C00002308,B00002308,A0002,0.15,23595
C00002309,B00002309,A0009,0.02,18936
C00002310,B00002310,A0059,0.15,25125
C00002311,B00002311,A0048,0.02,5136
C00002312,B00002312,A0049,0.05,17150
C00002313,B00002313,A0050,0.15,42120
C00002314,B00002314,A0048,0.05,3560
C00002315,B00002315,A0048,0.1,10410
C00002316,B00002316,A0024,0.1,13240
C00002317,B00002317,A0041,0.02,1680
C00002318,B00002318,A0048,0.15,19500
C00002319,B00002319,A0028,0.1,20460
C00002320,B00002320,A0060,0.02,3504
C00002321,B00002321,A0026,0.03,4530
C00002322,B00002322,A0004,0.15,16740
C00002323,B00002323,A0028,0.1,8000
C00002324,B00002324,A0052,0.02,3258
C00002325,B00002325,A0006,0.15,28200
C00002326,B00002326,A0057,0.02,1548
C00002327,B00002327,A0007,0.02,356
C00002328,B00002328,A0016,0.05,10635
C00002329,B00002329,A0036,0.15,32130
C00002330,B00002330,A0057,0.02,1720
C00002331,B00002331,A0047,0.15,40740
C00002332,B00002332,A0039,0.15,11790
C00002333,B00002333,A0043,0.03,2595
C00002334,B00002334,A0052,0.02,4576
C00002335,B00002335,A0025,0.02,5174
C00002336,B00002336,A0016,0.15,30855
C00002337,B00002337,A0050,0.15,54945
C00002338,B00002338,A0032,0.15,26550
C00002339,B00002339,A0044,0.02,2748
C00002340,B00002340,A0017,0.15,9360
C00002341,B00002341,A0003,0.15,39780
C00002342,B00002342,A0006,0.03,36840
C00002343,B00002343,A0057,0.02,3168
C00002344,B00002344,A0046,0.02,7438
C00002345,B00002345,A0040,0.02,274
C00002346,B00002346,A0002,0.1,3580
C00002347,B00002347,A0053,0.1,27440
C00002348,B00002348,A0039,0.15,16905
C00002349,B00002349,A0016,0.02,1312
C00002350,B00002350,A0012,0.15,24000
C00002351,B00002351,A0010,0.05,2514
C00002352,B00002352,A0058,0.15,24600
C00002353,B00002353,A0045,0.02,2506
C00002354,B00002354,A0002,0.15,27675
C00002355,B00002355,A0046,0.02,1128
C00002356,B00002356,A0047,0.15,95760
C00002357,B00002357,A0013,0.15,30240
C00002358,B00002358,A0030,0.02,9080
C00002359,B00002359,A0007,0.05,9480
C00002360,B00002360,A0048,0.15,64515
C00002361,B00002361,A0007,0.1,16770
C00002362,B00002362,A0006,0.02,3906
C00002363,B00002363,A0025,0.05,12805
C00002364,B00002364,A0056,0.15,14400
C00002365,B00002365,A0027,0.1,21840
C00002366,B00002366,A0028,0.02,760
C00002367,B00002367,A0032,0.05,2295
C00002368,B00002368,A0051,0.15,22605
C00002369,B00002369,A0059,0.1,12890
C00002370,B00002370,A0014,0.03,31920
C00002371,B00002371,A0032,0.1,36080
C00002372,B00002372,A0032,0.15,27135
C00002373,B00002373,A0024,0.15,20400
C00002374,B00002374,A0028,0.15,7380
C00002375,B00002375,A0014,0.02,4394
C00002376,B00002376,A0022,0.1,19800
C00002377,B00002377,A0011,0.15,24585
C00002378,B00002378,A0006,0.02,3510
C00002379,B00002379,A0021,0.05,8965
C00002380,B00002380,A0020,0.02,2832
C00002381,B00002381,A0011,0.15,30105
C00002382,B00002382,A0017,0.05,1550
C00002383,B00002383,A0037,0.05,7350
C00002384,B00002384,A0050,0.15,26700
C00002385,B00002385,A0027,0.05,1670
C00002386,B00002386,A0051,0.02,868
C00002387,B00002387,A0019,0.03,2133
C00002388,B00002388,A0040,0.02,2382
C00002389,B00002389,A0018,0.03,2250
C00002390,B00002390,A0060,0.05,2050
C00002391,B00002391,A0048,0.15,9405
C00002392,B00002392,A0034,0.15,6390
C00002393,B00002393,A0052,0.15,47355
C00002394,B00002394,A0004,0.02,9624
C00002395,B00002395,A0008,0.15,5970
C00002396,B00002396,A0058,0.05,11580
C00002397,B00002397,A0040,0.15,18270
C00002398,B00002398,A0030,0.02,2412
C00002399,B00002399,A0036,0.15,4740
C00002400,B00002400,A0019,0.02,34944
C00002401,B00002401,A0031,0.15,47190
C00002402,B00002402,A0016,0.15,37635
C00002403,B00002403,A0046,0.05,7200
C00002404,B00002404,A0002,0.02,1242
C00002405,B00002405,A0052,0.02,894
C00002406,B00002406,A0055,0.02,1208
C00002407,B00002407,A0037,0.05,27900
C00002408,B00002408,A0018,0.05,3920
C00002409,B00002409,A0047,0.02,3970
C00002410,B00002410,A0032,0.03,7056
C00002411,B00002411,A0025,0.15,16695
C00002412,B00002412,A0036,0.15,42120
C00002413,B00002413,A0005,0.15,26400
C00002414,B00002414,A0039,0.05,5190
C00002415,B00002415,A0016,0.1,7600
C00002416,B00002416,A0057,0.15,52305
C00002417,B00002417,A0057,0.15,6795
C00002418,B00002418,A0016,0.02,3600
C00002419,B00002419,A0007,0.15,30240
C00002420,B00002420,A0020,0.02,322
C00002421,B00002421,A0012,0.05,9600
C00002422,B00002422,A0043,0.02,4320
C00002423,B00002423,A0001,0.15,12225
C00002424,B00002424,A0049,0.15,18045
C00002425,B00002425,A0058,0.05,18240
C00002426,B00002426,A0033,0.15,5160
C00002427,B00002427,A0031,0.15,15750
C00002428,B00002428,A0058,0.1,43300
C00002429,B00002429,A0033,0.1,24100
C00002430,B00002430,A0053,0.02,4394
C00002431,B00002431,A0058,0.02,932
C00002432,B00002432,A0023,0.15,30960
C00002433,B00002433,A0046,0.05,8000
C00002434,B00002434,A0049,0.03,8268
C00002435,B00002435,A0008,0.15,10830
C00002436,B00002436,A0034,0.02,6570
C00002437,B00002437,A0052,0.02,2048
C00002438,B00002438,A0030,0.15,33390
C00002439,B00002439,A0049,0.15,3585
C00002440,B00002440,A0011,0.03,8190
C00002441,B00002441,A0016,0.15,38850
C00002442,B00002442,A0006,0.15,14040
C00002443,B00002443,A0019,0.05,3020
C00002444,B00002444,A0008,0.02,924
C00002445,B00002445,A0056,0.05,9185
C00002446,B00002446,A0017,0.15,26520
C00002447,B00002447,A0035,0.05,3700
C00002448,B00002448,A0024,0.05,17100
C00002449,B00002449,A0024,0.03,3222
C00002450,B00002450,A0021,0.05,9405
C00002451,B00002451,A0059,0.15,28500
C00002452,B00002452,A0016,0.02,3060
C00002453,B00002453,A0024,0.05,7440
C00002454,B00002454,A0002,0.1,14400
C00002455,B00002455,A0055,0.15,62535
C00002456,B00002456,A0044,0.02,1056
C00002457,B00002457,A0033,0.02,1020
C00002458,B00002458,A0060,0.15,130140
C00002459,B00002459,A0047,0.1,30520
C00002460,B00002460,A0060,0.02,412
C00002461,B00002461,A0003,0.15,21945
C00002462,B00002462,A0046,0.1,19500
C00002463,B00002463,A0046,0.02,2618
C00002464,B00002464,A0053,0.15,75960
C00002465,B00002465,A0008,0.02,2688
C00002466,B00002466,A0005,0.02,1240
C00002467,B00002467,A0024,0.05,7580
C00002468,B00002468,A0034,0.1,27950
C00002469,B00002469,A0001,0.1,6090
C00002470,B00002470,A0039,0.02,2600
C00002471,B00002471,A0030,0.02,3360
C00002472,B00002472,A0022,0.03,8568
C00002473,B00002473,A0034,0.03,6408
C00002474,B00002474,A0040,0.1,6960
C00002475,B00002475,A0019,0.1,22900
C00002476,B00002476,A0007,0.05,9845
C00002477,B00002477,A0044,0.1,40320
C00002478,B00002478,A0049,0.1,41030
C00002479,B00002479,A0016,0.15,20385
C00002480,B00002480,A0023,0.02,28350
C00002481,B00002481,A0003,0.15,7920
C00002482,B00002482,A0009,0.03,8568
C00002483,B00002483,A0005,0.1,1530
C00002484,B00002484,A0012,0.1,2010
C00002485,B00002485,A0002,0.1,81620
C00002486,B00002486,A0018,0.15,38010
C00002487,B00002487,A0003,0.02,2492
C00002488,B00002488,A0047,0.02,2030
C00002489,B00002489,A0028,0.05,21660
C00002490,B00002490,A0028,0.15,31800
C00002491,B00002491,A0007,0.1,14220
C00002492,B00002492,A0037,0.15,68250
C00002493,B00002493,A0043,0.03,7164
C00002494,B00002494,A0008,0.15,15645
C00002495,B00002495,A0024,0.03,18120
C00002496,B00002496,A0026,0.15,2040
C00002497,B00002497,A0060,0.15,18360
C00002498,B00002498,A0024,0.1,4770
C00002499,B00002499,A0042,0.05,8690
C00002500,B00002500,A0011,0.02,402
C00002501,B00002501,A0017,0.15,18000
C00002502,B00002502,A0007,0.02,1288
C00002503,B00002503,A0057,0.1,17640
C00002504,B00002504,A0052,0.15,28950
C00002505,B00002505,A0058,0.02,3420
C00002506,B00002506,A0020,0.15,123660
C00002507,B00002507,A0034,0.15,24000
C00002508,B00002508,A0044,0.05,26880
C00002509,B00002509,A0050,0.15,26550
C00002510,B00002510,A0010,0.05,4290
C00002511,B00002511,A0009,0.02,3186
C00002512,B00002512,A0058,0.03,2115
C00002513,B00002513,A0012,0.1,19300
C00002514,B00002514,A0006,0.02,2832
C00002515,B00002515,A0031,0.15,18360
C00002516,B00002516,A0021,0.02,948
C00002517,B00002517,A0048,0.02,786
C00002518,B00002518,A0041,0.1,14560
C00002519,B00002519,A0031,0.1,26460
C00002520,B00002520,A0010,0.15,11160
C00002521,B00002521,A0027,0.05,2489
C00002522,B00002522,A0013,0.02,1192
C00002523,B00002523,A0045,0.03,414
C00002524,B00002524,A0055,0.15,72600
C00002525,B00002525,A0058,0.15,8280
C00002526,B00002526,A0026,0.15,5040
C00002527,B00002527,A0015,0.03,7392
C00002528,B00002528,A0008,0.02,1928
C00002529,B00002529,A0026,0.03,7128
C00002530,B00002530,A0046,0.15,21075
C00002531,B00002531,A0021,0.15,15390
C00002532,B00002532,A0003,0.02,3612
C00002533,B00002533,A0010,0.02,1248
C00002534,B00002534,A0003,0.15,14550
C00002535,B00002535,A0030,0.15,32505
C00002536,B00002536,A0028,0.03,5040
C00002537,B00002537,A0011,0.15,32760
C00002538,B00002538,A0025,0.15,107640
C00002539,B00002539,A0046,0.02,9096
C00002540,B00002540,A0003,0.02,1830
C00002541,B00002541,A0025,0.02,11104
C00002542,B00002542,A0024,0.02,7400
C00002543,B00002543,A0056,0.1,16920
C00002544,B00002544,A0032,0.05,3460
C00002545,B00002545,A0005,0.02,5922
C00002546,B00002546,A0016,0.05,8690
C00002547,B00002547,A0008,0.02,1820
C00002548,B00002548,A0032,0.1,29900
C00002549,B00002549,A0054,0.03,7308
C00002550,B00002550,A0021,0.03,3555
C00002551,B00002551,A0012,0.1,1760
C00002552,B00002552,A0008,0.05,1150
C00002553,B00002553,A0012,0.02,1056
C00002554,B00002554,A0047,0.15,41940
C00002555,B00002555,A0008,0.02,10332
C00002556,B00002556,A0056,0.02,2464
C00002557,B00002557,A0019,0.02,5382
C00002558,B00002558,A0001,0.03,3222
C00002559,B00002559,A0032,0.1,51810
C00002560,B00002560,A0021,0.15,77040
C00002561,B00002561,A0055,0.02,1480
C00002562,B00002562,A0055,0.15,20640
C00002563,B00002563,A0041,0.15,50760
C00002564,B00002564,A0036,0.05,12815
C00002565,B00002565,A0044,0.03,5610
C00002566,B00002566,A0051,0.05,5280
C00002567,B00002567,A0010,0.15,17700
C00002568,B00002568,A0043,0.02,3580
C00002569,B00002569,A0041,0.15,7470
C00002570,B00002570,A0011,0.1,8720
C00002571,B00002571,A0002,0.1,14310
C00002572,B00002572,A0009,0.05,7550
C00002573,B00002573,A0027,0.02,1944
C00002574,B00002574,A0025,0.02,5348
C00002575,B00002575,A0017,0.05,10990
C00002576,B00002576,A0019,0.03,5724
C00002577,B00002577,A0005,0.03,8835
C00002578,B00002578,A0046,0.15,59895
C00002579,B00002579,A0012,0.15,15450
C00002580,B00002580,A0040,0.15,36660
C00002581,B00002581,A0052,0.03,2550
C00002582,B00002582,A0002,0.03,2169
C00002583,B00002583,A0053,0.15,9600
C00002584,B00002584,A0041,0.05,31091
C00002585,B00002585,A0029,0.15,3510
C00002586,B00002586,A0011,0.15,48825
C00002587,B00002587,A0017,0.15,11700
C00002588,B00002588,A0042,0.15,24075
C00002589,B00002589,A0059,0.1,8400
C00002590,B00002590,A0045,0.1,93600
C00002591,B00002591,A0031,0.15,45090
C00002592,B00002592,A0039,0.05,2220
C00002593,B00002593,A0048,0.1,24480
C00002594,B00002594,A0059,0.02,2560
C00002595,B00002595,A0025,0.02,772
C00002596,B00002596,A0041,0.02,2004
C00002597,B00002597,A0059,0.15,45435
C00002598,B00002598,A0011,0.05,4650
C00002599,B00002599,A0038,0.03,2760
C00002600,B00002600,A0060,0.15,7785
C00002601,B00002601,A0037,0.15,15225
C00002602,B00002602,A0056,0.15,12480
C00002603,B00002603,A0023,0.15,34320
C00002604,B00002604,A0034,0.02,18660
C00002605,B00002605,A0005,0.02,5226
C00002606,B00002606,A0019,0.05,10450
C00002607,B00002607,A0059,0.02,5616
C00002608,B00002608,A0030,0.15,242970
C00002609,B00002609,A0008,0.05,23240
C00002610,B00002610,A0037,0.1,15640
C00002611,B00002611,A0020,0.02,4464
C00002612,B00002612,A0021,0.15,47460
C00002613,B00002613,A0043,0.02,18088
C00002614,B00002614,A0011,0.15,25980
C00002615,B00002615,A0035,0.1,11970
C00002616,B00002616,A0044,0.15,32400
C00002617,B00002617,A0010,0.02,480
C00002618,B00002618,A0057,0.1,16400
C00002619,B00002619,A0048,0.1,5520
C00002620,B00002620,A0043,0.02,5040
C00002621,B00002621,A0043,0.1,10960
C00002622,B00002622,A0046,0.05,42350
C00002623,B00002623,A0044,0.15,17325
C00002624,B00002624,A0006,0.15,120600
C00002625,B00002625,A0022,0.03,1902
C00002626,B00002626,A0059,0.02,1038
C00002627,B00002627,A0038,0.15,24840
C00002628,B00002628,A0004,0.15,35640
C00002629,B00002629,A0008,0.02,2534
C00002630,B00002630,A0056,0.15,73095
C00002631,B00002631,A0013,0.1,8520
C00002632,B00002632,A0020,0.1,50443
C00002633,B00002633,A0050,0.15,25800
C00002634,B00002634,A0008,0.05,15535
C00002635,B00002635,A0009,0.1,12660
C00002636,B00002636,A0002,0.1,10080
C00002637,B00002637,A0038,0.15,3600
C00002638,B00002638,A0024,0.1,26280
C00002639,B00002639,A0045,0.02,5852
C00002640,B00002640,A0030,0.05,14040
C00002641,B00002641,A0052,0.03,2328
C00002642,B00002642,A0018,0.15,38640
C00002643,B00002643,A0007,0.1,25960
C00002644,B00002644,A0048,0.15,77490
C00002645,B00002645,A0002,0.15,107850
C00002646,B00002646,A0037,0.05,30225
C00002647,B00002647,A0006,0.05,675
C00002648,B00002648,A0009,0.03,2340
C00002649,B00002649,A0001,0.02,8932
C00002650,B00002650,A0033,0.02,2268
C00002651,B00002651,A0054,0.15,18120
C00002652,B00002652,A0001,0.15,74130
C00002653,B00002653,A0034,0.02,668
C00002654,B00002654,A0032,0.15,2490
C00002655,B00002655,A0051,0.02,410
C00002656,B00002656,A0041,0.02,3432
C00002657,B00002657,A0034,0.02,2752
C00002658,B00002658,A0006,0.05,8040
C00002659,B00002659,A0037,0.1,36360
C00002660,B00002660,A0025,0.15,46620
C00002661,B00002661,A0050,0.15,11280
C00002662,B00002662,A0033,0.02,2376
C00002663,B00002663,A0016,0.15,2295
C00002664,B00002664,A0005,0.15,3405
C00002665,B00002665,A0004,0.15,30960
C00002666,B00002666,A0034,0.15,30870
C00002667,B00002667,A0005,0.02,7600
C00002668,B00002668,A0049,0.1,27000
C00002669,B00002669,A0037,0.05,13860
C00002670,B00002670,A0035,0.15,21840
C00002671,B00002671,A0013,0.15,30660
C00002672,B00002672,A0048,0.15,30780
C00002673,B00002673,A0029,0.1,46320
C00002674,B00002674,A0053,0.1,48510
C00002675,B00002675,A0059,0.15,140400
C00002676,B00002676,A0023,0.1,38610
C00002677,B00002677,A0012,0.02,1688
C00002678,B00002678,A0017,0.02,2754
C00002679,B00002679,A0004,0.02,1872
C00002680,B00002680,A0020,0.15,30420
C00002681,B00002681,A0050,0.03,4221
C00002682,B00002682,A0044,0.02,15736
C00002683,B00002683,A0026,0.02,2632
C00002684,B00002684,A0058,0.05,855
C00002685,B00002685,A0041,0.02,1688
C00002686,B00002686,A0046,0.02,2604
C00002687,B00002687,A0005,0.03,6864
C00002688,B00002688,A0028,0.02,30432
C00002689,B00002689,A0002,0.15,11400
C00002690,B00002690,A0005,0.15,27720
C00002691,B00002691,A0059,0.15,23820
C00002692,B00002692,A0042,0.02,5174
C00002693,B00002693,A0029,0.02,2076
C00002694,B00002694,A0023,0.1,102653
C00002695,B00002695,A0043,0.15,59475
C00002696,B00002696,A0056,0.1,22280
C00002697,B00002697,A0018,0.05,7850
C00002698,B00002698,A0026,0.02,1184
C00002699,B00002699,A0031,0.02,2050
C00002700,B00002700,A0034,0.1,28420
C00002701,B00002701,A0004,0.15,28350
C00002702,B00002702,A0007,0.15,21120
C00002703,B00002703,A0055,0.15,21540
C00002704,B00002704,A0026,0.05,15240
C00002705,B00002705,A0025,0.02,7480
C00002706,B00002706,A0039,0.05,2865
C00002707,B00002707,A0016,0.1,2070
C00002708,B00002708,A0036,0.15,30600
C00002709,B00002709,A0032,0.02,9260
C00002710,B00002710,A0048,0.02,8442
C00002711,B00002711,A0006,0.15,37050
C00002712,B00002712,A0055,0.15,33735
C00002713,B00002713,A0056,0.05,7480
C00002714,B00002714,A0059,0.02,8792
C00002715,B00002715,A0028,0.03,2748
C00002716,B00002716,A0060,0.02,2716
C00002717,B00002717,A0029,0.05,6250
C00002718,B00002718,A0054,0.05,16240
C00002719,B00002719,A0044,0.02,2604
C00002720,B00002720,A0024,0.05,680
C00002721,B00002721,A0001,0.02,4108
C00002722,B00002722,A0032,0.15,44280
C00002723,B00002723,A0048,0.15,34020
C00002724,B00002724,A0018,0.03,7098
C00002725,B00002725,A0013,0.05,5130
C00002726,B00002726,A0001,0.02,7200
C00002727,B00002727,A0027,0.05,5520
C00002728,B00002728,A0007,0.05,61500
C00002729,B00002729,A0059,0.15,10440
C00002730,B00002730,A0003,0.03,15084
C00002731,B00002731,A0057,0.05,6230
C00002732,B00002732,A0044,0.15,2925
C00002733,B00002733,A0017,0.05,80850
C00002734,B00002734,A0026,0.02,438
C00002735,B00002735,A0033,0.05,16245
C00002736,B00002736,A0015,0.15,61695
C00002737,B00002737,A0008,0.15,33300
C00002738,B00002738,A0019,0.15,12780
C00002739,B00002739,A0036,0.02,4228
C00002740,B00002740,A0052,0.15,18450
C00002741,B00002741,A0030,0.15,48510
C00002742,B00002742,A0013,0.02,712
C00002743,B00002743,A0009,0.15,35685
C00002744,B00002744,A0011,0.05,7350
C00002745,B00002745,A0033,0.15,32700
C00002746,B00002746,A0003,0.05,890
C00002747,B00002747,A0022,0.15,92190
C00002748,B00002748,A0027,0.03,2910
C00002749,B00002749,A0010,0.02,4800
C00002750,B00002750,A0039,0.02,1108
C00002751,B00002751,A0032,0.05,5740
C00002752,B00002752,A0023,0.02,3312
C00002753,B00002753,A0057,0.02,2670
C00002754,B00002754,A0059,0.05,7920
C00002755,B00002755,A0045,0.02,4640
C00002756,B00002756,A0033,0.02,9846
C00002757,B00002757,A0027,0.15,31320
C00002758,B00002758,A0035,0.03,14160
C00002759,B00002759,A0058,0.03,5586
C00002760,B00002760,A0043,0.02,2960
C00002761,B00002761,A0048,0.15,23895
C00002762,B00002762,A0048,0.1,23534
C00002763,B00002763,A0016,0.15,16800
C00002764,B00002764,A0010,0.02,4160
C00002765,B00002765,A0044,0.05,3880
C00002766,B00002766,A0015,0.1,20430
C00002767,B00002767,A0049,0.05,20910
C00002768,B00002768,A0004,0.02,9984
C00002769,B00002769,A0020,0.15,44100
C00002770,B00002770,A0034,0.02,4354
C00002771,B00002771,A0009,0.02,4392
C00002772,B00002772,A0032,0.05,13475
C00002773,B00002773,A0006,0.05,10340
C00002774,B00002774,A0048,0.02,4424
C00002775,B00002775,A0017,0.1,18967
C00002776,B00002776,A0033,0.15,9540
C00002777,B00002777,A0040,0.02,6776
C00002778,B00002778,A0056,0.15,14280
C00002779,B00002779,A0025,0.02,2736
C00002780,B00002780,A0059,0.02,4224
C00002781,B00002781,A0026,0.15,34515
C00002782,B00002782,A0025,0.02,6292
C00002783,B00002783,A0021,0.15,118080
C00002784,B00002784,A0042,0.1,27520
C00002785,B00002785,A0045,0.02,4334
C00002786,B00002786,A0017,0.1,23530
C00002787,B00002787,A0042,0.03,2862
C00002788,B00002788,A0056,0.02,6552
C00002789,B00002789,A0039,0.02,1044
C00002790,B00002790,A0045,0.05,4275
C00002791,B00002791,A0053,0.05,9625
C00002792,B00002792,A0031,0.15,8640
C00002793,B00002793,A0048,0.15,15675
C00002794,B00002794,A0022,0.05,2790
C00002795,B00002795,A0013,0.1,28990
C00002796,B00002796,A0055,0.02,3488
C00002797,B00002797,A0027,0.02,9632
C00002798,B00002798,A0060,0.02,9336
C00002799,B00002799,A0035,0.15,12150
C00002800,B00002800,A0038,0.15,76635
C00002801,B00002801,A0060,0.15,31080
C00002802,B00002802,A0010,0.02,1038
C00002803,B00002803,A0016,0.02,13068
C00002804,B00002804,A0002,0.02,3058
C00002805,B00002805,A0025,0.02,9152
C00002806,B00002806,A0025,0.15,25050
C00002807,B00002807,A0008,0.05,29450
C00002808,B00002808,A0012,0.15,17760
C00002809,B00002809,A0024,0.15,112140
C00002810,B00002810,A0055,0.05,4560
C00002811,B00002811,A0015,0.15,16380
C00002812,B00002812,A0007,0.02,1856
C00002813,B00002813,A0057,0.03,18120
C00002814,B00002814,A0039,0.15,22080
C00002815,B00002815,A0013,0.02,324
C00002816,B00002816,A0002,0.15,198150
C00002817,B00002817,A0043,0.1,5139
C00002818,B00002818,A0046,0.02,2254
C00002819,B00002819,A0028,0.15,17040
C00002820,B00002820,A0036,0.02,10584
C00002821,B00002821,A0049,0.15,33150
C00002822,B00002822,A0003,0.02,2040
C00002823,B00002823,A0025,0.02,7072
C00002824,B00002824,A0050,0.02,3600
C00002825,B00002825,A0024,0.15,18690
C00002826,B00002826,A0013,0.15,27450
C00002827,B00002827,A0021,0.15,21120
C00002828,B00002828,A0059,0.15,21960
C00002829,B00002829,A0019,0.15,11850
C00002830,B00002830,A0026,0.05,12155
C00002831,B00002831,A0002,0.02,6710
C00002832,B00002832,A0038,0.15,27720
C00002833,B00002833,A0003,0.15,27885
C00002834,B00002834,A0016,0.1,58370
C00002835,B00002835,A0003,0.1,14040
C00002836,B00002836,A0054,0.1,3630
C00002837,B00002837,A0038,0.03,33495
C00002838,B00002838,A0007,0.15,18480
C00002839,B00002839,A0056,0.15,5670
C00002840,B00002840,A0020,0.1,1740
C00002841,B00002841,A0049,0.15,18585
C00002842,B00002842,A0017,0.1,16800
C00002843,B00002843,A0017,0.05,13510
C00002844,B00002844,A0039,0.05,7245
C00002845,B00002845,A0058,0.02,3625
C00002846,B00002846,A0013,0.02,1098
C00002847,B00002847,A0035,0.02,3168
C00002848,B00002848,A0022,0.03,3564
C00002849,B00002849,A0005,0.02,1720
C00002850,B00002850,A0011,0.15,24615
C00002851,B00002851,A0056,0.03,7854
C00002852,B00002852,A0018,0.15,37050
C00002853,B00002853,A0057,0.15,9540
C00002854,B00002854,A0058,0.15,39300
C00002855,B00002855,A0042,0.15,27720
C00002856,B00002856,A0004,0.03,4833
C00002857,B00002857,A0050,0.15,16080
C00002858,B00002858,A0050,0.15,35490
C00002859,B00002859,A0052,0.02,2752
C00002860,B00002860,A0022,0.02,716
C00002861,B00002861,A0057,0.15,195900
C00002862,B00002862,A0035,0.05,3950
C00002863,B00002863,A0034,0.02,3980
C00002864,B00002864,A0031,0.15,108405
C00002865,B00002865,A0030,0.05,16650
C00002866,B00002866,A0017,0.15,62250
C00002867,B00002867,A0019,0.15,25110
C00002868,B00002868,A0012,0.15,18060
C00002869,B00002869,A0035,0.15,20790
C00002870,B00002870,A0007,0.1,18800
C00002871,B00002871,A0044,0.15,11775
C00002872,B00002872,A0011,0.15,21945
C00002873,B00002873,A0007,0.02,20412
C00002874,B00002874,A0003,0.15,25410
C00002875,B00002875,A0052,0.15,21240
C00002876,B00002876,A0008,0.03,3942
C00002877,B00002877,A0048,0.15,15000
C00002878,B00002878,A0031,0.05,4340
C00002879,B00002879,A0021,0.03,5265
C00002880,B00002880,A0021,0.02,1760
C00002881,B00002881,A0014,0.15,11760
C00002882,B00002882,A0039,0.15,35280
C00002883,B00002883,A0060,0.02,624
C00002884,B00002884,A0055,0.02,6864
C00002885,B00002885,A0023,0.05,790
C00002886,B00002886,A0047,0.02,5264
C00002887,B00002887,A0020,0.03,2046
C00002888,B00002888,A0010,0.05,970
C00002889,B00002889,A0026,0.15,134355
C00002890,B00002890,A0026,0.02,9716
C00002891,B00002891,A0042,0.03,23472
C00002892,B00002892,A0032,0.15,32340
C00002893,B00002893,A0052,0.1,10650
C00002894,B00002894,A0016,0.1,7040
C00002895,B00002895,A0033,0.05,9300
C00002896,B00002896,A0051,0.15,3300
C00002897,B00002897,A0023,0.15,37080
C00002898,B00002898,A0047,0.1,21420
C00002899,B00002899,A0006,0.1,10750
C00002900,B00002900,A0048,0.03,7200
C00002901,B00002901,A0010,0.15,24750
C00002902,B00002902,A0023,0.03,9618
C00002903,B00002903,A0051,0.15,24840
C00002904,B00002904,A0044,0.15,23400
C00002905,B00002905,A0056,0.15,20025
C00002906,B00002906,A0056,0.15,75060
C00002907,B00002907,A0032,0.1,8640
C00002908,B00002908,A0007,0.02,4664
C00002909,B00002909,A0026,0.1,48580
C00002910,B00002910,A0059,0.05,14300
C00002911,B00002911,A0016,0.15,14400
C00002912,B00002912,A0012,0.05,865
C00002913,B00002913,A0054,0.05,10140
C00002914,B00002914,A0057,0.02,684
C00002915,B00002915,A0020,0.15,61680
C00002916,B00002916,A0036,0.15,9060
C00002917,B00002917,A0047,0.02,2704
C00002918,B00002918,A0028,0.1,47320
C00002919,B00002919,A0004,0.02,3276
C00002920,B00002920,A0002,0.02,4917
C00002921,B00002921,A0037,0.15,2820
C00002922,B00002922,A0026,0.15,32220
C00002923,B00002923,A0037,0.05,10050
C00002924,B00002924,A0053,0.15,73080
C00002925,B00002925,A0001,0.05,21750
C00002926,B00002926,A0046,0.15,59535
C00002927,B00002927,A0058,0.05,22200
C00002928,B00002928,A0042,0.03,5220
C00002929,B00002929,A0023,0.02,1792
C00002930,B00002930,A0001,0.15,13425
C00002931,B00002931,A0019,0.02,2464
C00002932,B00002932,A0028,0.15,25095
C00002933,B00002933,A0011,0.1,19600
C00002934,B00002934,A0016,0.02,12608
C00002935,B00002935,A0055,0.02,3544
C00002936,B00002936,A0026,0.15,16740
C00002937,B00002937,A0039,0.02,2120
C00002938,B00002938,A0018,0.05,11700
C00002939,B00002939,A0059,0.02,20640
C00002940,B00002940,A0057,0.05,13140
C00002941,B00002941,A0027,0.02,1040
C00002942,B00002942,A0055,0.15,14100
C00002943,B00002943,A0013,0.1,25620
C00002944,B00002944,A0034,0.02,4760
C00002945,B00002945,A0055,0.02,12928
C00002946,B00002946,A0048,0.1,8880
C00002947,B00002947,A0009,0.02,1584
C00002948,B00002948,A0025,0.03,5016
C00002949,B00002949,A0009,0.15,68400
C00002950,B00002950,A0016,0.02,3720
C00002951,B00002951,A0053,0.1,14340
C00002952,B00002952,A0044,0.02,1590
C00002953,B00002953,A0038,0.15,91770
C00002954,B00002954,A0031,0.15,21450
C00002955,B00002955,A0053,0.02,5232
C00002956,B00002956,A0036,0.03,8589
C00002957,B00002957,A0003,0.15,26190
C00002958,B00002958,A0042,0.03,4752
C00002959,B00002959,A0042,0.05,3940
C00002960,B00002960,A0057,0.15,12225
C00002961,B00002961,A0053,0.05,5480
C00002962,B00002962,A0003,0.02,1038
C00002963,B00002963,A0026,0.1,23160
C00002964,B00002964,A0028,0.15,19680
C00002965,B00002965,A0039,0.02,3192
C00002966,B00002966,A0002,0.02,270
C00002967,B00002967,A0028,0.05,1880
C00002968,B00002968,A0043,0.15,11580
C00002969,B00002969,A0047,0.02,4080
C00002970,B00002970,A0046,0.15,27360
C00002971,B00002971,A0037,0.1,9360
C00002972,B00002972,A0025,0.02,4704
C00002973,B00002973,A0054,0.02,1684
C00002974,B00002974,A0060,0.03,20790
C00002975,B00002975,A0031,0.02,3360
C00002976,B00002976,A0028,0.05,5940
C00002977,B00002977,A0012,0.05,9125
C00002978,B00002978,A0022,0.02,3996
C00002979,B00002979,A0002,0.03,11715
C00002980,B00002980,A0057,0.03,8424
C00002981,B00002981,A0051,0.02,3312
C00002982,B00002982,A0027,0.02,12860
C00002983,B00002983,A0029,0.15,3840
C00002984,B00002984,A0043,0.1,40260
C00002985,B00002985,A0003,0.15,4203
C00002986,B00002986,A0036,0.15,92775
C00002987,B00002987,A0028,0.05,1390
C00002988,B00002988,A0051,0.15,6300
C00002989,B00002989,A0051,0.1,28350
C00002990,B00002990,A0038,0.15,6660
C00002991,B00002991,A0056,0.02,1134
C00002992,B00002992,A0046,0.1,31520
C00002993,B00002993,A0029,0.15,36180
C00002994,B00002994,A0009,0.02,1974
C00002995,B00002995,A0059,0.05,4800
C00002996,B00002996,A0059,0.03,11040
C00002997,B00002997,A0055,0.02,690
C00002998,B00002998,A0045,0.05,845
C00002999,B00002999,A0004,0.15,41445
C00003000,B00003000,A0017,0.15,6465
C00003001,B00003001,A0020,0.02,2286
C00003002,B00003002,A0029,0.02,1488
C00003003,B00003003,A0011,0.15,11820
C00003004,B00003004,A0048,0.02,2412
C00003005,B00003005,A0032,0.15,21900
C00003006,B00003006,A0031,0.15,16380
C00003007,B00003007,A0044,0.02,1240
C00003008,B00003008,A0054,0.02,1192
C00003009,B00003009,A0038,0.1,9550
C00003010,B00003010,A0036,0.02,3926
C00003011,B00003011,A0031,0.02,7040
C00003012,B00003012,A0041,0.15,30573
C00003013,B00003013,A0016,0.02,2100
C00003014,B00003014,A0047,0.15,20790
C00003015,B00003015,A0050,0.15,31320
C00003016,B00003016,A0004,0.15,19350
C00003017,B00003017,A0060,0.15,74415
C00003018,B00003018,A0044,0.1,3930
C00003019,B00003019,A0028,0.02,2528
C00003020,B00003020,A0004,0.03,10935
C00003021,B00003021,A0053,0.15,14040
C00003022,B00003022,A0014,0.1,25920
C00003023,B00003023,A0034,0.02,10500
C00003024,B00003024,A0027,0.15,3495
C00003025,B00003025,A0053,0.02,5840
C00003026,B00003026,A0032,0.1,12160
C00003027,B00003027,A0059,0.02,14040
C00003028,B00003028,A0008,0.15,18120
C00003029,B00003029,A0036,0.02,1020
C00003030,B00003030,A0028,0.02,14100
C00003031,B00003031,A0014,0.05,13065
C00003032,B00003032,A0048,0.02,11256
C00003033,B00003033,A0013,0.15,13290
C00003034,B00003034,A0004,0.05,13440
C00003035,B00003035,A0037,0.05,9400
C00003036,B00003036,A0003,0.02,13788
C00003037,B00003037,A0059,0.1,49840
C00003038,B00003038,A0011,0.15,40950
C00003039,B00003039,A0056,0.1,13640
C00003040,B00003040,A0027,0.1,21000
C00003041,B00003041,A0044,0.1,13860
C00003042,B00003042,A0041,0.02,2184
C00003043,B00003043,A0048,0.03,24531
C00003044,B00003044,A0030,0.05,18535
C00003045,B00003045,A0028,0.02,5184
C00003046,B00003046,A0047,0.05,6525
C00003047,B00003047,A0002,0.02,2384
C00003048,B00003048,A0009,0.03,1485
C00003049,B00003049,A0001,0.15,20400
C00003050,B00003050,A0058,0.02,4884
C00003051,B00003051,A0005,0.03,4350
C00003052,B00003052,A0014,0.05,9450
C00003053,B00003053,A0006,0.15,32955
C00003054,B00003054,A0055,0.02,3500
C00003055,B00003055,A0060,0.02,13160
C00003056,B00003056,A0003,0.15,79755
C00003057,B00003057,A0025,0.02,3186
C00003058,B00003058,A0010,0.02,5382
C00003059,B00003059,A0029,0.02,2184
C00003060,B00003060,A0058,0.15,28140
C00003061,B00003061,A0011,0.15,32400
C00003062,B00003062,A0008,0.05,3520
C00003063,B00003063,A0054,0.15,17055
C00003064,B00003064,A0050,0.02,6840
C00003065,B00003065,A0029,0.1,14040
C00003066,B00003066,A0044,0.15,7965
C00003067,B00003067,A0055,0.15,22140
C00003068,B00003068,A0051,0.03,5313
C00003069,B00003069,A0027,0.1,29680
C00003070,B00003070,A0050,0.15,37485
C00003071,B00003071,A0047,0.05,6000
C00003072,B00003072,A0016,0.05,15015
C00003073,B00003073,A0054,0.05,26460
C00003074,B00003074,A0032,0.15,104775
C00003075,B00003075,A0031,0.02,2898
C00003076,B00003076,A0030,0.15,78750
C00003077,B00003077,A0060,0.15,2868
C00003078,B00003078,A0035,0.15,20280
C00003079,B00003079,A0034,0.02,18032
C00003080,B00003080,A0005,0.02,6748
C00003081,B00003081,A0047,0.1,27020
C00003082,B00003082,A0020,0.1,61460
C00003083,B00003083,A0043,0.02,7584
C00003084,B00003084,A0005,0.05,10440
C00003085,B00003085,A0019,0.02,5850
C00003086,B00003086,A0057,0.15,5340
C00003087,B00003087,A0041,0.15,48300
C00003088,B00003088,A0011,0.02,4732
C00003089,B00003089,A0017,0.1,32000
C00003090,B00003090,A0006,0.15,30810
C00003091,B00003091,A0020,0.02,1350
C00003092,B00003092,A0003,0.02,17668
C00003093,B00003093,A0059,0.15,21840
C00003094,B00003094,A0048,0.02,4824
C00003095,B00003095,A0031,0.05,15535
C00003096,B00003096,A0011,0.15,2145
C00003097,B00003097,A0010,0.15,39420
C00003098,B00003098,A0036,0.1,5120
C00003099,B00003099,A0051,0.15,17250
C00003100,B00003100,A0013,0.1,38990
C00003101,B00003101,A0023,0.02,3630
C00003102,B00003102,A0005,0.1,33180
C00003103,B00003103,A0060,0.15,40140
C00003104,B00003104,A0038,0.1,1920
C00003105,B00003105,A0042,0.15,28350
C00003106,B00003106,A0022,0.02,6672
C00003107,B00003107,A0052,0.15,52470
C00003108,B00003108,A0037,0.02,3040
C00003109,B00003109,A0025,0.02,3600
C00003110,B00003110,A0041,0.05,11900
C00003111,B00003111,A0021,0.05,8010
C00003112,B00003112,A0005,0.03,1320
C00003113,B00003113,A0042,0.02,4014
C00003114,B00003114,A0032,0.03,9072
C00003115,B00003115,A0033,0.15,7035
C00003116,B00003116,A0008,0.02,4758
C00003117,B00003117,A0023,0.02,1430
C00003118,B00003118,A0020,0.15,48300
C00003119,B00003119,A0008,0.02,7401
C00003120,B00003120,A0030,0.15,13860
C00003121,B00003121,A0003,0.05,19750
C00003122,B00003122,A0006,0.02,2716
C00003123,B00003123,A0036,0.05,50120
C00003124,B00003124,A0046,0.05,31230
C00003125,B00003125,A0043,0.15,9840
C00003126,B00003126,A0020,0.15,12540
C00003127,B00003127,A0043,0.15,15525
C00003128,B00003128,A0007,0.1,9100
C00003129,B00003129,A0054,0.15,34125
C00003130,B00003130,A0042,0.15,28485
C00003131,B00003131,A0039,0.05,10950
C00003132,B00003132,A0008,0.15,136710
C00003133,B00003133,A0041,0.15,73379
C00003134,B00003134,A0055,0.1,3640
C00003135,B00003135,A0047,0.03,26070
C00003136,B00003136,A0001,0.03,1746
C00003137,B00003137,A0059,0.02,6416
C00003138,B00003138,A0042,0.02,3576
C00003139,B00003139,A0051,0.03,1368
C00003140,B00003140,A0027,0.03,1839
C00003141,B00003141,A0040,0.02,3006
C00003142,B00003142,A0011,0.02,28160
C00003143,B00003143,A0054,0.02,2464
C00003144,B00003144,A0038,0.15,92880
C00003145,B00003145,A0049,0.1,29160
C00003146,B00003146,A0008,0.02,5348
C00003147,B00003147,A0013,0.15,57872
C00003148,B00003148,A0030,0.05,18480
C00003149,B00003149,A0030,0.15,28200
C00003150,B00003150,A0031,0.03,3330
C00003151,B00003151,A0039,0.02,3640
C00003152,B00003152,A0013,0.15,6030
C00003153,B00003153,A0020,0.02,2816
C00003154,B00003154,A0006,0.1,12880
C00003155,B00003155,A0056,0.02,1456
C00003156,B00003156,A0013,0.02,7848
C00003157,B00003157,A0030,0.15,23280
C00003158,B00003158,A0060,0.02,1970
C00003159,B00003159,A0026,0.1,24240
C00003160,B00003160,A0031,0.15,46080
C00003161,B00003161,A0003,0.02,7510
C00003162,B00003162,A0003,0.02,11518
C00003163,B00003163,A0049,0.15,12120
C00003164,B00003164,A0042,0.1,13680
C00003165,B00003165,A0060,0.15,25110
C00003166,B00003166,A0043,0.03,5256
C00003167,B00003167,A0016,0.15,29880
C00003168,B00003168,A0034,0.02,4080
C00003169,B00003169,A0039,0.03,6534
C00003170,B00003170,A0023,0.15,22260
C00003171,B00003171,A0053,0.05,24990
C00003172,B00003172,A0032,0.02,3432
C00003173,B00003173,A0017,0.02,6748
C00003174,B00003174,A0012,0.02,28050
C00003175,B00003175,A0030,0.05,39620
C00003176,B00003176,A0004,0.15,25800
C00003177,B00003177,A0044,0.02,10360
C00003178,B00003178,A0046,0.03,6210
C00003179,B00003179,A0035,0.02,5226
C00003180,B00003180,A0032,0.02,6028
C00003181,B00003181,A0047,0.15,33120
C00003182,B00003182,A0017,0.03,4857
C00003183,B00003183,A0040,0.1,7640
C00003184,B00003184,A0003,0.15,29055
C00003185,B00003185,A0025,0.03,4131
C00003186,B00003186,A0021,0.02,4776
C00003187,B00003187,A0027,0.15,14400
C00003188,B00003188,A0039,0.02,596
C00003189,B00003189,A0017,0.02,3996
C00003190,B00003190,A0039,0.15,27150
C00003191,B00003191,A0036,0.03,2115
C00003192,B00003192,A0008,0.02,3072
C00003193,B00003193,A0044,0.15,13740
C00003194,B00003194,A0026,0.1,15810
C00003195,B00003195,A0007,0.03,1932
C00003196,B00003196,A0018,0.15,10260
C00003197,B00003197,A0020,0.1,6710
C00003198,B00003198,A0008,0.15,19320
C00003199,B00003199,A0034,0.15,35940
C00003200,B00003200,A0017,0.15,19800
C00003201,B00003201,A0022,0.03,6435
C00003202,B00003202,A0029,0.03,570
C00003203,B00003203,A0030,0.1,2040
C00003204,B00003204,A0054,0.15,41535
C00003205,B00003205,A0012,0.15,53520
C00003206,B00003206,A0008,0.15,16605
C00003207,B00003207,A0026,0.02,2960
C00003208,B00003208,A0007,0.02,1206
C00003209,B00003209,A0011,0.05,2000
C00003210,B00003210,A0003,0.05,8490
C00003211,B00003211,A0060,0.05,4410
C00003212,B00003212,A0048,0.05,7460
C00003213,B00003213,A0029,0.03,15225
C00003214,B00003214,A0004,0.15,4800
C00003215,B00003215,A0053,0.05,68255
C00003216,B00003216,A0015,0.02,1960
C00003217,B00003217,A0058,0.03,6630
C00003218,B00003218,A0009,0.15,43050
C00003219,B00003219,A0019,0.05,10200
C00003220,B00003220,A0002,0.02,9918
C00003221,B00003221,A0005,0.15,31350
C00003222,B00003222,A0022,0.15,5310
C00003223,B00003223,A0044,0.02,2550
C00003224,B00003224,A0044,0.1,30940
C00003225,B00003225,A0002,0.03,16419
C00003226,B00003226,A0025,0.02,5784
C00003227,B00003227,A0044,0.15,24840
C00003228,B00003228,A0022,0.15,71190
C00003229,B00003229,A0055,0.1,28560
C00003230,B00003230,A0044,0.15,11745
C00003231,B00003231,A0034,0.1,24960
C00003232,B00003232,A0059,0.05,3480
C00003233,B00003233,A0041,0.15,28875
C00003234,B00003234,A0049,0.02,1200
C00003235,B00003235,A0041,0.02,2212
C00003236,B00003236,A0009,0.03,6426
C00003237,B00003237,A0041,0.03,1452
C00003238,B00003238,A0014,0.05,1615
C00003239,B00003239,A0025,0.15,4710
C00003240,B00003240,A0011,0.02,2844
C00003241,B00003241,A0047,0.05,1820
C00003242,B00003242,A0030,0.02,1502
C00003243,B00003243,A0046,0.15,37455
C00003244,B00003244,A0035,0.02,4928
C00003245,B00003245,A0001,0.15,29640
C00003246,B00003246,A0028,0.05,5850
C00003247,B00003247,A0033,0.03,62751
C00003248,B00003248,A0046,0.02,744
C00003249,B00003249,A0029,0.05,9135
C00003250,B00003250,A0058,0.03,3294
C00003251,B00003251,A0049,0.15,16695
C00003252,B00003252,A0056,0.15,19035
C00003253,B00003253,A0060,0.1,25060
C00003254,B00003254,A0003,0.05,10780
C00003255,B00003255,A0044,0.02,808
C00003256,B00003256,A0032,0.02,3192
C00003257,B00003257,A0050,0.05,12090
C00003258,B00003258,A0026,0.03,20202
C00003259,B00003259,A0018,0.1,8000
C00003260,B00003260,A0007,0.15,23625
C00003261,B00003261,A0039,0.15,19110
C00003262,B00003262,A0036,0.05,7920
C00003263,B00003263,A0022,0.03,14652
C00003264,B00003264,A0040,0.05,7240
C00003265,B00003265,A0027,0.02,2592
C00003266,B00003266,A0002,0.05,4650
C00003267,B00003267,A0020,0.02,2020
C00003268,B00003268,A0019,0.15,96180
C00003269,B00003269,A0043,0.1,7840
C00003270,B00003270,A0042,0.05,2220
C00003271,B00003271,A0053,0.03,2664
C00003272,B00003272,A0057,0.15,18750
C00003273,B00003273,A0018,0.1,10000
C00003274,B00003274,A0056,0.15,5520
C00003275,B00003275,A0009,0.02,2466
C00003276,B00003276,A0003,0.05,4544
C00003277,B00003277,A0022,0.15,7065
C00003278,B00003278,A0001,0.15,40740
C00003279,B00003279,A0011,0.02,964
C00003280,B00003280,A0030,0.15,18855
C00003281,B00003281,A0050,0.15,16425
C00003282,B00003282,A0040,0.05,1650
C00003283,B00003283,A0058,0.15,10725
C00003284,B00003284,A0045,0.1,15190
C00003285,B00003285,A0042,0.1,38600
C00003286,B00003286,A0040,0.15,6840
C00003287,B00003287,A0056,0.15,89775
C00003288,B00003288,A0036,0.15,11610
C00003289,B00003289,A0009,0.15,81000
C00003290,B00003290,A0001,0.02,3014
C00003291,B00003291,A0051,0.02,470
C00003292,B00003292,A0050,0.15,34200
C00003293,B00003293,A0016,0.15,9840
C00003294,B00003294,A0016,0.15,13350
C00003295,B00003295,A0031,0.03,18180
C00003296,B00003296,A0024,0.15,8550
C00003297,B00003297,A0033,0.15,31845
C00003298,B00003298,A0026,0.1,24920
C00003299,B00003299,A0019,0.1,7600
C00003300,B00003300,A0042,0.02,704
C00003301,B00003301,A0007,0.1,17490
C00003302,B00003302,A0046,0.05,20940
C00003303,B00003303,A0022,0.15,34620
C00003304,B00003304,A0045,0.15,22200
C00003305,B00003305,A0020,0.02,3938
C00003306,B00003306,A0054,0.1,23530
C00003307,B00003307,A0020,0.03,44154
C00003308,B00003308,A0028,0.02,10760
C00003309,B00003309,A0007,0.02,1880
C00003310,B00003310,A0013,0.02,3960
C00003311,B00003311,A0018,0.05,10660
C00003312,B00003312,A0017,0.15,41175
C00003313,B00003313,A0001,0.02,4776
C00003314,B00003314,A0043,0.1,4830
C00003315,B00003315,A0031,0.02,3630
C00003316,B00003316,A0041,0.02,3240
C00003317,B00003317,A0058,0.1,17600
C00003318,B00003318,A0003,0.02,20982
C00003319,B00003319,A0034,0.02,1480
C00003320,B00003320,A0032,0.02,12768
C00003321,B00003321,A0037,0.15,17400
C00003322,B00003322,A0023,0.02,5174
C00003323,B00003323,A0011,0.02,1044
C00003324,B00003324,A0031,0.05,13390
C00003325,B00003325,A0036,0.15,35070
C00003326,B00003326,A0017,0.1,8300
C00003327,B00003327,A0034,0.02,7546
C00003328,B00003328,A0022,0.03,19602
C00003329,B00003329,A0018,0.15,24465
C00003330,B00003330,A0038,0.02,2044
C00003331,B00003331,A0025,0.15,43560
C00003332,B00003332,A0028,0.15,15450
C00003333,B00003333,A0045,0.15,8595
C00003334,B00003334,A0012,0.02,1548
C00003335,B00003335,A0018,0.15,12525
C00003336,B00003336,A0043,0.1,45500
C00003337,B00003337,A0018,0.05,13500
C00003338,B00003338,A0029,0.03,5598
C00003339,B00003339,A0024,0.05,16305
C00003340,B00003340,A0056,0.02,7700
C00003341,B00003341,A0018,0.15,112320
C00003342,B00003342,A0048,0.05,5430
C00003343,B00003343,A0058,0.02,2520
C00003344,B00003344,A0053,0.02,1800
C00003345,B00003345,A0049,0.1,16030
C00003346,B00003346,A0056,0.15,93030
C00003347,B00003347,A0035,0.15,2910
C00003348,B00003348,A0018,0.15,15840
C00003349,B00003349,A0003,0.02,266
C00003350,B00003350,A0034,0.02,3960
C00003351,B00003351,A0005,0.02,4032
C00003352,B00003352,A0037,0.05,71580
C00003353,B00003353,A0044,0.02,5798
C00003354,B00003354,A0001,0.02,1764
C00003355,B00003355,A0018,0.02,2848
C00003356,B00003356,A0008,0.02,3906
C00003357,B00003357,A0007,0.05,995
C00003358,B00003358,A0032,0.02,612
C00003359,B00003359,A0020,0.1,21210
C00003360,B00003360,A0044,0.02,3190
C00003361,B00003361,A0029,0.05,10800
C00003362,B00003362,A0056,0.02,4550
C00003363,B00003363,A0031,0.15,30960
C00003364,B00003364,A0050,0.02,5568
C00003365,B00003365,A0034,0.15,15840
C00003366,B00003366,A0013,0.1,25047
C00003367,B00003367,A0038,0.15,8550
C00003368,B00003368,A0036,0.02,1464
C00003369,B00003369,A0002,0.15,44070
C00003370,B00003370,A0042,0.15,70005
C00003371,B00003371,A0027,0.05,6480
C00003372,B00003372,A0052,0.02,4403
C00003373,B00003373,A0040,0.15,5520
C00003374,B00003374,A0001,0.05,1480
C00003375,B00003375,A0018,0.02,16082
C00003376,B00003376,A0046,0.03,5265
C00003377,B00003377,A0057,0.03,9408
C00003378,B00003378,A0007,0.02,5271
C00003379,B00003379,A0033,0.15,11040
C00003380,B00003380,A0052,0.15,17745
C00003381,B00003381,A0019,0.1,26110
C00003382,B00003382,A0002,0.02,10186
C00003383,B00003383,A0023,0.15,32490
C00003384,B00003384,A0037,0.02,2960
C00003385,B00003385,A0036,0.02,3900
C00003386,B00003386,A0040,0.15,26760
C00003387,B00003387,A0042,0.03,5010
C00003388,B00003388,A0026,0.03,4320
C00003389,B00003389,A0060,0.15,7140
C00003390,B00003390,A0036,0.1,35900
C00003391,B00003391,A0036,0.03,4356
C00003392,B00003392,A0039,0.15,7065
C00003393,B00003393,A0002,0.02,6300
C00003394,B00003394,A0023,0.03,5616
C00003395,B00003395,A0023,0.15,11820
C00003396,B00003396,A0030,0.15,47460
C00003397,B00003397,A0029,0.1,3300
C00003398,B00003398,A0014,0.02,7818
C00003399,B00003399,A0028,0.05,12760
C00003400,B00003400,A0005,0.15,27720
C00003401,B00003401,A0002,0.15,30075
C00003402,B00003402,A0060,0.02,5250
C00003403,B00003403,A0001,0.02,5552
C00003404,B00003404,A0027,0.02,15792
C00003405,B00003405,A0022,0.03,4788
C00003406,B00003406,A0043,0.02,2682
C00003407,B00003407,A0033,0.05,21550
C00003408,B00003408,A0018,0.05,16620
C00003409,B00003409,A0053,0.15,29865
C00003410,B00003410,A0049,0.1,10920
C00003411,B00003411,A0026,0.05,2250
C00003412,B00003412,A0006,0.1,77980
C00003413,B00003413,A0002,0.15,5700
C00003414,B00003414,A0040,0.15,32760
C00003415,B00003415,A0009,0.15,260205
C00003416,B00003416,A0041,0.15,25950
C00003417,B00003417,A0033,0.02,4420
C00003418,B00003418,A0054,0.02,1692
C00003419,B00003419,A0001,0.1,12720
C00003420,B00003420,A0026,0.03,27594
C00003421,B00003421,A0022,0.02,3680
C00003422,B00003422,A0007,0.02,2112
C00003423,B00003423,A0022,0.15,110565
C00003424,B00003424,A0027,0.15,34050
C00003425,B00003425,A0049,0.05,12430
C00003426,B00003426,A0018,0.02,8954
C00003427,B00003427,A0033,0.02,944
C00003428,B00003428,A0057,0.1,4630
C00003429,B00003429,A0028,0.03,43791
C00003430,B00003430,A0044,0.1,9310
C00003431,B00003431,A0001,0.02,1752
C00003432,B00003432,A0039,0.05,108570
C00003433,B00003433,A0009,0.15,10650
C00003434,B00003434,A0027,0.05,15145
C00003435,B00003435,A0020,0.15,27240
C00003436,B00003436,A0013,0.15,246510
C00003437,B00003437,A0035,0.05,72100
C00003438,B00003438,A0036,0.15,97020
C00003439,B00003439,A0049,0.15,20370
C00003440,B00003440,A0032,0.02,16100
C00003441,B00003441,A0017,0.03,2310
C00003442,B00003442,A0054,0.05,18180
C00003443,B00003443,A0049,0.15,134460
C00003444,B00003444,A0017,0.02,1528
C00003445,B00003445,A0036,0.05,21700
C00003446,B00003446,A0047,0.02,5192
C00003447,B00003447,A0045,0.02,4464
C00003448,B00003448,A0040,0.02,820
C00003449,B00003449,A0011,0.05,7650
C00003450,B00003450,A0046,0.02,3052
C00003451,B00003451,A0008,0.1,28140
C00003452,B00003452,A0025,0.05,4450
C00003453,B00003453,A0021,0.02,12124
C00003454,B00003454,A0028,0.02,1158
C00003455,B00003455,A0004,0.15,40950
C00003456,B00003456,A0036,0.1,148800
C00003457,B00003457,A0009,0.1,19050
C00003458,B00003458,A0005,0.1,11340
C00003459,B00003459,A0049,0.15,13800
C00003460,B00003460,A0055,0.02,342
C00003461,B00003461,A0033,0.1,24780
C00003462,B00003462,A0030,0.03,5643
C00003463,B00003463,A0028,0.15,4620
C00003464,B00003464,A0046,0.02,2580
C00003465,B00003465,A0041,0.05,2320
C00003466,B00003466,A0060,0.05,17655
C00003467,B00003467,A0028,0.03,5874
C00003468,B00003468,A0052,0.15,9540
C00003469,B00003469,A0060,0.15,6165
C00003470,B00003470,A0055,0.15,41145
C00003471,B00003471,A0041,0.1,54600
C00003472,B00003472,A0017,0.15,11340
C00003473,B00003473,A0008,0.1,3320
C00003474,B00003474,A0027,0.05,3400
C00003475,B00003475,A0021,0.05,6920
C00003476,B00003476,A0047,0.1,27960
C00003477,B00003477,A0002,0.02,1372
C00003478,B00003478,A0041,0.15,41040
C00003479,B00003479,A0032,0.03,4077
C00003480,B00003480,A0051,0.15,7155
C00003481,B00003481,A0054,0.1,7900
C00003482,B00003482,A0016,0.03,6510
C00003483,B00003483,A0003,0.03,7161
C00003484,B00003484,A0059,0.05,9300
C00003485,B00003485,A0020,0.15,32280
C00003486,B00003486,A0038,0.02,382
C00003487,B00003487,A0012,0.05,2875
C00003488,B00003488,A0017,0.1,40740
C00003489,B00003489,A0050,0.03,9360
C00003490,B00003490,A0007,0.15,29535
C00003491,B00003491,A0003,0.02,6606
C00003492,B00003492,A0055,0.15,22890
C00003493,B00003493,A0031,0.15,23325
C00003494,B00003494,A0004,0.03,8610
C00003495,B00003495,A0056,0.02,4312
C00003496,B00003496,A0049,0.05,11725
C00003497,B00003497,A0003,0.02,4592
C00003498,B00003498,A0022,0.02,8320
C00003499,B00003499,A0010,0.05,4800
C00003500,B00003500,A0056,0.02,5376
C00003501,B00003501,A0004,0.02,10640
C00003502,B00003502,A0025,0.15,88290
C00003503,B00003503,A0024,0.02,4512
C00003504,B00003504,A0029,0.02,4950
C00003505,B00003505,A0047,0.02,6080
C00003506,B00003506,A0026,0.02,3960
C00003507,B00003507,A0054,0.03,1062
C00003508,B00003508,A0047,0.02,3760
C00003509,B00003509,A0031,0.02,864
C00003510,B00003510,A0052,0.15,9990
C00003511,B00003511,A0006,0.05,14100
C00003512,B00003512,A0057,0.02,3760
C00003513,B00003513,A0026,0.15,25680
C00003514,B00003514,A0035,0.03,13356
C00003515,B00003515,A0025,0.03,7308
C00003516,B00003516,A0004,0.1,12600
C00003517,B00003517,A0048,0.1,18260
C00003518,B00003518,A0049,0.05,4150
C00003519,B00003519,A0006,0.02,1174
C00003520,B00003520,A0021,0.02,1560
C00003521,B00003521,A0042,0.1,20760
C00003522,B00003522,A0058,0.15,35880
C00003523,B00003523,A0058,0.15,4740
C00003524,B00003524,A0037,0.1,26640
C00003525,B00003525,A0027,0.03,6825
C00003526,B00003526,A0021,0.03,1410
C00003527,B00003527,A0028,0.15,2610
C00003528,B00003528,A0032,0.05,915
C00003529,B00003529,A0051,0.1,29960
C00003530,B00003530,A0040,0.05,91390
C00003531,B00003531,A0057,0.05,2295
C00003532,B00003532,A0028,0.03,2184
C00003533,B00003533,A0022,0.15,42840
C00003534,B00003534,A0044,0.15,24435
C00003535,B00003535,A0032,0.15,119700
C00003536,B00003536,A0027,0.1,64890
C00003537,B00003537,A0013,0.05,5985
C00003538,B00003538,A0039,0.1,1700
C00003539,B00003539,A0039,0.1,4530
C00003540,B00003540,A0046,0.05,1500
C00003541,B00003541,A0036,0.15,3570
C00003542,B00003542,A0059,0.03,14196
C00003543,B00003543,A0038,0.03,6204
C00003544,B00003544,A0018,0.1,19560
C00003545,B00003545,A0053,0.02,3720
C00003546,B00003546,A0012,0.02,4464
C00003547,B00003547,A0023,0.02,2360
C00003548,B00003548,A0050,0.15,57675
C00003549,B00003549,A0009,0.15,3360
C00003550,B00003550,A0016,0.03,6369
C00003551,B00003551,A0008,0.02,668
C00003552,B00003552,A0005,0.02,6974
C00003553,B00003553,A0059,0.03,29967
C00003554,B00003554,A0016,0.1,22750
C00003555,B00003555,A0038,0.02,924
C00003556,B00003556,A0041,0.1,10350
C00003557,B00003557,A0040,0.03,2100
C00003558,B00003558,A0012,0.15,46410
C00003559,B00003559,A0037,0.15,20655
C00003560,B00003560,A0050,0.15,11971
C00003561,B00003561,A0011,0.02,3328
C00003562,B00003562,A0014,0.1,7850
C00003563,B00003563,A0030,0.15,74340
C00003564,B00003564,A0028,0.15,30420
C00003565,B00003565,A0032,0.15,17220
C00003566,B00003566,A0038,0.15,37080
C00003567,B00003567,A0024,0.15,40530
C00003568,B00003568,A0023,0.15,96150
C00003569,B00003569,A0056,0.15,22200
C00003570,B00003570,A0021,0.02,5544
C00003571,B00003571,A0055,0.15,81510
C00003572,B00003572,A0046,0.05,5325
C00003573,B00003573,A0012,0.02,1062
C00003574,B00003574,A0047,0.1,18320
C00003575,B00003575,A0039,0.02,6448
C00003576,B00003576,A0023,0.1,19800
C00003577,B00003577,A0005,0.02,4488
C00003578,B00003578,A0037,0.1,10520
C00003579,B00003579,A0004,0.02,3700
C00003580,B00003580,A0011,0.03,3195
C00003581,B00003581,A0029,0.15,5265
C00003582,B00003582,A0024,0.15,159180
C00003583,B00003583,A0053,0.02,4140
C00003584,B00003584,A0032,0.05,6650
C00003585,B00003585,A0039,0.15,10545
C00003586,B00003586,A0002,0.02,7280
C00003587,B00003587,A0013,0.02,14360
C00003588,B00003588,A0032,0.1,20070
C00003589,B00003589,A0021,0.02,1392
C00003590,B00003590,A0032,0.05,7640
C00003591,B00003591,A0012,0.15,27045
C00003592,B00003592,A0050,0.05,4075
C00003593,B00003593,A0002,0.02,4620
C00003594,B00003594,A0055,0.02,2368
C00003595,B00003595,A0032,0.15,12960
C00003596,B00003596,A0040,0.15,9975
C00003597,B00003597,A0007,0.15,49440
C00003598,B00003598,A0009,0.02,5016
C00003599,B00003599,A0053,0.15,34650
C00003600,B00003600,A0030,0.05,12805
C00003601,B00003601,A0015,0.15,11295
C00003602,B00003602,A0032,0.15,35295
C00003603,B00003603,A0056,0.03,7020
C00003604,B00003604,A0007,0.02,3280
C00003605,B00003605,A0048,0.02,3260
C00003606,B00003606,A0018,0.05,6920
C00003607,B00003607,A0031,0.05,8520
C00003608,B00003608,A0015,0.02,392
C00003609,B00003609,A0011,0.15,32400
C00003610,B00003610,A0046,0.03,14004
C00003611,B00003611,A0053,0.15,15750
C00003612,B00003612,A0013,0.15,22110
C00003613,B00003613,A0018,0.1,62860
C00003614,B00003614,A0015,0.05,3980
C00003615,B00003615,A0048,0.15,10530
C00003616,B00003616,A0055,0.05,22960
C00003617,B00003617,A0029,0.05,19745
C00003618,B00003618,A0007,0.05,55230
C00003619,B00003619,A0029,0.15,95040
C00003620,B00003620,A0014,0.02,4140
C00003621,B00003621,A0018,0.03,8064
C00003622,B00003622,A0055,0.1,23100
C00003623,B00003623,A0004,0.15,9240
C00003624,B00003624,A0037,0.03,26334
C00003625,B00003625,A0028,0.05,5160
C00003626,B00003626,A0029,0.05,5460
C00003627,B00003627,A0052,0.02,5668
C00003628,B00003628,A0024,0.15,23895
C00003629,B00003629,A0040,0.15,4080
C00003630,B00003630,A0018,0.02,852
C00003631,B00003631,A0034,0.15,48870
C00003632,B00003632,A0029,0.15,27600
C00003633,B00003633,A0014,0.02,4082
C00003634,B00003634,A0034,0.15,27495
C00003635,B00003635,A0029,0.05,8100
C00003636,B00003636,A0052,0.1,3500
C00003637,B00003637,A0057,0.05,12090
C00003638,B00003638,A0024,0.02,7260
C00003639,B00003639,A0040,0.02,8240
C00003640,B00003640,A0010,0.02,3180
C00003641,B00003641,A0002,0.15,30780
C00003642,B00003642,A0027,0.15,14760
C00003643,B00003643,A0001,0.15,2580
C00003644,B00003644,A0007,0.02,5268
C00003645,B00003645,A0009,0.05,11340
C00003646,B00003646,A0059,0.02,3392
C00003647,B00003647,A0019,0.03,2772
C00003648,B00003648,A0025,0.15,132548
C00003649,B00003649,A0017,0.1,14400
C00003650,B00003650,A0022,0.03,10650
C00003651,B00003651,A0024,0.15,27530
C00003652,B00003652,A0045,0.05,9570
C00003653,B00003653,A0012,0.02,284
C00003654,B00003654,A0003,0.05,6720
C00003655,B00003655,A0055,0.03,5544
C00003656,B00003656,A0053,0.1,80100
C00003657,B00003657,A0016,0.15,5250
C00003658,B00003658,A0060,0.05,5285
C00003659,B00003659,A0028,0.05,8690
C00003660,B00003660,A0021,0.03,2016
C00003661,B00003661,A0052,0.05,12935
C00003662,B00003662,A0043,0.02,3048
C00003663,B00003663,A0058,0.15,129480
C00003664,B00003664,A0016,0.15,24975
C00003665,B00003665,A0029,0.1,45360
C00003666,B00003666,A0036,0.02,3234
C00003667,B00003667,A0022,0.02,948
C00003668,B00003668,A0056,0.02,5040
C00003669,B00003669,A0033,0.02,960
C00003670,B00003670,A0047,0.03,1704
C00003671,B00003671,A0045,0.15,69390
C00003672,B00003672,A0009,0.15,80145
C00003673,B00003673,A0002,0.15,6885
C00003674,B00003674,A0052,0.1,41100
C00003675,B00003675,A0039,0.03,5220
C00003676,B00003676,A0039,0.02,4396
C00003677,B00003677,A0011,0.02,10512
C00003678,B00003678,A0032,0.05,4740
C00003679,B00003679,A0038,0.02,3024
C00003680,B00003680,A0051,0.15,63765
C00003681,B00003681,A0055,0.1,27300
C00003682,B00003682,A0031,0.02,1280
C00003683,B00003683,A0040,0.15,35970
C00003684,B00003684,A0019,0.15,9360
C00003685,B00003685,A0025,0.05,895
C00003686,B00003686,A0048,0.02,5768
C00003687,B00003687,A0052,0.02,771
C00003688,B00003688,A0053,0.1,11920
C00003689,B00003689,A0026,0.05,8640
C00003690,B00003690,A0030,0.02,6624
C00003691,B00003691,A0028,0.02,2492
C00003692,B00003692,A0027,0.02,2748
C00003693,B00003693,A0044,0.02,2603
C00003694,B00003694,A0001,0.15,17535
C00003695,B00003695,A0033,0.03,2292
C00003696,B00003696,A0030,0.03,7164
C00003697,B00003697,A0020,0.02,2430
C00003698,B00003698,A0032,0.05,4160
C00003699,B00003699,A0044,0.03,8112
C00003700,B00003700,A0041,0.15,9660
C00003701,B00003701,A0056,0.02,2408
C00003702,B00003702,A0029,0.15,61380
C00003703,B00003703,A0043,0.15,35145
C00003704,B00003704,A0058,0.15,30810
C00003705,B00003705,A0040,0.02,4728
C00003706,B00003706,A0048,0.05,20610
C00003707,B00003707,A0029,0.05,16205
C00003708,B00003708,A0014,0.05,8030
C00003709,B00003709,A0058,0.02,6312
C00003710,B00003710,A0059,0.03,27144
C00003711,B00003711,A0045,0.05,29340
C00003712,B00003712,A0030,0.02,924
C00003713,B00003713,A0042,0.02,2730
C00003714,B00003714,A0009,0.15,20055
C00003715,B00003715,A0015,0.02,2076
C00003716,B00003716,A0003,0.02,6300
C00003717,B00003717,A0046,0.15,98910
C00003718,B00003718,A0014,0.05,5520
C00003719,B00003719,A0022,0.1,32970
C00003720,B00003720,A0041,0.15,14250
C00003721,B00003721,A0037,0.02,4368
C00003722,B00003722,A0052,0.02,904
C00003723,B00003723,A0051,0.02,9328
C00003724,B00003724,A0032,0.1,6850
C00003725,B00003725,A0047,0.02,2422
C00003726,B00003726,A0026,0.15,9825
C00003727,B00003727,A0045,0.02,14256
C00003728,B00003728,A0001,0.15,2520
C00003729,B00003729,A0033,0.15,207180
C00003730,B00003730,A0054,0.15,33150
C00003731,B00003731,A0046,0.02,410
C00003732,B00003732,A0031,0.05,10075
C00003733,B00003733,A0010,0.02,1778
C00003734,B00003734,A0027,0.05,7240
C00003735,B00003735,A0015,0.15,35850
C00003736,B00003736,A0036,0.02,264
C00003737,B00003737,A0042,0.1,40400
C00003738,B00003738,A0047,0.15,34650
C00003739,B00003739,A0029,0.03,6012
C00003740,B00003740,A0052,0.15,26100
C00003741,B00003741,A0034,0.02,6890
C00003742,B00003742,A0047,0.02,2828
C00003743,B00003743,A0026,0.15,46920
C00003744,B00003744,A0039,0.15,29250
C00003745,B00003745,A0011,0.02,696
C00003746,B00003746,A0007,0.05,11245
C00003747,B00003747,A0024,0.15,17040
C00003748,B00003748,A0009,0.1,19300
C00003749,B00003749,A0059,0.05,37400
C00003750,B00003750,A0056,0.02,1620
C00003751,B00003751,A0016,0.15,27150
C00003752,B00003752,A0010,0.02,20412
C00003753,B00003753,A0010,0.05,17080
C00003754,B00003754,A0055,0.05,5550
C00003755,B00003755,A0058,0.02,384
C00003756,B00003756,A0056,0.15,36960
C00003757,B00003757,A0040,0.15,6750
C00003758,B00003758,A0014,0.15,6150
C00003759,B00003759,A0054,0.02,1232
C00003760,B00003760,A0002,0.02,4914
C00003761,B00003761,A0016,0.02,3330
C00003762,B00003762,A0007,0.15,3270
C00003763,B00003763,A0005,0.03,435
C00003764,B00003764,A0058,0.15,5430
C00003765,B00003765,A0002,0.1,8672
C00003766,B00003766,A0059,0.15,20055
C00003767,B00003767,A0028,0.15,33750
C00003768,B00003768,A0054,0.1,6640
C00003769,B00003769,A0009,0.05,10335
C00003770,B00003770,A0053,0.1,4740
C00003771,B00003771,A0001,0.02,4964
C00003772,B00003772,A0033,0.15,16650
C00003773,B00003773,A0059,0.02,8628
C00003774,B00003774,A0018,0.15,84060
C00003775,B00003775,A0040,0.05,20075
C00003776,B00003776,A0006,0.02,2316
C00003777,B00003777,A0026,0.1,13380
C00003778,B00003778,A0040,0.02,346
C00003779,B00003779,A0012,0.02,7272
C00003780,B00003780,A0026,0.05,31815
C00003781,B00003781,A0023,0.02,3116
C00003782,B00003782,A0051,0.05,13320
C00003783,B00003783,A0036,0.15,23895
C00003784,B00003784,A0014,0.15,37440
C00003785,B00003785,A0040,0.15,30195
C00003786,B00003786,A0048,0.15,17820
C00003787,B00003787,A0033,0.15,21465
C00003788,B00003788,A0020,0.05,3980
C00003789,B00003789,A0025,0.15,52020
C00003790,B00003790,A0033,0.15,2550
C00003791,B00003791,A0018,0.15,19980
C00003792,B00003792,A0028,0.02,4676
C00003793,B00003793,A0013,0.02,3563
C00003794,B00003794,A0025,0.1,19140
C00003795,B00003795,A0002,0.02,5068
C00003796,B00003796,A0015,0.02,2724
C00003797,B00003797,A0054,0.02,11856
C00003798,B00003798,A0054,0.15,72435
C00003799,B00003799,A0036,0.1,5790
C00003800,B00003800,A0019,0.15,108000
C00003801,B00003801,A0028,0.1,5250
C00003802,B00003802,A0059,0.15,32340
C00003803,B00003803,A0018,0.15,28950
C00003804,B00003804,A0035,0.02,2590
C00003805,B00003805,A0015,0.05,5720
C00003806,B00003806,A0053,0.15,83655
C00003807,B00003807,A0036,0.02,888
C00003808,B00003808,A0005,0.05,9250
C00003809,B00003809,A0031,0.03,942
C00003810,B00003810,A0046,0.02,12996
C00003811,B00003811,A0023,0.02,3792
C00003812,B00003812,A0013,0.05,9955
C00003813,B00003813,A0050,0.02,3784
C00003814,B00003814,A0013,0.02,1780
C00003815,B00003815,A0029,0.02,1728
C00003816,B00003816,A0041,0.02,3648
C00003817,B00003817,A0035,0.15,4650
C00003818,B00003818,A0037,0.05,9295
C00003819,B00003819,A0039,0.15,2415
C00003820,B00003820,A0011,0.15,54135
C00003821,B00003821,A0025,0.05,22080
C00003822,B00003822,A0060,0.02,4446
C00003823,B00003823,A0030,0.03,522
C00003824,B00003824,A0020,0.02,1056
C00003825,B00003825,A0028,0.1,112420
C00003826,B00003826,A0038,0.02,38142
C00003827,B00003827,A0044,0.1,23350
C00003828,B00003828,A0011,0.02,1062
C00003829,B00003829,A0035,0.1,16440
C00003830,B00003830,A0034,0.03,7392
C00003831,B00003831,A0025,0.1,11730
C00003832,B00003832,A0023,0.1,19500
C00003833,B00003833,A0032,0.1,13500
C00003834,B00003834,A0013,0.02,978
C00003835,B00003835,A0059,0.02,6084
C00003836,B00003836,A0019,0.02,1272
C00003837,B00003837,A0053,0.15,43320
C00003838,B00003838,A0021,0.05,9295
C00003839,B00003839,A0029,0.15,41220
C00003840,B00003840,A0043,0.15,20955
C00003841,B00003841,A0020,0.05,4760
C00003842,B00003842,A0042,0.15,11550
C00003843,B00003843,A0060,0.05,4950
C00003844,B00003844,A0042,0.1,29200
C00003845,B00003845,A0045,0.1,5550
C00003846,B00003846,A0043,0.1,14900
C00003847,B00003847,A0048,0.1,7550
C00003848,B00003848,A0030,0.05,7805
C00003849,B00003849,A0057,0.15,116190
C00003850,B00003850,A0019,0.02,1170
C00003851,B00003851,A0045,0.03,1251
C00003852,B00003852,A0010,0.02,2772
C00003853,B00003853,A0035,0.15,9045
C00003854,B00003854,A0046,0.05,21950
C00003855,B00003855,A0025,0.05,3780
C00003856,B00003856,A0041,0.05,7860
C00003857,B00003857,A0060,0.15,46770
C00003858,B00003858,A0058,0.05,48570
C00003859,B00003859,A0029,0.02,3520
C00003860,B00003860,A0006,0.05,31920
C00003861,B00003861,A0058,0.02,1584
C00003862,B00003862,A0012,0.15,13650
C00003863,B00003863,A0015,0.02,4364
C00003864,B00003864,A0053,0.05,11700
C00003865,B00003865,A0034,0.15,11790
C00003866,B00003866,A0025,0.15,66495
C00003867,B00003867,A0008,0.15,16920
C00003868,B00003868,A0038,0.15,24420
C00003869,B00003869,A0055,0.02,6000
C00003870,B00003870,A0041,0.02,2898
C00003871,B00003871,A0054,0.15,26325
C00003872,B00003872,A0020,0.15,10305
C00003873,B00003873,A0017,0.02,1328
C00003874,B00003874,A0045,0.05,10920
C00003875,B00003875,A0032,0.02,4914
C00003876,B00003876,A0017,0.15,17190
C00003877,B00003877,A0010,0.03,1188
C00003878,B00003878,A0005,0.15,39195
C00003879,B00003879,A0051,0.1,33180
C00003880,B00003880,A0031,0.02,3728
C00003881,B00003881,A0007,0.15,16905
C00003882,B00003882,A0002,0.15,30195
C00003883,B00003883,A0052,0.15,99180
C00003884,B00003884,A0052,0.15,14250
C00003885,B00003885,A0014,0.15,26550
C00003886,B00003886,A0015,0.02,5684
C00003887,B00003887,A0043,0.15,13725
C00003888,B00003888,A0003,0.1,2350
C00003889,B00003889,A0050,0.15,4230
C00003890,B00003890,A0006,0.15,149415
C00003891,B00003891,A0007,0.15,21870
C00003892,B00003892,A0021,0.05,10780
C00003893,B00003893,A0017,0.1,39330
C00003894,B00003894,A0046,0.15,32580
C00003895,B00003895,A0002,0.15,36960
C00003896,B00003896,A0002,0.1,8000
C00003897,B00003897,A0031,0.15,40365
C00003898,B00003898,A0049,0.02,1376
C00003899,B00003899,A0004,0.05,665
C00003900,B00003900,A0005,0.02,2680
C00003901,B00003901,A0009,0.02,3036
C00003902,B00003902,A0020,0.15,79800
C00003903,B00003903,A0010,0.02,672
C00003904,B00003904,A0042,0.1,55920
C00003905,B00003905,A0034,0.05,13715
C00003906,B00003906,A0060,0.02,4086
C00003907,B00003907,A0023,0.15,11475
C00003908,B00003908,A0012,0.1,18700
C00003909,B00003909,A0010,0.02,18304
C00003910,B00003910,A0018,0.15,44880
C00003911,B00003911,A0013,0.03,19416
C00003912,B00003912,A0033,0.1,34720
C00003913,B00003913,A0026,0.15,4410
C00003914,B00003914,A0009,0.15,10140
C00003915,B00003915,A0043,0.15,54458
C00003916,B00003916,A0037,0.05,9680
C00003917,B00003917,A0048,0.03,3852
C00003918,B00003918,A0059,0.05,6885
C00003919,B00003919,A0048,0.15,3315
C00003920,B00003920,A0016,0.05,3380
C00003921,B00003921,A0052,0.1,18450
C00003922,B00003922,A0051,0.15,27900
C00003923,B00003923,A0034,0.1,130950
C00003924,B00003924,A0010,0.15,237780
C00003925,B00003925,A0025,0.02,3552
C00003926,B00003926,A0038,0.03,936
C00003927,B00003927,A0033,0.1,21100
C00003928,B00003928,A0032,0.02,3140
C00003929,B00003929,A0016,0.02,6020
C00003930,B00003930,A0035,0.03,3255
C00003931,B00003931,A0040,0.15,15570
C00003932,B00003932,A0033,0.02,2608
C00003933,B00003933,A0030,0.05,25880
C00003934,B00003934,A0020,0.02,21220
C00003935,B00003935,A0009,0.05,13455
C00003936,B00003936,A0046,0.15,34500
C00003937,B00003937,A0045,0.1,29400
C00003938,B00003938,A0053,0.03,4725
C00003939,B00003939,A0037,0.1,16500
C00003940,B00003940,A0015,0.15,12690
C00003941,B00003941,A0031,0.02,462
C00003942,B00003942,A0003,0.05,18200
C00003943,B00003943,A0008,0.05,22560
C00003944,B00003944,A0027,0.15,18270
C00003945,B00003945,A0008,0.1,147140
C00003946,B00003946,A0060,0.03,4212
C00003947,B00003947,A0025,0.1,14000
C00003948,B00003948,A0020,0.02,6020
C00003949,B00003949,A0002,0.02,6214
C00003950,B00003950,A0042,0.02,2752
C00003951,B00003951,A0027,0.05,18180
C00003952,B00003952,A0040,0.02,1700
C00003953,B00003953,A0041,0.15,2475
C00003954,B00003954,A0048,0.15,10620
C00003955,B00003955,A0041,0.1,18090
C00003956,B00003956,A0026,0.03,690
C00003957,B00003957,A0026,0.02,10296
C00003958,B00003958,A0042,0.1,11100
C00003959,B00003959,A0008,0.15,36330
C00003960,B00003960,A0056,0.02,3056
C00003961,B00003961,A0045,0.02,2010
C00003962,B00003962,A0021,0.1,16380
C00003963,B00003963,A0058,0.02,4680
C00003964,B00003964,A0050,0.1,128370
C00003965,B00003965,A0036,0.03,4560
C00003966,B00003966,A0009,0.05,1630
C00003967,B00003967,A0012,0.15,9840
C00003968,B00003968,A0001,0.02,5902
C00003969,B00003969,A0038,0.05,1090
C00003970,B00003970,A0056,0.02,984
C00003971,B00003971,A0034,0.03,3618
C00003972,B00003972,A0040,0.15,10470
C00003973,B00003973,A0049,0.02,1592
C00003974,B00003974,A0025,0.15,18690
C00003975,B00003975,A0044,0.03,12924
C00003976,B00003976,A0032,0.15,78840
C00003977,B00003977,A0042,0.15,28080
C00003978,B00003978,A0033,0.15,2625
C00003979,B00003979,A0057,0.15,12600
C00003980,B00003980,A0038,0.15,85800
C00003981,B00003981,A0029,0.05,4150
C00003982,B00003982,A0050,0.05,1640
C00003983,B00003983,A0046,0.15,22650
C00003984,B00003984,A0007,0.03,15552
C00003985,B00003985,A0004,0.05,5430
C00003986,B00003986,A0001,0.1,17200
C00003987,B00003987,A0016,0.02,3300
C00003988,B00003988,A0031,0.15,6840
C00003989,B00003989,A0024,0.1,156130
C00003990,B00003990,A0013,0.02,4512
C00003991,B00003991,A0055,0.15,27750
C00003992,B00003992,A0032,0.15,72030
C00003993,B00003993,A0005,0.1,40860
C00003994,B00003994,A0014,0.15,39240
C00003995,B00003995,A0040,0.03,9282
C00003996,B00003996,A0007,0.02,394
C00003997,B00003997,A0009,0.15,28710
C00003998,B00003998,A0009,0.05,960
C00003999,B00003999,A0032,0.15,21360
C00004000,B00004000,A0059,0.1,19680
C00004001,B00004001,A0046,0.1,14070
C00004002,B00004002,A0043,0.1,19460
C00004003,B00004003,A0011,0.02,2744
C00004004,B00004004,A0014,0.03,5121
C00004005,B00004005,A0007,0.15,62370
C00004006,B00004006,A0029,0.15,11475
C00004007,B00004007,A0014,0.02,3938
C00004008,B00004008,A0024,0.15,54405
C00004009,B00004009,A0028,0.03,7776
C00004010,B00004010,A0040,0.15,31651
C00004011,B00004011,A0009,0.02,11916
C00004012,B00004012,A0038,0.05,11605
C00004013,B00004013,A0014,0.05,29159
C00004014,B00004014,A0011,0.15,36075
C00004015,B00004015,A0045,0.02,1792
C00004016,B00004016,A0031,0.15,10020
C00004017,B00004017,A0001,0.15,48870
C00004018,B00004018,A0042,0.15,108360
C00004019,B00004019,A0050,0.02,11600
C00004020,B00004020,A0045,0.02,7826
C00004021,B00004021,A0018,0.15,107400
C00004022,B00004022,A0052,0.03,27729
C00004023,B00004023,A0006,0.02,10076
C00004024,B00004024,A0041,0.1,9150
C00004025,B00004025,A0043,0.02,1048
C00004026,B00004026,A0049,0.05,5160
C00004027,B00004027,A0008,0.15,38955
C00004028,B00004028,A0045,0.02,1514
C00004029,B00004029,A0011,0.1,68050
C00004030,B00004030,A0033,0.15,50820
C00004031,B00004031,A0035,0.02,1310
C00004032,B00004032,A0040,0.03,8910
C00004033,B00004033,A0046,0.15,3390
C00004034,B00004034,A0008,0.02,2480
C00004035,B00004035,A0014,0.1,21500
C00004036,B00004036,A0025,0.15,226679
C00004037,B00004037,A0056,0.15,26070
C00004038,B00004038,A0008,0.15,67380
C00004039,B00004039,A0027,0.15,4830
C00004040,B00004040,A0004,0.05,89960
C00004041,B00004041,A0035,0.15,203115
C00004042,B00004042,A0002,0.15,18990
C00004043,B00004043,A0023,0.03,7896
C00004044,B00004044,A0048,0.02,4224
C00004045,B00004045,A0032,0.03,5544
C00004046,B00004046,A0015,0.02,4732
C00004047,B00004047,A0027,0.03,4620
C00004048,B00004048,A0022,0.02,1920
C00004049,B00004049,A0006,0.02,1776
C00004050,B00004050,A0003,0.02,5352
C00004051,B00004051,A0015,0.15,20790
C00004052,B00004052,A0050,0.15,39270
C00004053,B00004053,A0030,0.02,1144
C00004054,B00004054,A0046,0.03,501
C00004055,B00004055,A0058,0.03,1818
C00004056,B00004056,A0038,0.15,33300
C00004057,B00004057,A0029,0.15,9150
C00004058,B00004058,A0047,0.03,1695
C00004059,B00004059,A0015,0.1,17840
C00004060,B00004060,A0041,0.1,4780
C00004061,B00004061,A0028,0.05,905
C00004062,B00004062,A0040,0.05,10140
C00004063,B00004063,A0002,0.1,16200
C00004064,B00004064,A0048,0.02,3948
C00004065,B00004065,A0021,0.15,143280
C00004066,B00004066,A0022,0.03,5184
C00004067,B00004067,A0035,0.1,5160
C00004068,B00004068,A0035,0.05,28145
C00004069,B00004069,A0008,0.02,1026
C00004070,B00004070,A0006,0.02,3402
C00004071,B00004071,A0048,0.05,12990
C00004072,B00004072,A0041,0.02,25920
C00004073,B00004073,A0011,0.02,1504
C00004074,B00004074,A0053,0.15,42300
C00004075,B00004075,A0003,0.15,14400
C00004076,B00004076,A0060,0.02,2700
C00004077,B00004077,A0027,0.15,144270
C00004078,B00004078,A0016,0.02,2688
C00004079,B00004079,A0006,0.15,30300
C00004080,B00004080,A0011,0.03,2232
C00004081,B00004081,A0036,0.03,2772
C00004082,B00004082,A0038,0.15,36180
C00004083,B00004083,A0004,0.15,14520
C00004084,B00004084,A0041,0.02,2090
C00004085,B00004085,A0012,0.15,100530
C00004086,B00004086,A0054,0.15,3405
C00004087,B00004087,A0030,0.02,3690
C00004088,B00004088,A0041,0.03,6624
C00004089,B00004089,A0007,0.1,65380
C00004090,B00004090,A0003,0.02,2532
C00004091,B00004091,A0033,0.15,27090
C00004092,B00004092,A0032,0.05,10120
C00004093,B00004093,A0040,0.15,31650
C00004094,B00004094,A0044,0.02,6688
C00004095,B00004095,A0007,0.02,5268
C00004096,B00004096,A0018,0.15,20760
C00004097,B00004097,A0007,0.02,3374
C00004098,B00004098,A0057,0.15,23880
C00004099,B00004099,A0012,0.1,10360
C00004100,B00004100,A0043,0.02,438
C00004101,B00004101,A0006,0.05,10100
C00004102,B00004102,A0012,0.05,8820
C00004103,B00004103,A0030,0.15,16380
C00004104,B00004104,A0012,0.1,3780
C00004105,B00004105,A0037,0.02,8788
C00004106,B00004106,A0057,0.1,14000
C00004107,B00004107,A0058,0.15,87060
C00004108,B00004108,A0001,0.15,8220
C00004109,B00004109,A0007,0.02,3770
C00004110,B00004110,A0011,0.15,82482
C00004111,B00004111,A0044,0.15,19080
C00004112,B00004112,A0013,0.02,1008
C00004113,B00004113,A0053,0.02,1938
C00004114,B00004114,A0055,0.02,3150
C00004115,B00004115,A0014,0.15,8190
C00004116,B00004116,A0050,0.02,4692
C00004117,B00004117,A0043,0.1,15680
C00004118,B00004118,A0040,0.05,875
C00004119,B00004119,A0010,0.15,34815
C00004120,B00004120,A0031,0.03,5850
C00004121,B00004121,A0014,0.03,1962
C00004122,B00004122,A0044,0.03,6726
C00004123,B00004123,A0003,0.05,3180
C00004124,B00004124,A0010,0.02,12376
C00004125,B00004125,A0030,0.15,20970
C00004126,B00004126,A0008,0.1,21340
C00004127,B00004127,A0055,0.02,10296
C00004128,B00004128,A0050,0.02,12246
C00004129,B00004129,A0018,0.02,1152
C00004130,B00004130,A0041,0.15,27000
C00004131,B00004131,A0042,0.15,27300
C00004132,B00004132,A0012,0.02,4424
C00004133,B00004133,A0049,0.1,16880
C00004134,B00004134,A0018,0.02,532
C00004135,B00004135,A0015,0.15,35460
C00004136,B00004136,A0011,0.03,55104
C00004137,B00004137,A0045,0.05,3640
C00004138,B00004138,A0009,0.02,1544
C00004139,B00004139,A0041,0.05,26260
C00004140,B00004140,A0033,0.05,14400
C00004141,B00004141,A0050,0.03,11583
C00004142,B00004142,A0035,0.15,43740
C00004143,B00004143,A0014,0.02,624
C00004144,B00004144,A0017,0.03,53316
C00004145,B00004145,A0060,0.15,2340
C00004146,B00004146,A0008,0.02,30820
C00004147,B00004147,A0055,0.15,22200
C00004148,B00004148,A0058,0.15,141180
C00004149,B00004149,A0011,0.02,8190
C00004150,B00004150,A0044,0.02,3924
C00004151,B00004151,A0035,0.03,5907
C00004152,B00004152,A0032,0.05,5175
C00004153,B00004153,A0052,0.15,23625
C00004154,B00004154,A0040,0.1,193800
C00004155,B00004155,A0003,0.05,8950
C00004156,B00004156,A0004,0.03,1620
C00004157,B00004157,A0004,0.02,4340
C00004158,B00004158,A0044,0.02,1752
C00004159,B00004159,A0029,0.02,2282
C00004160,B00004160,A0026,0.02,5096
C00004161,B00004161,A0011,0.15,16170
C00004162,B00004162,A0039,0.15,22260
C00004163,B00004163,A0035,0.05,5775
C00004164,B00004164,A0057,0.15,8700
C00004165,B00004165,A0015,0.02,688
C00004166,B00004166,A0049,0.02,21640
C00004167,B00004167,A0053,0.03,4248
C00004168,B00004168,A0033,0.15,17010
C00004169,B00004169,A0013,0.15,27225
C00004170,B00004170,A0034,0.02,1980
C00004171,B00004171,A0060,0.02,2880
C00004172,B00004172,A0060,0.05,6615
C00004173,B00004173,A0010,0.02,2088
C00004174,B00004174,A0041,0.15,34860
C00004175,B00004175,A0015,0.05,8300
C00004176,B00004176,A0028,0.1,8050
C00004177,B00004177,A0001,0.05,5505
C00004178,B00004178,A0045,0.03,1200
C00004179,B00004179,A0049,0.05,1620
C00004180,B00004180,A0038,0.15,23550
C00004181,B00004181,A0008,0.02,4628
C00004182,B00004182,A0059,0.15,4530
C00004183,B00004183,A0018,0.02,1182
C00004184,B00004184,A0007,0.15,75420
C00004185,B00004185,A0042,0.02,3164
C00004186,B00004186,A0059,0.1,1580
C00004187,B00004187,A0057,0.15,32100
C00004188,B00004188,A0056,0.02,10764
C00004189,B00004189,A0054,0.02,5445
C00004190,B00004190,A0032,0.15,10485
C00004191,B00004191,A0046,0.1,23030
C00004192,B00004192,A0052,0.15,3450
C00004193,B00004193,A0030,0.1,18040
C00004194,B00004194,A0041,0.15,15600
C00004195,B00004195,A0057,0.1,6480
C00004196,B00004196,A0004,0.1,15660
C00004197,B00004197,A0024,0.1,4680
C00004198,B00004198,A0055,0.02,354
C00004199,B00004199,A0058,0.02,3476
C00004200,B00004200,A0043,0.15,17460
C00004201,B00004201,A0038,0.02,2484
C00004202,B00004202,A0055,0.05,6055
C00004203,B00004203,A0005,0.02,5640
C00004204,B00004204,A0016,0.03,2208
C00004205,B00004205,A0059,0.1,16170
C00004206,B00004206,A0055,0.15,40590
C00004207,B00004207,A0034,0.15,87750
C00004208,B00004208,A0008,0.02,2256
C00004209,B00004209,A0052,0.05,1570
C00004210,B00004210,A0029,0.05,2125
C00004211,B00004211,A0012,0.05,6000
C00004212,B00004212,A0018,0.05,11580
C00004213,B00004213,A0045,0.03,1215
C00004214,B00004214,A0040,0.02,3504
C00004215,B00004215,A0052,0.02,1866
C00004216,B00004216,A0051,0.05,14875
C00004217,B00004217,A0020,0.03,1944
C00004218,B00004218,A0038,0.05,12950
C00004219,B00004219,A0017,0.02,6552
C00004220,B00004220,A0057,0.05,10550
C00004221,B00004221,A0043,0.02,3024
C00004222,B00004222,A0056,0.1,4230
C00004223,B00004223,A0046,0.02,2800
C00004224,B00004224,A0013,0.02,776
C00004225,B00004225,A0030,0.02,5496
C00004226,B00004226,A0055,0.03,10161
C00004227,B00004227,A0032,0.05,24440
C00004228,B00004228,A0055,0.02,9384
C00004229,B00004229,A0013,0.15,19305
C00004230,B00004230,A0051,0.15,33210
C00004231,B00004231,A0033,0.15,12900
C00004232,B00004232,A0019,0.15,33840
C00004233,B00004233,A0033,0.15,25905
C00004234,B00004234,A0022,0.15,27945
C00004235,B00004235,A0057,0.15,32505
C00004236,B00004236,A0039,0.15,31590
C00004237,B00004237,A0021,0.1,19440
C00004238,B00004238,A0032,0.1,15800
C00004239,B00004239,A0044,0.15,13575
C00004240,B00004240,A0055,0.15,10800
C00004241,B00004241,A0006,0.1,44520
C00004242,B00004242,A0030,0.05,1460
C00004243,B00004243,A0022,0.02,4356
C00004244,B00004244,A0035,0.15,31785
C00004245,B00004245,A0002,0.15,17505
C00004246,B00004246,A0004,0.15,38610
C00004247,B00004247,A0060,0.05,1590
C00004248,B00004248,A0050,0.15,14310
C00004249,B00004249,A0053,0.1,12130
C00004250,B00004250,A0037,0.03,4401
C00004251,B00004251,A0045,0.15,5340
C00004252,B00004252,A0022,0.02,27480
C00004253,B00004253,A0031,0.1,20720
C00004254,B00004254,A0018,0.05,5025
C00004255,B00004255,A0033,0.15,39000
C00004256,B00004256,A0052,0.02,376
C00004257,B00004257,A0051,0.1,97930
C00004258,B00004258,A0056,0.02,4768
C00004259,B00004259,A0002,0.02,4316
C00004260,B00004260,A0045,0.05,27020
C00004261,B00004261,A0058,0.03,618
C00004262,B00004262,A0037,0.02,5304
C00004263,B00004263,A0039,0.1,22700
C00004264,B00004264,A0057,0.03,4983
C00004265,B00004265,A0060,0.03,1278
C00004266,B00004266,A0015,0.02,844
C00004267,B00004267,A0045,0.1,71400
C00004268,B00004268,A0035,0.03,6204
C00004269,B00004269,A0005,0.15,26325
C00004270,B00004270,A0039,0.1,1440
C00004271,B00004271,A0040,0.15,2505
C00004272,B00004272,A0049,0.15,20160
C00004273,B00004273,A0005,0.02,536
C00004274,B00004274,A0002,0.1,7850
C00004275,B00004275,A0019,0.15,45480
C00004276,B00004276,A0041,0.1,4740
C00004277,B00004277,A0041,0.02,28920
C00004278,B00004278,A0014,0.02,760
C00004279,B00004279,A0002,0.15,34200
C00004280,B00004280,A0059,0.05,1905
C00004281,B00004281,A0022,0.05,3300
C00004282,B00004282,A0056,0.15,5880
C00004283,B00004283,A0022,0.05,6400
C00004284,B00004284,A0055,0.05,6055
C00004285,B00004285,A0043,0.1,20350
C00004286,B00004286,A0043,0.15,51975
C00004287,B00004287,A0009,0.1,18200
C00004288,B00004288,A0060,0.1,4840
C00004289,B00004289,A0022,0.15,23040
C00004290,B00004290,A0057,0.02,2860
C00004291,B00004291,A0057,0.02,2352
C00004292,B00004292,A0029,0.02,8954
C00004293,B00004293,A0052,0.02,7440
C00004294,B00004294,A0013,0.15,20745
C00004295,B00004295,A0003,0.05,3600
C00004296,B00004296,A0031,0.1,13950
C00004297,B00004297,A0023,0.05,12540
C00004298,B00004298,A0020,0.05,14440
C00004299,B00004299,A0040,0.15,62580
C00004300,B00004300,A0048,0.02,1416
C00004301,B00004301,A0016,0.03,2112
C00004302,B00004302,A0015,0.15,3840
C00004303,B00004303,A0059,0.02,4620
C00004304,B00004304,A0002,0.15,10020
C00004305,B00004305,A0057,0.02,9324
C00004306,B00004306,A0023,0.05,10170
C00004307,B00004307,A0013,0.15,17145
C00004308,B00004308,A0021,0.02,1572
C00004309,B00004309,A0047,0.02,5220
C00004310,B00004310,A0058,0.03,5340
C00004311,B00004311,A0027,0.02,10760
C00004312,B00004312,A0021,0.03,2424
C00004313,B00004313,A0037,0.02,4422
C00004314,B00004314,A0007,0.03,12831
C00004315,B00004315,A0042,0.03,576
C00004316,B00004316,A0024,0.02,1128
C00004317,B00004317,A0060,0.15,10080
C00004318,B00004318,A0015,0.02,2450
C00004319,B00004319,A0014,0.05,9780
C00004320,B00004320,A0010,0.03,7980
C00004321,B00004321,A0006,0.02,3740
C00004322,B00004322,A0018,0.05,5600
C00004323,B00004323,A0030,0.1,28560
C00004324,B00004324,A0034,0.15,11340
C00004325,B00004325,A0056,0.15,8910
C00004326,B00004326,A0048,0.05,890
C00004327,B00004327,A0003,0.1,37700
C00004328,B00004328,A0025,0.02,9696
C00004329,B00004329,A0029,0.02,2688
C00004330,B00004330,A0001,0.02,1856
C00004331,B00004331,A0051,0.15,6795
C00004332,B00004332,A0012,0.05,1470
C00004333,B00004333,A0044,0.15,21000
C00004334,B00004334,A0055,0.15,49140
C00004335,B00004335,A0017,0.05,13320
C00004336,B00004336,A0011,0.03,3582
C00004337,B00004337,A0020,0.05,10400
C00004338,B00004338,A0053,0.1,17730
C00004339,B00004339,A0002,0.1,12480
C00004340,B00004340,A0020,0.02,1098
C00004341,B00004341,A0012,0.02,2724
C00004342,B00004342,A0037,0.02,2580
C00004343,B00004343,A0021,0.1,4950
C00004344,B00004344,A0046,0.02,5048
C00004345,B00004345,A0043,0.02,3660
C00004346,B00004346,A0038,0.02,4664
C00004347,B00004347,A0060,0.05,2250
C00004348,B00004348,A0048,0.1,50280
C00004349,B00004349,A0015,0.03,12987
C00004350,B00004350,A0011,0.05,27720
C00004351,B00004351,A0053,0.15,121500
C00004352,B00004352,A0034,0.02,7790
C00004353,B00004353,A0015,0.15,10230
C00004354,B00004354,A0010,0.15,175650
C00004355,B00004355,A0021,0.03,7992
C00004356,B00004356,A0004,0.02,5488
C00004357,B00004357,A0060,0.15,26715
C00004358,B00004358,A0002,0.03,13065
C00004359,B00004359,A0009,0.15,31980
C00004360,B00004360,A0032,0.03,10941
C00004361,B00004361,A0047,0.03,12717
C00004362,B00004362,A0049,0.05,21350
C00004363,B00004363,A0018,0.1,5220
C00004364,B00004364,A0041,0.15,26850
C00004365,B00004365,A0039,0.02,15024
C00004366,B00004366,A0056,0.15,2070
C00004367,B00004367,A0007,0.05,11750
C00004368,B00004368,A0011,0.15,89880
C00004369,B00004369,A0020,0.15,32310
C00004370,B00004370,A0045,0.1,13230
C00004371,B00004371,A0012,0.02,1278
C00004372,B00004372,A0042,0.1,12870
C00004373,B00004373,A0007,0.02,4026
C00004374,B00004374,A0046,0.15,21259
C00004375,B00004375,A0007,0.1,17190
C00004376,B00004376,A0053,0.03,5220
C00004377,B00004377,A0025,0.05,75450
C00004378,B00004378,A0048,0.15,27930
C00004379,B00004379,A0005,0.05,8955
C00004380,B00004380,A0030,0.02,14890
C00004381,B00004381,A0041,0.1,26740
C00004382,B00004382,A0016,0.02,20272
C00004383,B00004383,A0060,0.15,43050
C00004384,B00004384,A0002,0.15,24900
C00004385,B00004385,A0013,0.02,4758
C00004386,B00004386,A0029,0.02,358
C00004387,B00004387,A0005,0.1,10850
C00004388,B00004388,A0059,0.05,15120
C00004389,B00004389,A0051,0.15,33480
C00004390,B00004390,A0041,0.03,12558
C00004391,B00004391,A0039,0.1,23940
C00004392,B00004392,A0026,0.03,486
C00004393,B00004393,A0025,0.03,3756
C00004394,B00004394,A0060,0.15,16800
C00004395,B00004395,A0008,0.02,4650
C00004396,B00004396,A0044,0.03,6669
C00004397,B00004397,A0011,0.15,15210
C00004398,B00004398,A0022,0.05,14188
C00004399,B00004399,A0038,0.03,6765
C00004400,B00004400,A0053,0.15,6030
C00004401,B00004401,A0043,0.1,29120
C00004402,B00004402,A0043,0.03,5967
C00004403,B00004403,A0048,0.15,32130
C00004404,B00004404,A0015,0.15,39105
C00004405,B00004405,A0007,0.03,5238
C00004406,B00004406,A0055,0.15,91065
C00004407,B00004407,A0048,0.1,1960
C00004408,B00004408,A0053,0.15,59850
C00004409,B00004409,A0042,0.02,13460
C00004410,B00004410,A0002,0.15,30645
C00004411,B00004411,A0046,0.15,20040
C00004412,B00004412,A0055,0.15,24465
C00004413,B00004413,A0029,0.03,11913
C00004414,B00004414,A0028,0.05,10175
C00004415,B00004415,A0053,0.02,312
C00004416,B00004416,A0027,0.1,26130
C00004417,B00004417,A0032,0.02,4592
C00004418,B00004418,A0045,0.03,4221
C00004419,B00004419,A0053,0.1,24050
C00004420,B00004420,A0028,0.15,17535
C00004421,B00004421,A0057,0.02,4394
C00004422,B00004422,A0047,0.02,2400
C00004423,B00004423,A0010,0.02,3528
C00004424,B00004424,A0042,0.05,40620
C00004425,B00004425,A0016,0.05,10380
C00004426,B00004426,A0027,0.02,5670
C00004427,B00004427,A0035,0.02,348
C00004428,B00004428,A0032,0.02,1320
C00004429,B00004429,A0020,0.15,141660
C00004430,B00004430,A0006,0.02,1325
C00004431,B00004431,A0031,0.15,43875
C00004432,B00004432,A0044,0.02,3586
C00004433,B00004433,A0006,0.02,6432
C00004434,B00004434,A0011,0.15,11220
C00004435,B00004435,A0033,0.15,6975
C00004436,B00004436,A0038,0.02,2300
C00004437,B00004437,A0045,0.1,15600
C00004438,B00004438,A0011,0.05,8600
C00004439,B00004439,A0050,0.15,9450
C00004440,B00004440,A0022,0.03,2130
C00004441,B00004441,A0028,0.02,1812
C00004442,B00004442,A0046,0.03,5790
C00004443,B00004443,A0010,0.1,17280
C00004444,B00004444,A0010,0.02,988
C00004445,B00004445,A0006,0.15,33660
C00004446,B00004446,A0006,0.15,19440
C00004447,B00004447,A0031,0.03,5640
C00004448,B00004448,A0058,0.1,3820
C00004449,B00004449,A0039,0.03,3150
C00004450,B00004450,A0041,0.1,32040
C00004451,B00004451,A0017,0.03,7398
C00004452,B00004452,A0058,0.15,10875
C00004453,B00004453,A0045,0.15,52920
C00004454,B00004454,A0049,0.15,64569
C00004455,B00004455,A0051,0.15,28800
C00004456,B00004456,A0052,0.02,3916
C00004457,B00004457,A0045,0.02,11620
C00004458,B00004458,A0051,0.05,6900
C00004459,B00004459,A0059,0.02,762
C00004460,B00004460,A0022,0.03,12960
C00004461,B00004461,A0048,0.02,1750
C00004462,B00004462,A0034,0.05,15200
C00004463,B00004463,A0044,0.1,26040
C00004464,B00004464,A0055,0.15,11895
C00004465,B00004465,A0039,0.15,17910
C00004466,B00004466,A0037,0.02,1040
C00004467,B00004467,A0043,0.02,4818
C00004468,B00004468,A0044,0.02,2772
C00004469,B00004469,A0003,0.05,6240
C00004470,B00004470,A0012,0.02,2352
C00004471,B00004471,A0032,0.05,16245
C00004472,B00004472,A0005,0.1,3060
C00004473,B00004473,A0009,0.03,6120
C00004474,B00004474,A0052,0.05,2190
C00004475,B00004475,A0060,0.15,34920
C00004476,B00004476,A0041,0.02,512
C00004477,B00004477,A0007,0.15,29700
C00004478,B00004478,A0050,0.15,30360
C00004479,B00004479,A0048,0.05,3210
C00004480,B00004480,A0032,0.1,78500
C00004481,B00004481,A0007,0.15,110670
C00004482,B00004482,A0017,0.15,30150
C00004483,B00004483,A0059,0.05,6025
C00004484,B00004484,A0023,0.02,1128
C00004485,B00004485,A0038,0.02,1194
C00004486,B00004486,A0042,0.02,3432
C00004487,B00004487,A0015,0.15,36135
C00004488,B00004488,A0059,0.15,67680
C00004489,B00004489,A0016,0.02,1096
C00004490,B00004490,A0055,0.1,8300
C00004491,B00004491,A0037,0.15,143460
C00004492,B00004492,A0001,0.03,11844
C00004493,B00004493,A0057,0.02,7536
C00004494,B00004494,A0012,0.02,1780
C00004495,B00004495,A0035,0.02,3276
C00004496,B00004496,A0024,0.15,31200
C00004497,B00004497,A0032,0.15,26460
C00004498,B00004498,A0041,0.15,19035
C00004499,B00004499,A0002,0.05,15800
C00004500,B00004500,A0033,0.15,27660
C00004501,B00004501,A0009,0.02,470
C00004502,B00004502,A0016,0.15,33780
C00004503,B00004503,A0034,0.02,3120
C00004504,B00004504,A0058,0.15,4950
C00004505,B00004505,A0053,0.02,17380
C00004506,B00004506,A0032,0.02,6216
C00004507,B00004507,A0007,0.03,5700
C00004508,B00004508,A0048,0.02,7376
C00004509,B00004509,A0058,0.15,13500
C00004510,B00004510,A0002,0.03,3096
C00004511,B00004511,A0049,0.1,8050
C00004512,B00004512,A0051,0.1,26510
C00004513,B00004513,A0055,0.1,11200
C00004514,B00004514,A0056,0.15,67680
C00004515,B00004515,A0056,0.02,332
C00004516,B00004516,A0024,0.02,1740
C00004517,B00004517,A0025,0.02,3040
C00004518,B00004518,A0056,0.03,12330
C00004519,B00004519,A0043,0.02,1116
C00004520,B00004520,A0037,0.15,19200
C00004521,B00004521,A0031,0.02,298
C00004522,B00004522,A0056,0.02,19162
C00004523,B00004523,A0034,0.03,5640
C00004524,B00004524,A0050,0.03,804
C00004525,B00004525,A0037,0.02,2136
C00004526,B00004526,A0002,0.02,1504
C00004527,B00004527,A0049,0.05,4000
C00004528,B00004528,A0015,0.03,5496
C00004529,B00004529,A0060,0.15,33390
C00004530,B00004530,A0035,0.03,2709
C00004531,B00004531,A0030,0.03,690
C00004532,B00004532,A0036,0.15,18090
C00004533,B00004533,A0004,0.05,13980
C00004534,B00004534,A0002,0.02,38376
C00004535,B00004535,A0030,0.15,31020
C00004536,B00004536,A0011,0.15,92730
C00004537,B00004537,A0047,0.05,1020
C00004538,B00004538,A0010,0.02,3840
C00004539,B00004539,A0009,0.03,486
C00004540,B00004540,A0032,0.05,8492
C00004541,B00004541,A0037,0.02,5432
C00004542,B00004542,A0049,0.03,1188
C00004543,B00004543,A0010,0.1,25419
C00004544,B00004544,A0031,0.1,24090
C00004545,B00004545,A0040,0.03,2097
C00004546,B00004546,A0051,0.02,1548
C00004547,B00004547,A0007,0.03,5211
C00004548,B00004548,A0044,0.15,27900
C00004549,B00004549,A0017,0.03,2412
C00004550,B00004550,A0006,0.05,7480
C00004551,B00004551,A0023,0.02,6146
C00004552,B00004552,A0004,0.05,12300
C00004553,B00004553,A0011,0.02,1236
C00004554,B00004554,A0001,0.02,10080
C00004555,B00004555,A0012,0.02,5122
C00004556,B00004556,A0020,0.02,356
C00004557,B00004557,A0019,0.02,3652
C00004558,B00004558,A0043,0.02,1794
C00004559,B00004559,A0047,0.02,3408
C00004560,B00004560,A0027,0.03,8931
C00004561,B00004561,A0041,0.03,5400
C00004562,B00004562,A0047,0.15,11880
C00004563,B00004563,A0030,0.15,40320
C00004564,B00004564,A0007,0.02,8996
C00004565,B00004565,A0048,0.03,5355
C00004566,B00004566,A0019,0.02,6264
C00004567,B00004567,A0049,0.15,3180
C00004568,B00004568,A0003,0.15,18780
C00004569,B00004569,A0021,0.02,6424
C00004570,B00004570,A0045,0.03,4887
C00004571,B00004571,A0024,0.15,29250
C00004572,B00004572,A0025,0.02,780
C00004573,B00004573,A0035,0.1,11350
C00004574,B00004574,A0054,0.02,952
C00004575,B00004575,A0008,0.02,2608
C00004576,B00004576,A0006,0.05,3375
C00004577,B00004577,A0025,0.03,8358
C00004578,B00004578,A0005,0.1,5980
C00004579,B00004579,A0015,0.02,358
C00004580,B00004580,A0028,0.02,3780
C00004581,B00004581,A0021,0.03,2028
C00004582,B00004582,A0058,0.15,17145
C00004583,B00004583,A0017,0.15,16830
C00004584,B00004584,A0026,0.02,3000
C00004585,B00004585,A0039,0.03,6990
C00004586,B00004586,A0024,0.15,15150
C00004587,B00004587,A0014,0.05,50175
C00004588,B00004588,A0050,0.02,3978
C00004589,B00004589,A0056,0.15,37440
C00004590,B00004590,A0052,0.02,6600
C00004591,B00004591,A0024,0.03,13500
C00004592,B00004592,A0034,0.1,3640
C00004593,B00004593,A0031,0.05,2020
C00004594,B00004594,A0036,0.15,25575
C00004595,B00004595,A0017,0.02,4608
C00004596,B00004596,A0012,0.05,4860
C00004597,B00004597,A0028,0.05,5940
C00004598,B00004598,A0049,0.15,6975
C00004599,B00004599,A0050,0.15,166920
C00004600,B00004600,A0024,0.15,27120
C00004601,B00004601,A0010,0.15,36075
C00004602,B00004602,A0011,0.15,261900
C00004603,B00004603,A0026,0.02,4224
C00004604,B00004604,A0041,0.03,43800
C00004605,B00004605,A0042,0.1,16170
C00004606,B00004606,A0053,0.02,4180
C00004607,B00004607,A0030,0.03,10566
C00004608,B00004608,A0012,0.15,30030
C00004609,B00004609,A0051,0.15,25650
C00004610,B00004610,A0055,0.03,594
C00004611,B00004611,A0052,0.1,4580
C00004612,B00004612,A0036,0.05,4010
C00004613,B00004613,A0041,0.03,9048
C00004614,B00004614,A0051,0.05,87500
C00004615,B00004615,A0046,0.02,2412
C00004616,B00004616,A0030,0.05,16140
C00004617,B00004617,A0056,0.02,7404
C00004618,B00004618,A0053,0.05,8220
C00004619,B00004619,A0014,0.15,41265
C00004620,B00004620,A0041,0.1,77300
C00004621,B00004621,A0041,0.03,11325
C00004622,B00004622,A0020,0.1,20440
C00004623,B00004623,A0008,0.1,29960
C00004624,B00004624,A0033,0.15,27720
C00004625,B00004625,A0008,0.02,350
C00004626,B00004626,A0009,0.03,10650
C00004627,B00004627,A0041,0.15,13500
C00004628,B00004628,A0020,0.15,20280
C00004629,B00004629,A0036,0.05,7760
C00004630,B00004630,A0047,0.02,2144
C00004631,B00004631,A0055,0.1,36240
C00004632,B00004632,A0032,0.15,30240
C00004633,B00004633,A0010,0.02,10332
C00004634,B00004634,A0050,0.15,17280
C00004635,B00004635,A0002,0.05,6435
C00004636,B00004636,A0010,0.05,30800
C00004637,B00004637,A0011,0.15,5145
C00004638,B00004638,A0033,0.05,62325
C00004639,B00004639,A0013,0.03,1863
C00004640,B00004640,A0048,0.05,5425
C00004641,B00004641,A0006,0.02,10344
C00004642,B00004642,A0002,0.03,6396
C00004643,B00004643,A0049,0.15,29550
C00004644,B00004644,A0031,0.05,11635
C00004645,B00004645,A0018,0.15,41790
C00004646,B00004646,A0021,0.02,4488
C00004647,B00004647,A0010,0.15,181800
C00004648,B00004648,A0033,0.02,7728
C00004649,B00004649,A0006,0.15,29504
C00004650,B00004650,A0057,0.1,74800
C00004651,B00004651,A0060,0.02,2492
C00004652,B00004652,A0037,0.1,6260
C00004653,B00004653,A0025,0.15,5910
C00004654,B00004654,A0022,0.15,86190
C00004655,B00004655,A0053,0.1,6330
C00004656,B00004656,A0044,0.05,3760
C00004657,B00004657,A0024,0.02,15466
C00004658,B00004658,A0039,0.1,13680
C00004659,B00004659,A0010,0.1,14340
C00004660,B00004660,A0017,0.05,11305
C00004661,B00004661,A0060,0.1,11280
C00004662,B00004662,A0045,0.1,19800
C00004663,B00004663,A0005,0.15,26730
C00004664,B00004664,A0003,0.1,4500
C00004665,B00004665,A0010,0.1,80190
C00004666,B00004666,A0027,0.15,15210
C00004667,B00004667,A0004,0.02,2338
C00004668,B00004668,A0045,0.02,6644
C00004669,B00004669,A0060,0.15,20100
C00004670,B00004670,A0049,0.15,27600
C00004671,B00004671,A0054,0.15,59850
C00004672,B00004672,A0014,0.02,3408
C00004673,B00004673,A0025,0.1,26350
C00004674,B00004674,A0025,0.1,23520
C00004675,B00004675,A0034,0.05,10290
C00004676,B00004676,A0052,0.1,174200
C00004677,B00004677,A0029,0.02,23022
C00004678,B00004678,A0043,0.03,7449
C00004679,B00004679,A0052,0.1,33950
C00004680,B00004680,A0014,0.15,28140
C00004681,B00004681,A0033,0.15,39780
C00004682,B00004682,A0056,0.15,7200
C00004683,B00004683,A0024,0.15,56340
C00004684,B00004684,A0003,0.1,3840
C00004685,B00004685,A0058,0.1,3320
C00004686,B00004686,A0017,0.1,31200
C00004687,B00004687,A0015,0.03,5472
C00004688,B00004688,A0035,0.15,8595
C00004689,B00004689,A0054,0.1,37600
C00004690,B00004690,A0018,0.03,3474
C00004691,B00004691,A0017,0.02,692
C00004692,B00004692,A0005,0.15,31680
C00004693,B00004693,A0025,0.15,88530
C00004694,B00004694,A0043,0.15,43140
C00004695,B00004695,A0001,0.1,21400
C00004696,B00004696,A0060,0.02,3552
C00004697,B00004697,A0030,0.05,12705
C00004698,B00004698,A0012,0.02,26298
C00004699,B00004699,A0055,0.05,9130
C00004700,B00004700,A0036,0.05,22080
C00004701,B00004701,A0054,0.05,2475
C00004702,B00004702,A0012,0.1,26960
C00004703,B00004703,A0030,0.1,8960
C00004704,B00004704,A0013,0.1,46800
C00004705,B00004705,A0054,0.02,2700
C00004706,B00004706,A0018,0.02,4376
C00004707,B00004707,A0009,0.05,14400
C00004708,B00004708,A0058,0.02,2496
C00004709,B00004709,A0045,0.02,4032
C00004710,B00004710,A0053,0.02,5486
C00004711,B00004711,A0030,0.1,2900
C00004712,B00004712,A0047,0.02,17072
C00004713,B00004713,A0025,0.02,346
C00004714,B00004714,A0014,0.02,17484
C00004715,B00004715,A0040,0.02,5148
C00004716,B00004716,A0007,0.02,3020
C00004717,B00004717,A0002,0.15,34020
C00004718,B00004718,A0053,0.02,3768
C00004719,B00004719,A0007,0.15,36224
C00004720,B00004720,A0035,0.03,6318
C00004721,B00004721,A0010,0.05,4690
C00004722,B00004722,A0002,0.1,11550
C00004723,B00004723,A0003,0.03,3000
C00004724,B00004724,A0053,0.02,4088
C00004725,B00004725,A0049,0.03,7623
C00004726,B00004726,A0006,0.05,4380
C00004727,B00004727,A0054,0.15,22800
C00004728,B00004728,A0053,0.03,46260
C00004729,B00004729,A0035,0.1,56540
C00004730,B00004730,A0008,0.02,1450
C00004731,B00004731,A0004,0.15,71208
C00004732,B00004732,A0054,0.15,25725
C00004733,B00004733,A0045,0.02,8008
C00004734,B00004734,A0027,0.02,7560
C00004735,B00004735,A0006,0.15,35700
C00004736,B00004736,A0013,0.15,6795
C00004737,B00004737,A0005,0.02,5256
C00004738,B00004738,A0024,0.15,16380
C00004739,B00004739,A0007,0.15,14325
C00004740,B00004740,A0058,0.15,64935
C00004741,B00004741,A0026,0.02,3200
C00004742,B00004742,A0039,0.15,50325
C00004743,B00004743,A0027,0.05,9180
C00004744,B00004744,A0058,0.03,4242
C00004745,B00004745,A0018,0.1,2940
C00004746,B00004746,A0058,0.02,8388
C00004747,B00004747,A0048,0.15,31785
C00004748,B00004748,A0013,0.02,314
C00004749,B00004749,A0006,0.03,2412
C00004750,B00004750,A0060,0.15,23550
C00004751,B00004751,A0013,0.02,2844
C00004752,B00004752,A0033,0.03,19068
C00004753,B00004753,A0051,0.15,25500
C00004754,B00004754,A0022,0.15,87570
C00004755,B00004755,A0002,0.02,4108
C00004756,B00004756,A0051,0.1,16110
C00004757,B00004757,A0034,0.02,4788
C00004758,B00004758,A0054,0.1,22440
C00004759,B00004759,A0054,0.02,1832
C00004760,B00004760,A0017,0.02,3584
C00004761,B00004761,A0015,0.1,1410
C00004762,B00004762,A0024,0.05,13260
C00004763,B00004763,A0050,0.15,2400
C00004764,B00004764,A0045,0.15,63180
C00004765,B00004765,A0055,0.02,1360
C00004766,B00004766,A0035,0.1,1550
C00004767,B00004767,A0022,0.03,537
C00004768,B00004768,A0053,0.15,9840
C00004769,B00004769,A0028,0.1,24200
C00004770,B00004770,A0055,0.15,40500
C00004771,B00004771,A0050,0.15,28350
C00004772,B00004772,A0055,0.05,16466
C00004773,B00004773,A0053,0.1,46930
C00004774,B00004774,A0049,0.15,71610
C00004775,B00004775,A0057,0.02,1780
C00004776,B00004776,A0015,0.15,39930
C00004777,B00004777,A0017,0.02,846
C00004778,B00004778,A0012,0.02,4440
C00004779,B00004779,A0052,0.1,18200
C00004780,B00004780,A0002,0.02,5064
C00004781,B00004781,A0059,0.02,6408
C00004782,B00004782,A0054,0.1,16290
C00004783,B00004783,A0031,0.1,109060
C00004784,B00004784,A0031,0.15,159390
C00004785,B00004785,A0038,0.02,1656
C00004786,B00004786,A0060,0.02,7560
C00004787,B00004787,A0043,0.1,23940
C00004788,B00004788,A0033,0.02,5544
C00004789,B00004789,A0042,0.1,51930
C00004790,B00004790,A0055,0.02,4122
C00004791,B00004791,A0043,0.15,17910
C00004792,B00004792,A0044,0.15,45240
C00004793,B00004793,A0007,0.02,2040
C00004794,B00004794,A0007,0.15,15930
C00004795,B00004795,A0037,0.02,1434
C00004796,B00004796,A0028,0.05,1860
C00004797,B00004797,A0054,0.02,392
C00004798,B00004798,A0051,0.02,1048
C00004799,B00004799,A0015,0.15,66825
C00004800,B00004800,A0054,0.1,17730
C00004801,B00004801,A0052,0.02,684
C00004802,B00004802,A0004,0.15,5450
C00004803,B00004803,A0017,0.02,1716
C00004804,B00004804,A0060,0.02,1420
C00004805,B00004805,A0009,0.03,27342
C00004806,B00004806,A0058,0.15,49365
C00004807,B00004807,A0019,0.02,3936
C00004808,B00004808,A0006,0.15,5370
C00004809,B00004809,A0044,0.15,36000
C00004810,B00004810,A0037,0.02,3152
C00004811,B00004811,A0057,0.02,7140
C00004812,B00004812,A0012,0.02,1520
C00004813,B00004813,A0018,0.05,8040
C00004814,B00004814,A0059,0.03,14784
C00004815,B00004815,A0030,0.1,22920
C00004816,B00004816,A0031,0.03,1539
C00004817,B00004817,A0023,0.02,5864
C00004818,B00004818,A0043,0.15,78960
C00004819,B00004819,A0025,0.03,3822
C00004820,B00004820,A0050,0.03,672
C00004821,B00004821,A0016,0.02,33696
C00004822,B00004822,A0007,0.02,2900
C00004823,B00004823,A0024,0.1,41340
C00004824,B00004824,A0045,0.05,2175
C00004825,B00004825,A0036,0.1,12510
C00004826,B00004826,A0038,0.1,32640
C00004827,B00004827,A0053,0.1,35100
C00004828,B00004828,A0019,0.1,26740
C00004829,B00004829,A0012,0.02,16536
C00004830,B00004830,A0056,0.15,28080
C00004831,B00004831,A0006,0.02,1050
C00004832,B00004832,A0015,0.15,10920
C00004833,B00004833,A0059,0.15,25515
C00004834,B00004834,A0041,0.03,8316
C00004835,B00004835,A0047,0.02,340
C00004836,B00004836,A0041,0.05,4460
C00004837,B00004837,A0004,0.15,24840
C00004838,B00004838,A0013,0.1,12240
C00004839,B00004839,A0039,0.15,14760
C00004840,B00004840,A0005,0.15,32400
C00004841,B00004841,A0027,0.1,28140
C00004842,B00004842,A0052,0.15,18480
C00004843,B00004843,A0007,0.02,2592
C00004844,B00004844,A0005,0.05,5950
C00004845,B00004845,A0034,0.15,17910
C00004846,B00004846,A0039,0.15,23760
C00004847,B00004847,A0016,0.15,34230
C00004848,B00004848,A0007,0.05,4700
C00004849,B00004849,A0011,0.15,23265
C00004850,B00004850,A0002,0.03,1356
C00004851,B00004851,A0031,0.05,15560
C00004852,B00004852,A0020,0.02,4180
C00004853,B00004853,A0001,0.05,8865
C00004854,B00004854,A0017,0.02,326
C00004855,B00004855,A0032,0.02,2560
C00004856,B00004856,A0044,0.15,11670
C00004857,B00004857,A0006,0.02,9048
C00004858,B00004858,A0001,0.15,26730
C00004859,B00004859,A0059,0.03,8232
C00004860,B00004860,A0007,0.15,56250
C00004861,B00004861,A0029,0.05,10750
C00004862,B00004862,A0006,0.15,36510
C00004863,B00004863,A0024,0.05,20340
C00004864,B00004864,A0005,0.15,34740
C00004865,B00004865,A0018,0.02,5910
C00004866,B00004866,A0021,0.02,4334
C00004867,B00004867,A0011,0.15,39420
C00004868,B00004868,A0038,0.15,16440
C00004869,B00004869,A0031,0.1,1620
C00004870,B00004870,A0059,0.15,100035
C00004871,B00004871,A0028,0.02,2044
C00004872,B00004872,A0018,0.03,3990
C00004873,B00004873,A0028,0.05,5670
C00004874,B00004874,A0006,0.05,33750
C00004875,B00004875,A0012,0.02,1640
C00004876,B00004876,A0049,0.15,24750
C00004877,B00004877,A0022,0.15,119250
C00004878,B00004878,A0044,0.15,16860
C00004879,B00004879,A0054,0.15,7605
C00004880,B00004880,A0020,0.03,52833
C00004881,B00004881,A0029,0.05,7020
C00004882,B00004882,A0021,0.02,2880
C00004883,B00004883,A0049,0.1,6810
C00004884,B00004884,A0045,0.05,9295
C00004885,B00004885,A0060,0.02,520
C00004886,B00004886,A0019,0.15,24450
C00004887,B00004887,A0002,0.02,1616
C00004888,B00004888,A0016,0.02,14160
C00004889,B00004889,A0047,0.02,3376
C00004890,B00004890,A0014,0.1,15920
C00004891,B00004891,A0019,0.03,1719
C00004892,B00004892,A0050,0.15,9540
C00004893,B00004893,A0043,0.05,935
C00004894,B00004894,A0046,0.05,24220
C00004895,B00004895,A0024,0.05,8280
C00004896,B00004896,A0012,0.02,2480
C00004897,B00004897,A0058,0.02,1272
C00004898,B00004898,A0024,0.15,74085
C00004899,B00004899,A0022,0.03,24570
C00004900,B00004900,A0023,0.1,21560
C00004901,B00004901,A0011,0.15,14760
C00004902,B00004902,A0005,0.1,42140
C00004903,B00004903,A0012,0.15,311415
C00004904,B00004904,A0040,0.05,4175
C00004905,B00004905,A0021,0.15,30600
C00004906,B00004906,A0020,0.05,27225
C00004907,B00004907,A0039,0.02,2996
C00004908,B00004908,A0050,0.03,2376
C00004909,B00004909,A0005,0.1,15120
C00004910,B00004910,A0050,0.02,3690
C00004911,B00004911,A0003,0.03,23439
C00004912,B00004912,A0008,0.1,15750
C00004913,B00004913,A0011,0.05,9540
C00004914,B00004914,A0005,0.02,370
C00004915,B00004915,A0032,0.1,27680
C00004916,B00004916,A0055,0.1,6200
C00004917,B00004917,A0025,0.15,27840
C00004918,B00004918,A0052,0.03,9324
C00004919,B00004919,A0033,0.02,10764
C00004920,B00004920,A0031,0.15,35280
C00004921,B00004921,A0008,0.15,41790
C00004922,B00004922,A0012,0.05,8940
C00004923,B00004923,A0056,0.02,3648
C00004924,B00004924,A0013,0.15,31920
C00004925,B00004925,A0023,0.15,9840
C00004926,B00004926,A0002,0.15,15435
C00004927,B00004927,A0031,0.05,1350
C00004928,B00004928,A0059,0.15,73515
C00004929,B00004929,A0012,0.15,150990
C00004930,B00004930,A0052,0.1,9040
C00004931,B00004931,A0043,0.03,13842
C00004932,B00004932,A0012,0.15,35820
C00004933,B00004933,A0009,0.05,9700
C00004934,B00004934,A0013,0.1,42300
C00004935,B00004935,A0035,0.02,3100
C00004936,B00004936,A0025,0.15,19980
C00004937,B00004937,A0009,0.03,46827
C00004938,B00004938,A0021,0.05,2940
C00004939,B00004939,A0029,0.15,4470
C00004940,B00004940,A0026,0.02,9810
C00004941,B00004941,A0010,0.02,2940
C00004942,B00004942,A0053,0.15,5190
C00004943,B00004943,A0002,0.15,63900
C00004944,B00004944,A0012,0.1,16560
C00004945,B00004945,A0040,0.1,29400
C00004946,B00004946,A0042,0.15,55965
C00004947,B00004947,A0021,0.1,16500
C00004948,B00004948,A0018,0.15,63000
C00004949,B00004949,A0041,0.1,16100
C00004950,B00004950,A0043,0.02,1584
C00004951,B00004951,A0038,0.15,15075
C00004952,B00004952,A0012,0.05,9600
C00004953,B00004953,A0027,0.15,16695
C00004954,B00004954,A0005,0.03,5040
C00004955,B00004955,A0059,0.15,12300
C00004956,B00004956,A0002,0.1,23400
C00004957,B00004957,A0060,0.02,588
C00004958,B00004958,A0019,0.02,2534
C00004959,B00004959,A0038,0.02,2896
C00004960,B00004960,A0014,0.15,13995
C00004961,B00004961,A0017,0.03,16086
C00004962,B00004962,A0053,0.1,47600
C00004963,B00004963,A0059,0.05,1972
C00004964,B00004964,A0004,0.1,17840
C00004965,B00004965,A0053,0.03,1140
C00004966,B00004966,A0059,0.1,15500
C00004967,B00004967,A0040,0.15,15930
C00004968,B00004968,A0006,0.02,2250
C00004969,B00004969,A0045,0.15,16695
C00004970,B00004970,A0060,0.02,1424
C00004971,B00004971,A0050,0.02,2196
C00004972,B00004972,A0059,0.15,17460
C00004973,B00004973,A0013,0.02,1504
C00004974,B00004974,A0011,0.15,42660
C00004975,B00004975,A0002,0.15,6900
C00004976,B00004976,A0007,0.15,46530
C00004977,B00004977,A0046,0.1,6920
C00004978,B00004978,A0035,0.05,5950
C00004979,B00004979,A0050,0.15,75660
C00004980,B00004980,A0015,0.05,2235
C00004981,B00004981,A0005,0.03,13851
C00004982,B00004982,A0018,0.1,36870
C00004983,B00004983,A0001,0.15,121500
C00004984,B00004984,A0055,0.02,12544
C00004985,B00004985,A0019,0.03,9690
C00004986,B00004986,A0044,0.02,1200
C00004987,B00004987,A0013,0.15,28530
C00004988,B00004988,A0057,0.1,7960
C00004989,B00004989,A0039,0.02,2002
C00004990,B00004990,A0046,0.15,62505
C00004991,B00004991,A0060,0.02,2184
C00004992,B00004992,A0027,0.02,936
C00004993,B00004993,A0057,0.02,780
C00004994,B00004994,A0053,0.1,23400
C00004995,B00004995,A0036,0.1,157680
C00004996,B00004996,A0030,0.02,3388
C00004997,B00004997,A0013,0.1,126450
C00004998,B00004998,A0060,0.03,1170
C00004999,B00004999,A0029,0.02,2640
C00005000,B00005000,A0012,0.15,11700
C00005001,B00005001,A0029,0.05,2760
C00005002,B00005002,A0031,0.02,4560
C00005003,B00005003,A0001,0.02,8460
C00005004,B00005004,A0001,0.15,70050
C00005005,B00005005,A0044,0.1,9640
C00005006,B00005006,A0011,0.05,5500
C00005007,B00005007,A0031,0.15,93555
C00005008,B00005008,A0015,0.02,13188
C00005009,B00005009,A0060,0.1,23430
C00005010,B00005010,A0010,0.05,7000
C00005011,B00005011,A0015,0.02,2730
C00005012,B00005012,A0008,0.02,2884
C00005013,B00005013,A0041,0.02,3048
C00005014,B00005014,A0031,0.02,8352
C00005015,B00005015,A0045,0.02,358
C00005016,B00005016,A0052,0.02,372
C00005017,B00005017,A0007,0.02,2848
C00005018,B00005018,A0058,0.15,141000
C00005019,B00005019,A0011,0.02,3670
C00005020,B00005020,A0046,0.1,133980
C00005021,B00005021,A0015,0.02,7520
C00005022,B00005022,A0025,0.05,11950
C00005023,B00005023,A0031,0.15,17100
C00005024,B00005024,A0019,0.02,3120
C00005025,B00005025,A0019,0.02,3200
C00005026,B00005026,A0053,0.02,1448
C00005027,B00005027,A0028,0.02,6412
C00005028,B00005028,A0005,0.02,1110
C00005029,B00005029,A0047,0.1,23280
C00005030,B00005030,A0031,0.05,5775
C00005031,B00005031,A0022,0.02,3720
C00005032,B00005032,A0007,0.15,10560
C00005033,B00005033,A0022,0.15,251820
C00005034,B00005034,A0003,0.05,2235
C00005035,B00005035,A0006,0.15,6015
C00005036,B00005036,A0006,0.1,25610
C00005037,B00005037,A0027,0.15,22575
C00005038,B00005038,A0025,0.15,57600
C00005039,B00005039,A0038,0.15,34200
C00005040,B00005040,A0053,0.02,12068
C00005041,B00005041,A0002,0.03,459
C00005042,B00005042,A0036,0.03,5334
C00005043,B00005043,A0058,0.05,4900
C00005044,B00005044,A0017,0.02,4500
C00005045,B00005045,A0022,0.15,84480
C00005046,B00005046,A0028,0.1,103050
C00005047,B00005047,A0025,0.03,2556
C00005048,B00005048,A0023,0.03,2595
C00005049,B00005049,A0033,0.15,33810
C00005050,B00005050,A0018,0.02,2944
C00005051,B00005051,A0007,0.1,21120
C00005052,B00005052,A0040,0.1,8960
C00005053,B00005053,A0019,0.15,5700
C00005054,B00005054,A0003,0.15,8550
C00005055,B00005055,A0006,0.15,42480
C00005056,B00005056,A0022,0.02,1116
C00005057,B00005057,A0006,0.05,7645
C00005058,B00005058,A0021,0.02,5304
C00005059,B00005059,A0048,0.15,23520
C00005060,B00005060,A0042,0.02,4108
C00005061,B00005061,A0020,0.15,6705
C00005062,B00005062,A0020,0.02,13700
C00005063,B00005063,A0011,0.02,2848
C00005064,B00005064,A0009,0.05,7140
C00005065,B00005065,A0031,0.15,15600
C00005066,B00005066,A0015,0.02,1824
C00005067,B00005067,A0049,0.02,11452
C00005068,B00005068,A0028,0.03,6534
C00005069,B00005069,A0019,0.05,15040
C00005070,B00005070,A0021,0.02,3234
C00005071,B00005071,A0037,0.1,25960
C00005072,B00005072,A0020,0.02,2808
C00005073,B00005073,A0011,0.02,2820
C00005074,B00005074,A0022,0.05,1560
C00005075,B00005075,A0009,0.02,1728
C00005076,B00005076,A0023,0.15,151440
C00005077,B00005077,A0060,0.05,13230
C00005078,B00005078,A0006,0.02,3184
C00005079,B00005079,A0010,0.15,32940
C00005080,B00005080,A0015,0.15,36900
C00005081,B00005081,A0039,0.15,34560
C00005082,B00005082,A0039,0.02,31980
C00005083,B00005083,A0056,0.02,996
C00005084,B00005084,A0003,0.15,34050
C00005085,B00005085,A0002,0.15,21750
C00005086,B00005086,A0001,0.03,7200
C00005087,B00005087,A0044,0.02,2880
C00005088,B00005088,A0050,0.15,41265
C00005089,B00005089,A0055,0.05,1510
C00005090,B00005090,A0015,0.1,18720
C00005091,B00005091,A0016,0.15,121800
C00005092,B00005092,A0042,0.1,16060
C00005093,B00005093,A0021,0.1,1420
C00005094,B00005094,A0055,0.15,34980
C00005095,B00005095,A0041,0.1,16170
C00005096,B00005096,A0042,0.1,28620
C00005097,B00005097,A0004,0.15,33000
C00005098,B00005098,A0047,0.05,7515
C00005099,B00005099,A0035,0.02,16464
C00005100,B00005100,A0043,0.03,9288
C00005101,B00005101,A0042,0.02,5348
C00005102,B00005102,A0005,0.05,680
C00005103,B00005103,A0001,0.05,10450
C00005104,B00005104,A0016,0.15,8955
C00005105,B00005105,A0046,0.05,14140
C00005106,B00005106,A0032,0.05,25025
C00005107,B00005107,A0036,0.15,46200
C00005108,B00005108,A0002,0.02,37248
C00005109,B00005109,A0046,0.05,6930
C00005110,B00005110,A0007,0.15,215550
C00005111,B00005111,A0020,0.02,2928
C00005112,B00005112,A0050,0.1,8040
C00005113,B00005113,A0046,0.15,17850
C00005114,B00005114,A0052,0.02,6256
C00005115,B00005115,A0019,0.03,6699
C00005116,B00005116,A0040,0.02,4160
C00005117,B00005117,A0051,0.1,23600
C00005118,B00005118,A0057,0.15,24240
C00005119,B00005119,A0024,0.05,17820
C00005120,B00005120,A0050,0.15,32955
C00005121,B00005121,A0027,0.03,6129
C00005122,B00005122,A0040,0.02,7008
C00005123,B00005123,A0057,0.05,1995
C00005124,B00005124,A0015,0.1,12780
C00005125,B00005125,A0057,0.02,916
C00005126,B00005126,A0004,0.1,27680
C00005127,B00005127,A0042,0.05,4160
C00005128,B00005128,A0016,0.02,4380
C00005129,B00005129,A0052,0.03,2160
C00005130,B00005130,A0045,0.02,3668
C00005131,B00005131,A0056,0.15,23580
C00005132,B00005132,A0004,0.02,2800
C00005133,B00005133,A0032,0.15,12000
C00005134,B00005134,A0035,0.15,16470
C00005135,B00005135,A0027,0.15,27000
C00005136,B00005136,A0058,0.02,1170
C00005137,B00005137,A0057,0.02,4340
C00005138,B00005138,A0038,0.15,12030
C00005139,B00005139,A0004,0.15,31140
C00005140,B00005140,A0005,0.02,954
C00005141,B00005141,A0057,0.15,41925
C00005142,B00005142,A0060,0.02,4248
C00005143,B00005143,A0013,0.02,2364
C00005144,B00005144,A0050,0.02,3720
C00005145,B00005145,A0025,0.1,48950
C00005146,B00005146,A0042,0.15,6930
C00005147,B00005147,A0008,0.02,3144
C00005148,B00005148,A0010,0.1,1930
C00005149,B00005149,A0057,0.15,18840
C00005150,B00005150,A0039,0.15,16830
C00005151,B00005151,A0026,0.02,2694
C00005152,B00005152,A0020,0.15,17400
C00005153,B00005153,A0004,0.15,21960
C00005154,B00005154,A0044,0.15,17310
C00005155,B00005155,A0038,0.03,5280
C00005156,B00005156,A0009,0.15,30750
C00005157,B00005157,A0017,0.02,3860
C00005158,B00005158,A0027,0.02,4004
C00005159,B00005159,A0002,0.1,27580
C00005160,B00005160,A0022,0.15,2535
C00005161,B00005161,A0014,0.1,2560
C00005162,B00005162,A0027,0.15,28080
C00005163,B00005163,A0058,0.02,4584
C00005164,B00005164,A0031,0.15,18135
C00005165,B00005165,A0015,0.02,4092
C00005166,B00005166,A0009,0.05,4455
C00005167,B00005167,A0044,0.1,23100
C00005168,B00005168,A0044,0.05,7260
C00005169,B00005169,A0052,0.1,41800
C00005170,B00005170,A0047,0.05,7200
C00005171,B00005171,A0046,0.02,4780
C00005172,B00005172,A0028,0.15,5100
C00005173,B00005173,A0056,0.02,2244
C00005174,B00005174,A0005,0.03,3144
C00005175,B00005175,A0042,0.15,42315
C00005176,B00005176,A0005,0.03,2016
C00005177,B00005177,A0056,0.02,4194
C00005178,B00005178,A0010,0.02,4672
C00005179,B00005179,A0045,0.02,5642
C00005180,B00005180,A0034,0.02,1576
C00005181,B00005181,A0014,0.02,396
C00005182,B00005182,A0017,0.05,1496
C00005183,B00005183,A0032,0.15,26400
C00005184,B00005184,A0054,0.03,774
C00005185,B00005185,A0013,0.02,6090
C00005186,B00005186,A0049,0.05,3490
C00005187,B00005187,A0026,0.15,15330
C00005188,B00005188,A0031,0.03,3120
C00005189,B00005189,A0043,0.05,8415
C00005190,B00005190,A0008,0.05,3030
C00005191,B00005191,A0022,0.03,22374
C00005192,B00005192,A0017,0.05,68100
C00005193,B00005193,A0005,0.15,69480
C00005194,B00005194,A0027,0.03,3345
C00005195,B00005195,A0054,0.1,5280
C00005196,B00005196,A0040,0.15,17955
C00005197,B00005197,A0029,0.02,768
C00005198,B00005198,A0006,0.15,36660
C00005199,B00005199,A0022,0.15,9360
C00005200,B00005200,A0001,0.03,4290
C00005201,B00005201,A0003,0.02,668
C00005202,B00005202,A0049,0.02,13104
C00005203,B00005203,A0043,0.05,7070
C00005204,B00005204,A0047,0.02,1272
C00005205,B00005205,A0013,0.02,1312
C00005206,B00005206,A0042,0.1,16650
C00005207,B00005207,A0045,0.1,13160
C00005208,B00005208,A0060,0.15,27390
C00005209,B00005209,A0060,0.1,21240
C00005210,B00005210,A0021,0.1,31120
C00005211,B00005211,A0012,0.02,358
C00005212,B00005212,A0007,0.15,124560
C00005213,B00005213,A0009,0.15,113220
C00005214,B00005214,A0006,0.02,4656
C00005215,B00005215,A0036,0.03,5784
C00005216,B00005216,A0028,0.05,14495
C00005217,B00005217,A0002,0.15,31566
C00005218,B00005218,A0004,0.03,7308
C00005219,B00005219,A0030,0.02,4564
C00005220,B00005220,A0043,0.05,5320
C00005221,B00005221,A0010,0.02,16822
C00005222,B00005222,A0060,0.15,10800
C00005223,B00005223,A0045,0.02,2496
C00005224,B00005224,A0040,0.02,2310
C00005225,B00005225,A0038,0.02,1624
C00005226,B00005226,A0044,0.02,7866
C00005227,B00005227,A0059,0.15,18060
C00005228,B00005228,A0047,0.1,9400
C00005229,B00005229,A0022,0.15,17310
C00005230,B00005230,A0040,0.03,528
C00005231,B00005231,A0041,0.15,8085
C00005232,B00005232,A0056,0.05,1610
C00005233,B00005233,A0024,0.05,7050
C00005234,B00005234,A0040,0.15,98550
C00005235,B00005235,A0025,0.1,11970
C00005236,B00005236,A0020,0.1,17680
C00005237,B00005237,A0011,0.02,12344
C00005238,B00005238,A0037,0.15,18900
C00005239,B00005239,A0048,0.02,4056
C00005240,B00005240,A0026,0.02,3312
C00005241,B00005241,A0030,0.15,68850
C00005242,B00005242,A0042,0.15,38940
C00005243,B00005243,A0010,0.05,4370
C00005244,B00005244,A0004,0.1,1560
C00005245,B00005245,A0019,0.1,38430
C00005246,B00005246,A0058,0.03,1146
C00005247,B00005247,A0048,0.1,21320
C00005248,B00005248,A0038,0.05,4200
C00005249,B00005249,A0017,0.1,11580
C00005250,B00005250,A0027,0.15,9540
C00005251,B00005251,A0013,0.1,75740
C00005252,B00005252,A0041,0.15,13275
C00005253,B00005253,A0019,0.15,25380
C00005254,B00005254,A0008,0.1,16100
C00005255,B00005255,A0026,0.05,32300
C00005256,B00005256,A0053,0.15,66060
C00005257,B00005257,A0013,0.15,29610
C00005258,B00005258,A0053,0.15,140880
C00005259,B00005259,A0051,0.05,930
C00005260,B00005260,A0041,0.1,24860
C00005261,B00005261,A0029,0.03,17334
C00005262,B00005262,A0016,0.03,5040
C00005263,B00005263,A0056,0.15,2505
C00005264,B00005264,A0019,0.05,8000
C00005265,B00005265,A0030,0.15,6450
C00005266,B00005266,A0057,0.15,15660
C00005267,B00005267,A0023,0.05,7590
C00005268,B00005268,A0036,0.02,8904
C00005269,B00005269,A0051,0.15,40560
C00005270,B00005270,A0007,0.1,95550
C00005271,B00005271,A0050,0.1,8850
C00005272,B00005272,A0034,0.02,5148
C00005273,B00005273,A0003,0.02,7040
C00005274,B00005274,A0044,0.1,20160
C00005275,B00005275,A0005,0.1,102200
C00005276,B00005276,A0017,0.05,24750
C00005277,B00005277,A0044,0.02,5568
C00005278,B00005278,A0007,0.15,28050
C00005279,B00005279,A0031,0.15,23700
C00005280,B00005280,A0036,0.15,12580
C00005281,B00005281,A0007,0.05,1940
C00005282,B00005282,A0028,0.1,6390
C00005283,B00005283,A0013,0.1,7680
C00005284,B00005284,A0007,0.05,13440
C00005285,B00005285,A0002,0.02,7830
C00005286,B00005286,A0057,0.05,7490
C00005287,B00005287,A0041,0.15,10875
C00005288,B00005288,A0047,0.15,47760
C00005289,B00005289,A0027,0.15,39825
C00005290,B00005290,A0033,0.03,32466
C00005291,B00005291,A0058,0.15,19920
C00005292,B00005292,A0055,0.02,8814
C00005293,B00005293,A0028,0.05,6320
C00005294,B00005294,A0038,0.02,14036
C00005295,B00005295,A0001,0.02,1830
C00005296,B00005296,A0005,0.15,9360
C00005297,B00005297,A0016,0.02,4284
C00005298,B00005298,A0058,0.15,96180
C00005299,B00005299,A0016,0.15,23760
C00005300,B00005300,A0028,0.15,42210
C00005301,B00005301,A0032,0.02,6450
C00005302,B00005302,A0017,0.1,9780
C00005303,B00005303,A0008,0.02,10144
C00005304,B00005304,A0026,0.02,1212
C00005305,B00005305,A0011,0.1,16280
C00005306,B00005306,A0045,0.02,960
C00005307,B00005307,A0001,0.15,16050
C00005308,B00005308,A0016,0.1,20610
C00005309,B00005309,A0023,0.1,14960
C00005310,B00005310,A0035,0.1,22685
C00005311,B00005311,A0043,0.05,47740
C00005312,B00005312,A0035,0.02,3780
C00005313,B00005313,A0057,0.1,5120
C00005314,B00005314,A0048,0.1,24200
C00005315,B00005315,A0057,0.02,1780
C00005316,B00005316,A0010,0.02,12826
C00005317,B00005317,A0047,0.15,31125
C00005318,B00005318,A0007,0.15,31500
C00005319,B00005319,A0034,0.1,8440
C00005320,B00005320,A0050,0.02,7506
C00005321,B00005321,A0046,0.03,516
C00005322,B00005322,A0056,0.05,5800
C00005323,B00005323,A0011,0.02,1038
C00005324,B00005324,A0039,0.05,17750
C00005325,B00005325,A0050,0.15,19950
C00005326,B00005326,A0005,0.15,24885
C00005327,B00005327,A0014,0.02,4632
C00005328,B00005328,A0002,0.15,30195
C00005329,B00005329,A0002,0.15,12870
C00005330,B00005330,A0018,0.02,2601
C00005331,B00005331,A0025,0.1,12720
C00005332,B00005332,A0015,0.05,5250
C00005333,B00005333,A0036,0.02,2080
C00005334,B00005334,A0017,0.1,10050
C00005335,B00005335,A0050,0.02,1836
C00005336,B00005336,A0023,0.02,13644
C00005337,B00005337,A0047,0.02,23133
C00005338,B00005338,A0027,0.02,1350
C00005339,B00005339,A0028,0.15,13860
C00005340,B00005340,A0031,0.15,28980
C00005341,B00005341,A0025,0.1,9480
C00005342,B00005342,A0020,0.02,1456
C00005343,B00005343,A0033,0.05,3700
C00005344,B00005344,A0035,0.15,12900
C00005345,B00005345,A0010,0.05,10885
C00005346,B00005346,A0021,0.05,7200
C00005347,B00005347,A0038,0.15,21735
C00005348,B00005348,A0050,0.15,41520
C00005349,B00005349,A0041,0.05,7600
C00005350,B00005350,A0022,0.15,20580
C00005351,B00005351,A0057,0.02,3192
C00005352,B00005352,A0047,0.02,5936
C00005353,B00005353,A0050,0.15,5400
C00005354,B00005354,A0058,0.1,10200
C00005355,B00005355,A0010,0.02,21700
C00005356,B00005356,A0026,0.05,37940
C00005357,B00005357,A0019,0.05,7240
C00005358,B00005358,A0011,0.02,3480
C00005359,B00005359,A0042,0.05,1360
C00005360,B00005360,A0053,0.02,31614
C00005361,B00005361,A0041,0.15,2730
C00005362,B00005362,A0053,0.03,3564
C00005363,B00005363,A0053,0.02,3672
C00005364,B00005364,A0045,0.05,14920
C00005365,B00005365,A0048,0.1,2050
C00005366,B00005366,A0039,0.1,13770
C00005367,B00005367,A0039,0.05,12480
C00005368,B00005368,A0026,0.15,14250
C00005369,B00005369,A0017,0.15,80160
C00005370,B00005370,A0022,0.02,3216
C00005371,B00005371,A0037,0.03,8385
C00005372,B00005372,A0002,0.15,13200
C00005373,B00005373,A0004,0.1,1360
C00005374,B00005374,A0058,0.05,6920
C00005375,B00005375,A0041,0.15,24465
C00005376,B00005376,A0012,0.03,5136
C00005377,B00005377,A0035,0.15,9360
C00005378,B00005378,A0035,0.02,5304
C00005379,B00005379,A0014,0.15,17640
C00005380,B00005380,A0028,0.02,12824
C00005381,B00005381,A0035,0.03,7728
C00005382,B00005382,A0020,0.02,13134
C00005383,B00005383,A0014,0.02,1708
C00005384,B00005384,A0039,0.02,5876
C00005385,B00005385,A0021,0.1,20800
C00005386,B00005386,A0047,0.05,3615
C00005387,B00005387,A0038,0.05,10155
C00005388,B00005388,A0028,0.1,28890
C00005389,B00005389,A0047,0.02,3536
C00005390,B00005390,A0051,0.15,14850
C00005391,B00005391,A0039,0.02,2410
C00005392,B00005392,A0051,0.05,11625
C00005393,B00005393,A0030,0.1,2160
C00005394,B00005394,A0058,0.03,7755
C00005395,B00005395,A0035,0.02,4648
C00005396,B00005396,A0022,0.02,4158
C00005397,B00005397,A0015,0.05,8580
C00005398,B00005398,A0027,0.05,18585
C00005399,B00005399,A0035,0.05,4920
C00005400,B00005400,A0035,0.05,21255
C00005401,B00005401,A0056,0.03,7644
C00005402,B00005402,A0001,0.02,5484
C00005403,B00005403,A0042,0.05,3045
C00005404,B00005404,A0047,0.1,12950
C00005405,B00005405,A0038,0.15,45360
C00005406,B00005406,A0023,0.02,2744
C00005407,B00005407,A0008,0.1,104260
C00005408,B00005408,A0044,0.02,2352
C00005409,B00005409,A0040,0.15,33810
C00005410,B00005410,A0012,0.02,3744
C00005411,B00005411,A0021,0.02,2736
C00005412,B00005412,A0051,0.02,4236
C00005413,B00005413,A0051,0.02,4048
C00005414,B00005414,A0022,0.15,17175
C00005415,B00005415,A0047,0.15,22950
C00005416,B00005416,A0033,0.1,13790
C00005417,B00005417,A0039,0.02,552
C00005418,B00005418,A0012,0.1,11760
C00005419,B00005419,A0020,0.05,8415
C00005420,B00005420,A0056,0.02,3936
C00005421,B00005421,A0001,0.02,2088
C00005422,B00005422,A0017,0.15,23526
C00005423,B00005423,A0008,0.02,670
C00005424,B00005424,A0045,0.02,5018
C00005425,B00005425,A0044,0.15,35070
C00005426,B00005426,A0033,0.05,25285
C00005427,B00005427,A0001,0.15,30225
C00005428,B00005428,A0012,0.02,10872
C00005429,B00005429,A0006,0.03,3402
C00005430,B00005430,A0029,0.1,5790
C00005431,B00005431,A0057,0.15,22350
C00005432,B00005432,A0023,0.15,17700
C00005433,B00005433,A0055,0.03,2112
C00005434,B00005434,A0021,0.15,26070
C00005435,B00005435,A0038,0.1,6200
C00005436,B00005436,A0054,0.15,230220
C00005437,B00005437,A0049,0.15,7335
C00005438,B00005438,A0032,0.1,1910
C00005439,B00005439,A0010,0.02,1990
C00005440,B00005440,A0028,0.15,31050
C00005441,B00005441,A0044,0.02,4320
C00005442,B00005442,A0026,0.03,6318
C00005443,B00005443,A0015,0.1,1360
C00005444,B00005444,A0050,0.15,48930
C00005445,B00005445,A0031,0.05,35200
C00005446,B00005446,A0056,0.02,9408
C00005447,B00005447,A0047,0.15,19320
C00005448,B00005448,A0058,0.02,4896
C00005449,B00005449,A0006,0.02,664
C00005450,B00005450,A0044,0.02,4704
C00005451,B00005451,A0020,0.05,2820
C00005452,B00005452,A0051,0.15,91800
C00005453,B00005453,A0046,0.02,2502
C00005454,B00005454,A0009,0.02,5148
C00005455,B00005455,A0023,0.03,14289
C00005456,B00005456,A0011,0.15,24030
C00005457,B00005457,A0019,0.02,31992
C00005458,B00005458,A0051,0.05,12155
C00005459,B00005459,A0026,0.05,8700
C00005460,B00005460,A0038,0.15,46440
C00005461,B00005461,A0040,0.03,43128
C00005462,B00005462,A0004,0.15,26325
C00005463,B00005463,A0025,0.02,932
C00005464,B00005464,A0009,0.15,10125
C00005465,B00005465,A0036,0.03,4554
C00005466,B00005466,A0002,0.02,710
C00005467,B00005467,A0050,0.03,16614
C00005468,B00005468,A0027,0.02,3580
C00005469,B00005469,A0026,0.02,2280
C00005470,B00005470,A0029,0.15,9600
C00005471,B00005471,A0018,0.15,8235
C00005472,B00005472,A0027,0.1,4620
C00005473,B00005473,A0058,0.1,19000
C00005474,B00005474,A0058,0.1,9400
C00005475,B00005475,A0052,0.02,3152
C00005476,B00005476,A0015,0.15,19740
C00005477,B00005477,A0010,0.15,17145
C00005478,B00005478,A0041,0.15,27000
C00005479,B00005479,A0046,0.1,57750
C00005480,B00005480,A0026,0.02,4668
C00005481,B00005481,A0022,0.02,26088
C00005482,B00005482,A0036,0.05,47040
C00005483,B00005483,A0045,0.15,17490
C00005484,B00005484,A0027,0.15,247380
C00005485,B00005485,A0015,0.15,7605
C00005486,B00005486,A0039,0.05,10560
C00005487,B00005487,A0043,0.03,639
C00005488,B00005488,A0031,0.02,616
C00005489,B00005489,A0030,0.02,3088
C00005490,B00005490,A0028,0.15,33825
C00005491,B00005491,A0011,0.05,48465
C00005492,B00005492,A0047,0.03,1704
C00005493,B00005493,A0048,0.03,7608
C00005494,B00005494,A0056,0.02,1546
C00005495,B00005495,A0045,0.15,9000
C00005496,B00005496,A0010,0.15,49050
C00005497,B00005497,A0005,0.02,6552
C00005498,B00005498,A0025,0.15,28380
C00005499,B00005499,A0009,0.1,24180
C00005500,B00005500,A0011,0.1,16480
C00005501,B00005501,A0055,0.05,16600
C00005502,B00005502,A0043,0.05,735
C00005503,B00005503,A0028,0.1,4920
C00005504,B00005504,A0021,0.02,2050
C00005505,B00005505,A0017,0.15,35850
C00005506,B00005506,A0013,0.15,133707
C00005507,B00005507,A0054,0.02,4856
C00005508,B00005508,A0013,0.02,3540
C00005509,B00005509,A0013,0.02,3410
C00005510,B00005510,A0054,0.02,2400
C00005511,B00005511,A0039,0.15,17955
C00005512,B00005512,A0055,0.1,12420
C00005513,B00005513,A0038,0.03,3006
C00005514,B00005514,A0012,0.15,10200
C00005515,B00005515,A0011,0.15,61710
C00005516,B00005516,A0052,0.15,44520
C00005517,B00005517,A0010,0.15,5850
C00005518,B00005518,A0037,0.02,1800
C00005519,B00005519,A0018,0.15,28800
C00005520,B00005520,A0045,0.15,14910
C00005521,B00005521,A0008,0.03,1152
C00005522,B00005522,A0017,0.05,14710
C00005523,B00005523,A0010,0.02,6920
C00005524,B00005524,A0033,0.15,27720
C00005525,B00005525,A0015,0.15,29816
C00005526,B00005526,A0055,0.15,34380
C00005527,B00005527,A0052,0.1,55320
C00005528,B00005528,A0043,0.15,30600
C00005529,B00005529,A0031,0.15,16020
C00005530,B00005530,A0059,0.05,3570
C00005531,B00005531,A0038,0.15,7140
C00005532,B00005532,A0013,0.1,43200
C00005533,B00005533,A0011,0.02,1992
C00005534,B00005534,A0046,0.02,452
C00005535,B00005535,A0038,0.15,13050
C00005536,B00005536,A0012,0.02,6620
C00005537,B00005537,A0018,0.05,9045
C00005538,B00005538,A0005,0.15,14625
C00005539,B00005539,A0009,0.02,760
C00005540,B00005540,A0020,0.02,810
C00005541,B00005541,A0018,0.15,85995
C00005542,B00005542,A0044,0.02,10464
C00005543,B00005543,A0008,0.05,880
C00005544,B00005544,A0047,0.02,1352
C00005545,B00005545,A0019,0.02,1280
C00005546,B00005546,A0020,0.02,2292
C00005547,B00005547,A0007,0.02,4576
C00005548,B00005548,A0033,0.02,5320
C00005549,B00005549,A0051,0.15,18060
C00005550,B00005550,A0024,0.02,6840
C00005551,B00005551,A0059,0.03,4818
C00005552,B00005552,A0050,0.02,3240
C00005553,B00005553,A0025,0.05,48000
C00005554,B00005554,A0023,0.1,5790
C00005555,B00005555,A0052,0.15,89505
C00005556,B00005556,A0054,0.02,3128
C00005557,B00005557,A0011,0.02,3888
C00005558,B00005558,A0047,0.15,24300
C00005559,B00005559,A0023,0.1,22100
C00005560,B00005560,A0036,0.02,5628
C00005561,B00005561,A0025,0.15,18690
C00005562,B00005562,A0053,0.15,18360
C00005563,B00005563,A0013,0.15,5010
C00005564,B00005564,A0042,0.1,21230
C00005565,B00005565,A0023,0.1,79040
C00005566,B00005566,A0059,0.02,21632
C00005567,B00005567,A0018,0.15,35940
C00005568,B00005568,A0030,0.05,16730
C00005569,B00005569,A0031,0.15,27180
C00005570,B00005570,A0036,0.15,17010
C00005571,B00005571,A0055,0.02,296
C00005572,B00005572,A0019,0.03,4502
C00005573,B00005573,A0014,0.02,6776
C00005574,B00005574,A0041,0.15,77400
C00005575,B00005575,A0010,0.02,3520
C00005576,B00005576,A0004,0.1,1640
C00005577,B00005577,A0047,0.05,19110
C00005578,B00005578,A0037,0.05,5460
C00005579,B00005579,A0054,0.15,133740
C00005580,B00005580,A0019,0.15,2760
C00005581,B00005581,A0030,0.03,1353
C00005582,B00005582,A0014,0.15,50985
C00005583,B00005583,A0027,0.03,12630
C00005584,B00005584,A0031,0.15,34650
C00005585,B00005585,A0019,0.02,2952
C00005586,B00005586,A0044,0.15,43050
C00005587,B00005587,A0039,0.05,815
C00005588,B00005588,A0032,0.03,3348
C00005589,B00005589,A0059,0.02,4540
C00005590,B00005590,A0015,0.02,3894
C00005591,B00005591,A0005,0.15,39000
C00005592,B00005592,A0005,0.15,20685
C00005593,B00005593,A0014,0.02,4900
C00005594,B00005594,A0022,0.15,28320
C00005595,B00005595,A0048,0.03,3384
C00005596,B00005596,A0049,0.02,1788
C00005597,B00005597,A0013,0.05,9060
C00005598,B00005598,A0046,0.1,12400
C00005599,B00005599,A0006,0.02,3204
C00005600,B00005600,A0035,0.02,3864
C00005601,B00005601,A0005,0.02,2184
C00005602,B00005602,A0005,0.15,14550
C00005603,B00005603,A0013,0.02,5082
C00005604,B00005604,A0011,0.1,24722
C00005605,B00005605,A0037,0.15,4110
C00005606,B00005606,A0056,0.1,31770
C00005607,B00005607,A0060,0.02,1884
C00005608,B00005608,A0001,0.02,1304
C00005609,B00005609,A0020,0.15,6000
C00005610,B00005610,A0054,0.05,16065
C00005611,B00005611,A0040,0.05,2385
C00005612,B00005612,A0048,0.02,374
C00005613,B00005613,A0038,0.1,32500
C00005614,B00005614,A0038,0.03,22113
C00005615,B00005615,A0033,0.02,6104
C00005616,B00005616,A0026,0.15,48180
C00005617,B00005617,A0005,0.05,10505
C00005618,B00005618,A0027,0.15,15300
C00005619,B00005619,A0015,0.05,4120
C00005620,B00005620,A0008,0.03,3840
C00005621,B00005621,A0042,0.05,5100
C00005622,B00005622,A0011,0.1,4290
C00005623,B00005623,A0044,0.05,7690
C00005624,B00005624,A0037,0.1,28140
C00005625,B00005625,A0036,0.05,10670
C00005626,B00005626,A0048,0.1,23520
C00005627,B00005627,A0038,0.02,1240
C00005628,B00005628,A0002,0.15,33150
C00005629,B00005629,A0015,0.05,5550
C00005630,B00005630,A0041,0.1,12060
C00005631,B00005631,A0048,0.15,23265
C00005632,B00005632,A0037,0.1,68580
C00005633,B00005633,A0041,0.15,36000
C00005634,B00005634,A0035,0.02,8238
C00005635,B00005635,A0005,0.15,24163
C00005636,B00005636,A0023,0.15,24000
C00005637,B00005637,A0006,0.1,73570
C00005638,B00005638,A0049,0.1,18880
C00005639,B00005639,A0034,0.15,46410
C00005640,B00005640,A0053,0.15,84960
C00005641,B00005641,A0032,0.15,9180
C00005642,B00005642,A0019,0.15,23040
C00005643,B00005643,A0051,0.03,10584
C00005644,B00005644,A0039,0.05,3060
C00005645,B00005645,A0047,0.15,23355
C00005646,B00005646,A0006,0.15,22800
C00005647,B00005647,A0040,0.02,3582
C00005648,B00005648,A0043,0.02,29946
C00005649,B00005649,A0013,0.02,8536
C00005650,B00005650,A0021,0.05,56750
C00005651,B00005651,A0002,0.05,1060
C00005652,B00005652,A0041,0.03,1167
C00005653,B00005653,A0032,0.02,7280
C00005654,B00005654,A0034,0.03,987
C00005655,B00005655,A0003,0.15,12450
C00005656,B00005656,A0003,0.1,28506
C00005657,B00005657,A0040,0.03,2034
C00005658,B00005658,A0010,0.05,6620
C00005659,B00005659,A0054,0.15,5880
C00005660,B00005660,A0053,0.1,6650
C00005661,B00005661,A0025,0.05,11690
C00005662,B00005662,A0059,0.02,6168
C00005663,B00005663,A0006,0.02,3222
C00005664,B00005664,A0006,0.1,14490
C00005665,B00005665,A0021,0.02,2880
C00005666,B00005666,A0036,0.1,8340
C00005667,B00005667,A0050,0.02,2156
C00005668,B00005668,A0008,0.15,10440
C00005669,B00005669,A0015,0.02,2408
C00005670,B00005670,A0019,0.1,50040
C00005671,B00005671,A0021,0.15,66360
C00005672,B00005672,A0030,0.1,3700
C00005673,B00005673,A0025,0.15,12600
C00005674,B00005674,A0019,0.05,2100
C00005675,B00005675,A0035,0.02,700
C00005676,B00005676,A0042,0.15,9420
C00005677,B00005677,A0034,0.15,14025
C00005678,B00005678,A0046,0.1,4500
C00005679,B00005679,A0019,0.05,29200
C00005680,B00005680,A0050,0.15,33165
C00005681,B00005681,A0032,0.03,2040
C00005682,B00005682,A0002,0.15,21960
C00005683,B00005683,A0045,0.15,335790
C00005684,B00005684,A0046,0.05,1140
C00005685,B00005685,A0028,0.15,4380
C00005686,B00005686,A0005,0.15,34155
C00005687,B00005687,A0044,0.02,3180
C00005688,B00005688,A0028,0.1,17880
C00005689,B00005689,A0010,0.15,12120
C00005690,B00005690,A0013,0.05,2070
C00005691,B00005691,A0020,0.02,302
C00005692,B00005692,A0043,0.15,55440
C00005693,B00005693,A0014,0.05,14901
C00005694,B00005694,A0050,0.05,4770
C00005695,B00005695,A0003,0.02,3840
C00005696,B00005696,A0053,0.05,106050
C00005697,B00005697,A0053,0.02,19460
C00005698,B00005698,A0041,0.15,26520
C00005699,B00005699,A0016,0.1,52830
C00005700,B00005700,A0028,0.03,7215
C00005701,B00005701,A0018,0.02,6560
C00005702,B00005702,A0002,0.02,2814
C00005703,B00005703,A0021,0.1,25200
C00005704,B00005704,A0057,0.1,21000
C00005705,B00005705,A0031,0.02,800
C00005706,B00005706,A0017,0.03,9630
C00005707,B00005707,A0023,0.15,35640
C00005708,B00005708,A0049,0.02,1098
C00005709,B00005709,A0024,0.15,23040
C00005710,B00005710,A0036,0.02,2712
C00005711,B00005711,A0013,0.02,6750
C00005712,B00005712,A0037,0.05,3850
C00005713,B00005713,A0008,0.15,16050
C00005714,B00005714,A0010,0.15,31680
C00005715,B00005715,A0056,0.15,17685
C00005716,B00005716,A0018,0.1,20430
C00005717,B00005717,A0021,0.15,66750
C00005718,B00005718,A0011,0.15,38850
C00005719,B00005719,A0035,0.05,815
C00005720,B00005720,A0033,0.15,17955
C00005721,B00005721,A0041,0.15,15150
C00005722,B00005722,A0030,0.02,5136
C00005723,B00005723,A0016,0.03,38907
C00005724,B00005724,A0019,0.05,6880
C00005725,B00005725,A0016,0.15,57510
C00005726,B00005726,A0027,0.02,6244
C00005727,B00005727,A0042,0.1,94920
C00005728,B00005728,A0005,0.05,4175
C00005729,B00005729,A0003,0.1,8970
C00005730,B00005730,A0017,0.03,8358
C00005731,B00005731,A0023,0.02,384
C00005732,B00005732,A0048,0.15,9180
C00005733,B00005733,A0030,0.02,4108
C00005734,B00005734,A0018,0.02,4440
C00005735,B00005735,A0041,0.02,8664
C00005736,B00005736,A0014,0.15,26400
C00005737,B00005737,A0014,0.02,1850
C00005738,B00005738,A0051,0.02,6060
C00005739,B00005739,A0054,0.02,10864
C00005740,B00005740,A0045,0.02,25322
C00005741,B00005741,A0028,0.1,26600
C00005742,B00005742,A0060,0.05,12360
C00005743,B00005743,A0025,0.02,1930
C00005744,B00005744,A0008,0.03,1836
C00005745,B00005745,A0017,0.15,19440
C00005746,B00005746,A0041,0.03,1860
C00005747,B00005747,A0059,0.05,5775
C00005748,B00005748,A0041,0.02,12474
C00005749,B00005749,A0037,0.05,2565
C00005750,B00005750,A0003,0.1,11950
C00005751,B00005751,A0039,0.02,1152
C00005752,B00005752,A0044,0.03,5880
C00005753,B00005753,A0014,0.02,14304
C00005754,B00005754,A0003,0.15,15825
C00005755,B00005755,A0008,0.03,4680
C00005756,B00005756,A0050,0.15,12180
C00005757,B00005757,A0027,0.05,4240
C00005758,B00005758,A0046,0.02,2220
C00005759,B00005759,A0013,0.15,17280
C00005760,B00005760,A0043,0.03,4515
C00005761,B00005761,A0036,0.05,2190
C00005762,B00005762,A0050,0.02,6552
C00005763,B00005763,A0004,0.05,9800
C00005764,B00005764,A0007,0.03,7812
C00005765,B00005765,A0024,0.02,396
C00005766,B00005766,A0009,0.15,22320
C00005767,B00005767,A0019,0.15,12900
C00005768,B00005768,A0003,0.1,1820
C00005769,B00005769,A0058,0.02,2592
C00005770,B00005770,A0023,0.02,28418
C00005771,B00005771,A0029,0.15,25950
C00005772,B00005772,A0053,0.1,20160
C00005773,B00005773,A0025,0.1,20580
C00005774,B00005774,A0021,0.1,15000
C00005775,B00005775,A0016,0.05,6930
C00005776,B00005776,A0007,0.15,68055
C00005777,B00005777,A0033,0.15,34125
C00005778,B00005778,A0033,0.02,3058
C00005779,B00005779,A0051,0.03,6192
C00005780,B00005780,A0022,0.05,1450
C00005781,B00005781,A0029,0.1,7050
C00005782,B00005782,A0053,0.1,22680
C00005783,B00005783,A0059,0.15,76065
C00005784,B00005784,A0021,0.03,7812
C00005785,B00005785,A0006,0.02,3600
C00005786,B00005786,A0020,0.02,3120
C00005787,B00005787,A0040,0.05,9555
C00005788,B00005788,A0037,0.1,73320
C00005789,B00005789,A0022,0.05,9264
C00005790,B00005790,A0050,0.15,2085
C00005791,B00005791,A0038,0.02,2844
C00005792,B00005792,A0031,0.15,34020
C00005793,B00005793,A0001,0.02,4180
C00005794,B00005794,A0045,0.15,8235
C00005795,B00005795,A0021,0.15,18045
C00005796,B00005796,A0001,0.1,28960
C00005797,B00005797,A0002,0.02,11676
C00005798,B00005798,A0021,0.05,41860
C00005799,B00005799,A0055,0.15,5700
C00005800,B00005800,A0039,0.05,2310
C00005801,B00005801,A0010,0.02,5024
C00005802,B00005802,A0054,0.1,6030
C00005803,B00005803,A0007,0.02,2060
C00005804,B00005804,A0033,0.05,8100
C00005805,B00005805,A0037,0.02,4540
C00005806,B00005806,A0053,0.05,11760
C00005807,B00005807,A0033,0.02,3328
C00005808,B00005808,A0008,0.15,33000
C00005809,B00005809,A0051,0.05,2085
C00005810,B00005810,A0008,0.15,106800
C00005811,B00005811,A0051,0.15,28500
C00005812,B00005812,A0040,0.02,394
C00005813,B00005813,A0050,0.03,7434
C00005814,B00005814,A0045,0.1,27860
C00005815,B00005815,A0033,0.02,2672
C00005816,B00005816,A0040,0.02,6670
C00005817,B00005817,A0032,0.15,31680
C00005818,B00005818,A0036,0.03,5040
C00005819,B00005819,A0038,0.02,4000
C00005820,B00005820,A0009,0.1,19170
C00005821,B00005821,A0022,0.03,5355
C00005822,B00005822,A0057,0.1,17000
C00005823,B00005823,A0028,0.02,11452
C00005824,B00005824,A0022,0.15,19560
C00005825,B00005825,A0014,0.1,7560
C00005826,B00005826,A0020,0.1,9590
C00005827,B00005827,A0037,0.05,4325
C00005828,B00005828,A0058,0.15,79950
C00005829,B00005829,A0002,0.15,41040
C00005830,B00005830,A0018,0.15,2910
C00005831,B00005831,A0008,0.15,2505
C00005832,B00005832,A0017,0.02,3720
C00005833,B00005833,A0012,0.15,25650
C00005834,B00005834,A0039,0.15,12330
C00005835,B00005835,A0042,0.02,2784
C00005836,B00005836,A0060,0.1,39270
C00005837,B00005837,A0012,0.15,48420
C00005838,B00005838,A0002,0.15,31590
C00005839,B00005839,A0005,0.02,23796
C00005840,B00005840,A0035,0.02,4498
C00005841,B00005841,A0033,0.02,808
C00005842,B00005842,A0002,0.15,14310
C00005843,B00005843,A0029,0.02,3340
C00005844,B00005844,A0047,0.15,128340
C00005845,B00005845,A0052,0.05,5915
C00005846,B00005846,A0022,0.02,2080
C00005847,B00005847,A0044,0.1,13230
C00005848,B00005848,A0016,0.02,3410
C00005849,B00005849,A0011,0.02,622
C00005850,B00005850,A0049,0.05,15080
C00005851,B00005851,A0013,0.02,3588
C00005852,B00005852,A0022,0.02,2004
C00005853,B00005853,A0052,0.03,19656
C00005854,B00005854,A0034,0.05,21480
C00005855,B00005855,A0020,0.15,68670
C00005856,B00005856,A0008,0.03,12636
C00005857,B00005857,A0052,0.1,5760
C00005858,B00005858,A0051,0.05,6750
C00005859,B00005859,A0001,0.02,16284
C00005860,B00005860,A0012,0.15,5850
C00005861,B00005861,A0037,0.02,716
C00005862,B00005862,A0045,0.02,1540
C00005863,B00005863,A0055,0.1,35120
C00005864,B00005864,A0024,0.02,14256
C00005865,B00005865,A0037,0.15,57420
C00005866,B00005866,A0046,0.15,20520
C00005867,B00005867,A0039,0.15,6975
C00005868,B00005868,A0009,0.02,380
C00005869,B00005869,A0007,0.02,3816
C00005870,B00005870,A0027,0.15,71100
C00005871,B00005871,A0039,0.15,127260
C00005872,B00005872,A0045,0.05,60344
C00005873,B00005873,A0040,0.02,1040
C00005874,B00005874,A0030,0.03,1050
C00005875,B00005875,A0038,0.15,11850
C00005876,B00005876,A0041,0.03,2736
C00005877,B00005877,A0060,0.05,890
C00005878,B00005878,A0021,0.02,4320
C00005879,B00005879,A0060,0.1,18500
C00005880,B00005880,A0006,0.15,52050
C00005881,B00005881,A0056,0.05,6800
C00005882,B00005882,A0030,0.1,90480
C00005883,B00005883,A0051,0.1,26180
C00005884,B00005884,A0052,0.02,22194
C00005885,B00005885,A0021,0.15,5490
C00005886,B00005886,A0010,0.15,311010
C00005887,B00005887,A0027,0.03,4992
C00005888,B00005888,A0017,0.02,14040
C00005889,B00005889,A0016,0.05,5490
C00005890,B00005890,A0059,0.02,4784
C00005891,B00005891,A0003,0.15,51150
C00005892,B00005892,A0017,0.05,7315
C00005893,B00005893,A0043,0.15,5595
C00005894,B00005894,A0018,0.15,33840
C00005895,B00005895,A0054,0.15,38010
C00005896,B00005896,A0060,0.1,32240
C00005897,B00005897,A0036,0.15,29295
C00005898,B00005898,A0023,0.05,1660
C00005899,B00005899,A0036,0.02,12500
C00005900,B00005900,A0025,0.15,25500
C00005901,B00005901,A0020,0.15,5610
C00005902,B00005902,A0007,0.1,15360
C00005903,B00005903,A0014,0.02,948
C00005904,B00005904,A0012,0.02,6552
C00005905,B00005905,A0053,0.05,4200
C00005906,B00005906,A0021,0.1,4320
C00005907,B00005907,A0011,0.05,3725
C00005908,B00005908,A0005,0.15,43995
C00005909,B00005909,A0039,0.15,40365
C00005910,B00005910,A0024,0.02,11232
C00005911,B00005911,A0059,0.03,4137
C00005912,B00005912,A0045,0.1,18480
C00005913,B00005913,A0028,0.15,12375
C00005914,B00005914,A0020,0.1,19800
C00005915,B00005915,A0044,0.1,15628
C00005916,B00005916,A0021,0.1,7040
C00005917,B00005917,A0018,0.05,15690
C00005918,B00005918,A0050,0.05,43670
C00005919,B00005919,A0056,0.05,5875
C00005920,B00005920,A0043,0.15,18150
C00005921,B00005921,A0030,0.1,49500
C00005922,B00005922,A0002,0.02,18030
C00005923,B00005923,A0053,0.05,8400
C00005924,B00005924,A0042,0.15,76230
C00005925,B00005925,A0012,0.02,1120
C00005926,B00005926,A0020,0.15,1920
C00005927,B00005927,A0054,0.05,6720
C00005928,B00005928,A0051,0.15,78780
C00005929,B00005929,A0039,0.15,30240
C00005930,B00005930,A0017,0.1,2250
C00005931,B00005931,A0042,0.1,15400
C00005932,B00005932,A0043,0.02,3384
C00005933,B00005933,A0047,0.1,11040
C00005934,B00005934,A0040,0.15,24165
C00005935,B00005935,A0024,0.15,27300
C00005936,B00005936,A0022,0.15,35550
C00005937,B00005937,A0039,0.1,3740
C00005938,B00005938,A0043,0.02,8064
C00005939,B00005939,A0047,0.03,3456
C00005940,B00005940,A0051,0.1,3380
C00005941,B00005941,A0052,0.02,4248
C00005942,B00005942,A0024,0.02,10868
C00005943,B00005943,A0030,0.15,6690
C00005944,B00005944,A0011,0.1,15660
C00005945,B00005945,A0027,0.05,1995
C00005946,B00005946,A0004,0.03,6102
C00005947,B00005947,A0009,0.15,51360
C00005948,B00005948,A0036,0.02,1848
C00005949,B00005949,A0048,0.1,43440
C00005950,B00005950,A0010,0.02,2348
C00005951,B00005951,A0001,0.1,10080
C00005952,B00005952,A0006,0.02,9958
C00005953,B00005953,A0032,0.05,810
C00005954,B00005954,A0004,0.03,9690
C00005955,B00005955,A0050,0.02,8910
C00005956,B00005956,A0059,0.15,43470
C00005957,B00005957,A0025,0.02,4224
C00005958,B00005958,A0033,0.15,43605
C00005959,B00005959,A0060,0.15,41880
C00005960,B00005960,A0027,0.02,1408
C00005961,B00005961,A0056,0.02,1218
C00005962,B00005962,A0053,0.15,35805
C00005963,B00005963,A0007,0.15,33330
C00005964,B00005964,A0014,0.03,1557
C00005965,B00005965,A0052,0.03,1440
C00005966,B00005966,A0056,0.02,1496
C00005967,B00005967,A0011,0.1,13503
C00005968,B00005968,A0043,0.15,3375
C00005969,B00005969,A0054,0.05,22320
C00005970,B00005970,A0013,0.15,11880
C00005971,B00005971,A0041,0.15,63900
C00005972,B00005972,A0017,0.15,6075
C00005973,B00005973,A0059,0.05,38880
C00005974,B00005974,A0031,0.15,8805
C00005975,B00005975,A0012,0.15,67860
C00005976,B00005976,A0050,0.1,5710
C00005977,B00005977,A0040,0.05,71820
C00005978,B00005978,A0023,0.02,4524
C00005979,B00005979,A0035,0.15,30690
C00005980,B00005980,A0008,0.15,23880
C00005981,B00005981,A0015,0.02,2422
C00005982,B00005982,A0038,0.15,60060
C00005983,B00005983,A0001,0.05,800
C00005984,B00005984,A0001,0.15,23490
C00005985,B00005985,A0043,0.05,19150
C00005986,B00005986,A0015,0.02,636
C00005987,B00005987,A0021,0.02,31438
C00005988,B00005988,A0017,0.05,8580
C00005989,B00005989,A0008,0.15,36960
C00005990,B00005990,A0028,0.02,3380
C00005991,B00005991,A0035,0.15,14310
C00005992,B00005992,A0006,0.05,5460
C00005993,B00005993,A0029,0.02,3980
C00005994,B00005994,A0003,0.03,1188
C00005995,B00005995,A0047,0.05,1850
C00005996,B00005996,A0001,0.02,708
C00005997,B00005997,A0038,0.15,34020
C00005998,B00005998,A0055,0.15,59355
C00005999,B00005999,A0057,0.15,14220
C00006000,B00006000,A0030,0.1,71890
C00006001,B00006001,A0043,0.15,9780
C00006002,B00006002,A0030,0.03,5019
C00006003,B00006003,A0030,0.03,5478
C00006004,B00006004,A0034,0.02,1092
C00006005,B00006005,A0046,0.03,4617
C00006006,B00006006,A0051,0.15,31980
C00006007,B00006007,A0003,0.02,3916
C00006008,B00006008,A0053,0.15,90750
C00006009,B00006009,A0029,0.03,6720
C00006010,B00006010,A0052,0.15,28980
C00006011,B00006011,A0039,0.1,26800
C00006012,B00006012,A0027,0.15,35475
C00006013,B00006013,A0022,0.03,6960
C00006014,B00006014,A0026,0.02,2376
C00006015,B00006015,A0021,0.02,1988
C00006016,B00006016,A0040,0.15,61005
C00006017,B00006017,A0022,0.15,70665
C00006018,B00006018,A0032,0.02,2370
C00006019,B00006019,A0056,0.15,103410
C00006020,B00006020,A0042,0.15,2580
C00006021,B00006021,A0046,0.02,1530
C00006022,B00006022,A0023,0.02,680
C00006023,B00006023,A0033,0.02,3384
C00006024,B00006024,A0053,0.15,2010
C00006025,B00006025,A0035,0.03,8064
C00006026,B00006026,A0058,0.1,18540
C00006027,B00006027,A0047,0.15,46605
C00006028,B00006028,A0037,0.03,7128
C00006029,B00006029,A0057,0.05,780
C00006030,B00006030,A0048,0.02,6052
C00006031,B00006031,A0017,0.1,4770
C00006032,B00006032,A0041,0.1,23520
C00006033,B00006033,A0017,0.02,7860
C00006034,B00006034,A0054,0.15,102060
C00006035,B00006035,A0022,0.15,11940
C00006036,B00006036,A0045,0.05,3960
C00006037,B00006037,A0047,0.05,10640
C00006038,B00006038,A0010,0.02,2976
C00006039,B00006039,A0039,0.1,33300
C00006040,B00006040,A0029,0.02,3408
C00006041,B00006041,A0048,0.15,56700
C00006042,B00006042,A0033,0.02,2176
C00006043,B00006043,A0021,0.03,4170
C00006044,B00006044,A0050,0.15,36855
C00006045,B00006045,A0012,0.1,39710
C00006046,B00006046,A0020,0.1,81840
C00006047,B00006047,A0046,0.02,1980
C00006048,B00006048,A0043,0.15,2505
C00006049,B00006049,A0036,0.1,4980
C00006050,B00006050,A0020,0.02,32616
C00006051,B00006051,A0033,0.1,12100
C00006052,B00006052,A0054,0.15,25515
C00006053,B00006053,A0043,0.1,7120
C00006054,B00006054,A0038,0.02,4158
C00006055,B00006055,A0045,0.02,7848
C00006056,B00006056,A0024,0.15,11340
C00006057,B00006057,A0031,0.1,24120
C00006058,B00006058,A0001,0.02,20930
C00006059,B00006059,A0048,0.02,2358
C00006060,B00006060,A0058,0.02,10076
C00006061,B00006061,A0039,0.15,11730
C00006062,B00006062,A0060,0.05,11330
C00006063,B00006063,A0048,0.03,2040
C00006064,B00006064,A0051,0.03,1710
C00006065,B00006065,A0023,0.03,2760
C00006066,B00006066,A0025,0.1,57680
C00006067,B00006067,A0001,0.15,63540
C00006068,B00006068,A0058,0.03,6636
C00006069,B00006069,A0014,0.02,2944
C00006070,B00006070,A0051,0.02,5334
C00006071,B00006071,A0008,0.02,35336
C00006072,B00006072,A0016,0.05,1740
C00006073,B00006073,A0052,0.1,10000
C00006074,B00006074,A0031,0.15,25380
C00006075,B00006075,A0034,0.02,1540
C00006076,B00006076,A0038,0.15,197235
C00006077,B00006077,A0027,0.02,7896
C00006078,B00006078,A0040,0.15,9735
C00006079,B00006079,A0001,0.02,3692
C00006080,B00006080,A0042,0.03,6696
C00006081,B00006081,A0036,0.05,23940
C00006082,B00006082,A0052,0.02,1272
C00006083,B00006083,A0035,0.05,17050
C00006084,B00006084,A0057,0.1,24953
C00006085,B00006085,A0006,0.1,6440
C00006086,B00006086,A0040,0.02,4500
C00006087,B00006087,A0036,0.05,22815
C00006088,B00006088,A0057,0.1,21010
C00006089,B00006089,A0012,0.15,9300
C00006090,B00006090,A0043,0.1,6480
C00006091,B00006091,A0036,0.05,15800
C00006092,B00006092,A0005,0.05,15360
C00006093,B00006093,A0022,0.15,23835
C00006094,B00006094,A0005,0.03,6846
C00006095,B00006095,A0057,0.15,9600
C00006096,B00006096,A0043,0.05,4200
C00006097,B00006097,A0025,0.02,3024
C00006098,B00006098,A0005,0.15,29865
C00006099,B00006099,A0011,0.15,4980
C00006100,B00006100,A0033,0.1,16100
C00006101,B00006101,A0043,0.02,18464
C00006102,B00006102,A0004,0.1,49390
C00006103,B00006103,A0001,0.02,4368
C00006104,B00006104,A0045,0.03,2979
C00006105,B00006105,A0006,0.15,44160
C00006106,B00006106,A0030,0.1,17380
C00006107,B00006107,A0032,0.05,2335
C00006108,B00006108,A0025,0.15,134820
C00006109,B00006109,A0042,0.05,4520
C00006110,B00006110,A0009,0.15,36600
C00006111,B00006111,A0009,0.02,6492
C00006112,B00006112,A0015,0.05,1610
C00006113,B00006113,A0021,0.15,30780
C00006114,B00006114,A0030,0.15,27300
C00006115,B00006115,A0060,0.02,978
C00006116,B00006116,A0058,0.02,1656
C00006117,B00006117,A0041,0.15,23640
C00006118,B00006118,A0056,0.15,15750
C00006119,B00006119,A0031,0.05,3240
C00006120,B00006120,A0040,0.05,21250
C00006121,B00006121,A0056,0.15,24750
C00006122,B00006122,A0010,0.1,5340
C00006123,B00006123,A0058,0.05,805
C00006124,B00006124,A0004,0.15,26160
C00006125,B00006125,A0015,0.05,2000
C00006126,B00006126,A0021,0.03,2256
C00006127,B00006127,A0013,0.02,2808
C00006128,B00006128,A0009,0.15,5205
C00006129,B00006129,A0046,0.15,9180
C00006130,B00006130,A0031,0.02,4290
C00006131,B00006131,A0012,0.03,1944
C00006132,B00006132,A0002,0.02,3688
C00006133,B00006133,A0036,0.1,19700
C00006134,B00006134,A0017,0.05,10670
C00006135,B00006135,A0028,0.02,2880
C00006136,B00006136,A0010,0.05,8800
C00006137,B00006137,A0004,0.02,3840
C00006138,B00006138,A0011,0.15,18690
C00006139,B00006139,A0043,0.15,15390
C00006140,B00006140,A0012,0.02,2532
C00006141,B00006141,A0020,0.1,23280
C00006142,B00006142,A0050,0.05,44440
C00006143,B00006143,A0048,0.02,21618
C00006144,B00006144,A0027,0.15,12300
C00006145,B00006145,A0027,0.02,1260
C00006146,B00006146,A0021,0.02,3848
C00006147,B00006147,A0020,0.15,15120
C00006148,B00006148,A0060,0.15,16800
C00006149,B00006149,A0053,0.02,1420
C00006150,B00006150,A0037,0.15,124740
C00006151,B00006151,A0034,0.15,26190
C00006152,B00006152,A0030,0.02,3536
C00006153,B00006153,A0023,0.02,804
C00006154,B00006154,A0031,0.03,16860
C00006155,B00006155,A0034,0.15,136440
C00006156,B00006156,A0058,0.02,3672
C00006157,B00006157,A0038,0.02,8294
C00006158,B00006158,A0042,0.15,17745
C00006159,B00006159,A0009,0.1,41090
C00006160,B00006160,A0049,0.15,47655
C00006161,B00006161,A0011,0.03,10680
C00006162,B00006162,A0033,0.1,9420
C00006163,B00006163,A0006,0.15,18360
C00006164,B00006164,A0006,0.02,2436
C00006165,B00006165,A0018,0.15,208170
C00006166,B00006166,A0034,0.02,10944
C00006167,B00006167,A0041,0.1,55440
C00006168,B00006168,A0046,0.05,46320
C00006169,B00006169,A0030,0.02,4800
C00006170,B00006170,A0054,0.1,22080
C00006171,B00006171,A0031,0.05,2310
C00006172,B00006172,A0038,0.1,4380
C00006173,B00006173,A0043,0.02,2424
C00006174,B00006174,A0003,0.15,12540
C00006175,B00006175,A0055,0.03,1944
C00006176,B00006176,A0042,0.15,2025
C00006177,B00006177,A0053,0.15,17640
C00006178,B00006178,A0009,0.02,13080
C00006179,B00006179,A0003,0.02,3088
C00006180,B00006180,A0006,0.15,11580
C00006181,B00006181,A0031,0.02,382
C00006182,B00006182,A0009,0.02,4114
C00006183,B00006183,A0013,0.05,75550
C00006184,B00006184,A0046,0.03,591
C00006185,B00006185,A0035,0.03,6630
C00006186,B00006186,A0046,0.02,2784
C00006187,B00006187,A0007,0.1,4840
C00006188,B00006188,A0008,0.15,26400
C00006189,B00006189,A0025,0.15,11925
C00006190,B00006190,A0024,0.02,4104
C00006191,B00006191,A0039,0.15,38025
C00006192,B00006192,A0004,0.05,1095
C00006193,B00006193,A0045,0.1,11040
C00006194,B00006194,A0027,0.05,6760
C00006195,B00006195,A0006,0.15,61680
C00006196,B00006196,A0008,0.15,38610
C00006197,B00006197,A0009,0.02,20244
C00006198,B00006198,A0058,0.05,11165
C00006199,B00006199,A0006,0.15,18990
C00006200,B00006200,A0039,0.1,9960
C00006201,B00006201,A0053,0.15,15750
C00006202,B00006202,A0036,0.1,56320
C00006203,B00006203,A0050,0.05,53200
C00006204,B00006204,A0026,0.02,1940
C00006205,B00006205,A0054,0.15,33495
C00006206,B00006206,A0017,0.02,36192
C00006207,B00006207,A0052,0.03,24066
C00006208,B00006208,A0013,0.1,17270
C00006209,B00006209,A0058,0.02,3542
C00006210,B00006210,A0053,0.15,9720
C00006211,B00006211,A0030,0.05,19250
C00006212,B00006212,A0027,0.03,3015
C00006213,B00006213,A0014,0.1,5120
C00006214,B00006214,A0039,0.03,14196
C00006215,B00006215,A0018,0.15,7920
C00006216,B00006216,A0002,0.03,4800
C00006217,B00006217,A0012,0.05,3000
C00006218,B00006218,A0015,0.15,17430
C00006219,B00006219,A0052,0.02,2520
C00006220,B00006220,A0037,0.1,51760
C00006221,B00006221,A0011,0.02,15106
C00006222,B00006222,A0036,0.02,3720
C00006223,B00006223,A0060,0.05,12760
C00006224,B00006224,A0019,0.05,50505
C00006225,B00006225,A0038,0.1,6570
C00006226,B00006226,A0026,0.03,8694
C00006227,B00006227,A0054,0.1,14960
C00006228,B00006228,A0020,0.1,37400
C00006229,B00006229,A0007,0.15,32550
C00006230,B00006230,A0046,0.05,17820
C00006231,B00006231,A0044,0.1,15280
C00006232,B00006232,A0027,0.02,3768
C00006233,B00006233,A0037,0.02,856
C00006234,B00006234,A0040,0.15,12075
C00006235,B00006235,A0049,0.02,1680
C00006236,B00006236,A0006,0.05,7315
C00006237,B00006237,A0048,0.1,8380
C00006238,B00006238,A0005,0.15,19950
C00006239,B00006239,A0039,0.1,13950
C00006240,B00006240,A0026,0.02,1344
C00006241,B00006241,A0032,0.1,21000
C00006242,B00006242,A0051,0.03,1260
C00006243,B00006243,A0035,0.02,2976
C00006244,B00006244,A0025,0.05,22830
C00006245,B00006245,A0019,0.02,1736
C00006246,B00006246,A0058,0.05,62960
C00006247,B00006247,A0015,0.15,234300
C00006248,B00006248,A0043,0.15,43260
C00006249,B00006249,A0035,0.15,5580
C00006250,B00006250,A0057,0.1,14880
C00006251,B00006251,A0010,0.1,16800
C00006252,B00006252,A0002,0.02,3960
C00006253,B00006253,A0010,0.05,10440
C00006254,B00006254,A0043,0.02,4564
C00006255,B00006255,A0016,0.03,1944
C00006256,B00006256,A0042,0.03,2543
C00006257,B00006257,A0011,0.1,13500
C00006258,B00006258,A0045,0.02,3178
C00006259,B00006259,A0002,0.15,51315
C00006260,B00006260,A0039,0.02,3336
C00006261,B00006261,A0059,0.02,1424
C00006262,B00006262,A0021,0.15,223740
C00006263,B00006263,A0037,0.02,2198
C00006264,B00006264,A0042,0.1,12530
C00006265,B00006265,A0038,0.05,860
C00006266,B00006266,A0060,0.1,10350
C00006267,B00006267,A0018,0.15,63000
C00006268,B00006268,A0011,0.05,11110
C00006269,B00006269,A0028,0.02,1576
C00006270,B00006270,A0010,0.02,7320
C00006271,B00006271,A0008,0.02,1750
C00006272,B00006272,A0048,0.05,2010
C00006273,B00006273,A0037,0.03,2160
C00006274,B00006274,A0032,0.05,12480
C00006275,B00006275,A0030,0.15,9900
C00006276,B00006276,A0060,0.05,4700
C00006277,B00006277,A0024,0.1,14940
C00006278,B00006278,A0002,0.05,8325
C00006279,B00006279,A0028,0.1,160440
C00006280,B00006280,A0031,0.15,15720
C00006281,B00006281,A0047,0.02,2316
C00006282,B00006282,A0043,0.1,7620
C00006283,B00006283,A0045,0.15,24705
C00006284,B00006284,A0010,0.15,21240
C00006285,B00006285,A0057,0.02,2260
C00006286,B00006286,A0018,0.05,18270
C00006287,B00006287,A0052,0.15,86580
C00006288,B00006288,A0055,0.05,7300
C00006289,B00006289,A0051,0.05,2460
C00006290,B00006290,A0044,0.03,9282
C00006291,B00006291,A0055,0.15,45600
C00006292,B00006292,A0005,0.15,24465
C00006293,B00006293,A0018,0.15,52650
C00006294,B00006294,A0017,0.15,9540
C00006295,B00006295,A0047,0.1,3940
C00006296,B00006296,A0037,0.1,22380
C00006297,B00006297,A0060,0.02,4656
C00006298,B00006298,A0059,0.02,3108
C00006299,B00006299,A0033,0.15,28350
C00006300,B00006300,A0051,0.02,7970
C00006301,B00006301,A0048,0.15,40170
C00006302,B00006302,A0056,0.02,3058
C00006303,B00006303,A0010,0.03,14343
C00006304,B00006304,A0014,0.05,8580
C00006305,B00006305,A0011,0.02,4632
C00006306,B00006306,A0040,0.15,38805
C00006307,B00006307,A0053,0.02,5124
C00006308,B00006308,A0004,0.02,4325
C00006309,B00006309,A0025,0.05,8080
C00006310,B00006310,A0018,0.1,18560
C00006311,B00006311,A0006,0.05,9660
C00006312,B00006312,A0002,0.03,13794
C00006313,B00006313,A0030,0.02,1570
C00006314,B00006314,A0051,0.15,58305
C00006315,B00006315,A0022,0.02,10094
C00006316,B00006316,A0030,0.05,9050
C00006317,B00006317,A0030,0.03,4482
C00006318,B00006318,A0042,0.02,3438
C00006319,B00006319,A0035,0.02,12924
C00006320,B00006320,A0057,0.03,7434
C00006321,B00006321,A0004,0.02,2926
C00006322,B00006322,A0011,0.02,4194
C00006323,B00006323,A0056,0.15,123045
C00006324,B00006324,A0013,0.15,4650
C00006325,B00006325,A0049,0.1,22960
C00006326,B00006326,A0009,0.1,47160
C00006327,B00006327,A0010,0.02,3654
C00006328,B00006328,A0043,0.15,13560
C00006329,B00006329,A0054,0.1,3760
C00006330,B00006330,A0019,0.15,6360
C00006331,B00006331,A0056,0.15,58695
C00006332,B00006332,A0023,0.02,966
C00006333,B00006333,A0054,0.02,4728
C00006334,B00006334,A0017,0.1,21600
C00006335,B00006335,A0023,0.1,46930
C00006336,B00006336,A0041,0.02,3060
C00006337,B00006337,A0034,0.15,48300
C00006338,B00006338,A0005,0.15,8145
C00006339,B00006339,A0028,0.05,13715
C00006340,B00006340,A0012,0.02,5440
C00006341,B00006341,A0002,0.02,1328
C00006342,B00006342,A0024,0.02,21728
C00006343,B00006343,A0024,0.15,28215
C00006344,B00006344,A0008,0.1,2280
C00006345,B00006345,A0026,0.02,8548
C00006346,B00006346,A0013,0.02,1216
C00006347,B00006347,A0031,0.02,6830
C00006348,B00006348,A0034,0.02,4116
C00006349,B00006349,A0055,0.03,4914
C00006350,B00006350,A0012,0.05,10140
C00006351,B00006351,A0054,0.15,14850
C00006352,B00006352,A0033,0.02,4156
C00006353,B00006353,A0045,0.15,19440
C00006354,B00006354,A0059,0.02,430
C00006355,B00006355,A0046,0.02,1862
C00006356,B00006356,A0033,0.05,5160
C00006357,B00006357,A0044,0.05,3950
C00006358,B00006358,A0004,0.05,3550
C00006359,B00006359,A0054,0.02,7420
C00006360,B00006360,A0002,0.15,15075
C00006361,B00006361,A0018,0.02,16356
C00006362,B00006362,A0023,0.1,5560
C00006363,B00006363,A0040,0.05,21360
C00006364,B00006364,A0057,0.02,5376
C00006365,B00006365,A0026,0.03,12204
C00006366,B00006366,A0012,0.15,5400
C00006367,B00006367,A0014,0.02,9846
C00006368,B00006368,A0008,0.15,9420
C00006369,B00006369,A0018,0.15,26760
C00006370,B00006370,A0005,0.1,1560
C00006371,B00006371,A0012,0.03,3288
C00006372,B00006372,A0021,0.02,18004
C00006373,B00006373,A0023,0.1,104720
C00006374,B00006374,A0046,0.02,8232
C00006375,B00006375,A0013,0.05,4585
C00006376,B00006376,A0052,0.05,1115
C00006377,B00006377,A0032,0.02,1770
C00006378,B00006378,A0054,0.02,2864
C00006379,B00006379,A0008,0.15,40589
C00006380,B00006380,A0021,0.03,1968
C00006381,B00006381,A0048,0.02,7200
C00006382,B00006382,A0042,0.02,1830
C00006383,B00006383,A0028,0.02,5850
C00006384,B00006384,A0019,0.1,2840
C00006385,B00006385,A0054,0.1,20540
C00006386,B00006386,A0029,0.15,48270
C00006387,B00006387,A0048,0.15,19740
C00006388,B00006388,A0033,0.15,17745
C00006389,B00006389,A0060,0.05,5610
C00006390,B00006390,A0035,0.03,8904
C00006391,B00006391,A0043,0.05,7700
C00006392,B00006392,A0007,0.02,6540
C00006393,B00006393,A0021,0.15,20685
C00006394,B00006394,A0051,0.15,32535
C00006395,B00006395,A0051,0.05,12840
C00006396,B00006396,A0001,0.03,1044
C00006397,B00006397,A0013,0.1,13370
C00006398,B00006398,A0018,0.15,18900
C00006399,B00006399,A0059,0.02,10990
C00006400,B00006400,A0025,0.03,5088
C00006401,B00006401,A0026,0.02,3160
C00006402,B00006402,A0025,0.15,2160
C00006403,B00006403,A0047,0.15,3360
C00006404,B00006404,A0050,0.02,7776
C00006405,B00006405,A0025,0.15,6000
C00006406,B00006406,A0033,0.15,15075
C00006407,B00006407,A0058,0.15,3105
C00006408,B00006408,A0036,0.02,6340
C00006409,B00006409,A0042,0.1,24640
C00006410,B00006410,A0009,0.1,41700
C00006411,B00006411,A0028,0.03,7173
C00006412,B00006412,A0030,0.05,4225
C00006413,B00006413,A0029,0.15,30420
C00006414,B00006414,A0007,0.02,4494
C00006415,B00006415,A0013,0.02,4508
C00006416,B00006416,A0023,0.02,4590
C00006417,B00006417,A0028,0.15,18960
C00006418,B00006418,A0029,0.15,17370
C00006419,B00006419,A0035,0.02,3474
C00006420,B00006420,A0033,0.15,14385
C00006421,B00006421,A0048,0.05,4600
C00006422,B00006422,A0003,0.02,896
C00006423,B00006423,A0015,0.03,50457
C00006424,B00006424,A0017,0.15,46118
C00006425,B00006425,A0051,0.02,12900
C00006426,B00006426,A0057,0.15,13050
C00006427,B00006427,A0038,0.05,3200
C00006428,B00006428,A0056,0.05,14680
C00006429,B00006429,A0027,0.02,470
C00006430,B00006430,A0004,0.05,11410
C00006431,B00006431,A0049,0.1,7040
C00006432,B00006432,A0015,0.02,4488
C00006433,B00006433,A0025,0.15,5955
C00006434,B00006434,A0016,0.03,2043
C00006435,B00006435,A0005,0.02,14160
C00006436,B00006436,A0055,0.05,2205
C00006437,B00006437,A0055,0.02,1016
C00006438,B00006438,A0033,0.15,18585
C00006439,B00006439,A0033,0.1,14700
C00006440,B00006440,A0014,0.02,1580
C00006441,B00006441,A0046,0.03,8274
C00006442,B00006442,A0049,0.02,4030
C00006443,B00006443,A0040,0.03,2358
C00006444,B00006444,A0037,0.15,9540
C00006445,B00006445,A0004,0.02,1311
C00006446,B00006446,A0043,0.15,19575
C00006447,B00006447,A0033,0.15,30030
C00006448,B00006448,A0034,0.1,91000
C00006449,B00006449,A0037,0.03,8541
C00006450,B00006450,A0034,0.15,21000
C00006451,B00006451,A0003,0.05,2970
C00006452,B00006452,A0058,0.15,11640
C00006453,B00006453,A0005,0.02,6012
C00006454,B00006454,A0019,0.02,9328
C00006455,B00006455,A0018,0.15,15825
C00006456,B00006456,A0014,0.15,46620
C00006457,B00006457,A0022,0.15,62205
C00006458,B00006458,A0023,0.02,1044
C00006459,B00006459,A0011,0.15,7560
C00006460,B00006460,A0056,0.05,5700
C00006461,B00006461,A0039,0.1,18920
C00006462,B00006462,A0059,0.03,4956
C00006463,B00006463,A0003,0.02,8344
C00006464,B00006464,A0028,0.15,31410
C00006465,B00006465,A0030,0.1,30940
C00006466,B00006466,A0020,0.05,4515
C00006467,B00006467,A0057,0.05,31050
C00006468,B00006468,A0034,0.15,25245
C00006469,B00006469,A0053,0.03,7227
C00006470,B00006470,A0040,0.05,13200
C00006471,B00006471,A0057,0.1,8520
C00006472,B00006472,A0007,0.02,3696
C00006473,B00006473,A0037,0.03,798
C00006474,B00006474,A0034,0.15,17955
C00006475,B00006475,A0049,0.15,14550
C00006476,B00006476,A0013,0.15,7200
C00006477,B00006477,A0032,0.03,5610
C00006478,B00006478,A0035,0.05,29810
C00006479,B00006479,A0014,0.05,104580
C00006480,B00006480,A0019,0.1,9660
C00006481,B00006481,A0020,0.02,2900
C00006482,B00006482,A0016,0.05,8300
C00006483,B00006483,A0054,0.15,28350
C00006484,B00006484,A0017,0.15,36540
C00006485,B00006485,A0002,0.1,45870
C00006486,B00006486,A0031,0.15,33840
C00006487,B00006487,A0011,0.1,43500
C00006488,B00006488,A0047,0.1,4500
C00006489,B00006489,A0008,0.1,15920
C00006490,B00006490,A0018,0.02,3312
C00006491,B00006491,A0017,0.05,46500
C00006492,B00006492,A0044,0.02,3366
C00006493,B00006493,A0014,0.15,99120
C00006494,B00006494,A0049,0.05,1440
C00006495,B00006495,A0012,0.15,2820
C00006496,B00006496,A0012,0.02,1360
C00006497,B00006497,A0033,0.1,46260
C00006498,B00006498,A0007,0.02,2464
C00006499,B00006499,A0038,0.05,8550
C00006500,B00006500,A0031,0.05,8190
C00006501,B00006501,A0013,0.1,3640
C00006502,B00006502,A0024,0.15,96525
C00006503,B00006503,A0044,0.02,1932
C00006504,B00006504,A0047,0.02,11664
C00006505,B00006505,A0033,0.15,5190
C00006506,B00006506,A0018,0.15,21150
C00006507,B00006507,A0033,0.15,61875
C00006508,B00006508,A0027,0.1,27720
C00006509,B00006509,A0003,0.1,14400
C00006510,B00006510,A0011,0.02,1720
C00006511,B00006511,A0040,0.03,1503
C00006512,B00006512,A0040,0.02,6232
C00006513,B00006513,A0010,0.15,81270
C00006514,B00006514,A0060,0.02,5748
C00006515,B00006515,A0024,0.1,9220
C00006516,B00006516,A0036,0.15,39690
C00006517,B00006517,A0026,0.15,71190
C00006518,B00006518,A0053,0.02,1590
C00006519,B00006519,A0017,0.02,314
C00006520,B00006520,A0010,0.15,45660
C00006521,B00006521,A0049,0.02,11102
C00006522,B00006522,A0041,0.03,3105
C00006523,B00006523,A0051,0.15,41220
C00006524,B00006524,A0010,0.15,8415
C00006525,B00006525,A0051,0.05,32400
C00006526,B00006526,A0016,0.05,790
C00006527,B00006527,A0001,0.05,39850
C00006528,B00006528,A0024,0.02,2844
C00006529,B00006529,A0034,0.03,504
C00006530,B00006530,A0039,0.02,4488
C00006531,B00006531,A0018,0.15,168630
C00006532,B00006532,A0057,0.02,1860
C00006533,B00006533,A0057,0.1,11400
C00006534,B00006534,A0051,0.02,6440
C00006535,B00006535,A0041,0.02,3528
C00006536,B00006536,A0032,0.05,7110
C00006537,B00006537,A0059,0.05,24240
C00006538,B00006538,A0060,0.02,3276
C00006539,B00006539,A0006,0.15,9360
C00006540,B00006540,A0025,0.05,10200
C00006541,B00006541,A0038,0.15,41220
C00006542,B00006542,A0039,0.15,10320
C00006543,B00006543,A0043,0.02,3720
C00006544,B00006544,A0050,0.02,438
C00006545,B00006545,A0059,0.15,56700
C00006546,B00006546,A0031,0.15,124605
C00006547,B00006547,A0020,0.02,4956
C00006548,B00006548,A0059,0.02,14740
C00006549,B00006549,A0051,0.1,30290
C00006550,B00006550,A0023,0.15,31785
C00006551,B00006551,A0007,0.02,5694
C00006552,B00006552,A0034,0.1,9200
C00006553,B00006553,A0031,0.15,38610
C00006554,B00006554,A0020,0.15,21285
C00006555,B00006555,A0033,0.02,2040
C00006556,B00006556,A0007,0.15,113820
C00006557,B00006557,A0022,0.03,2076
C00006558,B00006558,A0018,0.05,15680
C00006559,B00006559,A0007,0.15,36900
C00006560,B00006560,A0045,0.02,2002
C00006561,B00006561,A0017,0.02,4628
C00006562,B00006562,A0056,0.03,2385
C00006563,B00006563,A0034,0.02,648
C00006564,B00006564,A0052,0.05,3450
C00006565,B00006565,A0031,0.15,24885
C00006566,B00006566,A0002,0.05,8300
C00006567,B00006567,A0039,0.15,25350
C00006568,B00006568,A0053,0.15,9780
C00006569,B00006569,A0026,0.05,21060
C00006570,B00006570,A0003,0.15,20385
C00006571,B00006571,A0032,0.05,12880
C00006572,B00006572,A0023,0.05,12390
C00006573,B00006573,A0035,0.15,30810
C00006574,B00006574,A0003,0.1,18360
C00006575,B00006575,A0039,0.15,48090
C00006576,B00006576,A0008,0.15,5430
C00006577,B00006577,A0010,0.02,1716
C00006578,B00006578,A0038,0.05,3160
C00006579,B00006579,A0021,0.02,37674
C00006580,B00006580,A0025,0.15,30240
C00006581,B00006581,A0026,0.02,4026
C00006582,B00006582,A0034,0.15,111375
C00006583,B00006583,A0023,0.1,56280
C00006584,B00006584,A0004,0.1,15570
C00006585,B00006585,A0037,0.05,7750
C00006586,B00006586,A0020,0.05,7400
C00006587,B00006587,A0012,0.05,34980
C00006588,B00006588,A0012,0.15,24030
C00006589,B00006589,A0054,0.15,12300
C00006590,B00006590,A0013,0.15,4830
C00006591,B00006591,A0059,0.1,45000
C00006592,B00006592,A0007,0.1,19500
C00006593,B00006593,A0022,0.1,85930
C00006594,B00006594,A0018,0.1,9310
C00006595,B00006595,A0008,0.02,4780
C00006596,B00006596,A0020,0.15,5430
C00006597,B00006597,A0046,0.02,3056
C00006598,B00006598,A0042,0.1,5910
C00006599,B00006599,A0029,0.02,1950
C00006600,B00006600,A0050,0.02,7086
C00006601,B00006601,A0033,0.03,9744
C00006602,B00006602,A0017,0.1,11830
C00006603,B00006603,A0041,0.1,55450
C00006604,B00006604,A0037,0.15,4620
C00006605,B00006605,A0007,0.1,84420
C00006606,B00006606,A0022,0.02,11804
C00006607,B00006607,A0031,0.15,2505
C00006608,B00006608,A0009,0.15,25200
C00006609,B00006609,A0003,0.1,3280
C00006610,B00006610,A0050,0.15,10860
C00006611,B00006611,A0050,0.02,4152
C00006612,B00006612,A0018,0.02,1440
C00006613,B00006613,A0060,0.15,2205
C00006614,B00006614,A0026,0.02,35376
C00006615,B00006615,A0020,0.15,114900
C00006616,B00006616,A0050,0.1,1910
C00006617,B00006617,A0022,0.02,4356
C00006618,B00006618,A0052,0.15,101700
C00006619,B00006619,A0054,0.02,18424
C00006620,B00006620,A0016,0.02,20628
C00006621,B00006621,A0055,0.15,7140
C00006622,B00006622,A0036,0.15,31860
C00006623,B00006623,A0024,0.15,19215
C00006624,B00006624,A0007,0.03,3132
C00006625,B00006625,A0016,0.05,3720
C00006626,B00006626,A0046,0.05,10500
C00006627,B00006627,A0011,0.15,40560
C00006628,B00006628,A0022,0.05,4660
C00006629,B00006629,A0025,0.05,13470
C00006630,B00006630,A0002,0.05,16560
C00006631,B00006631,A0035,0.15,35280
C00006632,B00006632,A0037,0.15,108675
C00006633,B00006633,A0041,0.02,2358
C00006634,B00006634,A0059,0.05,830
C00006635,B00006635,A0045,0.02,5180
C00006636,B00006636,A0006,0.02,8040
C00006637,B00006637,A0010,0.02,1530
C00006638,B00006638,A0019,0.05,3680
C00006639,B00006639,A0002,0.15,28350
C00006640,B00006640,A0032,0.1,1930
C00006641,B00006641,A0008,0.15,35850
C00006642,B00006642,A0013,0.05,11000
C00006643,B00006643,A0054,0.02,1576
C00006644,B00006644,A0036,0.02,4640
C00006645,B00006645,A0009,0.02,9870
C00006646,B00006646,A0039,0.02,4000
C00006647,B00006647,A0017,0.1,21060
C00006648,B00006648,A0041,0.02,4338
C00006649,B00006649,A0043,0.05,14840
C00006650,B00006650,A0035,0.02,4840
C00006651,B00006651,A0036,0.15,250560
C00006652,B00006652,A0036,0.05,6755
C00006653,B00006653,A0024,0.05,39435
C00006654,B00006654,A0012,0.05,7340
C00006655,B00006655,A0016,0.02,2156
C00006656,B00006656,A0038,0.03,5181
C00006657,B00006657,A0018,0.02,11228
C00006658,B00006658,A0012,0.15,42210
C00006659,B00006659,A0042,0.02,324
C00006660,B00006660,A0018,0.05,11600
C00006661,B00006661,A0035,0.15,31395
C00006662,B00006662,A0046,0.05,9350
C00006663,B00006663,A0054,0.05,8120
C00006664,B00006664,A0031,0.15,9660
C00006665,B00006665,A0025,0.05,20075
C00006666,B00006666,A0006,0.03,534
C00006667,B00006667,A0010,0.02,2268
C00006668,B00006668,A0046,0.15,8145
C00006669,B00006669,A0048,0.05,16100
C00006670,B00006670,A0022,0.1,9700
C00006671,B00006671,A0026,0.02,2676
C00006672,B00006672,A0023,0.15,291240
C00006673,B00006673,A0054,0.1,16870
C00006674,B00006674,A0015,0.15,55800
C00006675,B00006675,A0032,0.1,25200
C00006676,B00006676,A0034,0.02,2088
C00006677,B00006677,A0009,0.1,43500
C00006678,B00006678,A0011,0.1,73370
C00006679,B00006679,A0057,0.02,11214
C00006680,B00006680,A0024,0.03,4968
C00006681,B00006681,A0057,0.15,45780
C00006682,B00006682,A0021,0.03,4824
C00006683,B00006683,A0029,0.02,5012
C00006684,B00006684,A0004,0.03,829
C00006685,B00006685,A0015,0.15,2610
C00006686,B00006686,A0025,0.15,28860
C00006687,B00006687,A0017,0.15,38025
C00006688,B00006688,A0008,0.15,24975
C00006689,B00006689,A0033,0.1,4260
C00006690,B00006690,A0011,0.15,19380
C00006691,B00006691,A0039,0.02,864
C00006692,B00006692,A0009,0.1,8200
C00006693,B00006693,A0054,0.05,16240
C00006694,B00006694,A0012,0.02,2310
C00006695,B00006695,A0060,0.05,18750
C00006696,B00006696,A0059,0.05,13400
C00006697,B00006697,A0042,0.15,8010
C00006698,B00006698,A0012,0.02,916
C00006699,B00006699,A0037,0.15,62520
C00006700,B00006700,A0012,0.02,11928
C00006701,B00006701,A0036,0.15,42840
C00006702,B00006702,A0031,0.15,83655
C00006703,B00006703,A0019,0.02,5208
C00006704,B00006704,A0005,0.15,39360
C00006705,B00006705,A0054,0.15,5895
C00006706,B00006706,A0025,0.05,5720
C00006707,B00006707,A0048,0.02,3104
C00006708,B00006708,A0035,0.05,12220
C00006709,B00006709,A0031,0.1,18900
C00006710,B00006710,A0041,0.05,11960
C00006711,B00006711,A0051,0.05,8100
C00006712,B00006712,A0026,0.02,1398
C00006713,B00006713,A0016,0.02,656
C00006714,B00006714,A0024,0.1,6440
C00006715,B00006715,A0050,0.03,882
C00006716,B00006716,A0046,0.03,12159
C00006717,B00006717,A0013,0.1,136800
C00006718,B00006718,A0040,0.1,24440
C00006719,B00006719,A0026,0.15,16740
C00006720,B00006720,A0014,0.15,70140
C00006721,B00006721,A0024,0.02,3360
C00006722,B00006722,A0039,0.02,5824
C00006723,B00006723,A0042,0.15,2505
C00006724,B00006724,A0015,0.05,23450
C00006725,B00006725,A0007,0.02,3492
C00006726,B00006726,A0055,0.03,5580
C00006727,B00006727,A0046,0.03,1116
C00006728,B00006728,A0039,0.15,97200
C00006729,B00006729,A0001,0.02,4540
C00006730,B00006730,A0003,0.05,8015
C00006731,B00006731,A0042,0.02,1440
C00006732,B00006732,A0022,0.05,6520
C00006733,B00006733,A0011,0.1,85330
C00006734,B00006734,A0039,0.15,15120
C00006735,B00006735,A0003,0.02,8448
C00006736,B00006736,A0047,0.02,2646
C00006737,B00006737,A0022,0.15,22545
C00006738,B00006738,A0028,0.05,5190
C00006739,B00006739,A0003,0.05,54110
C00006740,B00006740,A0029,0.02,2232
C00006741,B00006741,A0051,0.1,5070
C00006742,B00006742,A0041,0.15,15675
C00006743,B00006743,A0011,0.15,20895
C00006744,B00006744,A0044,0.15,21945
C00006745,B00006745,A0028,0.02,5352
C00006746,B00006746,A0048,0.15,36465
C00006747,B00006747,A0049,0.15,10020
C00006748,B00006748,A0038,0.1,24240
C00006749,B00006749,A0042,0.02,3519
C00006750,B00006750,A0041,0.1,87880
C00006751,B00006751,A0004,0.15,9225
C00006752,B00006752,A0032,0.15,8055
C00006753,B00006753,A0008,0.05,4425
C00006754,B00006754,A0053,0.02,2040
C00006755,B00006755,A0030,0.05,26340
C00006756,B00006756,A0045,0.05,4200
C00006757,B00006757,A0059,0.02,3474
C00006758,B00006758,A0023,0.05,21770
C00006759,B00006759,A0006,0.05,5915
C00006760,B00006760,A0058,0.05,5825
C00006761,B00006761,A0013,0.03,9780
C00006762,B00006762,A0036,0.05,5635
C00006763,B00006763,A0053,0.03,2772
C00006764,B00006764,A0048,0.03,6372
C00006765,B00006765,A0001,0.1,23040
C00006766,B00006766,A0055,0.05,1420
C00006767,B00006767,A0004,0.02,3834
C00006768,B00006768,A0002,0.1,7920
C00006769,B00006769,A0049,0.05,9220
C00006770,B00006770,A0049,0.15,25860
C00006771,B00006771,A0018,0.02,12624
C00006772,B00006772,A0007,0.02,2418
C00006773,B00006773,A0020,0.05,3610
C00006774,B00006774,A0023,0.02,2420
C00006775,B00006775,A0008,0.15,58110
C00006776,B00006776,A0041,0.05,785
C00006777,B00006777,A0031,0.05,13160
C00006778,B00006778,A0022,0.02,7830
C00006779,B00006779,A0019,0.02,528
C00006780,B00006780,A0010,0.1,4290
C00006781,B00006781,A0054,0.15,75870
C00006782,B00006782,A0055,0.05,5480
C00006783,B00006783,A0051,0.05,1570
C00006784,B00006784,A0022,0.15,30690
C00006785,B00006785,A0035,0.02,1712
C00006786,B00006786,A0020,0.05,2560
C00006787,B00006787,A0036,0.15,16020
C00006788,B00006788,A0057,0.15,9720
C00006789,B00006789,A0045,0.15,85410
C00006790,B00006790,A0014,0.02,19250
C00006791,B00006791,A0029,0.1,18180
C00006792,B00006792,A0030,0.03,5580
C00006793,B00006793,A0040,0.02,4620
C00006794,B00006794,A0028,0.1,14420
C00006795,B00006795,A0005,0.02,7830
C00006796,B00006796,A0036,0.15,7740
C00006797,B00006797,A0038,0.1,13080
C00006798,B00006798,A0045,0.15,3630
C00006799,B00006799,A0032,0.02,6146
C00006800,B00006800,A0041,0.03,9840
C00006801,B00006801,A0007,0.1,72600
C00006802,B00006802,A0017,0.15,16320
C00006803,B00006803,A0014,0.05,1460
C00006804,B00006804,A0037,0.15,28380
C00006805,B00006805,A0022,0.05,2370
C00006806,B00006806,A0055,0.02,18144
C00006807,B00006807,A0058,0.02,1360
C00006808,B00006808,A0008,0.02,2220
C00006809,B00006809,A0016,0.02,4872
C00006810,B00006810,A0041,0.15,62280
C00006811,B00006811,A0055,0.05,21230
C00006812,B00006812,A0018,0.1,48360
C00006813,B00006813,A0051,0.03,12207
C00006814,B00006814,A0053,0.1,13900
C00006815,B00006815,A0036,0.05,5460
C00006816,B00006816,A0033,0.15,35025
C00006817,B00006817,A0056,0.15,13650
C00006818,B00006818,A0010,0.15,20700
C00006819,B00006819,A0018,0.15,15210
C00006820,B00006820,A0016,0.15,49200
C00006821,B00006821,A0050,0.03,702
C00006822,B00006822,A0019,0.03,7200
C00006823,B00006823,A0015,0.05,13680
C00006824,B00006824,A0015,0.02,348
C00006825,B00006825,A0007,0.1,17460
C00006826,B00006826,A0024,0.15,20580
C00006827,B00006827,A0039,0.02,3542
C00006828,B00006828,A0022,0.15,89370
C00006829,B00006829,A0053,0.1,64460
C00006830,B00006830,A0023,0.15,15840
C00006831,B00006831,A0057,0.05,8225
C00006832,B00006832,A0040,0.15,13380
C00006833,B00006833,A0028,0.05,6900
C00006834,B00006834,A0040,0.15,43785
C00006835,B00006835,A0045,0.02,1232
C00006836,B00006836,A0052,0.03,2718
C00006837,B00006837,A0014,0.02,316
C00006838,B00006838,A0052,0.15,32400
C00006839,B00006839,A0006,0.02,9296
C00006840,B00006840,A0005,0.15,31680
C00006841,B00006841,A0037,0.02,816
C00006842,B00006842,A0046,0.05,20565
C00006843,B00006843,A0041,0.1,20150
C00006844,B00006844,A0024,0.02,1610
C00006845,B00006845,A0001,0.02,2844
C00006846,B00006846,A0027,0.15,27675
C00006847,B00006847,A0044,0.02,2604
C00006848,B00006848,A0012,0.15,16575
C00006849,B00006849,A0004,0.02,7216
C00006850,B00006850,A0011,0.02,2646
C00006851,B00006851,A0055,0.05,7785
C00006852,B00006852,A0060,0.05,97175
C00006853,B00006853,A0019,0.05,29330
C00006854,B00006854,A0044,0.15,24720
C00006855,B00006855,A0037,0.05,4360
C00006856,B00006856,A0050,0.15,15015
C00006857,B00006857,A0024,0.02,2124
C00006858,B00006858,A0010,0.15,17685
C00006859,B00006859,A0004,0.05,4200
C00006860,B00006860,A0034,0.05,6795
C00006861,B00006861,A0029,0.15,29610
C00006862,B00006862,A0013,0.02,3870
C00006863,B00006863,A0047,0.15,3450
C00006864,B00006864,A0056,0.1,11040
C00006865,B00006865,A0026,0.15,33930
C00006866,B00006866,A0037,0.02,1572
C00006867,B00006867,A0022,0.1,18450
C00006868,B00006868,A0002,0.02,322
C00006869,B00006869,A0015,0.05,7335
C00006870,B00006870,A0055,0.05,1490
C00006871,B00006871,A0027,0.02,4068
C00006872,B00006872,A0044,0.15,52320
C00006873,B00006873,A0022,0.03,7995
C00006874,B00006874,A0038,0.02,446
C00006875,B00006875,A0001,0.02,3600
C00006876,B00006876,A0045,0.03,3000
C00006877,B00006877,A0047,0.1,6360
C00006878,B00006878,A0033,0.02,4732
C00006879,B00006879,A0017,0.02,4200
C00006880,B00006880,A0021,0.02,17206
C00006881,B00006881,A0017,0.15,33495
C00006882,B00006882,A0049,0.02,8664
C00006883,B00006883,A0048,0.15,9315
C00006884,B00006884,A0008,0.02,4610
C00006885,B00006885,A0029,0.15,22200
C00006886,B00006886,A0042,0.03,25110
C00006887,B00006887,A0031,0.15,4890
C00006888,B00006888,A0044,0.1,57400
C00006889,B00006889,A0030,0.1,17160
C00006890,B00006890,A0022,0.15,26640
C00006891,B00006891,A0049,0.02,1720
C00006892,B00006892,A0034,0.15,29430
C00006893,B00006893,A0025,0.15,40140
C00006894,B00006894,A0032,0.02,12042
C00006895,B00006895,A0005,0.02,3996
C00006896,B00006896,A0020,0.02,3894
C00006897,B00006897,A0055,0.02,2272
C00006898,B00006898,A0050,0.02,38328
C00006899,B00006899,A0004,0.15,33000
C00006900,B00006900,A0040,0.15,50085
C00006901,B00006901,A0028,0.15,11820
C00006902,B00006902,A0043,0.02,700
C00006903,B00006903,A0049,0.15,68670
C00006904,B00006904,A0054,0.1,4460
C00006905,B00006905,A0056,0.15,93120
C00006906,B00006906,A0024,0.1,12530
C00006907,B00006907,A0031,0.03,5652
C00006908,B00006908,A0013,0.1,53304
C00006909,B00006909,A0001,0.05,59290
C00006910,B00006910,A0035,0.03,5427
C00006911,B00006911,A0012,0.15,15000
C00006912,B00006912,A0047,0.15,72735
C00006913,B00006913,A0040,0.15,10800
C00006914,B00006914,A0003,0.1,92040
C00006915,B00006915,A0023,0.03,5670
C00006916,B00006916,A0002,0.05,4420
C00006917,B00006917,A0002,0.02,4316
C00006918,B00006918,A0020,0.15,260715
C00006919,B00006919,A0011,0.15,29160
C00006920,B00006920,A0018,0.15,9600
C00006921,B00006921,A0006,0.1,21280
C00006922,B00006922,A0050,0.15,243360
C00006923,B00006923,A0016,0.1,3060
C00006924,B00006924,A0011,0.02,6090
C00006925,B00006925,A0016,0.03,1980
C00006926,B00006926,A0013,0.02,704
C00006927,B00006927,A0009,0.02,268
C00006928,B00006928,A0007,0.15,35850
C00006929,B00006929,A0055,0.02,3432
C00006930,B00006930,A0002,0.02,4020
C00006931,B00006931,A0053,0.15,11010
C00006932,B00006932,A0005,0.05,14280
C00006933,B00006933,A0028,0.1,8050
C00006934,B00006934,A0028,0.15,47190
C00006935,B00006935,A0049,0.15,8190
C00006936,B00006936,A0059,0.03,6804
C00006937,B00006937,A0044,0.1,16380
C00006938,B00006938,A0036,0.02,2376
C00006939,B00006939,A0056,0.02,8756
C00006940,B00006940,A0012,0.02,4160
C00006941,B00006941,A0030,0.1,64120
C00006942,B00006942,A0002,0.1,31120
C00006943,B00006943,A0020,0.02,4416
C00006944,B00006944,A0033,0.02,6058
C00006945,B00006945,A0031,0.1,10400
C00006946,B00006946,A0017,0.05,55215
C00006947,B00006947,A0021,0.03,600
C00006948,B00006948,A0038,0.15,47400
C00006949,B00006949,A0017,0.02,2388
C00006950,B00006950,A0056,0.15,2880
C00006951,B00006951,A0057,0.15,27450
C00006952,B00006952,A0027,0.03,1158
C00006953,B00006953,A0030,0.02,502
C00006954,B00006954,A0053,0.03,639
C00006955,B00006955,A0045,0.02,1764
C00006956,B00006956,A0049,0.15,25080
C00006957,B00006957,A0059,0.02,4914
C00006958,B00006958,A0008,0.02,1800
C00006959,B00006959,A0026,0.03,2376
C00006960,B00006960,A0040,0.15,5790
C00006961,B00006961,A0048,0.1,3820
C00006962,B00006962,A0058,0.02,2412
C00006963,B00006963,A0057,0.15,23640
C00006964,B00006964,A0017,0.15,32850
C00006965,B00006965,A0009,0.03,7557
C00006966,B00006966,A0060,0.15,24000
C00006967,B00006967,A0021,0.02,34720
C00006968,B00006968,A0056,0.1,20680
C00006969,B00006969,A0050,0.05,2140
C00006970,B00006970,A0031,0.03,4548
C00006971,B00006971,A0060,0.02,4840
C00006972,B00006972,A0030,0.15,158550
C00006973,B00006973,A0038,0.02,3960
C00006974,B00006974,A0048,0.03,6084
C00006975,B00006975,A0057,0.05,2925
C00006976,B00006976,A0055,0.02,2352
C00006977,B00006977,A0026,0.1,10710
C00006978,B00006978,A0052,0.15,2415
C00006979,B00006979,A0005,0.15,2775
C00006980,B00006980,A0048,0.1,17520
C00006981,B00006981,A0005,0.03,4296
C00006982,B00006982,A0020,0.15,10125
C00006983,B00006983,A0056,0.02,4536
C00006984,B00006984,A0017,0.15,26130
C00006985,B00006985,A0023,0.1,14630
C00006986,B00006986,A0010,0.05,9955
C00006987,B00006987,A0005,0.15,23400
C00006988,B00006988,A0048,0.02,756
C00006989,B00006989,A0025,0.05,13510
C00006990,B00006990,A0025,0.05,13255
C00006991,B00006991,A0022,0.05,5985
C00006992,B00006992,A0052,0.02,8000
C00006993,B00006993,A0027,0.15,27450
C00006994,B00006994,A0004,0.02,1326
C00006995,B00006995,A0027,0.05,3030
C00006996,B00006996,A0025,0.15,16485
C00006997,B00006997,A0003,0.1,13140
C00006998,B00006998,A0017,0.15,31185
C00006999,B00006999,A0054,0.15,20685
C00007000,B00007000,A0046,0.15,39420
C00007001,B00007001,A0032,0.15,48450
C00007002,B00007002,A0047,0.15,30600
C00007003,B00007003,A0026,0.15,18360
C00007004,B00007004,A0056,0.02,6580
C00007005,B00007005,A0010,0.02,2388
C00007006,B00007006,A0037,0.1,3540
C00007007,B00007007,A0060,0.15,15540
C00007008,B00007008,A0002,0.15,36120
C00007009,B00007009,A0009,0.02,10656
C00007010,B00007010,A0060,0.15,228930
C00007011,B00007011,A0020,0.15,25500
C00007012,B00007012,A0049,0.05,7020
C00007013,B00007013,A0010,0.05,935
C00007014,B00007014,A0012,0.02,8778
C00007015,B00007015,A0043,0.1,17800
C00007016,B00007016,A0053,0.1,17760
C00007017,B00007017,A0002,0.15,31185
C00007018,B00007018,A0021,0.15,12510
C00007019,B00007019,A0020,0.15,67950
C00007020,B00007020,A0037,0.02,8496
C00007021,B00007021,A0035,0.02,5902
C00007022,B00007022,A0011,0.15,63750
C00007023,B00007023,A0053,0.1,17640
C00007024,B00007024,A0014,0.02,4184
C00007025,B00007025,A0032,0.03,5616
C00007026,B00007026,A0036,0.02,2170
C00007027,B00007027,A0042,0.1,6280
C00007028,B00007028,A0002,0.15,17745
C00007029,B00007029,A0009,0.1,3550
C00007030,B00007030,A0028,0.03,6864
C00007031,B00007031,A0004,0.15,27135
C00007032,B00007032,A0058,0.1,15840
C00007033,B00007033,A0038,0.1,24780
C00007034,B00007034,A0049,0.02,4030
C00007035,B00007035,A0057,0.03,13428
C00007036,B00007036,A0015,0.15,11220
C00007037,B00007037,A0057,0.1,27370
C00007038,B00007038,A0053,0.02,6462
C00007039,B00007039,A0042,0.02,2304
C00007040,B00007040,A0028,0.02,7580
C00007041,B00007041,A0060,0.15,127335
C00007042,B00007042,A0020,0.1,6840
C00007043,B00007043,A0031,0.05,4160
C00007044,B00007044,A0039,0.1,15390
C00007045,B00007045,A0027,0.03,1764
C00007046,B00007046,A0015,0.03,5460
C00007047,B00007047,A0026,0.02,2608
C00007048,B00007048,A0008,0.15,28080
C00007049,B00007049,A0027,0.02,2160
C00007050,B00007050,A0024,0.15,4920
C00007051,B00007051,A0021,0.02,2772
C00007052,B00007052,A0018,0.02,4576
C00007053,B00007053,A0033,0.15,27405
C00007054,B00007054,A0041,0.03,8136
C00007055,B00007055,A0021,0.15,20880
C00007056,B00007056,A0057,0.15,4950
C00007057,B00007057,A0016,0.15,12360
C00007058,B00007058,A0041,0.02,1420
C00007059,B00007059,A0051,0.15,16290
C00007060,B00007060,A0036,0.02,2984
C00007061,B00007061,A0041,0.1,6120
C00007062,B00007062,A0013,0.05,39120
C00007063,B00007063,A0035,0.1,63840
C00007064,B00007064,A0056,0.15,12780
C00007065,B00007065,A0024,0.1,5700
C00007066,B00007066,A0048,0.03,4116
C00007067,B00007067,A0007,0.02,3216
C00007068,B00007068,A0001,0.1,7820
C00007069,B00007069,A0053,0.02,16676
C00007070,B00007070,A0016,0.15,35070
C00007071,B00007071,A0046,0.02,4396
C00007072,B00007072,A0007,0.05,6440
C00007073,B00007073,A0043,0.02,1350
C00007074,B00007074,A0022,0.15,44520
C00007075,B00007075,A0007,0.15,28500
C00007076,B00007076,A0027,0.02,2880
C00007077,B00007077,A0032,0.02,5876
C00007078,B00007078,A0025,0.02,5580
C00007079,B00007079,A0024,0.02,4176
C00007080,B00007080,A0052,0.02,2506
C00007081,B00007081,A0040,0.02,3600
C00007082,B00007082,A0049,0.02,2968
C00007083,B00007083,A0042,0.02,2496
C00007084,B00007084,A0020,0.1,13900
C00007085,B00007085,A0049,0.02,2528
C00007086,B00007086,A0026,0.15,13125
C00007087,B00007087,A0021,0.15,27405
C00007088,B00007088,A0040,0.02,3584
C00007089,B00007089,A0051,0.1,6120
C00007090,B00007090,A0044,0.02,31296
C00007091,B00007091,A0047,0.02,396
C00007092,B00007092,A0018,0.05,9620
C00007093,B00007093,A0045,0.02,1800
C00007094,B00007094,A0021,0.15,23760
C00007095,B00007095,A0039,0.03,5250
C00007096,B00007096,A0027,0.03,9828
C00007097,B00007097,A0036,0.15,58800
C00007098,B00007098,A0012,0.15,17580
C00007099,B00007099,A0058,0.03,10206
C00007100,B00007100,A0025,0.03,3420
C00007101,B00007101,A0055,0.02,3152
C00007102,B00007102,A0050,0.03,666
C00007103,B00007103,A0034,0.15,23520
C00007104,B00007104,A0050,0.15,160545
C00007105,B00007105,A0044,0.02,1992
C00007106,B00007106,A0014,0.02,5264
C00007107,B00007107,A0025,0.15,6810
C00007108,B00007108,A0051,0.02,3806
C00007109,B00007109,A0051,0.02,1416
C00007110,B00007110,A0009,0.02,2904
C00007111,B00007111,A0011,0.02,2730
C00007112,B00007112,A0001,0.03,5478
C00007113,B00007113,A0057,0.15,9090
C00007114,B00007114,A0015,0.02,2156
C00007115,B00007115,A0028,0.02,1512
C00007116,B00007116,A0048,0.15,27240
C00007117,B00007117,A0015,0.15,24840
C00007118,B00007118,A0002,0.02,10016
C00007119,B00007119,A0051,0.15,15480
C00007120,B00007120,A0019,0.1,4360
C00007121,B00007121,A0056,0.02,1098
C00007122,B00007122,A0013,0.15,14925
C00007123,B00007123,A0041,0.1,4240
C00007124,B00007124,A0020,0.02,4598
C00007125,B00007125,A0044,0.02,4060
C00007126,B00007126,A0030,0.05,15750
C00007127,B00007127,A0023,0.15,30690
C00007128,B00007128,A0059,0.03,13083
C00007129,B00007129,A0019,0.15,20655
C00007130,B00007130,A0047,0.02,6028
C00007131,B00007131,A0027,0.02,1620
C00007132,B00007132,A0025,0.15,16020
C00007133,B00007133,A0015,0.15,18720
C00007134,B00007134,A0052,0.15,76920
C00007135,B00007135,A0042,0.03,6786
C00007136,B00007136,A0032,0.02,7848
C00007137,B00007137,A0036,0.15,26055
C00007138,B00007138,A0011,0.02,7470
C00007139,B00007139,A0053,0.03,5922
C00007140,B00007140,A0003,0.15,147030
C00007141,B00007141,A0022,0.02,1368
C00007142,B00007142,A0054,0.1,13920
C00007143,B00007143,A0032,0.15,17910
C00007144,B00007144,A0039,0.15,23040
C00007145,B00007145,A0059,0.1,3820
C00007146,B00007146,A0055,0.15,24600
C00007147,B00007147,A0048,0.1,4070
C00007148,B00007148,A0027,0.15,32250
C00007149,B00007149,A0020,0.02,2934
C00007150,B00007150,A0014,0.1,10150
C00007151,B00007151,A0011,0.1,17400
C00007152,B00007152,A0049,0.15,20655
C00007153,B00007153,A0057,0.02,6842
C00007154,B00007154,A0021,0.02,660
C00007155,B00007155,A0011,0.02,2888
C00007156,B00007156,A0033,0.15,76230
C00007157,B00007157,A0060,0.05,9360
C00007158,B00007158,A0007,0.02,5292
C00007159,B00007159,A0033,0.15,23040
C00007160,B00007160,A0025,0.15,35490
C00007161,B00007161,A0011,0.02,3402
C00007162,B00007162,A0041,0.1,16510
C00007163,B00007163,A0015,0.02,4416
C00007164,B00007164,A0031,0.15,28215
C00007165,B00007165,A0004,0.15,45120
C00007166,B00007166,A0024,0.02,1600
C00007167,B00007167,A0022,0.05,2145
C00007168,B00007168,A0026,0.02,15180
C00007169,B00007169,A0031,0.02,1410
C00007170,B00007170,A0056,0.05,6640
C00007171,B00007171,A0060,0.02,4752
C00007172,B00007172,A0012,0.15,19050
C00007173,B00007173,A0033,0.05,9780
C00007174,B00007174,A0053,0.15,5850
C00007175,B00007175,A0006,0.02,4032
C00007176,B00007176,A0015,0.15,155880
C00007177,B00007177,A0013,0.02,2148
C00007178,B00007178,A0004,0.02,28366
C00007179,B00007179,A0044,0.02,5460
C00007180,B00007180,A0032,0.15,25245
C00007181,B00007181,A0045,0.05,46020
C00007182,B00007182,A0036,0.02,19908
C00007183,B00007183,A0060,0.1,59100
C00007184,B00007184,A0005,0.1,24960
C00007185,B00007185,A0042,0.15,16950
C00007186,B00007186,A0053,0.03,2562
C00007187,B00007187,A0003,0.02,5180
C00007188,B00007188,A0018,0.15,25095
C00007189,B00007189,A0057,0.02,3720
C00007190,B00007190,A0009,0.15,9540
C00007191,B00007191,A0027,0.15,38640
C00007192,B00007192,A0008,0.02,2926
C00007193,B00007193,A0043,0.1,16800
C00007194,B00007194,A0050,0.02,1272
C00007195,B00007195,A0013,0.02,2800
C00007196,B00007196,A0033,0.15,13204
C00007197,B00007197,A0016,0.15,15750
C00007198,B00007198,A0033,0.02,2856
C00007199,B00007199,A0029,0.1,16680
C00007200,B00007200,A0007,0.02,1564
C00007201,B00007201,A0022,0.02,2532
C00007202,B00007202,A0001,0.02,4488
C00007203,B00007203,A0019,0.02,414
C00007204,B00007204,A0033,0.05,1840
C00007205,B00007205,A0039,0.15,27495
C00007206,B00007206,A0032,0.02,5096
C00007207,B00007207,A0031,0.02,17292
C00007208,B00007208,A0004,0.05,4075
C00007209,B00007209,A0010,0.1,24120
C00007210,B00007210,A0033,0.02,696
C00007211,B00007211,A0048,0.02,3874
C00007212,B00007212,A0007,0.02,3612
C00007213,B00007213,A0029,0.02,1158
C00007214,B00007214,A0048,0.15,14490
C00007215,B00007215,A0045,0.05,17955
C00007216,B00007216,A0041,0.02,4000
C00007217,B00007217,A0027,0.1,7720
C00007218,B00007218,A0015,0.1,21320
C00007219,B00007219,A0060,0.02,5376
C00007220,B00007220,A0042,0.15,10500
C00007221,B00007221,A0025,0.02,4400
C00007222,B00007222,A0037,0.03,6972
C00007223,B00007223,A0042,0.02,1600
C00007224,B00007224,A0017,0.15,37620
C00007225,B00007225,A0011,0.1,28340
C00007226,B00007226,A0032,0.1,7700
C00007227,B00007227,A0021,0.1,7200
C00007228,B00007228,A0030,0.02,884
C00007229,B00007229,A0053,0.15,27180
C00007230,B00007230,A0043,0.1,3580
C00007231,B00007231,A0028,0.15,1965
C00007232,B00007232,A0025,0.15,2595
C00007233,B00007233,A0022,0.15,14850
C00007234,B00007234,A0032,0.02,822
C00007235,B00007235,A0052,0.02,21784
C00007236,B00007236,A0056,0.05,11130
C00007237,B00007237,A0007,0.05,11580
C00007238,B00007238,A0053,0.02,2388
C00007239,B00007239,A0030,0.03,2754
C00007240,B00007240,A0035,0.02,2424
C00007241,B00007241,A0037,0.02,4200
C00007242,B00007242,A0005,0.15,7680
C00007243,B00007243,A0057,0.1,7520
C00007244,B00007244,A0031,0.03,17745
C00007245,B00007245,A0047,0.02,10512
C00007246,B00007246,A0029,0.15,4980
C00007247,B00007247,A0031,0.15,12900
C00007248,B00007248,A0020,0.02,8118
C00007249,B00007249,A0008,0.15,75420
C00007250,B00007250,A0049,0.05,15435
C00007251,B00007251,A0057,0.02,1240
C00007252,B00007252,A0011,0.15,6660
C00007253,B00007253,A0003,0.02,3542
C00007254,B00007254,A0053,0.1,27000
C00007255,B00007255,A0025,0.1,10200
C00007256,B00007256,A0011,0.02,3744
C00007257,B00007257,A0022,0.02,1656
C00007258,B00007258,A0056,0.02,7840
C00007259,B00007259,A0035,0.02,2324
C00007260,B00007260,A0004,0.02,4888
C00007261,B00007261,A0050,0.15,7290
C00007262,B00007262,A0036,0.15,8040
C00007263,B00007263,A0020,0.05,16870
C00007264,B00007264,A0019,0.02,9878
C00007265,B00007265,A0041,0.02,3366
C00007266,B00007266,A0035,0.15,32855
C00007267,B00007267,A0050,0.02,2976
C00007268,B00007268,A0053,0.1,21660
C00007269,B00007269,A0022,0.05,6370
C00007270,B00007270,A0056,0.15,57525
C00007271,B00007271,A0010,0.02,3696
C00007272,B00007272,A0029,0.03,5550
C00007273,B00007273,A0009,0.02,2096
C00007274,B00007274,A0024,0.1,72450
C00007275,B00007275,A0013,0.05,7040
C00007276,B00007276,A0005,0.02,8796
C00007277,B00007277,A0047,0.02,2856
C00007278,B00007278,A0056,0.1,1800
C00007279,B00007279,A0037,0.02,2090
C00007280,B00007280,A0019,0.02,424
C00007281,B00007281,A0028,0.02,756
C00007282,B00007282,A0036,0.02,3770
C00007283,B00007283,A0029,0.1,7400
C00007284,B00007284,A0046,0.03,1737
C00007285,B00007285,A0002,0.05,11690
C00007286,B00007286,A0050,0.02,3480
C00007287,B00007287,A0051,0.1,2960
C00007288,B00007288,A0020,0.03,6732
C00007289,B00007289,A0021,0.02,4728
C00007290,B00007290,A0050,0.02,1038
C00007291,B00007291,A0033,0.05,925
C00007292,B00007292,A0027,0.15,15484
C00007293,B00007293,A0054,0.03,1122
C00007294,B00007294,A0015,0.03,480
C00007295,B00007295,A0060,0.15,14670
C00007296,B00007296,A0045,0.15,3000
C00007297,B00007297,A0026,0.02,10842
C00007298,B00007298,A0033,0.15,14700
C00007299,B00007299,A0029,0.05,31635
C00007300,B00007300,A0011,0.1,22440
C00007301,B00007301,A0054,0.1,21500
C00007302,B00007302,A0013,0.03,13644
C00007303,B00007303,A0060,0.03,3180
C00007304,B00007304,A0052,0.05,13930
C00007305,B00007305,A0013,0.02,2748
C00007306,B00007306,A0056,0.02,37996
C00007307,B00007307,A0058,0.1,9940
C00007308,B00007308,A0007,0.02,3020
C00007309,B00007309,A0002,0.02,5628
C00007310,B00007310,A0023,0.03,3339
C00007311,B00007311,A0044,0.15,29190
C00007312,B00007312,A0018,0.15,33435
C00007313,B00007313,A0060,0.05,7335
C00007314,B00007314,A0020,0.02,2616
C00007315,B00007315,A0013,0.15,33285
C00007316,B00007316,A0042,0.03,5247
C00007317,B00007317,A0036,0.02,282
C00007318,B00007318,A0001,0.03,2178
C00007319,B00007319,A0002,0.1,86880
C00007320,B00007320,A0020,0.03,10692
C00007321,B00007321,A0023,0.1,22380
C00007322,B00007322,A0007,0.03,1602
C00007323,B00007323,A0008,0.1,18320
C00007324,B00007324,A0033,0.03,5160
C00007325,B00007325,A0030,0.02,4540
C00007326,B00007326,A0051,0.15,21480
C00007327,B00007327,A0033,0.05,8640
C00007328,B00007328,A0032,0.05,8800
C00007329,B00007329,A0033,0.03,5712
C00007330,B00007330,A0008,0.02,3420
C00007331,B00007331,A0005,0.15,24150
C00007332,B00007332,A0010,0.05,14220
C00007333,B00007333,A0053,0.02,6680
C00007334,B00007334,A0052,0.15,9705
C00007335,B00007335,A0021,0.05,1705
C00007336,B00007336,A0030,0.15,21105
C00007337,B00007337,A0026,0.15,33525
C00007338,B00007338,A0051,0.02,4760
C00007339,B00007339,A0042,0.1,25040
C00007340,B00007340,A0024,0.03,2454
C00007341,B00007341,A0022,0.15,57960
C00007342,B00007342,A0033,0.1,9900
C00007343,B00007343,A0014,0.15,11025
C00007344,B00007344,A0043,0.1,12950
C00007345,B00007345,A0047,0.02,8480
C00007346,B00007346,A0033,0.02,2338
C00007347,B00007347,A0015,0.02,1660
C00007348,B00007348,A0050,0.02,3978
C00007349,B00007349,A0029,0.05,14160
C00007350,B00007350,A0008,0.15,127335
C00007351,B00007351,A0043,0.02,11752
C00007352,B00007352,A0035,0.1,27920
C00007353,B00007353,A0058,0.05,2760
C00007354,B00007354,A0058,0.15,10395
C00007355,B00007355,A0022,0.15,16170
C00007356,B00007356,A0041,0.15,28080
C00007357,B00007357,A0011,0.05,1860
C00007358,B00007358,A0020,0.05,17650
C00007359,B00007359,A0023,0.02,2688
C00007360,B00007360,A0038,0.02,1604
C00007361,B00007361,A0043,0.15,26220
C00007362,B00007362,A0002,0.03,6678
C00007363,B00007363,A0047,0.15,8100
C00007364,B00007364,A0034,0.15,48000
C00007365,B00007365,A0030,0.02,2808
C00007366,B00007366,A0013,0.15,24675
C00007367,B00007367,A0017,0.1,29040
C00007368,B00007368,A0043,0.1,23500
C00007369,B00007369,A0033,0.02,2868
C00007370,B00007370,A0006,0.05,1550
C00007371,B00007371,A0026,0.05,35130
C00007372,B00007372,A0028,0.1,45540
C00007373,B00007373,A0020,0.15,19320
C00007374,B00007374,A0016,0.15,6615
C00007375,B00007375,A0026,0.02,3220
C00007376,B00007376,A0054,0.15,10200
C00007377,B00007377,A0048,0.02,8640
C00007378,B00007378,A0020,0.15,42420
C00007379,B00007379,A0026,0.03,1674
C00007380,B00007380,A0040,0.1,26000
C00007381,B00007381,A0011,0.02,1610
C00007382,B00007382,A0036,0.02,444
C00007383,B00007383,A0045,0.05,9360
C00007384,B00007384,A0056,0.02,584
C00007385,B00007385,A0031,0.1,15960
C00007386,B00007386,A0004,0.1,16830
C00007387,B00007387,A0007,0.15,42630
C00007388,B00007388,A0006,0.15,50700
C00007389,B00007389,A0008,0.02,4884
C00007390,B00007390,A0052,0.02,3816
C00007391,B00007391,A0044,0.02,9262
C00007392,B00007392,A0010,0.15,18765
C00007393,B00007393,A0047,0.02,1800
C00007394,B00007394,A0006,0.1,1660
C00007395,B00007395,A0016,0.02,4188
C00007396,B00007396,A0036,0.05,6400
C00007397,B00007397,A0023,0.1,20850
C00007398,B00007398,A0050,0.03,3156
C00007399,B00007399,A0055,0.15,229500
C00007400,B00007400,A0033,0.05,28160
C00007401,B00007401,A0015,0.1,14100
C00007402,B00007402,A0009,0.02,4422
C00007403,B00007403,A0022,0.02,4728
C00007404,B00007404,A0033,0.02,1840
C00007405,B00007405,A0051,0.05,13585
C00007406,B00007406,A0041,0.05,14820
C00007407,B00007407,A0023,0.02,262
C00007408,B00007408,A0040,0.1,4360
C00007409,B00007409,A0032,0.03,2445
C00007410,B00007410,A0002,0.1,1800
C00007411,B00007411,A0058,0.05,10500
C00007412,B00007412,A0009,0.15,2475
C00007413,B00007413,A0045,0.1,17000
C00007414,B00007414,A0053,0.02,1320
C00007415,B00007415,A0016,0.15,3120
C00007416,B00007416,A0018,0.05,12880
C00007417,B00007417,A0036,0.02,3978
C00007418,B00007418,A0020,0.1,7420
C00007419,B00007419,A0057,0.15,43740
C00007420,B00007420,A0039,0.15,17850
C00007421,B00007421,A0047,0.02,3248
C00007422,B00007422,A0012,0.1,14490
C00007423,B00007423,A0043,0.1,23640
C00007424,B00007424,A0008,0.1,12460
C00007425,B00007425,A0020,0.02,4292
C00007426,B00007426,A0031,0.05,1210
C00007427,B00007427,A0023,0.15,14490
C00007428,B00007428,A0036,0.02,1264
C00007429,B00007429,A0001,0.15,41160
C00007430,B00007430,A0037,0.05,4510
C00007431,B00007431,A0044,0.05,3040
C00007432,B00007432,A0022,0.02,990
C00007433,B00007433,A0033,0.03,618
C00007434,B00007434,A0059,0.15,46080
C00007435,B00007435,A0054,0.05,7750
C00007436,B00007436,A0035,0.03,498
C00007437,B00007437,A0022,0.02,3500
C00007438,B00007438,A0038,0.1,16560
C00007439,B00007439,A0047,0.02,2160
C00007440,B00007440,A0015,0.1,16900
C00007441,B00007441,A0012,0.02,1568
C00007442,B00007442,A0052,0.02,4572
C00007443,B00007443,A0026,0.15,24480
C00007444,B00007444,A0037,0.02,13824
C00007445,B00007445,A0056,0.02,5124
C00007446,B00007446,A0057,0.02,5488
C00007447,B00007447,A0022,0.02,1968
C00007448,B00007448,A0060,0.15,2625
C00007449,B00007449,A0043,0.15,4800
C00007450,B00007450,A0053,0.03,2358
C00007451,B00007451,A0036,0.15,30615
C00007452,B00007452,A0021,0.02,2744
C00007453,B00007453,A0055,0.05,6840
C00007454,B00007454,A0043,0.02,1040
C00007455,B00007455,A0053,0.02,4712
C00007456,B00007456,A0026,0.03,1872
C00007457,B00007457,A0046,0.03,21720
C00007458,B00007458,A0046,0.15,67440
C00007459,B00007459,A0055,0.15,2670
C00007460,B00007460,A0029,0.1,25830
C00007461,B00007461,A0016,0.02,1422
C00007462,B00007462,A0034,0.05,13500
C00007463,B00007463,A0006,0.02,2148
C00007464,B00007464,A0056,0.15,17115
C00007465,B00007465,A0004,0.15,47391
C00007466,B00007466,A0024,0.15,11100
C00007467,B00007467,A0005,0.15,3930
C00007468,B00007468,A0058,0.03,3264
C00007469,B00007469,A0046,0.15,5280
C00007470,B00007470,A0060,0.15,2505
C00007471,B00007471,A0025,0.05,24255
C00007472,B00007472,A0026,0.1,21450
C00007473,B00007473,A0013,0.05,5970
C00007474,B00007474,A0051,0.1,21180
C00007475,B00007475,A0013,0.15,21000
C00007476,B00007476,A0033,0.02,1248
C00007477,B00007477,A0011,0.15,11520
C00007478,B00007478,A0010,0.15,188040
C00007479,B00007479,A0055,0.15,24150
C00007480,B00007480,A0001,0.02,12090
C00007481,B00007481,A0041,0.02,2814
C00007482,B00007482,A0026,0.15,60390
C00007483,B00007483,A0042,0.1,5580
C00007484,B00007484,A0052,0.05,4375
C00007485,B00007485,A0017,0.1,1930
C00007486,B00007486,A0045,0.05,9060
C00007487,B00007487,A0006,0.03,4530
C00007488,B00007488,A0025,0.02,7404
C00007489,B00007489,A0052,0.1,19800
C00007490,B00007490,A0004,0.02,3454
C00007491,B00007491,A0014,0.02,3454
C00007492,B00007492,A0009,0.15,40755
C00007493,B00007493,A0011,0.15,98670
C00007494,B00007494,A0004,0.05,10080
C00007495,B00007495,A0007,0.03,2355
C00007496,B00007496,A0026,0.15,123660
C00007497,B00007497,A0004,0.1,27720
C00007498,B00007498,A0042,0.15,185760
C00007499,B00007499,A0041,0.02,890
C00007500,B00007500,A0042,0.1,15200
C00007501,B00007501,A0019,0.1,43200
C00007502,B00007502,A0057,0.15,49350
C00007503,B00007503,A0001,0.02,1128
C00007504,B00007504,A0051,0.05,7975
C00007505,B00007505,A0054,0.15,16020
C00007506,B00007506,A0042,0.02,4816
C00007507,B00007507,A0018,0.03,8853
C00007508,B00007508,A0041,0.05,11280
C00007509,B00007509,A0024,0.05,2240
C00007510,B00007510,A0004,0.15,19170
C00007511,B00007511,A0001,0.05,8480
C00007512,B00007512,A0049,0.15,44940
C00007513,B00007513,A0003,0.1,68700
C00007514,B00007514,A0011,0.02,3960
C00007515,B00007515,A0046,0.15,70200
C00007516,B00007516,A0044,0.02,7686
C00007517,B00007517,A0011,0.15,27450
C00007518,B00007518,A0052,0.02,9744
C00007519,B00007519,A0049,0.1,8450
C00007520,B00007520,A0009,0.05,3380
C00007521,B00007521,A0052,0.02,2880
C00007522,B00007522,A0056,0.15,26640
C00007523,B00007523,A0030,0.02,868
C00007524,B00007524,A0010,0.05,975
C00007525,B00007525,A0005,0.02,28886
C00007526,B00007526,A0026,0.15,10485
C00007527,B00007527,A0039,0.05,5085
C00007528,B00007528,A0031,0.05,11605
C00007529,B00007529,A0001,0.02,2828
C00007530,B00007530,A0014,0.05,26390
C00007531,B00007531,A0054,0.15,55755
C00007532,B00007532,A0047,0.05,11600
C00007533,B00007533,A0039,0.02,9728
C00007534,B00007534,A0008,0.1,45600
C00007535,B00007535,A0004,0.02,828
C00007536,B00007536,A0033,0.1,21560
C00007537,B00007537,A0027,0.02,322
C00007538,B00007538,A0014,0.15,20580
C00007539,B00007539,A0056,0.02,3504
C00007540,B00007540,A0027,0.05,6075
C00007541,B00007541,A0021,0.15,136080
C00007542,B00007542,A0022,0.02,3432
C00007543,B00007543,A0025,0.15,23400
C00007544,B00007544,A0010,0.15,12450
C00007545,B00007545,A0017,0.03,714
C00007546,B00007546,A0011,0.1,19700
C00007547,B00007547,A0024,0.15,25515
C00007548,B00007548,A0055,0.1,40500
C00007549,B00007549,A0011,0.02,3872
C00007550,B00007550,A0030,0.15,1920
C00007551,B00007551,A0021,0.1,48000
C00007552,B00007552,A0003,0.1,9520
C00007553,B00007553,A0040,0.15,6810
C00007554,B00007554,A0011,0.02,2448
C00007555,B00007555,A0030,0.1,22110
C00007556,B00007556,A0048,0.15,84375
C00007557,B00007557,A0047,0.15,28800
C00007558,B00007558,A0026,0.02,5404
C00007559,B00007559,A0023,0.03,3006
C00007560,B00007560,A0046,0.02,4092
C00007561,B00007561,A0055,0.02,3588
C00007562,B00007562,A0003,0.1,5910
C00007563,B00007563,A0051,0.03,2709
C00007564,B00007564,A0007,0.03,3096
C00007565,B00007565,A0024,0.02,6266
C00007566,B00007566,A0047,0.02,4032
C00007567,B00007567,A0009,0.1,16199
C00007568,B00007568,A0021,0.15,34740
C00007569,B00007569,A0010,0.15,25245
C00007570,B00007570,A0059,0.15,20640
C00007571,B00007571,A0016,0.15,25950
C00007572,B00007572,A0014,0.02,1310
C00007573,B00007573,A0042,0.15,17550
C00007574,B00007574,A0021,0.02,3880
C00007575,B00007575,A0022,0.05,28935
C00007576,B00007576,A0013,0.03,6201
C00007577,B00007577,A0027,0.02,7678
C00007578,B00007578,A0001,0.05,14560
C00007579,B00007579,A0029,0.1,4460
C00007580,B00007580,A0048,0.1,16290
C00007581,B00007581,A0002,0.15,262080
C00007582,B00007582,A0023,0.15,19980
C00007583,B00007583,A0053,0.02,1360
C00007584,B00007584,A0024,0.05,3140
C00007585,B00007585,A0057,0.1,21840
C00007586,B00007586,A0050,0.03,5811
C00007587,B00007587,A0047,0.03,13860
C00007588,B00007588,A0025,0.02,3472
C00007589,B00007589,A0015,0.02,5784
C00007590,B00007590,A0014,0.02,5280
C00007591,B00007591,A0036,0.02,5096
C00007592,B00007592,A0003,0.1,12000
C00007593,B00007593,A0014,0.02,3024
C00007594,B00007594,A0045,0.02,4284
C00007595,B00007595,A0003,0.15,6570
C00007596,B00007596,A0017,0.05,42445
C00007597,B00007597,A0016,0.05,2100
C00007598,B00007598,A0033,0.02,2140
C00007599,B00007599,A0030,0.02,14660
C00007600,B00007600,A0039,0.03,5652
C00007601,B00007601,A0049,0.02,5894
C00007602,B00007602,A0048,0.05,11580
C00007603,B00007603,A0038,0.1,18760
C00007604,B00007604,A0043,0.15,45240
C00007605,B00007605,A0016,0.03,1086
C00007606,B00007606,A0033,0.02,3024
C00007607,B00007607,A0053,0.05,20160
C00007608,B00007608,A0020,0.1,2170
C00007609,B00007609,A0046,0.15,201900
C00007610,B00007610,A0060,0.05,2205
C00007611,B00007611,A0043,0.15,23490
C00007612,B00007612,A0044,0.03,5064
C00007613,B00007613,A0026,0.1,3340
C00007614,B00007614,A0011,0.15,17880
C00007615,B00007615,A0059,0.15,13200
C00007616,B00007616,A0001,0.15,25440
C00007617,B00007617,A0042,0.1,14400
C00007618,B00007618,A0015,0.02,8996
C00007619,B00007619,A0005,0.05,7155
C00007620,B00007620,A0052,0.02,1152
C00007621,B00007621,A0055,0.05,9680
C00007622,B00007622,A0016,0.02,700
C00007623,B00007623,A0023,0.1,9250
C00007624,B00007624,A0001,0.02,840
C00007625,B00007625,A0015,0.05,10500
C00007626,B00007626,A0054,0.15,108030
C00007627,B00007627,A0038,0.05,2115
C00007628,B00007628,A0057,0.02,3696
C00007629,B00007629,A0053,0.15,2835
C00007630,B00007630,A0003,0.1,26880
C00007631,B00007631,A0008,0.15,30960
C00007632,B00007632,A0003,0.02,3848
C00007633,B00007633,A0043,0.15,104910
C00007634,B00007634,A0018,0.02,1890
C00007635,B00007635,A0035,0.15,10260
C00007636,B00007636,A0014,0.1,4650
C00007637,B00007637,A0033,0.03,14868
C00007638,B00007638,A0026,0.02,4992
C00007639,B00007639,A0039,0.02,5876
C00007640,B00007640,A0025,0.15,23400
C00007641,B00007641,A0036,0.15,43485
C00007642,B00007642,A0054,0.1,5600
C00007643,B00007643,A0027,0.05,9000
C00007644,B00007644,A0039,0.1,1320
C00007645,B00007645,A0031,0.15,21735
C00007646,B00007646,A0059,0.02,966
C00007647,B00007647,A0003,0.15,23880
C00007648,B00007648,A0049,0.03,15750
C00007649,B00007649,A0020,0.15,5610
C00007650,B00007650,A0006,0.03,2808
C00007651,B00007651,A0009,0.02,1002
C00007652,B00007652,A0038,0.15,15930
C00007653,B00007653,A0025,0.1,8460
C00007654,B00007654,A0005,0.05,6125
C00007655,B00007655,A0051,0.02,7920
C00007656,B00007656,A0016,0.05,8525
C00007657,B00007657,A0025,0.15,13620
C00007658,B00007658,A0058,0.02,392
C00007659,B00007659,A0047,0.02,758
C00007660,B00007660,A0020,0.15,55440
C00007661,B00007661,A0035,0.15,11700
C00007662,B00007662,A0054,0.02,728
C00007663,B00007663,A0056,0.02,1660
C00007664,B00007664,A0037,0.03,6390
C00007665,B00007665,A0048,0.1,23140
C00007666,B00007666,A0010,0.02,1720
C00007667,B00007667,A0050,0.15,31320
C00007668,B00007668,A0013,0.15,14625
C00007669,B00007669,A0048,0.1,81600
C00007670,B00007670,A0016,0.03,630
C00007671,B00007671,A0039,0.03,24372
C00007672,B00007672,A0023,0.15,24300
C00007673,B00007673,A0011,0.03,6513
C00007674,B00007674,A0001,0.05,16730
C00007675,B00007675,A0028,0.02,306
C00007676,B00007676,A0003,0.05,4995
C00007677,B00007677,A0055,0.05,20865
C00007678,B00007678,A0046,0.1,4440
C00007679,B00007679,A0021,0.05,1525
C00007680,B00007680,A0006,0.15,2160
C00007681,B00007681,A0006,0.1,33384
C00007682,B00007682,A0057,0.05,14625
C00007683,B00007683,A0052,0.15,7680
C00007684,B00007684,A0028,0.15,51570
C00007685,B00007685,A0057,0.15,27300
C00007686,B00007686,A0054,0.15,10170
C00007687,B00007687,A0039,0.03,16686
C00007688,B00007688,A0026,0.05,8440
C00007689,B00007689,A0060,0.02,3258
C00007690,B00007690,A0035,0.1,74280
C00007691,B00007691,A0047,0.15,15540
C00007692,B00007692,A0024,0.15,75855
C00007693,B00007693,A0001,0.02,4480
C00007694,B00007694,A0058,0.02,5196
C00007695,B00007695,A0035,0.15,43365
C00007696,B00007696,A0053,0.1,8550
C00007697,B00007697,A0019,0.15,28350
C00007698,B00007698,A0037,0.03,4716
C00007699,B00007699,A0054,0.15,14025
C00007700,B00007700,A0043,0.05,25020
C00007701,B00007701,A0044,0.03,1356
C00007702,B00007702,A0019,0.02,2688
C00007703,B00007703,A0049,0.03,7356
C00007704,B00007704,A0044,0.02,1946
C00007705,B00007705,A0006,0.1,35600
C00007706,B00007706,A0020,0.1,15600
C00007707,B00007707,A0012,0.02,768
C00007708,B00007708,A0027,0.15,11760
C00007709,B00007709,A0016,0.05,9780
C00007710,B00007710,A0050,0.03,2112
C00007711,B00007711,A0046,0.15,31725
C00007712,B00007712,A0015,0.02,836
C00007713,B00007713,A0053,0.02,1344
C00007714,B00007714,A0037,0.02,1908
C00007715,B00007715,A0014,0.03,7722
C00007716,B00007716,A0021,0.02,3168
C00007717,B00007717,A0039,0.15,9540
C00007718,B00007718,A0047,0.03,5724
C00007719,B00007719,A0010,0.03,5370
C00007720,B00007720,A0060,0.02,2506
C00007721,B00007721,A0030,0.15,4080
C00007722,B00007722,A0012,0.05,42575
C00007723,B00007723,A0002,0.15,5730
C00007724,B00007724,A0002,0.15,11400
C00007725,B00007725,A0046,0.1,14840
C00007726,B00007726,A0052,0.15,29040
C00007727,B00007727,A0034,0.02,4730
C00007728,B00007728,A0021,0.03,1638
C00007729,B00007729,A0005,0.02,12582
C00007730,B00007730,A0035,0.1,15330
C00007731,B00007731,A0022,0.15,11700
C00007732,B00007732,A0010,0.15,99300
C00007733,B00007733,A0010,0.02,3380
C00007734,B00007734,A0027,0.02,1944
C00007735,B00007735,A0044,0.05,4750
C00007736,B00007736,A0013,0.05,7560
C00007737,B00007737,A0032,0.02,5324
C00007738,B00007738,A0024,0.15,4980
C00007739,B00007739,A0032,0.02,17328
C00007740,B00007740,A0046,0.15,5610
C00007741,B00007741,A0031,0.15,18960
C00007742,B00007742,A0008,0.15,28500
C00007743,B00007743,A0046,0.1,10050
C00007744,B00007744,A0009,0.15,5670
C00007745,B00007745,A0045,0.05,3440
C00007746,B00007746,A0014,0.15,4290
C00007747,B00007747,A0024,0.1,17800
C00007748,B00007748,A0008,0.05,8760
C00007749,B00007749,A0028,0.05,13200
C00007750,B00007750,A0050,0.15,22140
C00007751,B00007751,A0044,0.1,4660
C00007752,B00007752,A0018,0.03,5460
C00007753,B00007753,A0045,0.1,68200
C00007754,B00007754,A0059,0.15,30855
C00007755,B00007755,A0013,0.02,2720
C00007756,B00007756,A0037,0.02,17976
C00007757,B00007757,A0004,0.15,14520
C00007758,B00007758,A0038,0.1,6330
C00007759,B00007759,A0053,0.1,13440
C00007760,B00007760,A0039,0.1,1550
C00007761,B00007761,A0035,0.02,1660
C00007762,B00007762,A0038,0.05,4300
C00007763,B00007763,A0048,0.15,32970
C00007764,B00007764,A0042,0.15,30240
C00007765,B00007765,A0059,0.02,1242
C00007766,B00007766,A0024,0.03,5724
C00007767,B00007767,A0054,0.15,16680
C00007768,B00007768,A0016,0.02,1544
C00007769,B00007769,A0041,0.1,4000
C00007770,B00007770,A0043,0.02,22372
C00007771,B00007771,A0037,0.05,1620
C00007772,B00007772,A0055,0.02,2736
C00007773,B00007773,A0058,0.05,5070
C00007774,B00007774,A0023,0.02,684
C00007775,B00007775,A0041,0.03,5304
C00007776,B00007776,A0032,0.02,2254
C00007777,B00007777,A0044,0.02,5124
C00007778,B00007778,A0009,0.05,3540
C00007779,B00007779,A0044,0.02,4788
C00007780,B00007780,A0026,0.02,5432
C00007781,B00007781,A0042,0.15,18270
C00007782,B00007782,A0014,0.05,8550
C00007783,B00007783,A0040,0.15,5190
C00007784,B00007784,A0018,0.02,5360
C00007785,B00007785,A0008,0.15,3540
C00007786,B00007786,A0036,0.02,2544
C00007787,B00007787,A0013,0.1,39150
C00007788,B00007788,A0043,0.15,11700
C00007789,B00007789,A0005,0.02,11778
C00007790,B00007790,A0051,0.05,6230
C00007791,B00007791,A0005,0.15,109980
C00007792,B00007792,A0010,0.02,6160
C00007793,B00007793,A0010,0.02,5765
C00007794,B00007794,A0042,0.05,1970
C00007795,B00007795,A0022,0.02,3546
C00007796,B00007796,A0034,0.03,5400
C00007797,B00007797,A0058,0.02,8424
C00007798,B00007798,A0037,0.15,14595
C00007799,B00007799,A0026,0.05,18320
C00007800,B00007800,A0005,0.03,14940
C00007801,B00007801,A0054,0.05,33150
C00007802,B00007802,A0036,0.15,27900
C00007803,B00007803,A0006,0.15,12510
C00007804,B00007804,A0012,0.15,24030
C00007805,B00007805,A0019,0.15,43020
C00007806,B00007806,A0054,0.15,35391
C00007807,B00007807,A0022,0.1,22200
C00007808,B00007808,A0012,0.02,12124
C00007809,B00007809,A0016,0.02,5214
C00007810,B00007810,A0024,0.03,4392
C00007811,B00007811,A0060,0.02,2408
C00007812,B00007812,A0033,0.05,8800
C00007813,B00007813,A0030,0.15,42840
C00007814,B00007814,A0032,0.1,14100
C00007815,B00007815,A0015,0.15,61440
C00007816,B00007816,A0035,0.05,2505
C00007817,B00007817,A0041,0.15,38805
C00007818,B00007818,A0047,0.02,1890
C00007819,B00007819,A0016,0.15,45570
C00007820,B00007820,A0003,0.03,17364
C00007821,B00007821,A0011,0.15,17100
C00007822,B00007822,A0038,0.05,53200
C00007823,B00007823,A0040,0.02,4330
C00007824,B00007824,A0038,0.05,9515
C00007825,B00007825,A0033,0.03,10584
C00007826,B00007826,A0036,0.05,25130
C00007827,B00007827,A0036,0.02,4680
C00007828,B00007828,A0055,0.05,22880
C00007829,B00007829,A0060,0.1,23800
C00007830,B00007830,A0044,0.15,65160
C00007831,B00007831,A0003,0.02,1444
C00007832,B00007832,A0042,0.15,20970
C00007833,B00007833,A0036,0.02,3564
C00007834,B00007834,A0036,0.1,21000
C00007835,B00007835,A0002,0.05,13300
C00007836,B00007836,A0049,0.05,73140
C00007837,B00007837,A0059,0.02,3800
C00007838,B00007838,A0055,0.15,98280
C00007839,B00007839,A0053,0.15,13320
C00007840,B00007840,A0043,0.15,31185
C00007841,B00007841,A0041,0.1,26300
C00007842,B00007842,A0026,0.02,8544
C00007843,B00007843,A0047,0.02,2212
C00007844,B00007844,A0014,0.02,4032
C00007845,B00007845,A0053,0.15,21120
C00007846,B00007846,A0045,0.15,6030
C00007847,B00007847,A0020,0.02,2730
C00007848,B00007848,A0036,0.05,18150
C00007849,B00007849,A0059,0.02,2050
C00007850,B00007850,A0045,0.05,3450
C00007851,B00007851,A0037,0.15,47520
C00007852,B00007852,A0017,0.15,14490
C00007853,B00007853,A0016,0.03,6768
C00007854,B00007854,A0044,0.03,7518
C00007855,B00007855,A0030,0.15,21480
C00007856,B00007856,A0034,0.02,6732
C00007857,B00007857,A0045,0.03,2340
C00007858,B00007858,A0014,0.15,18840
C00007859,B00007859,A0028,0.02,5348
C00007860,B00007860,A0014,0.02,4272
C00007861,B00007861,A0035,0.15,41145
C00007862,B00007862,A0024,0.02,4320
C00007863,B00007863,A0021,0.02,7150
C00007864,B00007864,A0047,0.02,4550
C00007865,B00007865,A0041,0.15,16020
C00007866,B00007866,A0020,0.05,16940
C00007867,B00007867,A0044,0.15,29400
C00007868,B00007868,A0048,0.15,33600
C00007869,B00007869,A0004,0.1,16560
C00007870,B00007870,A0028,0.15,20055
C00007871,B00007871,A0037,0.02,4824
C00007872,B00007872,A0011,0.1,26260
C00007873,B00007873,A0055,0.02,1158
C00007874,B00007874,A0045,0.02,3312
C00007875,B00007875,A0006,0.15,50760
C00007876,B00007876,A0019,0.15,5250
C00007877,B00007877,A0032,0.15,27360
C00007878,B00007878,A0007,0.02,1128
C00007879,B00007879,A0031,0.03,6636
C00007880,B00007880,A0040,0.15,34380
C00007881,B00007881,A0031,0.15,37980
C00007882,B00007882,A0013,0.02,2028
C00007883,B00007883,A0042,0.15,265980
C00007884,B00007884,A0029,0.02,1014
C00007885,B00007885,A0027,0.1,3320
C00007886,B00007886,A0032,0.1,59840
C00007887,B00007887,A0031,0.02,3504
C00007888,B00007888,A0005,0.1,2100
C00007889,B00007889,A0015,0.1,19400
C00007890,B00007890,A0052,0.15,2970
C00007891,B00007891,A0059,0.03,15498
C00007892,B00007892,A0058,0.15,54975
C00007893,B00007893,A0039,0.1,41840
C00007894,B00007894,A0020,0.15,3135
C00007895,B00007895,A0046,0.03,1608
C00007896,B00007896,A0032,0.15,11340
C00007897,B00007897,A0052,0.05,11830
C00007898,B00007898,A0036,0.03,2490
C00007899,B00007899,A0044,0.15,4440
C00007900,B00007900,A0034,0.15,30240
C00007901,B00007901,A0001,0.05,6400
C00007902,B00007902,A0042,0.02,1920
C00007903,B00007903,A0042,0.15,41160
C00007904,B00007904,A0006,0.03,1752
C00007905,B00007905,A0010,0.1,13600
C00007906,B00007906,A0059,0.02,2000
C00007907,B00007907,A0023,0.02,3740
C00007908,B00007908,A0017,0.15,5340
C00007909,B00007909,A0030,0.1,10860
C00007910,B00007910,A0034,0.1,16160
C00007911,B00007911,A0052,0.02,6946
C00007912,B00007912,A0039,0.1,45700
C00007913,B00007913,A0029,0.05,5215
C00007914,B00007914,A0046,0.02,2330
C00007915,B00007915,A0023,0.05,11070
C00007916,B00007916,A0045,0.03,2565
C00007917,B00007917,A0007,0.1,5150
C00007918,B00007918,A0049,0.1,30420
C00007919,B00007919,A0022,0.15,19845
C00007920,B00007920,A0002,0.15,10890
C00007921,B00007921,A0035,0.05,11445
C00007922,B00007922,A0025,0.1,3760
C00007923,B00007923,A0036,0.15,29205
C00007924,B00007924,A0021,0.15,17100
C00007925,B00007925,A0055,0.02,5920
C00007926,B00007926,A0005,0.02,3476
C00007927,B00007927,A0010,0.02,308
C00007928,B00007928,A0032,0.1,25130
C00007929,B00007929,A0035,0.15,59865
C00007930,B00007930,A0051,0.1,65040
C00007931,B00007931,A0016,0.02,6564
C00007932,B00007932,A0032,0.02,9152
C00007933,B00007933,A0031,0.03,1410
C00007934,B00007934,A0036,0.05,30160
C00007935,B00007935,A0002,0.1,120320
C00007936,B00007936,A0029,0.15,64620
C00007937,B00007937,A0034,0.02,360
C00007938,B00007938,A0053,0.1,17200
C00007939,B00007939,A0006,0.1,31700
C00007940,B00007940,A0007,0.15,41175
C00007941,B00007941,A0021,0.02,2982
C00007942,B00007942,A0034,0.02,612
C00007943,B00007943,A0026,0.02,784
C00007944,B00007944,A0017,0.1,64350
C00007945,B00007945,A0045,0.02,692
C00007946,B00007946,A0030,0.03,636
C00007947,B00007947,A0001,0.02,636
C00007948,B00007948,A0045,0.15,142740
C00007949,B00007949,A0037,0.15,12420
C00007950,B00007950,A0053,0.02,2562
C00007951,B00007951,A0002,0.02,14762
C00007952,B00007952,A0019,0.15,30690
C00007953,B00007953,A0036,0.02,6520
C00007954,B00007954,A0001,0.03,2394
C00007955,B00007955,A0053,0.05,14630
C00007956,B00007956,A0032,0.02,2456
C00007957,B00007957,A0052,0.03,1056
C00007958,B00007958,A0037,0.05,22935
C00007959,B00007959,A0003,0.03,4476
C00007960,B00007960,A0026,0.05,64800
C00007961,B00007961,A0047,0.1,12150
C00007962,B00007962,A0055,0.15,63720
C00007963,B00007963,A0005,0.02,2736
C00007964,B00007964,A0005,0.02,4268
C00007965,B00007965,A0046,0.02,2640
C00007966,B00007966,A0023,0.05,10440
C00007967,B00007967,A0034,0.15,64080
C00007968,B00007968,A0022,0.03,13860
C00007969,B00007969,A0008,0.1,25920
C00007970,B00007970,A0046,0.15,2205
C00007971,B00007971,A0040,0.02,3480
C00007972,B00007972,A0003,0.02,2376
C00007973,B00007973,A0014,0.02,1990
C00007974,B00007974,A0006,0.02,2584
C00007975,B00007975,A0023,0.15,54615
C00007976,B00007976,A0006,0.02,1500
C00007977,B00007977,A0037,0.02,7240
C00007978,B00007978,A0055,0.02,3384
C00007979,B00007979,A0040,0.15,31455
C00007980,B00007980,A0008,0.02,3100
C00007981,B00007981,A0013,0.1,26360
C00007982,B00007982,A0006,0.15,23160
C00007983,B00007983,A0037,0.15,31995
C00007984,B00007984,A0046,0.05,1950
C00007985,B00007985,A0008,0.03,7029
C00007986,B00007986,A0031,0.15,10260
C00007987,B00007987,A0016,0.05,27600
C00007988,B00007988,A0027,0.15,24030
C00007989,B00007989,A0037,0.02,764
C00007990,B00007990,A0006,0.15,11220
C00007991,B00007991,A0015,0.15,20100
C00007992,B00007992,A0001,0.15,32370
C00007993,B00007993,A0025,0.02,12348
C00007994,B00007994,A0012,0.02,4350
C00007995,B00007995,A0051,0.03,2700
C00007996,B00007996,A0039,0.02,1550
C00007997,B00007997,A0004,0.05,19260
C00007998,B00007998,A0053,0.1,18400
C00007999,B00007999,A0017,0.02,4992
C00008000,B00008000,A0027,0.02,26488
C00008001,B00008001,A0012,0.1,28840
C00008002,B00008002,A0043,0.02,2388
C00008003,B00008003,A0050,0.02,4092
C00008004,B00008004,A0045,0.15,39780
C00008005,B00008005,A0039,0.03,1827
C00008006,B00008006,A0053,0.15,77220
C00008007,B00008007,A0029,0.02,2268
C00008008,B00008008,A0032,0.15,8955
C00008009,B00008009,A0032,0.02,2926
C00008010,B00008010,A0029,0.02,16250
C00008011,B00008011,A0010,0.02,3288
C00008012,B00008012,A0031,0.1,23040
C00008013,B00008013,A0023,0.05,6920
C00008014,B00008014,A0006,0.02,4752
C00008015,B00008015,A0029,0.03,3318
C00008016,B00008016,A0021,0.15,45630
C00008017,B00008017,A0025,0.1,27420
C00008018,B00008018,A0046,0.15,6090
C00008019,B00008019,A0012,0.05,4040
C00008020,B00008020,A0051,0.03,13572
C00008021,B00008021,A0030,0.02,4752
C00008022,B00008022,A0010,0.15,31020
C00008023,B00008023,A0007,0.1,12320
C00008024,B00008024,A0033,0.15,6810
C00008025,B00008025,A0045,0.15,35640
C00008026,B00008026,A0030,0.1,32900
C00008027,B00008027,A0014,0.02,628
C00008028,B00008028,A0022,0.05,21450
C00008029,B00008029,A0022,0.02,4592
C00008030,B00008030,A0029,0.1,15300
C00008031,B00008031,A0019,0.03,12042
C00008032,B00008032,A0051,0.02,872
C00008033,B00008033,A0050,0.15,32760
C00008034,B00008034,A0025,0.05,7945
C00008035,B00008035,A0005,0.1,16290
C00008036,B00008036,A0023,0.15,39390
C00008037,B00008037,A0060,0.1,7740
C00008038,B00008038,A0016,0.03,3780
C00008039,B00008039,A0043,0.02,23980
C00008040,B00008040,A0032,0.15,229050
C00008041,B00008041,A0027,0.02,9724
C00008042,B00008042,A0056,0.05,22820
C00008043,B00008043,A0026,0.05,9400
C00008044,B00008044,A0020,0.15,34830
C00008045,B00008045,A0001,0.02,2340
C00008046,B00008046,A0003,0.02,5040
C00008047,B00008047,A0039,0.03,3423
C00008048,B00008048,A0011,0.02,2328
C00008049,B00008049,A0009,0.02,16824
C00008050,B00008050,A0008,0.05,3350
C00008051,B00008051,A0008,0.02,2448
C00008052,B00008052,A0019,0.15,10320
C00008053,B00008053,A0052,0.05,2000
C00008054,B00008054,A0029,0.15,2715
C00008055,B00008055,A0023,0.15,13050
C00008056,B00008056,A0035,0.15,23760
C00008057,B00008057,A0019,0.02,7248
C00008058,B00008058,A0032,0.15,22140
C00008059,B00008059,A0040,0.15,25650
C00008060,B00008060,A0043,0.02,632
C00008061,B00008061,A0001,0.15,33180
C00008062,B00008062,A0001,0.1,18400
C00008063,B00008063,A0033,0.15,58815
C00008064,B00008064,A0033,0.15,16920
C00008065,B00008065,A0003,0.15,35550
C00008066,B00008066,A0033,0.15,16485
C00008067,B00008067,A0037,0.1,3840
C00008068,B00008068,A0016,0.15,41040
C00008069,B00008069,A0004,0.05,12250
C00008070,B00008070,A0026,0.15,114600
C00008071,B00008071,A0049,0.15,146835
C00008072,B00008072,A0024,0.02,2250
C00008073,B00008073,A0010,0.03,5184
C00008074,B00008074,A0016,0.02,1020
C00008075,B00008075,A0017,0.15,32400
C00008076,B00008076,A0032,0.02,828
C00008077,B00008077,A0006,0.02,402
C00008078,B00008078,A0018,0.02,1848
C00008079,B00008079,A0010,0.03,1773
C00008080,B00008080,A0006,0.02,3852
C00008081,B00008081,A0009,0.15,19950
C00008082,B00008082,A0036,0.02,4906
C00008083,B00008083,A0060,0.15,8040
C00008084,B00008084,A0059,0.15,129525
C00008085,B00008085,A0004,0.03,8190
C00008086,B00008086,A0002,0.05,30600
C00008087,B00008087,A0039,0.15,5550
C00008088,B00008088,A0001,0.02,3440
C00008089,B00008089,A0057,0.15,14220
C00008090,B00008090,A0005,0.02,3440
C00008091,B00008091,A0033,0.1,57280
C00008092,B00008092,A0024,0.15,7860
C00008093,B00008093,A0035,0.05,11860
C00008094,B00008094,A0002,0.1,52360
C00008095,B00008095,A0028,0.05,13650
C00008096,B00008096,A0055,0.15,12000
C00008097,B00008097,A0042,0.02,3864
C00008098,B00008098,A0001,0.03,3297
C00008099,B00008099,A0020,0.15,40500
C00008100,B00008100,A0043,0.02,1472
C00008101,B00008101,A0040,0.03,3024
C00008102,B00008102,A0015,0.15,12240
C00008103,B00008103,A0025,0.02,340
C00008104,B00008104,A0020,0.05,4920
C00008105,B00008105,A0011,0.05,5139
C00008106,B00008106,A0034,0.15,50310
C00008107,B00008107,A0045,0.02,23072
C00008108,B00008108,A0050,0.15,36000
C00008109,B00008109,A0043,0.1,10620
C00008110,B00008110,A0019,0.02,772
C00008111,B00008111,A0039,0.15,95310
C00008112,B00008112,A0045,0.15,15825
C00008113,B00008113,A0007,0.15,42315
C00008114,B00008114,A0033,0.15,38610
C00008115,B00008115,A0017,0.15,42210
C00008116,B00008116,A0046,0.02,12166
C00008117,B00008117,A0030,0.15,30300
C00008118,B00008118,A0026,0.1,11580
C00008119,B00008119,A0057,0.15,23880
C00008120,B00008120,A0011,0.02,1056
C00008121,B00008121,A0056,0.05,1730
C00008122,B00008122,A0044,0.15,11880
C00008123,B00008123,A0042,0.15,37800
C00008124,B00008124,A0023,0.02,1788
C00008125,B00008125,A0003,0.02,6048
C00008126,B00008126,A0001,0.15,32410
C00008127,B00008127,A0051,0.03,1044
C00008128,B00008128,A0042,0.02,1716
C00008129,B00008129,A0034,0.1,24960
C00008130,B00008130,A0003,0.1,11700
C00008131,B00008131,A0058,0.05,26000
C00008132,B00008132,A0001,0.1,15840
C00008133,B00008133,A0052,0.02,5580
C00008134,B00008134,A0002,0.02,3232
C00008135,B00008135,A0009,0.1,16700
C00008136,B00008136,A0026,0.15,23880
C00008137,B00008137,A0029,0.15,33900
C00008138,B00008138,A0046,0.03,8148
C00008139,B00008139,A0018,0.02,32004
C00008140,B00008140,A0060,0.02,1164
C00008141,B00008141,A0017,0.02,10140
C00008142,B00008142,A0017,0.02,372
C00008143,B00008143,A0005,0.15,29400
C00008144,B00008144,A0002,0.1,9480
C00008145,B00008145,A0033,0.02,2576
C00008146,B00008146,A0009,0.1,27240
C00008147,B00008147,A0013,0.1,22020
C00008148,B00008148,A0056,0.03,1065
C00008149,B00008149,A0035,0.15,34740
C00008150,B00008150,A0052,0.15,40920
C00008151,B00008151,A0030,0.15,27720
C00008152,B00008152,A0005,0.15,22050
C00008153,B00008153,A0033,0.02,4200
C00008154,B00008154,A0029,0.02,12540
C00008155,B00008155,A0053,0.02,1760
C00008156,B00008156,A0057,0.1,15360
C00008157,B00008157,A0019,0.02,3234
C00008158,B00008158,A0017,0.15,19845
C00008159,B00008159,A0014,0.03,5292
C00008160,B00008160,A0018,0.02,4200
C00008161,B00008161,A0031,0.02,1440
C00008162,B00008162,A0051,0.1,17010
C00008163,B00008163,A0019,0.1,5280
C00008164,B00008164,A0004,0.1,11100
C00008165,B00008165,A0008,0.1,3240
C00008166,B00008166,A0039,0.02,1386
C00008167,B00008167,A0013,0.03,960
C00008168,B00008168,A0042,0.02,2574
C00008169,B00008169,A0059,0.02,624
C00008170,B00008170,A0004,0.02,11396
C00008171,B00008171,A0022,0.02,8424
C00008172,B00008172,A0018,0.05,10125
C00008173,B00008173,A0055,0.02,2752
C00008174,B00008174,A0052,0.1,24830
C00008175,B00008175,A0020,0.02,3918
C00008176,B00008176,A0016,0.02,1764
C00008177,B00008177,A0033,0.15,9180
C00008178,B00008178,A0011,0.15,43740
C00008179,B00008179,A0031,0.02,7620
C00008180,B00008180,A0050,0.15,35100
C00008181,B00008181,A0025,0.02,2624
C00008182,B00008182,A0001,0.05,13260
C00008183,B00008183,A0032,0.02,516
C00008184,B00008184,A0040,0.02,3720
C00008185,B00008185,A0042,0.15,22275
C00008186,B00008186,A0051,0.05,16520
C00008187,B00008187,A0027,0.02,1488
C00008188,B00008188,A0045,0.1,3000
C00008189,B00008189,A0036,0.03,10692
C00008190,B00008190,A0053,0.05,10395
C00008191,B00008191,A0055,0.03,6120
C00008192,B00008192,A0060,0.15,15480
C00008193,B00008193,A0055,0.1,18260
C00008194,B00008194,A0025,0.02,8660
C00008195,B00008195,A0026,0.15,8055
C00008196,B00008196,A0044,0.15,11700
C00008197,B00008197,A0030,0.15,13950
C00008198,B00008198,A0005,0.05,12740
C00008199,B00008199,A0026,0.15,5985
C00008200,B00008200,A0057,0.03,7953
C00008201,B00008201,A0002,0.02,1280
C00008202,B00008202,A0039,0.02,616
C00008203,B00008203,A0034,0.02,31612
C00008204,B00008204,A0007,0.15,4320
C00008205,B00008205,A0011,0.15,270180
C00008206,B00008206,A0031,0.1,16240
C00008207,B00008207,A0012,0.15,20655
C00008208,B00008208,A0037,0.05,925
C00008209,B00008209,A0049,0.02,3420
C00008210,B00008210,A0022,0.02,2916
C00008211,B00008211,A0050,0.1,6280
C00008212,B00008212,A0029,0.02,8496
C00008213,B00008213,A0011,0.15,28320
C00008214,B00008214,A0037,0.03,7164
C00008215,B00008215,A0006,0.15,39147
C00008216,B00008216,A0012,0.02,4128
C00008217,B00008217,A0033,0.15,13680
C00008218,B00008218,A0054,0.1,6980
C00008219,B00008219,A0053,0.05,55720
C00008220,B00008220,A0034,0.15,23550
C00008221,B00008221,A0007,0.05,22100
C00008222,B00008222,A0005,0.02,612
C00008223,B00008223,A0060,0.02,1768
C00008224,B00008224,A0007,0.05,7000
C00008225,B00008225,A0047,0.15,68040
C00008226,B00008226,A0032,0.1,11100
C00008227,B00008227,A0038,0.05,25830
C00008228,B00008228,A0013,0.15,37455
C00008229,B00008229,A0029,0.02,20776
C00008230,B00008230,A0017,0.1,3780
C00008231,B00008231,A0001,0.15,24450
C00008232,B00008232,A0050,0.02,18760
C00008233,B00008233,A0028,0.1,32200
C00008234,B00008234,A0012,0.15,24240
C00008235,B00008235,A0051,0.02,4368
C00008236,B00008236,A0001,0.02,4212
C00008237,B00008237,A0038,0.1,1880
C00008238,B00008238,A0058,0.15,27495
C00008239,B00008239,A0031,0.15,18375
C00008240,B00008240,A0027,0.02,2436
C00008241,B00008241,A0001,0.02,846
C00008242,B00008242,A0012,0.1,20460
C00008243,B00008243,A0026,0.02,4752
C00008244,B00008244,A0026,0.02,2004
C00008245,B00008245,A0040,0.02,2124
C00008246,B00008246,A0046,0.02,3024
C00008247,B00008247,A0032,0.15,14850
C00008248,B00008248,A0040,0.05,40000
C00008249,B00008249,A0034,0.05,6795
C00008250,B00008250,A0060,0.15,20880
C00008251,B00008251,A0056,0.15,9600
C00008252,B00008252,A0032,0.02,8734
C00008253,B00008253,A0032,0.1,9660
C00008254,B00008254,A0028,0.02,14000
C00008255,B00008255,A0044,0.15,40680
C00008256,B00008256,A0020,0.02,3102
C00008257,B00008257,A0049,0.05,4300
C00008258,B00008258,A0026,0.05,4040
C00008259,B00008259,A0055,0.02,12960
C00008260,B00008260,A0046,0.02,906
C00008261,B00008261,A0003,0.02,750
C00008262,B00008262,A0026,0.1,15570
C00008263,B00008263,A0017,0.15,26160
C00008264,B00008264,A0059,0.03,5733
C00008265,B00008265,A0038,0.02,2970
C00008266,B00008266,A0042,0.02,9008
C00008267,B00008267,A0010,0.05,6840
C00008268,B00008268,A0028,0.1,31590
C00008269,B00008269,A0001,0.05,890
C00008270,B00008270,A0057,0.02,1048
C00008271,B00008271,A0012,0.02,4824
C00008272,B00008272,A0036,0.15,104475
C00008273,B00008273,A0046,0.02,5436
C00008274,B00008274,A0006,0.15,244860
C00008275,B00008275,A0049,0.1,8020
C00008276,B00008276,A0017,0.02,2448
C00008277,B00008277,A0017,0.1,19259
C00008278,B00008278,A0003,0.02,332
C00008279,B00008279,A0020,0.03,9576
C00008280,B00008280,A0047,0.02,1944
C00008281,B00008281,A0029,0.15,6525
C00008282,B00008282,A0007,0.05,22200
C00008283,B00008283,A0059,0.05,8190
C00008284,B00008284,A0031,0.02,4326
C00008285,B00008285,A0026,0.02,708
C00008286,B00008286,A0023,0.15,91260
C00008287,B00008287,A0045,0.03,17235
C00008288,B00008288,A0030,0.15,27510
C00008289,B00008289,A0005,0.02,5072
C00008290,B00008290,A0004,0.15,35685
C00008291,B00008291,A0020,0.15,22275
C00008292,B00008292,A0009,0.03,6900
C00008293,B00008293,A0031,0.15,22200
C00008294,B00008294,A0007,0.15,29400
C00008295,B00008295,A0034,0.02,314
C00008296,B00008296,A0060,0.1,13980
C00008297,B00008297,A0026,0.02,3750
C00008298,B00008298,A0001,0.1,14000
C00008299,B00008299,A0029,0.15,32400
C00008300,B00008300,A0033,0.1,3820
C00008301,B00008301,A0058,0.1,19260
C00008302,B00008302,A0040,0.02,11144
C00008303,B00008303,A0022,0.03,7332
C00008304,B00008304,A0019,0.05,9165
C00008305,B00008305,A0031,0.02,4634
C00008306,B00008306,A0025,0.15,33600
C00008307,B00008307,A0022,0.1,16400
C00008308,B00008308,A0036,0.05,37620
C00008309,B00008309,A0048,0.15,30915
C00008310,B00008310,A0052,0.15,22013
C00008311,B00008311,A0009,0.02,3060
C00008312,B00008312,A0011,0.1,5280
C00008313,B00008313,A0003,0.1,19110
C00008314,B00008314,A0003,0.02,3586
C00008315,B00008315,A0056,0.15,12150
C00008316,B00008316,A0028,0.02,3696
C00008317,B00008317,A0005,0.1,1600
C00008318,B00008318,A0018,0.15,37094
C00008319,B00008319,A0006,0.03,4116
C00008320,B00008320,A0051,0.02,374
C00008321,B00008321,A0054,0.03,5538
C00008322,B00008322,A0031,0.15,22560
C00008323,B00008323,A0011,0.02,39468
C00008324,B00008324,A0004,0.02,3780
C00008325,B00008325,A0048,0.15,21060
C00008326,B00008326,A0014,0.05,4300
C00008327,B00008327,A0011,0.02,668
C00008328,B00008328,A0042,0.05,20850
C00008329,B00008329,A0038,0.02,12416
C00008330,B00008330,A0003,0.03,3480
C00008331,B00008331,A0045,0.15,24750
C00008332,B00008332,A0058,0.05,11340
C00008333,B00008333,A0049,0.05,6755
C00008334,B00008334,A0030,0.02,4280
C00008335,B00008335,A0008,0.03,6552
C00008336,B00008336,A0039,0.02,5856
C00008337,B00008337,A0046,0.05,45045
C00008338,B00008338,A0039,0.02,2128
C00008339,B00008339,A0029,0.02,3490
C00008340,B00008340,A0060,0.05,1900
C00008341,B00008341,A0050,0.05,11420
C00008342,B00008342,A0038,0.15,15300
C00008343,B00008343,A0045,0.1,7100
C00008344,B00008344,A0055,0.05,77160
C00008345,B00008345,A0053,0.03,3114
C00008346,B00008346,A0012,0.1,15200
C00008347,B00008347,A0035,0.02,3056
C00008348,B00008348,A0040,0.02,4264
C00008349,B00008349,A0011,0.05,14430
C00008350,B00008350,A0016,0.15,13050
C00008351,B00008351,A0017,0.02,2832
C00008352,B00008352,A0059,0.03,1434
C00008353,B00008353,A0047,0.15,14850
C00008354,B00008354,A0030,0.02,3492
C00008355,B00008355,A0028,0.02,1440
C00008356,B00008356,A0045,0.02,1650
C00008357,B00008357,A0048,0.05,785
C00008358,B00008358,A0007,0.02,34584
C00008359,B00008359,A0031,0.15,33000
C00008360,B00008360,A0056,0.1,27720
C00008361,B00008361,A0044,0.05,16520
C00008362,B00008362,A0055,0.02,364
C00008363,B00008363,A0047,0.03,6540
C00008364,B00008364,A0056,0.15,22560
C00008365,B00008365,A0043,0.05,24780
C00008366,B00008366,A0059,0.1,37320
C00008367,B00008367,A0051,0.1,4620
C00008368,B00008368,A0035,0.1,22080
C00008369,B00008369,A0036,0.05,3875
C00008370,B00008370,A0045,0.15,31980
C00008371,B00008371,A0023,0.1,10620
C00008372,B00008372,A0033,0.15,28770
C00008373,B00008373,A0051,0.02,2904
C00008374,B00008374,A0036,0.05,14040
C00008375,B00008375,A0046,0.15,16800
C00008376,B00008376,A0026,0.02,22902
C00008377,B00008377,A0030,0.02,2338
C00008378,B00008378,A0035,0.02,1296
C00008379,B00008379,A0025,0.1,7280
C00008380,B00008380,A0021,0.1,6900
C00008381,B00008381,A0051,0.15,5370
C00008382,B00008382,A0011,0.15,5790
C00008383,B00008383,A0002,0.03,1767
C00008384,B00008384,A0031,0.02,2416
C00008385,B00008385,A0043,0.02,36568
C00008386,B00008386,A0014,0.15,22920
C00008387,B00008387,A0030,0.15,13761
C00008388,B00008388,A0047,0.15,7650
C00008389,B00008389,A0015,0.15,152685
C00008390,B00008390,A0058,0.02,2682
C00008391,B00008391,A0009,0.1,20790
C00008392,B00008392,A0030,0.02,264
C00008393,B00008393,A0018,0.03,4350
C00008394,B00008394,A0013,0.02,1280
C00008395,B00008395,A0055,0.02,1664
C00008396,B00008396,A0032,0.02,9216
C00008397,B00008397,A0030,0.15,77760
C00008398,B00008398,A0035,0.05,12950
C00008399,B00008399,A0052,0.02,1002
C00008400,B00008400,A0027,0.02,1048
C00008401,B00008401,A0005,0.02,4070
C00008402,B00008402,A0023,0.15,34020
C00008403,B00008403,A0037,0.05,6270
C00008404,B00008404,A0005,0.02,1408
C00008405,B00008405,A0032,0.15,207870
C00008406,B00008406,A0038,0.02,3652
C00008407,B00008407,A0013,0.05,2745
C00008408,B00008408,A0012,0.02,612
C00008409,B00008409,A0040,0.02,2464
C00008410,B00008410,A0014,0.1,13000
C00008411,B00008411,A0049,0.15,79200
C00008412,B00008412,A0041,0.15,30240
C00008413,B00008413,A0048,0.1,21450
C00008414,B00008414,A0019,0.15,8940
C00008415,B00008415,A0050,0.02,1248
C00008416,B00008416,A0031,0.1,8000
C00008417,B00008417,A0028,0.1,89700
C00008418,B00008418,A0015,0.1,12120
C00008419,B00008419,A0044,0.02,5152
C00008420,B00008420,A0017,0.15,13350
C00008421,B00008421,A0012,0.02,848
C00008422,B00008422,A0017,0.03,6552
C00008423,B00008423,A0058,0.02,3400
C00008424,B00008424,A0014,0.02,14388
C00008425,B00008425,A0055,0.03,3801
C00008426,B00008426,A0006,0.1,43100
C00008427,B00008427,A0035,0.1,8700
C00008428,B00008428,A0018,0.03,6372
C00008429,B00008429,A0060,0.02,1580
C00008430,B00008430,A0042,0.02,14410
C00008431,B00008431,A0007,0.15,31125
C00008432,B00008432,A0030,0.05,10205
C00008433,B00008433,A0045,0.15,23220
C00008434,B00008434,A0055,0.03,41742
C00008435,B00008435,A0007,0.1,22200
C00008436,B00008436,A0001,0.02,2256
C00008437,B00008437,A0059,0.15,27240
C00008438,B00008438,A0040,0.02,3204
C00008439,B00008439,A0041,0.02,4524
C00008440,B00008440,A0049,0.1,1290
C00008441,B00008441,A0006,0.02,2860
C00008442,B00008442,A0004,0.05,9600
C00008443,B00008443,A0035,0.05,5955
C00008444,B00008444,A0045,0.02,5122
C00008445,B00008445,A0031,0.1,18120
C00008446,B00008446,A0057,0.15,5640
C00008447,B00008447,A0006,0.1,25060
C00008448,B00008448,A0036,0.05,855
C00008449,B00008449,A0020,0.02,3654
C00008450,B00008450,A0017,0.02,5432
C00008451,B00008451,A0021,0.02,2320
C00008452,B00008452,A0007,0.15,12840
C00008453,B00008453,A0051,0.02,9438
C00008454,B00008454,A0013,0.02,1158
C00008455,B00008455,A0020,0.03,1254
C00008456,B00008456,A0041,0.02,2412
C00008457,B00008457,A0021,0.1,22440
C00008458,B00008458,A0049,0.02,9604
C00008459,B00008459,A0001,0.15,4590
C00008460,B00008460,A0030,0.15,23595
C00008461,B00008461,A0059,0.05,4875
C00008462,B00008462,A0039,0.02,2172
C00008463,B00008463,A0039,0.1,11920
C00008464,B00008464,A0023,0.02,3936
C00008465,B00008465,A0026,0.15,83880
C00008466,B00008466,A0053,0.02,5726
C00008467,B00008467,A0013,0.02,3080
C00008468,B00008468,A0025,0.15,8415
C00008469,B00008469,A0031,0.15,25785
C00008470,B00008470,A0050,0.03,2385
C00008471,B00008471,A0003,0.05,10175
C00008472,B00008472,A0060,0.02,3204
C00008473,B00008473,A0007,0.05,28400
C00008474,B00008474,A0019,0.15,24435
C00008475,B00008475,A0044,0.02,3780
C00008476,B00008476,A0039,0.05,9295
C00008477,B00008477,A0053,0.15,22140
C00008478,B00008478,A0057,0.03,3990
C00008479,B00008479,A0034,0.15,66150
C00008480,B00008480,A0005,0.05,15260
C00008481,B00008481,A0015,0.05,8040
C00008482,B00008482,A0024,0.15,4140
C00008483,B00008483,A0011,0.05,10990
C00008484,B00008484,A0033,0.15,40365
C00008485,B00008485,A0055,0.02,31694
C00008486,B00008486,A0043,0.15,47160
C00008487,B00008487,A0060,0.1,21230
C00008488,B00008488,A0037,0.05,4500
C00008489,B00008489,A0057,0.05,8330
C00008490,B00008490,A0012,0.02,4070
C00008491,B00008491,A0022,0.15,312390
C00008492,B00008492,A0060,0.15,11820
C00008493,B00008493,A0052,0.15,39060
C00008494,B00008494,A0038,0.05,14820
C00008495,B00008495,A0045,0.15,17730
C00008496,B00008496,A0055,0.02,4430
C00008497,B00008497,A0026,0.02,10896
C00008498,B00008498,A0055,0.03,32130
C00008499,B00008499,A0022,0.03,6825
C00008500,B00008500,A0014,0.02,2160
C00008501,B00008501,A0015,0.02,10620
C00008502,B00008502,A0044,0.15,34200
C00008503,B00008503,A0051,0.02,4312
C00008504,B00008504,A0018,0.05,27300
C00008505,B00008505,A0045,0.15,18360
C00008506,B00008506,A0054,0.02,1750
C00008507,B00008507,A0003,0.15,12720
C00008508,B00008508,A0006,0.05,13160
C00008509,B00008509,A0007,0.15,37950
C00008510,B00008510,A0034,0.15,144300
C00008511,B00008511,A0004,0.02,3014
C00008512,B00008512,A0015,0.02,1038
C00008513,B00008513,A0012,0.05,26635
C00008514,B00008514,A0045,0.15,14940
C00008515,B00008515,A0019,0.02,4032
C00008516,B00008516,A0021,0.03,3195
C00008517,B00008517,A0053,0.02,8788
C00008518,B00008518,A0044,0.15,97230
C00008519,B00008519,A0013,0.1,15800
C00008520,B00008520,A0004,0.05,1040
C00008521,B00008521,A0045,0.02,3008
C00008522,B00008522,A0034,0.05,3375
C00008523,B00008523,A0049,0.05,23940
C00008524,B00008524,A0013,0.15,40500
C00008525,B00008525,A0018,0.1,10400
C00008526,B00008526,A0019,0.15,79365
C00008527,B00008527,A0010,0.02,5712
C00008528,B00008528,A0035,0.1,1920
C00008529,B00008529,A0013,0.1,15120
C00008530,B00008530,A0037,0.02,4452
C00008531,B00008531,A0026,0.05,6560
C00008532,B00008532,A0041,0.05,7920
C00008533,B00008533,A0026,0.02,7140
C00008534,B00008534,A0024,0.15,31845
C00008535,B00008535,A0031,0.02,3652
C00008536,B00008536,A0014,0.15,26550
C00008537,B00008537,A0018,0.1,6640
C00008538,B00008538,A0015,0.15,17910
C00008539,B00008539,A0002,0.05,18480
C00008540,B00008540,A0022,0.02,3938
C00008541,B00008541,A0029,0.05,20515
C00008542,B00008542,A0010,0.02,1904
C00008543,B00008543,A0009,0.02,5400
C00008544,B00008544,A0058,0.15,23730
C00008545,B00008545,A0039,0.1,27610
C00008546,B00008546,A0034,0.02,1356
C00008547,B00008547,A0018,0.15,28440
C00008548,B00008548,A0004,0.02,1584
C00008549,B00008549,A0020,0.02,342
C00008550,B00008550,A0009,0.02,472
C00008551,B00008551,A0036,0.05,3255
C00008552,B00008552,A0004,0.05,22230
C00008553,B00008553,A0040,0.15,61530
C00008554,B00008554,A0029,0.1,1820
C00008555,B00008555,A0014,0.15,35910
C00008556,B00008556,A0010,0.02,1128
C00008557,B00008557,A0026,0.1,22650
C00008558,B00008558,A0006,0.15,47100
C00008559,B00008559,A0007,0.02,2170
C00008560,B00008560,A0023,0.02,18032
C00008561,B00008561,A0024,0.05,13090
C00008562,B00008562,A0008,0.02,3276
C00008563,B00008563,A0016,0.02,3792
C00008564,B00008564,A0023,0.03,9576
C00008565,B00008565,A0054,0.02,11006
C00008566,B00008566,A0020,0.15,17010
C00008567,B00008567,A0051,0.05,755
C00008568,B00008568,A0056,0.02,17612
C00008569,B00008569,A0047,0.05,4425
C00008570,B00008570,A0041,0.1,44100
C00008571,B00008571,A0046,0.02,4620
C00008572,B00008572,A0017,0.15,84600
C00008573,B00008573,A0027,0.15,5070
C00008574,B00008574,A0056,0.15,3015
C00008575,B00008575,A0032,0.02,1140
C00008576,B00008576,A0032,0.02,3980
C00008577,B00008577,A0006,0.05,9000
C00008578,B00008578,A0057,0.03,8736
C00008579,B00008579,A0010,0.15,31395
C00008580,B00008580,A0053,0.02,846
C00008581,B00008581,A0058,0.05,10940
C00008582,B00008582,A0047,0.05,8855
C00008583,B00008583,A0027,0.02,5928
C00008584,B00008584,A0014,0.05,9790
C00008585,B00008585,A0041,0.15,19845
C00008586,B00008586,A0028,0.02,6136
C00008587,B00008587,A0018,0.05,2985
C00008588,B00008588,A0011,0.03,2184
C00008589,B00008589,A0017,0.02,768
C00008590,B00008590,A0042,0.02,13090
C00008591,B00008591,A0010,0.15,5700
C00008592,B00008592,A0039,0.15,23595
C00008593,B00008593,A0026,0.1,7440
C00008594,B00008594,A0050,0.15,40860
C00008595,B00008595,A0033,0.03,2988
C00008596,B00008596,A0032,0.05,2370
C00008597,B00008597,A0005,0.02,1608
C00008598,B00008598,A0049,0.05,1940
C00008599,B00008599,A0055,0.02,11004
C00008600,B00008600,A0047,0.02,1864
C00008601,B00008601,A0055,0.15,34200
C00008602,B00008602,A0012,0.15,6795
C00008603,B00008603,A0023,0.05,12180
C00008604,B00008604,A0041,0.02,12712
C00008605,B00008605,A0033,0.15,17460
C00008606,B00008606,A0057,0.05,9570
C00008607,B00008607,A0034,0.1,26320
C00008608,B00008608,A0053,0.15,27405
C00008609,B00008609,A0011,0.03,3405
C00008610,B00008610,A0042,0.03,1422
C00008611,B00008611,A0016,0.03,3480
C00008612,B00008612,A0055,0.02,2464
C00008613,B00008613,A0029,0.15,13350
C00008614,B00008614,A0008,0.03,1692
C00008615,B00008615,A0031,0.02,4164
C00008616,B00008616,A0050,0.05,13510
C00008617,B00008617,A0039,0.1,22800
C00008618,B00008618,A0019,0.02,2268
C00008619,B00008619,A0045,0.15,23700
C00008620,B00008620,A0026,0.15,175500
C00008621,B00008621,A0057,0.03,3096
C00008622,B00008622,A0022,0.15,21945
C00008623,B00008623,A0047,0.03,17808
C00008624,B00008624,A0035,0.02,4676
C00008625,B00008625,A0039,0.15,14760
C00008626,B00008626,A0027,0.02,354
C00008627,B00008627,A0027,0.02,1026
C00008628,B00008628,A0031,0.03,4239
C00008629,B00008629,A0058,0.05,1290
C00008630,B00008630,A0021,0.03,3615
C00008631,B00008631,A0053,0.03,6552
C00008632,B00008632,A0041,0.05,10530
C00008633,B00008633,A0004,0.02,1336
C00008634,B00008634,A0038,0.15,11550
C00008635,B00008635,A0015,0.15,10125
C00008636,B00008636,A0053,0.05,1200
C00008637,B00008637,A0011,0.1,39480
C00008638,B00008638,A0025,0.05,7530
C00008639,B00008639,A0050,0.02,3200
C00008640,B00008640,A0046,0.15,45240
C00008641,B00008641,A0040,0.15,3120
C00008642,B00008642,A0012,0.1,11200
C00008643,B00008643,A0037,0.15,84210
C00008644,B00008644,A0042,0.15,93870
C00008645,B00008645,A0020,0.15,24240
C00008646,B00008646,A0056,0.05,9590
C00008647,B00008647,A0010,0.15,14100
C00008648,B00008648,A0054,0.15,9900
C00008649,B00008649,A0052,0.05,6930
C00008650,B00008650,A0012,0.02,5040
C00008651,B00008651,A0025,0.02,3744
C00008652,B00008652,A0005,0.02,5012
C00008653,B00008653,A0040,0.02,2814
C00008654,B00008654,A0044,0.15,123480
C00008655,B00008655,A0041,0.02,1840
C00008656,B00008656,A0038,0.03,8712
C00008657,B00008657,A0002,0.05,5880
C00008658,B00008658,A0044,0.03,7140
C00008659,B00008659,A0035,0.15,23520
C00008660,B00008660,A0015,0.03,4296
C00008661,B00008661,A0059,0.1,7360
C00008662,B00008662,A0007,0.1,12160
C00008663,B00008663,A0045,0.02,5196
C00008664,B00008664,A0057,0.15,108420
C00008665,B00008665,A0027,0.02,2970
C00008666,B00008666,A0028,0.15,33840
C00008667,B00008667,A0056,0.15,155040
C00008668,B00008668,A0053,0.15,18120
C00008669,B00008669,A0029,0.15,21360
C00008670,B00008670,A0047,0.05,34236
C00008671,B00008671,A0041,0.02,3672
C00008672,B00008672,A0055,0.15,22275
C00008673,B00008673,A0041,0.03,1602
C00008674,B00008674,A0053,0.03,50778
C00008675,B00008675,A0004,0.05,11895
C00008676,B00008676,A0043,0.02,4862
C00008677,B00008677,A0059,0.02,13002
C00008678,B00008678,A0031,0.05,3520
C00008679,B00008679,A0002,0.02,2970
C00008680,B00008680,A0037,0.05,10220
C00008681,B00008681,A0017,0.05,4980
C00008682,B00008682,A0016,0.05,17400
C00008683,B00008683,A0030,0.05,6790
C00008684,B00008684,A0035,0.02,732
C00008685,B00008685,A0032,0.02,4680
C00008686,B00008686,A0048,0.05,3060
C00008687,B00008687,A0030,0.15,9990
C00008688,B00008688,A0035,0.15,26235
C00008689,B00008689,A0053,0.02,8100
C00008690,B00008690,A0045,0.02,5068
C00008691,B00008691,A0058,0.05,8855
C00008692,B00008692,A0002,0.02,3104
C00008693,B00008693,A0029,0.05,905
C00008694,B00008694,A0024,0.02,3960
C00008695,B00008695,A0009,0.1,27800
C00008696,B00008696,A0018,0.03,4644
C00008697,B00008697,A0043,0.02,16068
C00008698,B00008698,A0031,0.02,2388
C00008699,B00008699,A0036,0.05,21750
C00008700,B00008700,A0002,0.05,22825
C00008701,B00008701,A0031,0.15,27000
C00008702,B00008702,A0042,0.15,31800
C00008703,B00008703,A0024,0.03,2010
C00008704,B00008704,A0017,0.02,2390
C00008705,B00008705,A0035,0.02,280
C00008706,B00008706,A0052,0.02,2484
C00008707,B00008707,A0017,0.1,53160
C00008708,B00008708,A0036,0.1,3520
C00008709,B00008709,A0001,0.15,7065
C00008710,B00008710,A0048,0.02,2772
C00008711,B00008711,A0039,0.02,2915
C00008712,B00008712,A0051,0.02,5504
C00008713,B00008713,A0055,0.02,9048
C00008714,B00008714,A0038,0.02,2044
C00008715,B00008715,A0007,0.05,4620
C00008716,B00008716,A0025,0.15,12000
C00008717,B00008717,A0040,0.1,21690
C00008718,B00008718,A0042,0.03,1356
C00008719,B00008719,A0011,0.1,24044
C00008720,B00008720,A0041,0.02,3768
C00008721,B00008721,A0008,0.15,5010
C00008722,B00008722,A0010,0.03,1908
C00008723,B00008723,A0004,0.1,5790
C00008724,B00008724,A0031,0.02,6220
C00008725,B00008725,A0049,0.15,34200
C00008726,B00008726,A0040,0.15,76860
C00008727,B00008727,A0039,0.1,4320
C00008728,B00008728,A0021,0.15,2880
C00008729,B00008729,A0037,0.1,28420
C00008730,B00008730,A0058,0.1,5600
C00008731,B00008731,A0043,0.15,23760
C00008732,B00008732,A0032,0.15,42660
C00008733,B00008733,A0012,0.03,65184
C00008734,B00008734,A0007,0.05,945
C00008735,B00008735,A0030,0.05,9240
C00008736,B00008736,A0040,0.15,2895
C00008737,B00008737,A0047,0.15,58275
C00008738,B00008738,A0043,0.15,26460
C00008739,B00008739,A0027,0.02,11848
C00008740,B00008740,A0023,0.15,151320
C00008741,B00008741,A0055,0.02,3976
C00008742,B00008742,A0006,0.02,3960
C00008743,B00008743,A0042,0.15,38220
C00008744,B00008744,A0051,0.05,9720
C00008745,B00008745,A0003,0.15,83880
C00008746,B00008746,A0039,0.02,7328
C00008747,B00008747,A0007,0.02,5184
C00008748,B00008748,A0038,0.1,18600
C00008749,B00008749,A0047,0.02,12843
C00008750,B00008750,A0041,0.1,32337
C00008751,B00008751,A0007,0.02,744
C00008752,B00008752,A0059,0.05,21000
C00008753,B00008753,A0030,0.05,3045
C00008754,B00008754,A0041,0.15,114150
C00008755,B00008755,A0014,0.05,8450
C00008756,B00008756,A0012,0.15,86100
C00008757,B00008757,A0047,0.1,5730
C00008758,B00008758,A0054,0.05,11235
C00008759,B00008759,A0025,0.15,12780
C00008760,B00008760,A0018,0.02,3600
C00008761,B00008761,A0031,0.15,32040
C00008762,B00008762,A0043,0.02,798
C00008763,B00008763,A0024,0.1,1940
C00008764,B00008764,A0055,0.05,7625
C00008765,B00008765,A0055,0.03,552
C00008766,B00008766,A0010,0.1,9600
C00008767,B00008767,A0005,0.03,7800
C00008768,B00008768,A0011,0.15,2895
C00008769,B00008769,A0024,0.15,25575
C00008770,B00008770,A0059,0.15,42210
C00008771,B00008771,A0003,0.15,32550
C00008772,B00008772,A0017,0.02,2688
C00008773,B00008773,A0015,0.15,29850
C00008774,B00008774,A0023,0.02,2170
C00008775,B00008775,A0038,0.15,9180
C00008776,B00008776,A0050,0.02,8856
C00008777,B00008777,A0052,0.02,2416
C00008778,B00008778,A0027,0.05,4525
C00008779,B00008779,A0023,0.03,43164
C00008780,B00008780,A0051,0.02,314
C00008781,B00008781,A0028,0.05,21210
C00008782,B00008782,A0046,0.1,15760
C00008783,B00008783,A0009,0.05,5025
C00008784,B00008784,A0044,0.15,42720
C00008785,B00008785,A0032,0.05,7830
C00008786,B00008786,A0052,0.02,2338
C00008787,B00008787,A0046,0.15,4290
C00008788,B00008788,A0003,0.15,18375
C00008789,B00008789,A0005,0.02,1374
C00008790,B00008790,A0017,0.1,19050
C00008791,B00008791,A0008,0.15,28500
C00008792,B00008792,A0016,0.02,3080
C00008793,B00008793,A0010,0.02,3172
C00008794,B00008794,A0051,0.03,4224
C00008795,B00008795,A0025,0.15,140280
C00008796,B00008796,A0048,0.02,1320
C00008797,B00008797,A0011,0.05,9900
C00008798,B00008798,A0005,0.1,4540
C00008799,B00008799,A0060,0.03,3195
C00008800,B00008800,A0043,0.03,5292
C00008801,B00008801,A0022,0.15,62910
C00008802,B00008802,A0022,0.15,72240
C00008803,B00008803,A0019,0.15,27270
C00008804,B00008804,A0050,0.1,47190
C00008805,B00008805,A0040,0.15,34800
C00008806,B00008806,A0008,0.05,7480
C00008807,B00008807,A0048,0.05,6615
C00008808,B00008808,A0022,0.15,82350
C00008809,B00008809,A0053,0.02,2058
C00008810,B00008810,A0034,0.02,2380
C00008811,B00008811,A0039,0.02,2848
C00008812,B00008812,A0051,0.02,5798
C00008813,B00008813,A0040,0.15,20400
C00008814,B00008814,A0034,0.15,18240
C00008815,B00008815,A0016,0.05,4180
C00008816,B00008816,A0031,0.1,23650
C00008817,B00008817,A0018,0.05,10360
C00008818,B00008818,A0025,0.1,3180
C00008819,B00008819,A0042,0.1,69840
C00008820,B00008820,A0035,0.02,10608
C00008821,B00008821,A0033,0.05,7780
C00008822,B00008822,A0028,0.03,6534
C00008823,B00008823,A0040,0.15,25575
C00008824,B00008824,A0024,0.03,9744
C00008825,B00008825,A0002,0.15,2655
C00008826,B00008826,A0039,0.15,36180
C00008827,B00008827,A0050,0.03,1821
C00008828,B00008828,A0059,0.1,5430
C00008829,B00008829,A0020,0.02,1104
C00008830,B00008830,A0016,0.1,2260
C00008831,B00008831,A0008,0.02,5768
C00008832,B00008832,A0048,0.03,5004
C00008833,B00008833,A0002,0.03,3600
C00008834,B00008834,A0045,0.02,1580
C00008835,B00008835,A0051,0.15,17775
C00008836,B00008836,A0010,0.05,40300
C00008837,B00008837,A0023,0.02,1074
C00008838,B00008838,A0060,0.15,19800
C00008839,B00008839,A0007,0.05,10800
C00008840,B00008840,A0014,0.15,54285
C00008841,B00008841,A0058,0.05,6300
C00008842,B00008842,A0016,0.15,17760
C00008843,B00008843,A0018,0.05,1025
C00008844,B00008844,A0034,0.02,1240
C00008845,B00008845,A0018,0.02,2388
C00008846,B00008846,A0032,0.02,8450
C00008847,B00008847,A0026,0.02,1592
C00008848,B00008848,A0017,0.1,25900
C00008849,B00008849,A0045,0.15,25935
C00008850,B00008850,A0019,0.1,41220
C00008851,B00008851,A0037,0.03,13920
C00008852,B00008852,A0005,0.02,5292
C00008853,B00008853,A0030,0.02,38136
C00008854,B00008854,A0017,0.02,3470
C00008855,B00008855,A0006,0.03,3297
C00008856,B00008856,A0055,0.02,4238
C00008857,B00008857,A0050,0.1,19000
C00008858,B00008858,A0022,0.1,9150
C00008859,B00008859,A0059,0.1,9850
C00008860,B00008860,A0002,0.05,11410
C00008861,B00008861,A0044,0.02,5824
C00008862,B00008862,A0043,0.02,1240
C00008863,B00008863,A0040,0.02,7848
C00008864,B00008864,A0026,0.15,46095
C00008865,B00008865,A0025,0.02,10224
C00008866,B00008866,A0004,0.02,1528
C00008867,B00008867,A0050,0.15,25080
C00008868,B00008868,A0048,0.02,322
C00008869,B00008869,A0012,0.15,5670
C00008870,B00008870,A0005,0.15,30780
C00008871,B00008871,A0035,0.02,3520
C00008872,B00008872,A0012,0.1,9550
C00008873,B00008873,A0041,0.1,6460
C00008874,B00008874,A0036,0.03,15444
C00008875,B00008875,A0014,0.03,4590
C00008876,B00008876,A0008,0.1,8650
C00008877,B00008877,A0019,0.02,8320
C00008878,B00008878,A0018,0.15,35850
C00008879,B00008879,A0017,0.15,6735
C00008880,B00008880,A0036,0.05,18495
C00008881,B00008881,A0009,0.02,15260
C00008882,B00008882,A0016,0.15,6525
C00008883,B00008883,A0019,0.02,364
C00008884,B00008884,A0042,0.15,15210
C00008885,B00008885,A0043,0.02,3240
C00008886,B00008886,A0020,0.03,6192
C00008887,B00008887,A0057,0.02,3630
C00008888,B00008888,A0046,0.02,736
C00008889,B00008889,A0035,0.02,6580
C00008890,B00008890,A0006,0.1,11040
C00008891,B00008891,A0006,0.1,23580
C00008892,B00008892,A0030,0.1,26180
C00008893,B00008893,A0054,0.05,42660
C00008894,B00008894,A0045,0.02,3870
C00008895,B00008895,A0022,0.15,3937
C00008896,B00008896,A0017,0.15,21105
C00008897,B00008897,A0035,0.05,23480
C00008898,B00008898,A0024,0.02,2790
C00008899,B00008899,A0045,0.05,4845
C00008900,B00008900,A0049,0.15,14490
C00008901,B00008901,A0017,0.1,14870
C00008902,B00008902,A0021,0.02,37104
C00008903,B00008903,A0012,0.02,4140
C00008904,B00008904,A0003,0.05,5895
C00008905,B00008905,A0027,0.03,12576
C00008906,B00008906,A0052,0.05,16030
C00008907,B00008907,A0003,0.02,1572
C00008908,B00008908,A0041,0.15,43470
C00008909,B00008909,A0009,0.15,6960
C00008910,B00008910,A0018,0.15,36630
C00008911,B00008911,A0041,0.05,10780
C00008912,B00008912,A0034,0.03,7758
C00008913,B00008913,A0051,0.03,8190
C00008914,B00008914,A0052,0.05,12000
C00008915,B00008915,A0020,0.1,1610
C00008916,B00008916,A0037,0.05,975
C00008917,B00008917,A0055,0.15,5370
C00008918,B00008918,A0031,0.15,10320
C00008919,B00008919,A0040,0.02,3984
C00008920,B00008920,A0052,0.15,53550
C00008921,B00008921,A0039,0.05,55100
C00008922,B00008922,A0019,0.1,17900
C00008923,B00008923,A0047,0.15,18900
C00008924,B00008924,A0048,0.02,450
C00008925,B00008925,A0003,0.03,2970
C00008926,B00008926,A0017,0.05,8235
C00008927,B00008927,A0058,0.02,4002
C00008928,B00008928,A0058,0.05,4900
C00008929,B00008929,A0048,0.02,6328
C00008930,B00008930,A0031,0.15,8700
C00008931,B00008931,A0053,0.05,2680
C00008932,B00008932,A0025,0.1,4890
C00008933,B00008933,A0039,0.02,4344
C00008934,B00008934,A0039,0.02,2190
C00008935,B00008935,A0032,0.15,14123
C00008936,B00008936,A0022,0.02,2430
C00008937,B00008937,A0054,0.1,59800
C00008938,B00008938,A0012,0.02,1990
C00008939,B00008939,A0012,0.02,768
C00008940,B00008940,A0012,0.02,1398
C00008941,B00008941,A0040,0.03,7224
C00008942,B00008942,A0008,0.05,8640
C00008943,B00008943,A0029,0.15,29850
C00008944,B00008944,A0050,0.15,40950
C00008945,B00008945,A0038,0.02,2478
C00008946,B00008946,A0019,0.05,13065
C00008947,B00008947,A0028,0.15,10200
C00008948,B00008948,A0050,0.15,15660
C00008949,B00008949,A0011,0.02,336
C00008950,B00008950,A0013,0.15,59730
C00008951,B00008951,A0001,0.02,2670
C00008952,B00008952,A0005,0.02,2664
C00008953,B00008953,A0030,0.02,2618
C00008954,B00008954,A0050,0.02,3040
C00008955,B00008955,A0013,0.03,480
C00008956,B00008956,A0058,0.1,35900
C00008957,B00008957,A0038,0.15,34980
C00008958,B00008958,A0045,0.03,17760
C00008959,B00008959,A0026,0.02,1392
C00008960,B00008960,A0047,0.1,19456
C00008961,B00008961,A0020,0.15,155250
C00008962,B00008962,A0011,0.02,712
C00008963,B00008963,A0009,0.15,10440
C00008964,B00008964,A0026,0.02,1344
C00008965,B00008965,A0021,0.02,3864
C00008966,B00008966,A0050,0.02,13948
C00008967,B00008967,A0045,0.1,12670
C00008968,B00008968,A0024,0.05,5130
C00008969,B00008969,A0051,0.05,1330
C00008970,B00008970,A0009,0.1,18600
C00008971,B00008971,A0047,0.05,20070
C00008972,B00008972,A0057,0.1,16800
C00008973,B00008973,A0051,0.02,10738
C00008974,B00008974,A0004,0.1,29545
C00008975,B00008975,A0011,0.15,19320
C00008976,B00008976,A0004,0.02,4992
C00008977,B00008977,A0044,0.02,8096
C00008978,B00008978,A0030,0.02,2000
C00008979,B00008979,A0052,0.02,4056
C00008980,B00008980,A0034,0.15,16020
C00008981,B00008981,A0030,0.02,4200
C00008982,B00008982,A0002,0.1,37100
C00008983,B00008983,A0010,0.15,25095
C00008984,B00008984,A0039,0.02,2340
C00008985,B00008985,A0009,0.1,21660
C00008986,B00008986,A0059,0.15,14700
C00008987,B00008987,A0024,0.1,23280
C00008988,B00008988,A0019,0.15,67140
C00008989,B00008989,A0032,0.15,10080
C00008990,B00008990,A0035,0.05,7840
C00008991,B00008991,A0030,0.05,10595
C00008992,B00008992,A0028,0.02,6214
C00008993,B00008993,A0037,0.15,32670
C00008994,B00008994,A0020,0.02,10024
C00008995,B00008995,A0058,0.15,88140
C00008996,B00008996,A0057,0.02,4136
C00008997,B00008997,A0020,0.05,47160
C00008998,B00008998,A0011,0.02,13850
C00008999,B00008999,A0055,0.05,5845
C00009000,B00009000,A0043,0.05,7800
