guest_id,first_name,last_name,email,country,loyalty_tier,created_at
G000001,Matthew,Hobbs,matthew.hobbs.1@example.com,Fiji,None,2022-08-02 18:09:07
G000002,Johnny,Miller,johnny.miller.2@example.com,Andorra,None,2023-08-03 21:59:59
G000003,Brett,Crane,brett.crane.3@example.com,Czech Republic,Silver,2019-08-02 04:33:23
G000004,Kimberly,Pearson,kimberly.pearson.4@example.com,Saudi Arabia,Silver,2019-04-07 09:45:51
G000005,Stefanie,Gonzalez,stefanie.gonzalez.5@example.com,Angola,Gold,2020-04-18 10:27:04
G000006,John,Wells,john.wells.6@example.com,Brazil,Silver,2023-10-19 04:37:10
G000007,Stacie,Marshall,stacie.marshall.7@example.com,Equatorial Guinea,None,2022-02-20 02:49:04
G000008,Gary,Lawson,gary.lawson.8@example.com,San Marino,None,2019-12-22 20:11:22
G000009,Kimberly,Martin,kimberly.martin.9@example.com,Georgia,None,2019-12-02 20:25:37
G000010,Beth,Hickman,beth.hickman.10@example.com,Morocco,None,2022-03-12 00:54:54
G000011,Randy,Espinoza,randy.espinoza.11@example.com,Belarus,Silver,2021-01-24 12:09:45
G000012,Curtis,Barton,curtis.barton.12@example.com,Thailand,None,2020-01-12 02:31:10
G000013,Laura,Knight,laura.knight.13@example.com,Armenia,None,2021-12-14 17:23:20
G000014,Amanda,Stanley,amanda.stanley.14@example.com,Bangladesh,Gold,2023-04-21 23:10:15
G000015,Deborah,Smith,deborah.smith.15@example.com,Italy,None,2023-03-04 00:05:18
G000016,Daniel,Yu,daniel.yu.16@example.com,North Macedonia,Silver,2022-11-29 08:39:01
G000017,Jasmine,Graham,jasmine.graham.17@example.com,Saint Martin,Silver,2023-06-10 00:15:25
G000018,Tammy,Nelson,tammy.nelson.18@example.com,Sri Lanka,None,2023-07-31 01:04:49
G000019,Kim,Marshall,kim.marshall.19@example.com,Sweden,Silver,2021-04-13 21:01:19
G000020,Marcus,Sanchez,marcus.sanchez.20@example.com,Vietnam,Gold,2019-09-27 06:03:14
G000021,Joshua,Hayes,joshua.hayes.21@example.com,Sao Tome and Principe,None,2022-12-14 19:10:29
G000022,Ashley,Barnett,ashley.barnett.22@example.com,Guadeloupe,None,2019-03-31 04:01:36
G000023,Troy,Nguyen,troy.nguyen.23@example.com,Libyan Arab Jamahiriya,Silver,2020-10-21 00:48:08
G000024,Michael,Green,michael.green.24@example.com,Fiji,None,2021-05-08 08:04:41
G000025,Angela,Black,angela.black.25@example.com,Comoros,None,2019-09-23 23:45:54
G000026,John,Russell,john.russell.26@example.com,Moldova,None,2021-01-16 15:51:04
G000027,Hannah,Brewer,hannah.brewer.27@example.com,Liechtenstein,Gold,2022-10-24 10:18:58
G000028,Laura,Davis,laura.davis.28@example.com,Cyprus,None,2022-06-10 10:20:00
G000029,Heather,Torres,heather.torres.29@example.com,Mozambique,Gold,2022-02-20 12:09:33
G000030,Thomas,Schmidt,thomas.schmidt.30@example.com,Jamaica,Gold,2023-09-06 23:56:20
G000031,Mark,Warner,mark.warner.31@example.com,Faroe Islands,None,2021-08-10 15:28:02
G000032,John,Martinez,john.martinez.32@example.com,Congo,Silver,2021-09-07 08:57:36
G000033,David,Herrera,david.herrera.33@example.com,Serbia,Silver,2020-07-29 05:46:23
G000034,James,Rodgers,james.rodgers.34@example.com,Falkland Islands (Malvinas),None,2023-06-18 23:45:37
G000035,Candice,Hooper,candice.hooper.35@example.com,Syrian Arab Republic,None,2020-08-26 02:27:21
G000036,Kenneth,Ward,kenneth.ward.36@example.com,Gabon,Gold,2019-02-13 22:58:42
G000037,Jean,Martinez,jean.martinez.37@example.com,Aruba,None,2019-06-19 09:45:16
G000038,Angela,Terry,angela.terry.38@example.com,Brunei Darussalam,None,2023-03-06 02:34:07
G000039,Curtis,Smith,curtis.smith.39@example.com,Finland,None,2022-12-29 08:46:22
G000040,Timothy,Peterson,timothy.peterson.40@example.com,Austria,Gold,2021-02-23 10:09:10
G000041,Shelley,Woods,shelley.woods.41@example.com,Swaziland,Gold,2019-07-23 00:21:34
G000042,Richard,Jones,richard.jones.42@example.com,Norfolk Island,None,2019-06-16 13:22:56
G000043,Edward,Shepherd,edward.shepherd.43@example.com,Yemen,None,2021-08-01 23:37:05
G000044,Christopher,Wright,christopher.wright.44@example.com,Moldova,None,2022-07-17 00:11:02
G000045,Catherine,Gibbs,catherine.gibbs.45@example.com,Czech Republic,Gold,2023-06-12 13:49:56
G000046,Omar,Kerr,omar.kerr.46@example.com,French Southern Territories,Gold,2022-08-25 07:52:12
G000047,Kevin,Oliver,kevin.oliver.47@example.com,New Zealand,None,2019-11-05 07:23:28
G000048,Stacey,Clark,stacey.clark.48@example.com,Croatia,Silver,2021-04-02 05:26:43
G000049,Donna,Moore,donna.moore.49@example.com,China,Silver,2023-09-11 23:31:30
G000050,Charles,Smith,charles.smith.50@example.com,Korea,Gold,2022-12-30 23:12:50
G000051,Kelly,Hall,kelly.hall.51@example.com,Romania,Silver,2021-05-28 09:00:35
G000052,Jacqueline,Gibson,jacqueline.gibson.52@example.com,Poland,None,2020-12-26 05:20:24
G000053,Sandra,French,sandra.french.53@example.com,Niue,None,2020-09-06 14:28:11
G000054,Ronald,Stephens,ronald.stephens.54@example.com,Oman,None,2020-04-07 21:27:16
G000055,Rebekah,Serrano,rebekah.serrano.55@example.com,Barbados,None,2019-07-05 06:56:04
G000056,Gabriel,Parker,gabriel.parker.56@example.com,San Marino,Silver,2023-11-04 11:09:12
G000057,Samantha,Gonzales,samantha.gonzales.57@example.com,Lao People's Democratic Republic,None,2021-08-02 18:40:56
G000058,Holly,Bender,holly.bender.58@example.com,Macao,None,2023-08-05 15:56:37
G000059,Troy,Miller,troy.miller.59@example.com,Armenia,None,2022-09-04 06:23:31
G000060,Jessica,Munoz,jessica.munoz.60@example.com,Anguilla,None,2019-10-11 17:49:34
G000061,Jeremy,Craig,jeremy.craig.61@example.com,Tokelau,Gold,2023-11-23 01:57:14
G000062,Brenda,Smith,brenda.smith.62@example.com,Serbia,Silver,2021-04-17 08:11:54
G000063,Barbara,Hines,barbara.hines.63@example.com,China,None,2023-01-01 19:05:02
G000064,April,Ramos,april.ramos.64@example.com,Fiji,Silver,2020-07-17 20:48:40
G000065,Wendy,Graham,wendy.graham.65@example.com,Suriname,Gold,2023-03-08 17:43:59
G000066,Tanya,Harrison,tanya.harrison.66@example.com,Ireland,None,2021-11-01 13:16:31
G000067,Manuel,Garcia,manuel.garcia.67@example.com,Central African Republic,None,2021-10-21 15:56:37
G000068,Robert,Simpson,robert.simpson.68@example.com,Panama,Gold,2022-05-29 03:53:02
G000069,Lisa,Pierce,lisa.pierce.69@example.com,Korea,None,2019-10-01 14:12:50
G000070,Leonard,Morris,leonard.morris.70@example.com,Sierra Leone,Platinum,2022-06-09 17:28:35
G000071,Michelle,Bryan,michelle.bryan.71@example.com,Afghanistan,Silver,2023-08-13 18:42:38
G000072,Steven,Brown,steven.brown.72@example.com,Maldives,Silver,2022-01-29 00:13:27
G000073,Cindy,Jimenez,cindy.jimenez.73@example.com,Kenya,None,2019-06-10 08:27:11
G000074,James,Dunn,james.dunn.74@example.com,Vanuatu,None,2021-06-13 21:00:35
G000075,Samuel,Wolfe,samuel.wolfe.75@example.com,British Virgin Islands,Silver,2019-03-31 16:39:41
G000076,Teresa,Lynch,teresa.lynch.76@example.com,Dominican Republic,Silver,2020-05-07 01:31:55
G000077,Lance,Smith,lance.smith.77@example.com,Ireland,None,2019-10-17 14:10:55
G000078,Jeffrey,Skinner,jeffrey.skinner.78@example.com,Brazil,None,2022-12-04 16:02:54
G000079,Stacey,Holland,stacey.holland.79@example.com,Cape Verde,Silver,2023-03-29 09:34:15
G000080,Sarah,Carter,sarah.carter.80@example.com,Romania,None,2021-04-29 12:02:16
G000081,Robert,Olson,robert.olson.81@example.com,Latvia,None,2021-01-27 05:53:36
G000082,Stephen,Thomas,stephen.thomas.82@example.com,Comoros,None,2023-04-29 01:11:15
G000083,Julie,Taylor,julie.taylor.83@example.com,Bangladesh,Silver,2021-05-08 06:29:57
G000084,Kendra,Dickerson,kendra.dickerson.84@example.com,Guam,None,2023-04-27 11:39:55
G000085,Joseph,Smith,joseph.smith.85@example.com,Saint Kitts and Nevis,Gold,2021-07-16 13:56:15
G000086,Mary,Carpenter,mary.carpenter.86@example.com,Palestinian Territory,Platinum,2023-03-02 06:13:48
G000087,Michelle,Griffin,michelle.griffin.87@example.com,Liberia,None,2021-12-08 06:18:23
G000088,Martin,Hines,martin.hines.88@example.com,Honduras,Silver,2022-11-15 16:57:19
G000089,Sarah,Kane,sarah.kane.89@example.com,Qatar,Silver,2021-01-11 22:37:55
G000090,Ashley,Hall,ashley.hall.90@example.com,Singapore,None,2022-06-30 05:36:41
G000091,Bradley,Garner,bradley.garner.91@example.com,Romania,Silver,2022-03-30 10:39:17
G000092,Paul,Alvarado,paul.alvarado.92@example.com,Swaziland,Silver,2020-04-17 13:47:40
G000093,Tyler,Johnson,tyler.johnson.93@example.com,Macao,None,2021-10-28 11:19:09
G000094,Molly,Sawyer,molly.sawyer.94@example.com,Kazakhstan,None,2019-11-06 19:02:35
G000095,Alicia,Bryant,alicia.bryant.95@example.com,Saint Helena,None,2020-03-23 21:00:24
G000096,Robert,Pena,robert.pena.96@example.com,Cape Verde,None,2019-08-21 11:35:55
G000097,Terrance,Costa,terrance.costa.97@example.com,Guadeloupe,None,2022-05-19 22:30:17
G000098,Debra,Christian,debra.christian.98@example.com,Timor-Leste,None,2023-07-16 21:45:49
G000099,Norman,Stewart,norman.stewart.99@example.com,Saint Barthelemy,Silver,2023-02-25 00:00:04
G000100,Monique,Johnson,monique.johnson.100@example.com,Bangladesh,None,2020-12-30 09:44:17
G000101,Crystal,Mccall,crystal.mccall.101@example.com,Denmark,Platinum,2019-10-08 19:10:17
G000102,Ryan,Garcia,ryan.garcia.102@example.com,North Macedonia,Gold,2019-11-09 06:21:46
G000103,Scott,Benson,scott.benson.103@example.com,United Kingdom,Silver,2019-03-31 22:27:49
G000104,Brandon,Flynn,brandon.flynn.104@example.com,French Polynesia,Silver,2022-01-18 16:57:51
G000105,Nicholas,Thomas,nicholas.thomas.105@example.com,Marshall Islands,Silver,2022-07-04 04:48:18
G000106,Ashlee,Sparks,ashlee.sparks.106@example.com,Chile,Platinum,2020-06-27 22:07:02
G000107,Christian,Pitts,christian.pitts.107@example.com,Niger,None,2021-01-18 05:34:15
G000108,Tyler,Aguilar,tyler.aguilar.108@example.com,Djibouti,Gold,2022-12-03 17:49:47
G000109,Dana,Stevens,dana.stevens.109@example.com,Papua New Guinea,None,2019-01-30 04:43:23
G000110,Rachel,Marshall,rachel.marshall.110@example.com,France,Gold,2023-08-26 05:18:41
G000111,Eric,Alexander,eric.alexander.111@example.com,Guatemala,Silver,2023-12-31 12:31:18
G000112,Kevin,Hayden,kevin.hayden.112@example.com,Portugal,None,2021-02-16 00:40:31
G000113,Stephen,Turner,stephen.turner.113@example.com,Hungary,None,2023-02-10 06:36:16
G000114,Daniel,James,daniel.james.114@example.com,Guinea-Bissau,None,2023-11-21 21:05:03
G000115,Kenneth,Lyons,kenneth.lyons.115@example.com,Angola,None,2022-05-14 17:24:55
G000116,Joshua,Knight,joshua.knight.116@example.com,Poland,Silver,2019-06-02 09:00:14
G000117,Renee,Mcgee,renee.mcgee.117@example.com,Syrian Arab Republic,Gold,2021-06-08 04:10:57
G000118,Kimberly,Hall,kimberly.hall.118@example.com,Spain,Silver,2021-12-30 14:57:16
G000119,Jeffery,Lee,jeffery.lee.119@example.com,El Salvador,None,2020-02-29 22:59:56
G000120,Courtney,Berger,courtney.berger.120@example.com,Oman,Gold,2019-05-03 11:33:37
G000121,Kyle,Alexander,kyle.alexander.121@example.com,Mozambique,None,2022-02-07 14:01:31
G000122,Jessica,Davis,jessica.davis.122@example.com,French Polynesia,Silver,2021-10-12 01:56:37
G000123,Julie,Thompson,julie.thompson.123@example.com,Bulgaria,Gold,2023-08-03 21:09:26
G000124,Nancy,Diaz,nancy.diaz.124@example.com,Macao,None,2021-04-26 17:06:43
G000125,Maria,Scott,maria.scott.125@example.com,Sweden,None,2023-02-06 01:10:41
G000126,Tammy,Phillips,tammy.phillips.126@example.com,Trinidad and Tobago,None,2021-11-18 08:26:23
G000127,Linda,Mcdonald,linda.mcdonald.127@example.com,Belarus,Platinum,2020-03-13 07:36:13
G000128,Karen,Perez,karen.perez.128@example.com,Philippines,None,2022-05-19 17:08:55
G000129,Tammy,Ballard,tammy.ballard.129@example.com,Haiti,None,2019-10-08 13:28:12
G000130,Krystal,Smith,krystal.smith.130@example.com,Mauritania,Silver,2020-01-19 23:26:38
G000131,Shawn,Chambers,shawn.chambers.131@example.com,Peru,Silver,2021-03-25 12:10:17
G000132,Brenda,Carson,brenda.carson.132@example.com,Wallis and Futuna,None,2022-02-28 03:04:56
G000133,Daniel,Hall,daniel.hall.133@example.com,Anguilla,Platinum,2023-10-11 05:34:06
G000134,Mark,Bishop,mark.bishop.134@example.com,Oman,Silver,2019-07-16 09:48:14
G000135,Cynthia,Marshall,cynthia.marshall.135@example.com,Reunion,None,2021-07-27 20:55:56
G000136,Debra,Wilson,debra.wilson.136@example.com,Aruba,None,2019-04-26 14:44:14
G000137,Kevin,Vasquez,kevin.vasquez.137@example.com,Bhutan,None,2020-12-30 11:57:32
G000138,Paige,Taylor,paige.taylor.138@example.com,Korea,Silver,2022-02-26 16:37:25
G000139,Ellen,Paul,ellen.paul.139@example.com,Yemen,None,2023-08-06 07:40:18
G000140,Robert,Newton,robert.newton.140@example.com,Cape Verde,None,2022-07-13 00:01:57
G000141,Diana,Bass,diana.bass.141@example.com,Nicaragua,None,2022-06-21 23:19:33
G000142,Sheila,Ramirez,sheila.ramirez.142@example.com,Portugal,Platinum,2022-02-25 04:42:59
G000143,Jeff,Wallace,jeff.wallace.143@example.com,Dominica,Platinum,2022-01-31 19:49:53
G000144,Cory,Jennings,cory.jennings.144@example.com,Mayotte,None,2022-01-19 08:39:37
G000145,Bruce,Hill,bruce.hill.145@example.com,British Virgin Islands,None,2022-11-13 18:11:05
G000146,Christopher,Lewis,christopher.lewis.146@example.com,Northern Mariana Islands,Silver,2019-03-08 08:31:38
G000147,Brent,Cook,brent.cook.147@example.com,Brunei Darussalam,Silver,2023-10-21 01:59:06
G000148,Jamie,Gallegos,jamie.gallegos.148@example.com,Micronesia,None,2020-10-05 14:46:23
G000149,Brenda,Li,brenda.li.149@example.com,Djibouti,Silver,2021-10-17 19:10:32
G000150,Kim,Kramer,kim.kramer.150@example.com,Nepal,Gold,2019-01-09 19:26:02
G000151,Joshua,Riggs,joshua.riggs.151@example.com,Bulgaria,Platinum,2023-08-06 09:23:03
G000152,John,Thompson,john.thompson.152@example.com,Panama,Silver,2019-03-22 02:18:27
G000153,David,Howard,david.howard.153@example.com,Solomon Islands,Gold,2021-01-09 05:27:58
G000154,Brianna,Smith,brianna.smith.154@example.com,Estonia,None,2019-06-12 19:09:15
G000155,David,Fisher,david.fisher.155@example.com,Brazil,None,2019-07-17 11:13:50
G000156,Thomas,Strickland,thomas.strickland.156@example.com,Malaysia,Gold,2019-12-05 19:39:22
G000157,Shannon,Walker,shannon.walker.157@example.com,Nicaragua,None,2019-05-15 17:31:52
G000158,Jessica,Kerr,jessica.kerr.158@example.com,Palestinian Territory,None,2023-06-09 02:13:15
G000159,Kevin,Schneider,kevin.schneider.159@example.com,Antarctica (the territory South of 60 deg S),None,2019-07-08 23:28:14
G000160,Yolanda,Boone,yolanda.boone.160@example.com,Japan,Gold,2019-12-02 10:13:02
G000161,Tracy,Browning,tracy.browning.161@example.com,Barbados,Gold,2019-09-09 00:10:29
G000162,Marc,Hernandez,marc.hernandez.162@example.com,Brunei Darussalam,None,2021-05-04 10:40:44
G000163,Claudia,Richards,claudia.richards.163@example.com,Rwanda,Silver,2021-10-07 07:35:03
G000164,Oscar,Harper,oscar.harper.164@example.com,French Polynesia,Silver,2022-11-10 15:28:25
G000165,William,Jordan,william.jordan.165@example.com,South Africa,None,2019-12-22 11:19:52
G000166,Melissa,Curtis,melissa.curtis.166@example.com,Seychelles,None,2023-09-09 22:32:03
G000167,Jennifer,Lewis,jennifer.lewis.167@example.com,Korea,Silver,2020-12-10 21:42:57
G000168,Robert,Wilcox,robert.wilcox.168@example.com,Iran,None,2022-07-16 10:26:11
G000169,Jessica,Edwards,jessica.edwards.169@example.com,Germany,None,2021-03-02 21:57:38
G000170,Nicholas,Hernandez,nicholas.hernandez.170@example.com,Uzbekistan,None,2023-01-13 11:58:37
G000171,Carlos,Decker,carlos.decker.171@example.com,Bermuda,None,2022-09-03 19:02:50
G000172,Colin,Rodgers,colin.rodgers.172@example.com,Sudan,Gold,2020-02-09 06:06:41
G000173,Angela,Willis,angela.willis.173@example.com,Monaco,None,2023-10-12 02:08:54
G000174,Mark,Martinez,mark.martinez.174@example.com,Guinea,Gold,2022-08-07 00:27:27
G000175,Miranda,Griffith,miranda.griffith.175@example.com,France,Gold,2021-08-28 17:52:43
G000176,Michael,Lane,michael.lane.176@example.com,Croatia,None,2020-04-25 17:31:04
G000177,Diane,Walker,diane.walker.177@example.com,Botswana,Silver,2021-12-23 18:23:28
G000178,Megan,Richardson,megan.richardson.178@example.com,Serbia,None,2021-05-15 11:33:05
G000179,Audrey,Aguirre,audrey.aguirre.179@example.com,Tanzania,None,2023-10-09 20:38:02
G000180,Terri,Cardenas,terri.cardenas.180@example.com,Nicaragua,None,2023-09-26 17:31:31
G000181,Anthony,Hickman,anthony.hickman.181@example.com,Switzerland,Gold,2021-04-10 22:20:52
G000182,Anthony,Nelson,anthony.nelson.182@example.com,Serbia,None,2021-08-17 23:34:04
G000183,Sandra,Bell,sandra.bell.183@example.com,Cocos (Keeling) Islands,Silver,2020-03-21 01:36:19
G000184,Ashley,Morales,ashley.morales.184@example.com,Cambodia,Silver,2019-04-06 05:57:32
G000185,Christopher,Moreno,christopher.moreno.185@example.com,Honduras,Gold,2022-07-28 08:58:46
G000186,Shawn,Moore,shawn.moore.186@example.com,Georgia,None,2021-10-04 19:44:28
G000187,Kimberly,Bradley,kimberly.bradley.187@example.com,Belize,None,2019-06-13 10:47:54
G000188,Eric,Webster,eric.webster.188@example.com,Australia,Gold,2019-09-11 11:09:34
G000189,Joseph,Stanley,joseph.stanley.189@example.com,Libyan Arab Jamahiriya,None,2022-10-05 09:12:12
G000190,Robert,Lewis,robert.lewis.190@example.com,Malaysia,Silver,2019-12-20 14:50:54
G000191,Michael,Rodriguez,michael.rodriguez.191@example.com,Philippines,Platinum,2023-02-20 21:58:04
G000192,Alison,Parker,alison.parker.192@example.com,Cyprus,None,2022-05-13 00:58:28
G000193,Tracey,Brown,tracey.brown.193@example.com,Costa Rica,Silver,2021-07-25 11:27:22
G000194,Sierra,Saunders,sierra.saunders.194@example.com,Serbia,None,2021-03-04 20:54:55
G000195,Keith,Wilson,keith.wilson.195@example.com,Luxembourg,Gold,2022-08-30 23:57:55
G000196,Gregory,James,gregory.james.196@example.com,Romania,None,2020-12-15 22:17:54
G000197,Vincent,Whitaker,vincent.whitaker.197@example.com,Sri Lanka,Platinum,2022-01-05 08:37:06
G000198,Charles,Hensley,charles.hensley.198@example.com,Armenia,None,2022-09-17 06:53:27
G000199,Andrew,Morse,andrew.morse.199@example.com,Tokelau,Gold,2021-08-30 15:29:32
G000200,Barbara,Berry,barbara.berry.200@example.com,Russian Federation,None,2022-07-21 17:31:08
G000201,Keith,Sullivan,keith.sullivan.201@example.com,Greece,None,2020-06-17 23:47:35
G000202,Laurie,Montgomery,laurie.montgomery.202@example.com,Switzerland,None,2022-01-29 05:41:32
G000203,Christopher,Richard,christopher.richard.203@example.com,Ecuador,Silver,2022-09-15 14:23:46
G000204,Brianna,Warren,brianna.warren.204@example.com,Indonesia,Gold,2021-08-21 23:44:52
G000205,Julie,Walker,julie.walker.205@example.com,Slovakia (Slovak Republic),Silver,2020-06-06 08:53:01
G000206,Charles,Schultz,charles.schultz.206@example.com,Marshall Islands,Platinum,2023-05-04 08:46:54
G000207,James,Parsons,james.parsons.207@example.com,Guernsey,Silver,2020-04-03 20:33:08
G000208,Joel,Thomas,joel.thomas.208@example.com,Congo,None,2020-06-23 01:01:29
G000209,Carrie,Wolf,carrie.wolf.209@example.com,Palau,None,2019-08-23 02:44:50
G000210,Gregory,Mejia,gregory.mejia.210@example.com,Lithuania,Platinum,2022-12-12 10:50:53
G000211,Karen,Wolf,karen.wolf.211@example.com,Kiribati,Gold,2023-10-20 19:33:29
G000212,Dawn,Downs,dawn.downs.212@example.com,Gibraltar,Silver,2021-09-09 05:01:29
G000213,Edward,Jones,edward.jones.213@example.com,Kenya,Silver,2021-07-29 19:55:41
G000214,Laura,Vargas,laura.vargas.214@example.com,Guinea,None,2023-04-26 05:46:48
G000215,Charles,Murray,charles.murray.215@example.com,Argentina,Gold,2019-06-26 18:01:47
G000216,Miguel,Mitchell,miguel.mitchell.216@example.com,Oman,Silver,2019-10-08 12:59:43
G000217,Christina,Hunter,christina.hunter.217@example.com,Kyrgyz Republic,Silver,2023-12-09 00:29:48
G000218,Angela,Conner,angela.conner.218@example.com,Ukraine,None,2019-05-08 10:52:30
G000219,Shannon,Pacheco,shannon.pacheco.219@example.com,Pakistan,Silver,2020-08-07 20:09:07
G000220,Marc,Alvarez,marc.alvarez.220@example.com,Canada,Silver,2019-07-12 05:38:15
G000221,Shannon,Shepherd,shannon.shepherd.221@example.com,Taiwan,None,2021-12-03 00:34:35
G000222,Toni,Miller,toni.miller.222@example.com,Oman,Silver,2020-06-20 02:55:30
G000223,Benjamin,Zimmerman,benjamin.zimmerman.223@example.com,Kazakhstan,None,2023-06-17 05:23:01
G000224,Alexandra,Moore,alexandra.moore.224@example.com,Holy See (Vatican City State),Silver,2021-05-28 22:04:27
G000225,Paul,Schroeder,paul.schroeder.225@example.com,Philippines,None,2019-06-12 16:39:20
G000226,Kristina,Holland,kristina.holland.226@example.com,Bahrain,Silver,2021-10-21 07:31:29
G000227,Cody,Gregory,cody.gregory.227@example.com,Finland,None,2021-02-21 22:10:03
G000228,Jennifer,Douglas,jennifer.douglas.228@example.com,United States of America,Gold,2020-04-12 04:38:52
G000229,Mathew,Aguilar,mathew.aguilar.229@example.com,Cambodia,None,2021-12-22 20:31:42
G000230,Kyle,Douglas,kyle.douglas.230@example.com,Panama,None,2022-05-02 18:30:20
G000231,David,Fletcher,david.fletcher.231@example.com,Belize,Gold,2021-08-19 20:05:54
G000232,Angelica,Schneider,angelica.schneider.232@example.com,Greenland,Silver,2020-02-02 00:59:36
G000233,Elizabeth,Calderon,elizabeth.calderon.233@example.com,Saint Vincent and the Grenadines,None,2023-06-24 10:43:56
G000234,Clarence,Santiago,clarence.santiago.234@example.com,Malawi,None,2022-01-29 03:51:30
G000235,Andrew,Parker,andrew.parker.235@example.com,Zambia,Silver,2020-10-27 11:21:45
G000236,Matthew,Miranda,matthew.miranda.236@example.com,Congo,Silver,2020-12-04 20:16:25
G000237,Zoe,Moore,zoe.moore.237@example.com,French Polynesia,Gold,2019-11-11 05:36:06
G000238,William,Fernandez,william.fernandez.238@example.com,Saint Vincent and the Grenadines,Platinum,2023-06-24 21:02:39
G000239,Benjamin,Rogers,benjamin.rogers.239@example.com,Seychelles,Silver,2020-02-12 03:43:29
G000240,Carla,Moore,carla.moore.240@example.com,Cocos (Keeling) Islands,Silver,2020-05-29 07:29:41
G000241,Jennifer,Williams,jennifer.williams.241@example.com,Haiti,None,2021-01-07 23:32:06
G000242,Tara,Bishop,tara.bishop.242@example.com,Sao Tome and Principe,Silver,2022-10-26 18:29:42
G000243,Jesus,Allen,jesus.allen.243@example.com,Sudan,Silver,2022-12-28 04:20:16
G000244,Rebecca,Lee,rebecca.lee.244@example.com,Philippines,None,2023-11-08 05:33:09
G000245,Tracey,Murray,tracey.murray.245@example.com,Finland,Platinum,2022-04-01 10:28:21
G000246,Wesley,Barnes,wesley.barnes.246@example.com,Central African Republic,None,2020-09-12 10:32:31
G000247,Laurie,Taylor,laurie.taylor.247@example.com,El Salvador,None,2019-06-12 02:48:28
G000248,Danielle,Sawyer,danielle.sawyer.248@example.com,Micronesia,Gold,2019-11-15 17:38:40
G000249,Jennifer,Black,jennifer.black.249@example.com,British Virgin Islands,None,2021-06-04 15:50:21
G000250,Christopher,Martin,christopher.martin.250@example.com,Korea,None,2023-05-14 22:21:16
G000251,Dylan,Kim,dylan.kim.251@example.com,Yemen,Platinum,2020-11-20 20:21:13
G000252,Lisa,Wilkerson,lisa.wilkerson.252@example.com,Venezuela,Silver,2019-03-24 20:40:25
G000253,Robert,Sanders,robert.sanders.253@example.com,Holy See (Vatican City State),Gold,2021-01-02 12:53:14
G000254,Paul,Miller,paul.miller.254@example.com,Czech Republic,None,2019-03-29 13:48:56
G000255,Lucas,Garcia,lucas.garcia.255@example.com,Rwanda,Gold,2021-11-07 17:03:38
G000256,Lacey,Taylor,lacey.taylor.256@example.com,France,Silver,2023-01-07 20:47:34
G000257,Heather,Taylor,heather.taylor.257@example.com,Romania,Silver,2022-12-28 11:23:11
G000258,Shane,Smith,shane.smith.258@example.com,Belgium,None,2019-03-01 01:01:57
G000259,Jonathan,Conley,jonathan.conley.259@example.com,Mexico,None,2023-06-28 17:29:44
G000260,Rodney,Parsons,rodney.parsons.260@example.com,Dominica,None,2021-07-24 15:27:39
G000261,David,Allen,david.allen.261@example.com,Northern Mariana Islands,Silver,2022-11-21 04:51:43
G000262,Bryan,Copeland,bryan.copeland.262@example.com,Luxembourg,Gold,2023-07-24 11:04:03
G000263,Allen,Robertson,allen.robertson.263@example.com,Dominican Republic,Gold,2020-03-22 01:51:55
G000264,Kelly,Smith,kelly.smith.264@example.com,Guinea,Gold,2021-01-17 09:46:11
G000265,Ashley,Lopez,ashley.lopez.265@example.com,Paraguay,Gold,2019-09-23 23:50:20
G000266,Alexandra,Ward,alexandra.ward.266@example.com,Zimbabwe,None,2023-06-23 09:50:06
G000267,Amy,Hartman,amy.hartman.267@example.com,Madagascar,Gold,2023-09-18 16:33:53
G000268,Andrew,Marks,andrew.marks.268@example.com,Aruba,Silver,2022-04-16 23:57:42
G000269,Tina,King,tina.king.269@example.com,Andorra,None,2022-01-14 10:50:56
G000270,Kristina,Cooper,kristina.cooper.270@example.com,Saint Martin,Silver,2019-11-19 01:44:17
G000271,Kelsey,Moss,kelsey.moss.271@example.com,Grenada,Gold,2020-02-19 11:44:25
G000272,Bradley,Payne,bradley.payne.272@example.com,Suriname,None,2020-06-27 23:35:28
G000273,Maria,Cohen,maria.cohen.273@example.com,Qatar,None,2023-01-26 17:52:13
G000274,Crystal,Cain,crystal.cain.274@example.com,Bahrain,None,2022-11-22 23:03:46
G000275,Benjamin,Harris,benjamin.harris.275@example.com,Somalia,Silver,2020-09-11 17:32:55
G000276,Nina,Stewart,nina.stewart.276@example.com,Georgia,Silver,2023-05-21 05:47:08
G000277,Raymond,Ochoa,raymond.ochoa.277@example.com,Lebanon,None,2021-02-26 00:26:36
G000278,Benjamin,Lucas,benjamin.lucas.278@example.com,France,Gold,2022-01-14 01:55:25
G000279,Michelle,Williams,michelle.williams.279@example.com,Palau,None,2021-10-28 06:05:54
G000280,Joshua,Lloyd,joshua.lloyd.280@example.com,Jordan,Gold,2022-05-27 19:47:07
G000281,Julia,Kline,julia.kline.281@example.com,Hungary,Gold,2021-11-19 08:24:11
G000282,Terri,Crawford,terri.crawford.282@example.com,Luxembourg,None,2022-02-15 07:22:18
G000283,Sandra,Stone,sandra.stone.283@example.com,Spain,Gold,2019-09-14 15:57:37
G000284,Jessica,Miller,jessica.miller.284@example.com,Netherlands,None,2020-07-14 15:48:38
G000285,Amy,Morris,amy.morris.285@example.com,Belgium,None,2021-10-15 19:28:49
G000286,Donna,Parker,donna.parker.286@example.com,Netherlands,Gold,2022-08-16 21:31:02
G000287,Garrett,Wallace,garrett.wallace.287@example.com,Kiribati,None,2019-05-12 14:13:46
G000288,Jessica,Buck,jessica.buck.288@example.com,Nicaragua,Gold,2022-09-13 07:30:52
G000289,Joshua,Whitney,joshua.whitney.289@example.com,Yemen,Gold,2019-06-28 04:55:39
G000290,Charles,Walsh,charles.walsh.290@example.com,Haiti,None,2023-05-14 02:27:59
G000291,Laurie,Shelton,laurie.shelton.291@example.com,Zambia,Gold,2019-04-07 18:00:47
G000292,Douglas,Lawson,douglas.lawson.292@example.com,Slovenia,None,2022-09-23 08:32:02
G000293,Austin,Jones,austin.jones.293@example.com,Slovakia (Slovak Republic),None,2022-02-12 03:25:50
G000294,Michael,Herring,michael.herring.294@example.com,Antigua and Barbuda,None,2020-04-21 17:10:43
G000295,Erika,Rush,erika.rush.295@example.com,Holy See (Vatican City State),Silver,2022-10-11 06:30:44
G000296,Kathryn,Berry,kathryn.berry.296@example.com,Marshall Islands,None,2022-02-14 01:46:16
G000297,Raymond,Banks,raymond.banks.297@example.com,Egypt,None,2019-12-19 11:20:31
G000298,Anthony,Lopez,anthony.lopez.298@example.com,Maldives,Gold,2022-04-17 07:52:12
G000299,Robin,Wilson,robin.wilson.299@example.com,Singapore,None,2021-03-19 16:36:42
G000300,Jane,Lewis,jane.lewis.300@example.com,New Zealand,None,2021-06-06 06:09:18
G000301,Heather,Lutz,heather.lutz.301@example.com,Cook Islands,None,2020-01-17 00:30:32
G000302,Derek,Jones,derek.jones.302@example.com,China,None,2022-10-14 21:53:44
G000303,Wendy,Cochran,wendy.cochran.303@example.com,Tanzania,None,2021-09-19 22:11:28
G000304,Elizabeth,Mckinney,elizabeth.mckinney.304@example.com,Mexico,None,2023-08-12 11:13:36
G000305,Kelly,Evans,kelly.evans.305@example.com,Cayman Islands,None,2020-06-24 21:09:59
G000306,Laura,Hicks,laura.hicks.306@example.com,British Virgin Islands,None,2020-09-16 10:10:56
G000307,Laura,Young,laura.young.307@example.com,Lithuania,None,2019-03-23 15:52:45
G000308,Michael,Armstrong,michael.armstrong.308@example.com,Lao People's Democratic Republic,Gold,2023-09-10 21:46:37
G000309,David,Henson,david.henson.309@example.com,Bahrain,None,2021-08-18 22:23:15
G000310,Raymond,Love,raymond.love.310@example.com,Lesotho,Gold,2023-06-22 06:42:33
G000311,Robert,Ortiz,robert.ortiz.311@example.com,Morocco,Platinum,2019-08-18 03:15:06
G000312,David,Stewart,david.stewart.312@example.com,Barbados,None,2022-10-30 00:31:48
G000313,Steven,Holmes,steven.holmes.313@example.com,Brunei Darussalam,Gold,2023-09-09 20:09:50
G000314,Danielle,White,danielle.white.314@example.com,Bulgaria,Silver,2022-09-06 02:21:26
G000315,Wesley,Oneill,wesley.oneill.315@example.com,Switzerland,None,2020-01-21 18:07:27
G000316,April,Torres,april.torres.316@example.com,Central African Republic,Platinum,2021-09-29 11:19:44
G000317,Sarah,Perez,sarah.perez.317@example.com,Yemen,None,2023-06-01 03:49:24
G000318,Patty,Singleton,patty.singleton.318@example.com,El Salvador,None,2020-09-01 21:19:54
G000319,Cynthia,Pierce,cynthia.pierce.319@example.com,Brunei Darussalam,Gold,2021-07-29 20:14:20
G000320,Christina,Davis,christina.davis.320@example.com,Norway,Gold,2020-06-07 22:24:14
G000321,Brittany,Carpenter,brittany.carpenter.321@example.com,Chile,Silver,2021-11-14 22:44:27
G000322,Megan,Elliott,megan.elliott.322@example.com,Sweden,Silver,2019-03-30 03:40:51
G000323,Christopher,Fry,christopher.fry.323@example.com,Sierra Leone,Gold,2023-11-27 23:10:49
G000324,Joseph,Clark,joseph.clark.324@example.com,Montserrat,Gold,2022-07-18 06:57:42
G000325,Christine,Johnson,christine.johnson.325@example.com,Tuvalu,None,2023-08-23 01:12:20
G000326,Keith,Frye,keith.frye.326@example.com,Liberia,None,2021-01-30 19:25:12
G000327,Linda,Cohen,linda.cohen.327@example.com,French Southern Territories,None,2022-11-10 02:42:07
G000328,Charles,Brown,charles.brown.328@example.com,Kazakhstan,None,2022-07-15 07:00:12
G000329,Todd,Harris,todd.harris.329@example.com,New Caledonia,Silver,2020-03-22 08:42:50
G000330,Larry,Higgins,larry.higgins.330@example.com,Saint Martin,Gold,2021-12-09 00:41:42
G000331,Theresa,Anderson,theresa.anderson.331@example.com,Heard Island and McDonald Islands,Silver,2023-05-19 23:42:06
G000332,Anna,Flores,anna.flores.332@example.com,Lao People's Democratic Republic,Gold,2020-01-16 15:53:44
G000333,Joseph,Wright,joseph.wright.333@example.com,Bhutan,Gold,2019-06-07 05:24:14
G000334,Kelly,Cruz,kelly.cruz.334@example.com,Nicaragua,Platinum,2022-07-23 02:23:10
G000335,John,Grimes,john.grimes.335@example.com,Cayman Islands,Silver,2021-10-14 07:23:02
G000336,Sarah,Griffith,sarah.griffith.336@example.com,Comoros,Gold,2020-05-10 01:25:53
G000337,Tyrone,Robertson,tyrone.robertson.337@example.com,Luxembourg,Silver,2021-08-16 14:26:44
G000338,Tyler,Davis,tyler.davis.338@example.com,India,Silver,2023-04-20 08:40:14
G000339,Stephen,Allen,stephen.allen.339@example.com,Myanmar,None,2022-01-01 09:45:55
G000340,Brandon,Campbell,brandon.campbell.340@example.com,Nepal,None,2023-01-02 01:29:56
G000341,Justin,Smith,justin.smith.341@example.com,Botswana,Gold,2022-08-31 20:18:12
G000342,Dennis,Baker,dennis.baker.342@example.com,Haiti,None,2022-06-06 20:48:11
G000343,Michael,Morales,michael.morales.343@example.com,Montenegro,None,2023-10-12 12:06:07
G000344,James,Tran,james.tran.344@example.com,Barbados,None,2022-04-15 08:15:22
G000345,William,Duran,william.duran.345@example.com,Fiji,None,2020-01-05 03:11:30
G000346,David,Davis,david.davis.346@example.com,Holy See (Vatican City State),None,2021-11-19 12:01:56
G000347,Angela,Diaz,angela.diaz.347@example.com,Cambodia,Gold,2020-09-10 10:49:53
G000348,Carrie,Morales,carrie.morales.348@example.com,Armenia,None,2019-05-21 18:03:47
G000349,Benjamin,Reeves,benjamin.reeves.349@example.com,Spain,Platinum,2023-01-11 20:55:27
G000350,April,Hernandez,april.hernandez.350@example.com,Uganda,None,2023-05-21 14:53:37
G000351,Donald,Velazquez,donald.velazquez.351@example.com,Ghana,Gold,2020-05-19 21:01:50
G000352,Phillip,Jensen,phillip.jensen.352@example.com,Tajikistan,None,2021-07-18 16:31:46
G000353,Brittney,Romero,brittney.romero.353@example.com,Malawi,Silver,2023-07-12 22:08:05
G000354,Tracy,Hart,tracy.hart.354@example.com,Lebanon,None,2019-02-21 16:32:29
G000355,Micheal,Nunez,micheal.nunez.355@example.com,Israel,Platinum,2023-12-19 11:59:10
G000356,Kyle,Roach,kyle.roach.356@example.com,Tunisia,None,2019-03-24 18:57:21
G000357,Candice,Baker,candice.baker.357@example.com,Palau,None,2023-12-03 06:10:21
G000358,Becky,Griffith,becky.griffith.358@example.com,Myanmar,Platinum,2023-02-01 16:51:29
G000359,George,Fuller,george.fuller.359@example.com,Niger,None,2022-03-27 05:02:46
G000360,Dylan,Becker,dylan.becker.360@example.com,Antigua and Barbuda,None,2023-11-14 21:56:00
G000361,Stacy,Rodriguez,stacy.rodriguez.361@example.com,Andorra,None,2022-10-02 06:13:09
G000362,Lee,Hernandez,lee.hernandez.362@example.com,Portugal,Gold,2020-09-25 11:15:56
G000363,Robert,Hampton,robert.hampton.363@example.com,Uruguay,Silver,2023-01-05 05:27:06
G000364,Monique,Fitzgerald,monique.fitzgerald.364@example.com,Bahamas,None,2020-03-05 00:10:34
G000365,April,Hoffman,april.hoffman.365@example.com,Panama,None,2023-01-26 05:55:33
G000366,Alicia,Edwards,alicia.edwards.366@example.com,China,None,2022-11-29 02:59:48
G000367,Rhonda,Peterson,rhonda.peterson.367@example.com,Guinea,Platinum,2021-04-01 08:16:22
G000368,Chelsea,Lee,chelsea.lee.368@example.com,Egypt,None,2021-05-16 20:13:28
G000369,Angela,Walker,angela.walker.369@example.com,French Southern Territories,None,2021-06-16 21:42:37
G000370,Janet,Vaughn,janet.vaughn.370@example.com,Liechtenstein,None,2021-09-12 00:16:16
G000371,Timothy,Castro,timothy.castro.371@example.com,Vietnam,Silver,2021-04-29 14:28:18
G000372,Keith,Berry,keith.berry.372@example.com,Mayotte,Platinum,2022-03-25 16:03:00
G000373,Paula,Foster,paula.foster.373@example.com,Guatemala,Silver,2020-03-31 02:03:05
G000374,Kelly,Roberts,kelly.roberts.374@example.com,Rwanda,Gold,2019-09-03 12:51:42
G000375,Michael,Ramos,michael.ramos.375@example.com,Equatorial Guinea,None,2023-01-28 10:44:21
G000376,Jason,Clayton,jason.clayton.376@example.com,Faroe Islands,None,2023-10-13 03:06:03
G000377,Heather,Taylor,heather.taylor.377@example.com,Nicaragua,Silver,2023-12-29 05:15:13
G000378,John,Williams,john.williams.378@example.com,United Kingdom,Gold,2023-07-08 21:19:25
G000379,Jeremiah,Hall,jeremiah.hall.379@example.com,Bolivia,Silver,2022-07-08 01:59:00
G000380,Mark,Kennedy,mark.kennedy.380@example.com,Pitcairn Islands,Gold,2020-03-03 02:17:06
G000381,Adam,Pierce,adam.pierce.381@example.com,Vanuatu,None,2020-05-05 16:56:25
G000382,Richard,Donovan,richard.donovan.382@example.com,Turkey,Platinum,2023-01-17 22:44:10
G000383,Thomas,Gonzalez,thomas.gonzalez.383@example.com,France,None,2021-09-24 19:59:59
G000384,Justin,Brown,justin.brown.384@example.com,Seychelles,Silver,2019-10-05 22:40:28
G000385,Denise,Hall,denise.hall.385@example.com,Saint Vincent and the Grenadines,Gold,2019-04-26 21:09:31
G000386,Robin,Thompson,robin.thompson.386@example.com,Turkmenistan,None,2020-06-30 03:45:20
G000387,Sarah,Johnson,sarah.johnson.387@example.com,Taiwan,Silver,2022-05-18 10:03:38
G000388,Kristin,Lopez,kristin.lopez.388@example.com,San Marino,None,2021-06-18 08:13:19
G000389,Nancy,Smith,nancy.smith.389@example.com,Montenegro,Silver,2019-11-30 08:55:09
G000390,Sarah,Rogers,sarah.rogers.390@example.com,Korea,Gold,2023-08-15 23:25:13
G000391,Alice,Small,alice.small.391@example.com,Burkina Faso,Gold,2023-04-16 12:49:19
G000392,Taylor,Lee,taylor.lee.392@example.com,Bouvet Island (Bouvetoya),Silver,2021-10-24 09:35:37
G000393,Francisco,Stevens,francisco.stevens.393@example.com,Equatorial Guinea,None,2020-08-01 12:00:32
G000394,Alexis,Rogers,alexis.rogers.394@example.com,French Polynesia,Silver,2023-10-31 00:50:11
G000395,Emily,Lee,emily.lee.395@example.com,New Zealand,Silver,2022-06-13 19:33:12
G000396,Margaret,Robertson,margaret.robertson.396@example.com,Benin,None,2022-05-30 08:17:35
G000397,Elizabeth,Lopez,elizabeth.lopez.397@example.com,Burundi,Silver,2023-01-23 09:33:29
G000398,Marcus,Wright,marcus.wright.398@example.com,Eritrea,None,2022-04-06 17:22:47
G000399,Joe,Molina,joe.molina.399@example.com,Zimbabwe,None,2021-10-21 02:38:38
G000400,Kevin,Sharp,kevin.sharp.400@example.com,Algeria,None,2021-03-23 14:48:59
G000401,Desiree,Schwartz,desiree.schwartz.401@example.com,Bahamas,None,2020-01-03 07:29:01
G000402,Steven,Moore,steven.moore.402@example.com,Poland,None,2023-04-11 06:38:30
G000403,Sandra,Barron,sandra.barron.403@example.com,Sierra Leone,Gold,2021-08-24 04:11:46
G000404,Hannah,Fowler,hannah.fowler.404@example.com,Wallis and Futuna,None,2021-07-05 15:35:53
G000405,Michael,Walker,michael.walker.405@example.com,Burkina Faso,None,2023-01-25 15:49:36
G000406,Eric,Adkins,eric.adkins.406@example.com,New Caledonia,None,2022-03-06 19:29:14
G000407,Robert,Dunn,robert.dunn.407@example.com,Latvia,Silver,2023-07-29 00:13:25
G000408,Laurie,Petersen,laurie.petersen.408@example.com,Serbia,Silver,2021-02-07 20:21:35
G000409,Erin,Larson,erin.larson.409@example.com,Solomon Islands,Silver,2019-09-12 08:41:33
G000410,Alicia,Rice,alicia.rice.410@example.com,Guyana,Gold,2019-08-31 15:45:38
G000411,Samantha,Rodriguez,samantha.rodriguez.411@example.com,Switzerland,Gold,2023-08-29 11:41:15
G000412,Rebecca,Harris,rebecca.harris.412@example.com,Mauritania,None,2020-04-10 13:48:13
G000413,Franklin,Bond,franklin.bond.413@example.com,Kenya,Gold,2019-12-28 03:29:02
G000414,Erin,Love,erin.love.414@example.com,Liechtenstein,Silver,2019-10-10 13:06:00
G000415,Rachel,Griffin,rachel.griffin.415@example.com,Azerbaijan,None,2022-11-09 18:21:47
G000416,David,Perry,david.perry.416@example.com,Mongolia,None,2019-06-29 09:09:58
G000417,Angelica,Chambers,angelica.chambers.417@example.com,Gambia,Platinum,2019-03-09 15:19:22
G000418,Randy,Velasquez,randy.velasquez.418@example.com,Samoa,None,2020-11-07 23:53:57
G000419,Beth,Williams,beth.williams.419@example.com,Guatemala,None,2019-07-18 02:17:01
G000420,Amber,Brown,amber.brown.420@example.com,Uganda,Gold,2019-08-03 10:26:25
G000421,Valerie,Kennedy,valerie.kennedy.421@example.com,France,Silver,2022-06-24 07:19:42
G000422,Hector,Taylor,hector.taylor.422@example.com,Norway,Silver,2022-07-30 00:27:29
G000423,Nicholas,Vance,nicholas.vance.423@example.com,Kiribati,None,2022-03-18 20:10:05
G000424,Nicholas,Vega,nicholas.vega.424@example.com,Panama,None,2023-08-03 13:08:32
G000425,Dean,Dalton,dean.dalton.425@example.com,British Indian Ocean Territory (Chagos Archipelago),None,2020-07-08 11:57:28
G000426,Victoria,Long,victoria.long.426@example.com,Brunei Darussalam,None,2020-11-22 20:59:09
G000427,Mary,Avila,mary.avila.427@example.com,French Southern Territories,None,2022-12-09 12:04:22
G000428,Emily,Stephens,emily.stephens.428@example.com,Martinique,None,2022-03-24 08:54:11
G000429,Madeline,Wright,madeline.wright.429@example.com,Guatemala,None,2020-04-26 22:41:17
G000430,Joshua,Pineda,joshua.pineda.430@example.com,Saint Kitts and Nevis,Silver,2019-12-17 14:18:23
G000431,Antonio,Keller,antonio.keller.431@example.com,Nicaragua,Gold,2019-02-18 14:38:06
G000432,John,Jones,john.jones.432@example.com,Nepal,Silver,2019-04-15 07:37:42
G000433,Sean,Powers,sean.powers.433@example.com,Tunisia,Silver,2019-06-01 05:34:10
G000434,John,Williams,john.williams.434@example.com,Kazakhstan,None,2020-12-29 01:36:10
G000435,Amber,Webster,amber.webster.435@example.com,Singapore,None,2019-06-25 08:46:21
G000436,Donald,Holder,donald.holder.436@example.com,Djibouti,None,2023-11-25 21:54:01
G000437,Luis,Harper,luis.harper.437@example.com,Peru,Silver,2021-09-23 06:31:27
G000438,Joel,Walter,joel.walter.438@example.com,Panama,None,2023-06-08 11:17:45
G000439,Jeffrey,Turner,jeffrey.turner.439@example.com,Bahamas,None,2023-09-26 15:54:40
G000440,Stacy,Hobbs,stacy.hobbs.440@example.com,United States Minor Outlying Islands,Silver,2020-06-28 02:52:37
G000441,Connie,Simmons,connie.simmons.441@example.com,Lithuania,None,2019-05-26 15:55:52
G000442,Teresa,David,teresa.david.442@example.com,Paraguay,None,2022-03-30 04:56:57
G000443,Kristi,Flores,kristi.flores.443@example.com,Israel,None,2022-06-22 10:00:38
G000444,Edward,Bennett,edward.bennett.444@example.com,Saudi Arabia,None,2023-07-30 06:50:19
G000445,Thomas,Atkinson,thomas.atkinson.445@example.com,French Southern Territories,None,2020-03-24 11:38:46
G000446,Linda,Melendez,linda.melendez.446@example.com,Monaco,Silver,2022-07-06 03:27:48
G000447,Tammy,Grant,tammy.grant.447@example.com,Burkina Faso,None,2022-04-21 18:37:25
G000448,John,Harris,john.harris.448@example.com,Oman,Silver,2019-09-03 15:55:07
G000449,Sandra,Boone,sandra.boone.449@example.com,Bermuda,None,2023-07-23 03:52:49
G000450,Jenny,Lee,jenny.lee.450@example.com,Ethiopia,Platinum,2022-03-17 19:40:57
G000451,Emily,Morrison,emily.morrison.451@example.com,Tunisia,Silver,2019-08-15 03:11:35
G000452,Jacob,Gill,jacob.gill.452@example.com,Saint Kitts and Nevis,None,2023-10-03 06:54:43
G000453,Jay,Clark,jay.clark.453@example.com,United States of America,None,2021-10-31 11:37:06
G000454,Kevin,Stout,kevin.stout.454@example.com,Croatia,None,2020-08-13 09:11:36
G000455,Suzanne,Wilson,suzanne.wilson.455@example.com,Saudi Arabia,None,2023-01-27 22:55:43
G000456,Robin,Dominguez,robin.dominguez.456@example.com,Romania,Silver,2020-09-27 09:36:19
G000457,Randy,Allen,randy.allen.457@example.com,Gibraltar,None,2021-05-29 10:25:25
G000458,Oscar,Ferguson,oscar.ferguson.458@example.com,Guinea-Bissau,Silver,2021-08-16 05:37:56
G000459,Jose,Hunt,jose.hunt.459@example.com,Luxembourg,Platinum,2022-12-18 19:46:55
G000460,Corey,Zavala,corey.zavala.460@example.com,Latvia,Silver,2021-09-21 22:19:27
G000461,Robin,Wood,robin.wood.461@example.com,Isle of Man,None,2019-05-23 00:47:26
G000462,Anna,Walker,anna.walker.462@example.com,Cameroon,Silver,2019-02-20 09:26:36
G000463,Jose,Donovan,jose.donovan.463@example.com,Mozambique,None,2022-07-21 08:52:40
G000464,Kenneth,Gonzalez,kenneth.gonzalez.464@example.com,Denmark,Silver,2022-03-26 02:54:22
G000465,Ashley,Sanchez,ashley.sanchez.465@example.com,Mexico,Gold,2021-11-14 18:37:02
G000466,Jonathan,Underwood,jonathan.underwood.466@example.com,Saint Kitts and Nevis,Silver,2023-03-05 05:27:28
G000467,Steven,Oconnor,steven.oconnor.467@example.com,Guinea,Platinum,2020-06-09 21:21:59
G000468,Donald,Payne,donald.payne.468@example.com,Colombia,Gold,2023-08-12 08:39:12
G000469,Veronica,Bernard,veronica.bernard.469@example.com,Malta,None,2019-04-16 02:04:55
G000470,Mary,Jones,mary.jones.470@example.com,Svalbard & Jan Mayen Islands,None,2019-05-31 17:29:43
G000471,Kathy,Gutierrez,kathy.gutierrez.471@example.com,Tajikistan,None,2020-12-20 00:55:28
G000472,Carlos,Hernandez,carlos.hernandez.472@example.com,Cuba,Silver,2023-04-21 06:10:46
G000473,Stephen,Brown,stephen.brown.473@example.com,Northern Mariana Islands,None,2023-02-10 06:18:47
G000474,Donna,Smith,donna.smith.474@example.com,Martinique,None,2023-09-10 21:31:30
G000475,Robert,Smith,robert.smith.475@example.com,Saint Helena,None,2021-05-03 14:09:15
G000476,Amanda,Mitchell,amanda.mitchell.476@example.com,Macao,None,2022-08-30 17:51:54
G000477,Linda,Browning,linda.browning.477@example.com,Botswana,Platinum,2019-10-27 05:41:02
G000478,Alice,Allen,alice.allen.478@example.com,Niger,Silver,2023-06-24 15:24:13
G000479,Johnny,Gomez,johnny.gomez.479@example.com,South Africa,Gold,2022-05-18 02:44:32
G000480,Christian,Chung,christian.chung.480@example.com,Kuwait,None,2023-10-22 09:36:59
G000481,John,Terry,john.terry.481@example.com,French Southern Territories,None,2019-09-08 11:13:59
G000482,Desiree,Garrison,desiree.garrison.482@example.com,Senegal,None,2019-04-09 10:34:05
G000483,Clayton,Gray,clayton.gray.483@example.com,Micronesia,None,2023-01-18 21:30:46
G000484,Brian,Smith,brian.smith.484@example.com,Chile,None,2019-09-14 21:31:26
G000485,Vincent,Hamilton,vincent.hamilton.485@example.com,Slovenia,Platinum,2021-10-26 05:19:39
G000486,Ariel,Hodge,ariel.hodge.486@example.com,Bhutan,None,2023-06-29 22:24:10
G000487,Samantha,Hall,samantha.hall.487@example.com,United Arab Emirates,Gold,2023-10-27 22:29:20
G000488,Thomas,Williams,thomas.williams.488@example.com,Belarus,None,2021-05-21 02:07:36
G000489,Rachel,Elliott,rachel.elliott.489@example.com,Antigua and Barbuda,None,2020-07-11 05:38:26
G000490,Sarah,Edwards,sarah.edwards.490@example.com,Cote d'Ivoire,None,2023-12-29 20:35:05
G000491,Douglas,Hoover,douglas.hoover.491@example.com,Swaziland,Silver,2022-05-22 11:06:13
G000492,Sarah,Evans,sarah.evans.492@example.com,Mongolia,Silver,2021-01-17 02:54:23
G000493,Ashley,Atkinson,ashley.atkinson.493@example.com,Philippines,None,2023-08-07 11:15:23
G000494,Martin,Campos,martin.campos.494@example.com,Burundi,Gold,2019-09-01 15:59:32
G000495,Vincent,Mccann,vincent.mccann.495@example.com,Austria,Platinum,2019-10-31 11:58:48
G000496,Samuel,Roberson,samuel.roberson.496@example.com,Guam,None,2022-05-17 12:19:22
G000497,Tanya,Nguyen,tanya.nguyen.497@example.com,North Macedonia,None,2021-04-29 04:44:24
G000498,Kristen,Hayes,kristen.hayes.498@example.com,Denmark,Silver,2022-01-10 11:12:21
G000499,Angela,Bennett,angela.bennett.499@example.com,Colombia,None,2023-12-26 06:00:55
G000500,Donna,Miller,donna.miller.500@example.com,Niger,Silver,2021-07-06 17:05:25
G000501,Lauren,Marquez,lauren.marquez.501@example.com,Belize,Silver,2021-04-12 13:26:34
G000502,Eric,Dawson,eric.dawson.502@example.com,North Macedonia,Gold,2020-04-24 07:43:06
G000503,Jodi,Stewart,jodi.stewart.503@example.com,Botswana,None,2019-10-12 08:15:29
G000504,Adam,Parker,adam.parker.504@example.com,Guyana,Gold,2021-04-18 03:14:38
G000505,Curtis,Miller,curtis.miller.505@example.com,Jersey,None,2022-10-26 12:12:37
G000506,Angela,Hunt,angela.hunt.506@example.com,Bosnia and Herzegovina,Silver,2019-03-23 14:13:46
G000507,Christopher,Spencer,christopher.spencer.507@example.com,Nepal,None,2021-10-04 23:16:42
G000508,Michelle,Smith,michelle.smith.508@example.com,Isle of Man,Silver,2022-04-19 20:25:50
G000509,Kimberly,Hardy,kimberly.hardy.509@example.com,Monaco,None,2021-01-24 04:11:39
G000510,Ashley,Jackson,ashley.jackson.510@example.com,Hong Kong,Platinum,2020-06-10 14:57:59
G000511,Dominic,Turner,dominic.turner.511@example.com,Lithuania,None,2020-03-29 09:41:21
G000512,Bryan,Hamilton,bryan.hamilton.512@example.com,Italy,Gold,2021-07-20 07:08:52
G000513,Todd,Jones,todd.jones.513@example.com,El Salvador,Silver,2021-02-05 03:05:16
G000514,Jennifer,Simpson,jennifer.simpson.514@example.com,Nicaragua,None,2020-08-30 13:07:56
G000515,Stephen,Taylor,stephen.taylor.515@example.com,Albania,None,2022-05-14 08:55:57
G000516,Martin,Oliver,martin.oliver.516@example.com,Spain,None,2021-10-20 20:24:40
G000517,Scott,Jordan,scott.jordan.517@example.com,Swaziland,Silver,2020-02-27 22:10:35
G000518,Kevin,Morrison,kevin.morrison.518@example.com,Puerto Rico,None,2020-09-16 00:34:20
G000519,Timothy,Thompson,timothy.thompson.519@example.com,Indonesia,None,2021-09-18 12:37:44
G000520,Kelly,Neal,kelly.neal.520@example.com,Liechtenstein,Silver,2023-11-25 04:40:17
G000521,Kimberly,Nguyen,kimberly.nguyen.521@example.com,Fiji,None,2022-05-05 19:22:01
G000522,Michael,Frederick,michael.frederick.522@example.com,Cook Islands,None,2023-08-23 05:03:13
G000523,Hector,Saunders,hector.saunders.523@example.com,Anguilla,None,2022-12-05 05:02:51
G000524,Sherry,Clark,sherry.clark.524@example.com,South Georgia and the South Sandwich Islands,None,2021-06-24 03:13:45
G000525,Marie,Jones,marie.jones.525@example.com,Thailand,Gold,2022-06-25 03:48:29
G000526,Emily,Taylor,emily.taylor.526@example.com,Gabon,None,2021-01-21 22:24:22
G000527,Johnny,Moore,johnny.moore.527@example.com,Jamaica,None,2022-03-17 06:28:22
G000528,Charles,Ewing,charles.ewing.528@example.com,Lesotho,None,2023-12-14 23:15:38
G000529,Richard,Hunter,richard.hunter.529@example.com,Uruguay,Gold,2022-07-23 14:45:37
G000530,Amy,Gibbs,amy.gibbs.530@example.com,Guyana,Silver,2023-07-27 02:36:43
G000531,Brittney,Rocha,brittney.rocha.531@example.com,Botswana,Gold,2021-02-10 05:26:33
G000532,Diane,Kelly,diane.kelly.532@example.com,Oman,None,2019-05-18 15:00:02
G000533,Anna,Newman,anna.newman.533@example.com,Oman,None,2022-05-26 13:39:30
G000534,Tammy,Rivera,tammy.rivera.534@example.com,South Africa,None,2022-08-30 09:05:30
G000535,Daniel,Garcia,daniel.garcia.535@example.com,Cyprus,None,2023-05-06 14:46:48
G000536,Julie,Grant,julie.grant.536@example.com,Portugal,None,2023-11-23 04:39:37
G000537,Jeffrey,Brooks,jeffrey.brooks.537@example.com,Kyrgyz Republic,None,2023-04-04 21:26:01
G000538,Edward,Cuevas,edward.cuevas.538@example.com,Liberia,None,2019-11-21 19:45:55
G000539,Kenneth,Knapp,kenneth.knapp.539@example.com,Belize,Gold,2019-12-27 14:45:24
G000540,Marie,Cross,marie.cross.540@example.com,Guernsey,Silver,2021-08-27 00:13:47
G000541,Matthew,Mueller,matthew.mueller.541@example.com,Mali,Gold,2023-02-09 09:34:21
G000542,Michael,Davis,michael.davis.542@example.com,Saint Helena,Gold,2022-11-06 16:54:29
G000543,Luis,Evans,luis.evans.543@example.com,Sudan,None,2019-12-24 13:22:46
G000544,Andrew,Cooper,andrew.cooper.544@example.com,Botswana,None,2020-05-25 15:07:45
G000545,Sarah,Yang,sarah.yang.545@example.com,Maldives,None,2020-06-26 00:10:32
G000546,Andrea,Rivera,andrea.rivera.546@example.com,Japan,None,2022-12-06 13:15:18
G000547,Jesse,Sullivan,jesse.sullivan.547@example.com,Colombia,None,2020-08-02 02:00:58
G000548,Danielle,Reynolds,danielle.reynolds.548@example.com,Antarctica (the territory South of 60 deg S),Silver,2020-09-05 01:34:34
G000549,Shannon,Jordan,shannon.jordan.549@example.com,Albania,None,2020-10-29 08:21:30
G000550,Jamie,Goodwin,jamie.goodwin.550@example.com,Sudan,Silver,2019-07-14 09:05:28
G000551,Barbara,Lloyd,barbara.lloyd.551@example.com,Mauritania,Gold,2020-08-03 20:44:09
G000552,Michael,Gonzalez,michael.gonzalez.552@example.com,Brazil,Silver,2021-03-26 02:29:12
G000553,Emily,Burns,emily.burns.553@example.com,Northern Mariana Islands,Silver,2021-08-31 17:06:15
G000554,Candice,Carr,candice.carr.554@example.com,Namibia,None,2019-12-21 21:45:39
G000555,Michael,Bruce,michael.bruce.555@example.com,Niger,None,2020-06-20 00:35:00
G000556,Lisa,Mccarthy,lisa.mccarthy.556@example.com,French Southern Territories,Silver,2019-09-21 07:33:53
G000557,Emily,Edwards,emily.edwards.557@example.com,Dominican Republic,Gold,2021-08-06 18:47:01
G000558,Daryl,Brooks,daryl.brooks.558@example.com,Cambodia,Silver,2023-05-07 01:51:46
G000559,Paul,Carlson,paul.carlson.559@example.com,Morocco,None,2022-04-07 03:29:19
G000560,Rodney,Tucker,rodney.tucker.560@example.com,Mauritania,Gold,2020-06-22 05:19:22
G000561,Angela,Burns,angela.burns.561@example.com,Burundi,Gold,2020-08-04 07:04:52
G000562,Leonard,Hayes,leonard.hayes.562@example.com,Austria,Silver,2022-01-20 11:54:03
G000563,Stephanie,Washington,stephanie.washington.563@example.com,Congo,Gold,2022-04-07 20:57:09
G000564,Tamara,Wagner,tamara.wagner.564@example.com,Lithuania,None,2022-06-25 03:16:05
G000565,Gail,Perry,gail.perry.565@example.com,Tajikistan,Silver,2022-10-10 23:59:05
G000566,Tracy,Miller,tracy.miller.566@example.com,Antarctica (the territory South of 60 deg S),None,2020-11-16 03:52:19
G000567,Kelly,Hill,kelly.hill.567@example.com,Mauritania,None,2021-06-15 20:49:06
G000568,Gary,Ellis,gary.ellis.568@example.com,Samoa,Platinum,2023-03-19 21:14:23
G000569,Andrea,Wilson,andrea.wilson.569@example.com,Brazil,None,2021-04-12 07:14:40
G000570,Kimberly,Morrow,kimberly.morrow.570@example.com,Haiti,Gold,2023-08-12 01:41:00
G000571,Lynn,Williams,lynn.williams.571@example.com,Saint Helena,Platinum,2022-10-03 06:40:39
G000572,Amy,Fritz,amy.fritz.572@example.com,Bosnia and Herzegovina,None,2021-02-08 01:17:44
G000573,Kenneth,Kidd,kenneth.kidd.573@example.com,Korea,None,2021-03-27 12:55:24
G000574,Michael,Montoya,michael.montoya.574@example.com,Kazakhstan,None,2019-12-31 16:56:11
G000575,Kimberly,Young,kimberly.young.575@example.com,Sudan,None,2021-12-25 08:55:49
G000576,Michelle,Bishop,michelle.bishop.576@example.com,Japan,None,2020-05-30 16:29:11
G000577,Christina,Glover,christina.glover.577@example.com,Suriname,None,2020-10-04 22:46:03
G000578,Linda,Hudson,linda.hudson.578@example.com,Martinique,None,2021-05-23 07:13:05
G000579,Candice,Jackson,candice.jackson.579@example.com,Romania,Silver,2021-06-28 04:25:28
G000580,Keith,Adams,keith.adams.580@example.com,Togo,None,2023-05-18 05:33:41
G000581,Tricia,Shelton,tricia.shelton.581@example.com,Bhutan,Gold,2020-02-26 06:14:29
G000582,Sydney,Floyd,sydney.floyd.582@example.com,Uruguay,None,2019-07-04 04:40:33
G000583,Victoria,Camacho,victoria.camacho.583@example.com,Brunei Darussalam,None,2020-02-17 06:08:50
G000584,John,Dawson,john.dawson.584@example.com,Switzerland,None,2021-02-08 03:01:08
G000585,Kathleen,Lowe,kathleen.lowe.585@example.com,Liechtenstein,None,2020-03-17 17:05:07
G000586,Barbara,Adams,barbara.adams.586@example.com,Israel,Gold,2022-03-11 14:52:35
G000587,Shannon,Schultz,shannon.schultz.587@example.com,Turkmenistan,Gold,2019-10-17 05:39:01
G000588,Richard,Brady,richard.brady.588@example.com,Puerto Rico,Gold,2022-02-20 15:56:28
G000589,Shawn,Freeman,shawn.freeman.589@example.com,Mozambique,None,2019-01-08 16:24:22
G000590,Misty,Boone,misty.boone.590@example.com,Bermuda,Gold,2022-11-25 08:27:14
G000591,Cynthia,Terry,cynthia.terry.591@example.com,Thailand,None,2019-07-16 18:16:40
G000592,Laura,Sanders,laura.sanders.592@example.com,Japan,None,2020-10-20 04:47:24
G000593,Troy,Morris,troy.morris.593@example.com,Finland,Silver,2021-11-15 08:50:59
G000594,Amy,Anderson,amy.anderson.594@example.com,Timor-Leste,Silver,2023-02-16 21:25:01
G000595,Kristina,Shannon,kristina.shannon.595@example.com,Serbia,None,2019-05-31 09:39:22
G000596,Brandon,Sims,brandon.sims.596@example.com,Taiwan,None,2022-11-28 20:54:00
G000597,Allen,Noble,allen.noble.597@example.com,Cayman Islands,None,2022-10-03 00:39:55
G000598,Stephen,Braun,stephen.braun.598@example.com,Japan,None,2020-09-20 13:56:18
G000599,Wendy,Blankenship,wendy.blankenship.599@example.com,Turkmenistan,None,2021-07-26 20:43:25
G000600,Erik,Cantu,erik.cantu.600@example.com,Falkland Islands (Malvinas),None,2019-10-17 23:56:01
G000601,Diamond,Wright,diamond.wright.601@example.com,Holy See (Vatican City State),Gold,2020-05-29 06:26:41
G000602,Brett,Garrett,brett.garrett.602@example.com,Saint Kitts and Nevis,None,2020-12-28 11:01:48
G000603,Ruben,Davis,ruben.davis.603@example.com,Bhutan,None,2019-01-04 09:00:03
G000604,Jason,Miller,jason.miller.604@example.com,Nauru,Silver,2020-12-03 18:00:47
G000605,April,Wallace,april.wallace.605@example.com,Algeria,Gold,2021-12-03 10:44:43
G000606,Lisa,Mcneil,lisa.mcneil.606@example.com,Jamaica,Silver,2020-02-15 15:41:36
G000607,Tim,Perez,tim.perez.607@example.com,Benin,None,2019-11-15 05:31:25
G000608,Dakota,Richardson,dakota.richardson.608@example.com,French Southern Territories,None,2020-03-02 01:06:04
G000609,Patrick,Li,patrick.li.609@example.com,Tunisia,None,2020-02-18 16:06:08
G000610,Darlene,Byrd,darlene.byrd.610@example.com,Bangladesh,None,2023-07-07 05:33:51
G000611,Anna,Bishop,anna.bishop.611@example.com,Chad,Gold,2022-09-29 08:11:28
G000612,Michael,Lewis,michael.lewis.612@example.com,San Marino,None,2020-04-15 07:16:23
G000613,Samantha,Jensen,samantha.jensen.613@example.com,Kenya,Platinum,2020-11-05 22:56:15
G000614,Christopher,Garcia,christopher.garcia.614@example.com,Sao Tome and Principe,Silver,2020-01-18 15:16:04
G000615,Brittany,Cruz,brittany.cruz.615@example.com,Japan,None,2021-09-04 03:05:34
G000616,Kylie,Wright,kylie.wright.616@example.com,Oman,Platinum,2019-09-19 18:02:23
G000617,John,Burke,john.burke.617@example.com,Saint Helena,None,2021-06-04 05:14:07
G000618,Kimberly,Vaughn,kimberly.vaughn.618@example.com,Thailand,Silver,2021-07-26 04:36:17
G000619,Jamie,Lawson,jamie.lawson.619@example.com,Comoros,None,2022-05-02 03:04:22
G000620,Kenneth,Brown,kenneth.brown.620@example.com,Ukraine,None,2021-01-13 14:33:50
G000621,Troy,Rodriguez,troy.rodriguez.621@example.com,Luxembourg,None,2019-08-09 15:02:19
G000622,Allison,Levine,allison.levine.622@example.com,Guyana,None,2021-09-10 05:54:41
G000623,David,Valencia,david.valencia.623@example.com,Montenegro,None,2022-07-31 13:51:34
G000624,Michael,Vega,michael.vega.624@example.com,Serbia,None,2023-01-03 09:23:45
G000625,Stephanie,Townsend,stephanie.townsend.625@example.com,Andorra,Silver,2023-12-30 20:59:48
G000626,Carlos,Baker,carlos.baker.626@example.com,Armenia,Silver,2019-07-07 20:53:04
G000627,Stacy,Sanders,stacy.sanders.627@example.com,France,None,2023-04-06 16:55:07
G000628,Katie,Henderson,katie.henderson.628@example.com,Iran,None,2019-09-14 02:15:47
G000629,Danielle,Medina,danielle.medina.629@example.com,Cape Verde,Gold,2021-05-12 01:29:39
G000630,Christopher,Miller,christopher.miller.630@example.com,Uruguay,Gold,2020-09-23 07:30:10
G000631,Terri,Moore,terri.moore.631@example.com,Greece,None,2022-04-28 23:03:08
G000632,Brenda,Hines,brenda.hines.632@example.com,Pakistan,Gold,2019-07-25 09:53:53
G000633,Kyle,Kim,kyle.kim.633@example.com,Zimbabwe,None,2021-01-11 10:05:37
G000634,Brian,Miller,brian.miller.634@example.com,Jordan,None,2019-12-27 08:35:11
G000635,Shawn,Lynch,shawn.lynch.635@example.com,Georgia,Silver,2020-06-29 17:06:28
G000636,David,Zimmerman,david.zimmerman.636@example.com,Reunion,Gold,2019-02-05 06:21:44
G000637,Frank,Benton,frank.benton.637@example.com,Mali,Silver,2023-05-26 22:55:48
G000638,Krista,Le,krista.le.638@example.com,Chad,Silver,2022-03-01 08:35:41
G000639,David,Norman,david.norman.639@example.com,Ethiopia,Gold,2020-01-02 18:56:49
G000640,Kelsey,Johnson,kelsey.johnson.640@example.com,Sri Lanka,None,2022-08-26 20:45:36
G000641,Joseph,Brown,joseph.brown.641@example.com,Rwanda,None,2023-11-27 14:15:54
G000642,Courtney,Crawford,courtney.crawford.642@example.com,Malawi,None,2022-01-23 20:47:02
G000643,Brian,Villarreal,brian.villarreal.643@example.com,Chad,Gold,2022-02-16 08:47:17
G000644,Eric,Ayala,eric.ayala.644@example.com,Uganda,None,2023-11-19 02:00:11
G000645,Emily,Wilson,emily.wilson.645@example.com,Saint Vincent and the Grenadines,Platinum,2023-04-30 20:44:01
G000646,Aaron,Trevino,aaron.trevino.646@example.com,American Samoa,Gold,2021-01-29 19:04:40
G000647,Brandon,Cox,brandon.cox.647@example.com,Uruguay,Platinum,2020-04-11 07:07:26
G000648,Harold,Horne,harold.horne.648@example.com,Argentina,None,2023-09-14 16:35:10
G000649,Linda,Klein,linda.klein.649@example.com,Palau,None,2022-07-26 22:26:31
G000650,Jeffrey,Wright,jeffrey.wright.650@example.com,United States Virgin Islands,Gold,2021-09-21 00:05:34
G000651,Joseph,Miller,joseph.miller.651@example.com,Holy See (Vatican City State),None,2020-01-06 23:10:43
G000652,Wayne,Winters,wayne.winters.652@example.com,Christmas Island,None,2020-11-24 09:53:02
G000653,Linda,Jarvis,linda.jarvis.653@example.com,Zimbabwe,None,2022-05-30 15:07:25
G000654,Casey,Marshall,casey.marshall.654@example.com,Finland,Gold,2021-08-23 07:18:19
G000655,Mark,Tran,mark.tran.655@example.com,Algeria,None,2022-02-20 04:37:16
G000656,James,Elliott,james.elliott.656@example.com,Gabon,Platinum,2021-01-23 16:22:25
G000657,Steven,Vargas,steven.vargas.657@example.com,Lithuania,Gold,2020-08-30 03:45:07
G000658,Jessica,Payne,jessica.payne.658@example.com,South Africa,Silver,2021-01-31 13:59:04
G000659,Edward,Randolph,edward.randolph.659@example.com,Anguilla,None,2020-12-24 21:34:15
G000660,Amber,Fields,amber.fields.660@example.com,Puerto Rico,Platinum,2019-01-30 19:26:28
G000661,Stephanie,Smith,stephanie.smith.661@example.com,Palestinian Territory,None,2022-03-15 01:05:05
G000662,Melinda,Acosta,melinda.acosta.662@example.com,Bosnia and Herzegovina,Platinum,2020-09-29 12:24:04
G000663,Alyssa,Allen,alyssa.allen.663@example.com,Liechtenstein,None,2019-07-06 02:06:01
G000664,Teresa,Thomas,teresa.thomas.664@example.com,Fiji,None,2019-10-17 00:34:09
G000665,Bradley,Hall,bradley.hall.665@example.com,Tanzania,Gold,2023-06-03 20:03:22
G000666,Robert,Huang,robert.huang.666@example.com,Kuwait,None,2019-09-21 18:46:59
G000667,Beverly,Wagner,beverly.wagner.667@example.com,Northern Mariana Islands,Gold,2022-05-10 04:57:49
G000668,Charles,Bradley,charles.bradley.668@example.com,Jordan,None,2020-02-11 02:18:59
G000669,Joel,Green,joel.green.669@example.com,Germany,None,2022-05-05 20:40:29
G000670,Jaclyn,Moss,jaclyn.moss.670@example.com,Ghana,Gold,2022-11-07 16:04:20
G000671,Joseph,Jones,joseph.jones.671@example.com,Cook Islands,Platinum,2020-02-27 21:14:05
G000672,Kimberly,Richards,kimberly.richards.672@example.com,Cape Verde,None,2019-11-25 06:24:46
G000673,Frank,Owens,frank.owens.673@example.com,Ireland,Gold,2020-01-11 02:47:00
G000674,Amanda,Oconnell,amanda.oconnell.674@example.com,Cote d'Ivoire,None,2022-11-05 01:22:47
G000675,Kyle,Baker,kyle.baker.675@example.com,British Indian Ocean Territory (Chagos Archipelago),Silver,2019-10-08 22:16:12
G000676,Eric,Parks,eric.parks.676@example.com,Sweden,None,2019-05-06 07:12:31
G000677,Jason,Gates,jason.gates.677@example.com,Cameroon,None,2019-10-11 09:19:37
G000678,Jennifer,Schmitt,jennifer.schmitt.678@example.com,Indonesia,None,2023-05-15 06:19:42
G000679,Brandon,Evans,brandon.evans.679@example.com,Svalbard & Jan Mayen Islands,Silver,2020-06-24 04:31:05
G000680,Anthony,Sullivan,anthony.sullivan.680@example.com,Korea,Silver,2023-09-24 06:55:00
G000681,Kaitlin,Wright,kaitlin.wright.681@example.com,Kyrgyz Republic,Platinum,2019-11-13 14:45:44
G000682,Linda,Taylor,linda.taylor.682@example.com,American Samoa,Silver,2019-07-11 14:23:14
G000683,Maria,Haas,maria.haas.683@example.com,Bulgaria,Gold,2020-09-07 13:52:10
G000684,Madison,Watson,madison.watson.684@example.com,Norfolk Island,None,2019-09-19 02:26:01
G000685,Brandi,Green,brandi.green.685@example.com,Suriname,Silver,2019-08-21 23:26:59
G000686,Andrew,Brown,andrew.brown.686@example.com,United Kingdom,Silver,2022-10-09 16:38:09
G000687,Lisa,Davis,lisa.davis.687@example.com,Tanzania,None,2021-10-27 02:09:07
G000688,David,Dunlap,david.dunlap.688@example.com,Australia,Silver,2020-06-05 22:10:58
G000689,Sandra,Hamilton,sandra.hamilton.689@example.com,Saint Kitts and Nevis,None,2022-05-12 05:14:13
G000690,Tyler,Reyes,tyler.reyes.690@example.com,Japan,None,2020-06-20 21:26:22
G000691,Michael,Odonnell,michael.odonnell.691@example.com,Falkland Islands (Malvinas),None,2021-05-19 11:28:04
G000692,Sean,Hernandez,sean.hernandez.692@example.com,Nicaragua,Platinum,2021-02-02 15:02:28
G000693,Deborah,Porter,deborah.porter.693@example.com,Turkmenistan,Gold,2023-09-07 22:19:22
G000694,Timothy,Miller,timothy.miller.694@example.com,Hungary,Silver,2020-03-02 09:03:32
G000695,Robert,Day,robert.day.695@example.com,South Georgia and the South Sandwich Islands,None,2023-06-22 15:32:16
G000696,John,Mcknight,john.mcknight.696@example.com,Mayotte,None,2019-03-02 16:15:39
G000697,Veronica,Casey,veronica.casey.697@example.com,Guinea-Bissau,None,2023-01-30 07:51:51
G000698,Amy,Washington,amy.washington.698@example.com,United States Minor Outlying Islands,None,2023-10-24 10:00:14
G000699,Wayne,Price,wayne.price.699@example.com,Cocos (Keeling) Islands,None,2019-03-22 23:23:45
G000700,Luis,Robinson,luis.robinson.700@example.com,Ukraine,None,2021-05-22 19:51:28
G000701,Brian,Frey,brian.frey.701@example.com,Marshall Islands,None,2022-01-15 12:07:41
G000702,Katie,Key,katie.key.702@example.com,Cayman Islands,None,2019-11-08 02:33:26
G000703,John,Allen,john.allen.703@example.com,Martinique,None,2019-06-23 16:51:04
G000704,Kathryn,Gould,kathryn.gould.704@example.com,Morocco,None,2022-04-21 18:52:57
G000705,Michael,Combs,michael.combs.705@example.com,Tanzania,Silver,2020-06-23 16:54:28
G000706,Gregory,Watkins,gregory.watkins.706@example.com,Sri Lanka,None,2022-01-19 16:48:32
G000707,Robin,Johnson,robin.johnson.707@example.com,Reunion,None,2021-12-28 15:19:17
G000708,Stacey,Elliott,stacey.elliott.708@example.com,Mongolia,Silver,2020-08-07 19:43:09
G000709,Mary,Cochran,mary.cochran.709@example.com,Lithuania,None,2023-08-12 07:44:25
G000710,Kyle,Henry,kyle.henry.710@example.com,Bermuda,Silver,2019-06-24 12:11:17
G000711,Jesse,Robinson,jesse.robinson.711@example.com,Malta,None,2023-01-25 01:26:32
G000712,Aaron,Hardin,aaron.hardin.712@example.com,Cook Islands,Silver,2020-02-10 10:00:21
G000713,Matthew,Thompson,matthew.thompson.713@example.com,Spain,None,2021-10-02 08:31:51
G000714,Brian,Hernandez,brian.hernandez.714@example.com,Romania,Silver,2020-03-16 02:23:17
G000715,Kim,Mathis,kim.mathis.715@example.com,Tokelau,None,2022-02-07 16:09:32
G000716,Susan,Brooks,susan.brooks.716@example.com,Western Sahara,Silver,2022-05-14 01:44:35
G000717,Brenda,Rogers,brenda.rogers.717@example.com,Gibraltar,Gold,2020-02-28 22:34:24
G000718,Theresa,Oconnor,theresa.oconnor.718@example.com,Jordan,None,2023-02-22 16:15:59
G000719,Debra,Thompson,debra.thompson.719@example.com,Monaco,None,2022-01-13 14:50:28
G000720,Jeffrey,Chapman,jeffrey.chapman.720@example.com,China,Silver,2022-03-21 14:21:51
G000721,Kurt,Barker,kurt.barker.721@example.com,Brunei Darussalam,None,2020-07-06 02:53:24
G000722,Jessica,Rush,jessica.rush.722@example.com,Yemen,Platinum,2023-11-15 17:39:28
G000723,Peter,Gamble,peter.gamble.723@example.com,Montenegro,Platinum,2019-04-11 14:37:56
G000724,Ian,Flores,ian.flores.724@example.com,Sudan,None,2020-11-17 07:08:37
G000725,Danielle,Garcia,danielle.garcia.725@example.com,Luxembourg,Platinum,2020-03-12 23:07:46
G000726,Mark,Miller,mark.miller.726@example.com,Guatemala,Silver,2021-09-19 17:02:22
G000727,Gary,Mcclure,gary.mcclure.727@example.com,Benin,None,2021-11-09 03:17:41
G000728,Sean,Baker,sean.baker.728@example.com,Egypt,None,2019-07-30 15:08:42
G000729,Michael,Buchanan,michael.buchanan.729@example.com,Saint Helena,Platinum,2019-01-04 23:31:48
G000730,Brandon,Kim,brandon.kim.730@example.com,Italy,Gold,2020-05-31 19:05:35
G000731,Nicole,Snyder,nicole.snyder.731@example.com,Honduras,None,2021-12-27 05:41:39
G000732,Amy,Garcia,amy.garcia.732@example.com,Lesotho,None,2023-12-01 22:56:29
G000733,Debra,Mcdaniel,debra.mcdaniel.733@example.com,Central African Republic,None,2022-11-03 02:25:44
G000734,Charles,Singleton,charles.singleton.734@example.com,French Polynesia,None,2019-03-04 09:07:27
G000735,Lucas,Lynn,lucas.lynn.735@example.com,Barbados,Silver,2021-11-27 23:04:01
G000736,George,Bennett,george.bennett.736@example.com,Saint Martin,None,2019-08-22 00:35:08
G000737,Amy,Villanueva,amy.villanueva.737@example.com,Bermuda,Gold,2021-11-15 23:25:18
G000738,Brooke,Austin,brooke.austin.738@example.com,Liberia,None,2019-04-07 07:01:14
G000739,Ryan,Valdez,ryan.valdez.739@example.com,New Caledonia,None,2022-09-11 00:19:39
G000740,Eric,Garcia,eric.garcia.740@example.com,Costa Rica,Gold,2020-08-13 06:15:10
G000741,Robert,Spencer,robert.spencer.741@example.com,Uzbekistan,Gold,2023-08-06 02:40:16
G000742,Joseph,Campbell,joseph.campbell.742@example.com,Dominica,Platinum,2019-10-26 00:00:35
G000743,Brandon,Armstrong,brandon.armstrong.743@example.com,Tajikistan,Gold,2023-03-06 07:45:24
G000744,Eric,Ward,eric.ward.744@example.com,Japan,Silver,2019-09-30 06:02:38
G000745,Kelly,Stanley,kelly.stanley.745@example.com,Netherlands Antilles,Gold,2023-02-01 07:52:52
G000746,James,Johnson,james.johnson.746@example.com,Chile,Gold,2021-06-25 15:02:22
G000747,Tiffany,Wells,tiffany.wells.747@example.com,Brazil,Gold,2021-08-16 00:29:44
G000748,Kristen,Ruiz,kristen.ruiz.748@example.com,Ukraine,None,2021-04-03 08:09:37
G000749,Christopher,Stephens,christopher.stephens.749@example.com,Colombia,Gold,2022-02-26 17:17:42
G000750,Nicole,Wood,nicole.wood.750@example.com,Kiribati,None,2019-05-19 14:52:44
G000751,Jose,Marshall,jose.marshall.751@example.com,Czech Republic,None,2021-04-14 09:26:01
G000752,Anne,Hernandez,anne.hernandez.752@example.com,Qatar,None,2019-10-28 10:40:13
G000753,Christopher,Cooper,christopher.cooper.753@example.com,Mauritius,Gold,2022-07-10 05:04:54
G000754,Tara,Lawrence,tara.lawrence.754@example.com,Micronesia,Gold,2019-07-09 11:16:39
G000755,Mary,Cardenas,mary.cardenas.755@example.com,Italy,Silver,2023-07-22 18:50:54
G000756,Gloria,Mayer,gloria.mayer.756@example.com,Montserrat,None,2021-01-02 02:44:32
G000757,Thomas,Miller,thomas.miller.757@example.com,United Kingdom,None,2019-04-18 21:32:39
G000758,Wayne,Lester,wayne.lester.758@example.com,South Georgia and the South Sandwich Islands,Silver,2023-11-11 13:02:24
G000759,Erica,Oliver,erica.oliver.759@example.com,British Indian Ocean Territory (Chagos Archipelago),None,2022-10-27 02:49:46
G000760,Gerald,Joyce,gerald.joyce.760@example.com,Croatia,Gold,2020-08-21 18:41:54
G000761,David,Henderson,david.henderson.761@example.com,Pitcairn Islands,None,2022-09-14 17:16:24
G000762,James,Carson,james.carson.762@example.com,Cameroon,None,2021-03-12 05:24:03
G000763,Luis,Acosta,luis.acosta.763@example.com,Sri Lanka,None,2019-07-28 04:46:24
G000764,Christopher,Hawkins,christopher.hawkins.764@example.com,Micronesia,Gold,2021-10-10 05:46:37
G000765,Melissa,Stone,melissa.stone.765@example.com,United States Virgin Islands,None,2019-02-08 09:54:41
G000766,Kristin,Dean,kristin.dean.766@example.com,Mali,None,2022-07-27 15:11:02
G000767,Daniel,Hernandez,daniel.hernandez.767@example.com,Montenegro,None,2023-12-16 07:33:08
G000768,Katherine,Ayers,katherine.ayers.768@example.com,Uzbekistan,Gold,2019-11-25 04:42:10
G000769,Anna,Garcia,anna.garcia.769@example.com,France,Gold,2023-07-23 03:43:36
G000770,Nicole,Humphrey,nicole.humphrey.770@example.com,Estonia,None,2022-04-05 01:47:28
G000771,Diana,Armstrong,diana.armstrong.771@example.com,Lebanon,Silver,2019-04-27 09:38:34
G000772,Gerald,Powell,gerald.powell.772@example.com,Niger,None,2022-06-02 02:24:25
G000773,Benjamin,Preston,benjamin.preston.773@example.com,Greenland,None,2021-01-08 03:11:47
G000774,Brandon,Alvarez,brandon.alvarez.774@example.com,Ethiopia,Gold,2022-03-03 03:11:28
G000775,Andrew,Roth,andrew.roth.775@example.com,Gabon,Platinum,2021-08-24 02:03:37
G000776,Juan,Vasquez,juan.vasquez.776@example.com,Qatar,Platinum,2019-11-02 03:37:08
G000777,Teresa,Perez,teresa.perez.777@example.com,French Southern Territories,None,2022-10-08 16:43:19
G000778,Kim,Flores,kim.flores.778@example.com,Saint Lucia,Gold,2022-07-18 20:49:37
G000779,Cassidy,Davis,cassidy.davis.779@example.com,Kenya,Gold,2020-10-18 18:25:05
G000780,Robin,Russell,robin.russell.780@example.com,Libyan Arab Jamahiriya,None,2023-05-24 17:08:12
G000781,Michelle,Nicholson,michelle.nicholson.781@example.com,Malaysia,None,2020-05-08 21:50:41
G000782,Cameron,Mckinney,cameron.mckinney.782@example.com,Iraq,Gold,2020-02-26 10:47:00
G000783,Kimberly,Warren,kimberly.warren.783@example.com,Montenegro,None,2019-03-31 22:31:52
G000784,Glenn,Golden,glenn.golden.784@example.com,Cook Islands,Silver,2019-06-29 01:01:08
G000785,John,Bryant,john.bryant.785@example.com,Uruguay,Silver,2022-01-24 15:30:48
G000786,Janet,Hill,janet.hill.786@example.com,Swaziland,None,2022-12-13 06:38:14
G000787,William,Reid,william.reid.787@example.com,British Virgin Islands,Gold,2019-04-05 22:57:24
G000788,John,Burns,john.burns.788@example.com,Kiribati,Silver,2020-07-05 17:35:59
G000789,Susan,Wells,susan.wells.789@example.com,Micronesia,None,2021-12-22 15:59:18
G000790,Max,Monroe,max.monroe.790@example.com,Eritrea,None,2019-10-08 20:06:37
G000791,Justin,Hughes,justin.hughes.791@example.com,Central African Republic,None,2023-11-13 22:39:12
G000792,Kimberly,Lewis,kimberly.lewis.792@example.com,Cyprus,None,2020-11-30 09:34:12
G000793,Erica,Adams,erica.adams.793@example.com,Ireland,None,2023-05-14 17:01:23
G000794,Andrew,Deleon,andrew.deleon.794@example.com,Seychelles,Silver,2019-01-28 15:28:54
G000795,Thomas,Anderson,thomas.anderson.795@example.com,China,None,2019-01-27 07:06:05
G000796,Jeffrey,Franklin,jeffrey.franklin.796@example.com,Western Sahara,None,2021-08-07 00:43:32
G000797,Jennifer,Fletcher,jennifer.fletcher.797@example.com,Falkland Islands (Malvinas),Silver,2022-08-09 17:19:30
G000798,Paula,York,paula.york.798@example.com,Kuwait,None,2021-02-21 22:23:09
G000799,Jeffery,Turner,jeffery.turner.799@example.com,Mali,Silver,2022-05-18 21:50:23
G000800,Breanna,Smith,breanna.smith.800@example.com,Panama,None,2022-03-08 16:35:37
G000801,Anna,Wheeler,anna.wheeler.801@example.com,Finland,Silver,2021-07-16 07:58:41
G000802,Gabrielle,Olson,gabrielle.olson.802@example.com,Guadeloupe,Platinum,2021-05-09 00:05:07
G000803,Danielle,Hensley,danielle.hensley.803@example.com,Eritrea,None,2021-07-17 07:28:49
G000804,Jacob,Holmes,jacob.holmes.804@example.com,Dominican Republic,Silver,2019-06-26 09:25:34
G000805,Linda,Lang,linda.lang.805@example.com,Netherlands Antilles,Silver,2022-06-09 11:45:45
G000806,Donna,Becker,donna.becker.806@example.com,Saint Helena,Silver,2019-03-21 02:04:56
G000807,Diana,Bright,diana.bright.807@example.com,Eritrea,None,2022-07-24 10:31:11
G000808,Richard,Doyle,richard.doyle.808@example.com,Myanmar,Silver,2023-11-13 06:34:30
G000809,Lisa,Cooper,lisa.cooper.809@example.com,Rwanda,Silver,2020-11-21 20:36:04
G000810,Gina,Little,gina.little.810@example.com,Lebanon,None,2022-01-18 19:29:00
G000811,William,Bruce,william.bruce.811@example.com,Tajikistan,None,2023-10-01 09:59:29
G000812,Howard,Davis,howard.davis.812@example.com,Brunei Darussalam,None,2021-03-14 14:28:47
G000813,Jessica,Hansen,jessica.hansen.813@example.com,United States Minor Outlying Islands,Platinum,2020-07-22 18:33:56
G000814,Stacey,Lam,stacey.lam.814@example.com,Palau,None,2019-10-05 10:40:38
G000815,Jeffrey,Walker,jeffrey.walker.815@example.com,Tunisia,None,2021-08-12 01:56:14
G000816,Robert,Eaton,robert.eaton.816@example.com,Holy See (Vatican City State),Silver,2021-03-20 12:42:16
G000817,Brenda,Ford,brenda.ford.817@example.com,British Indian Ocean Territory (Chagos Archipelago),None,2023-01-01 21:44:59
G000818,Brian,Walters,brian.walters.818@example.com,Mozambique,None,2019-08-10 06:13:48
G000819,Thomas,Lee,thomas.lee.819@example.com,British Indian Ocean Territory (Chagos Archipelago),Platinum,2022-03-31 19:19:10
G000820,Alyssa,Gutierrez,alyssa.gutierrez.820@example.com,Trinidad and Tobago,Silver,2020-04-13 10:51:22
G000821,Derrick,Gonzalez,derrick.gonzalez.821@example.com,Ireland,Silver,2023-11-05 01:48:31
G000822,Patricia,Hatfield,patricia.hatfield.822@example.com,Cambodia,Silver,2021-09-09 23:15:37
G000823,Michelle,White,michelle.white.823@example.com,Belgium,Silver,2023-02-23 20:39:46
G000824,Marvin,Hatfield,marvin.hatfield.824@example.com,Germany,Gold,2019-06-30 05:48:25
G000825,Adam,Hill,adam.hill.825@example.com,Senegal,Silver,2020-06-07 20:09:23
G000826,Barbara,Moore,barbara.moore.826@example.com,Solomon Islands,Gold,2019-10-01 12:50:19
G000827,David,Hamilton,david.hamilton.827@example.com,Japan,Silver,2022-06-07 07:11:53
G000828,Roy,Woods,roy.woods.828@example.com,Albania,Platinum,2019-04-28 05:00:12
G000829,Amanda,Cross,amanda.cross.829@example.com,Zambia,None,2019-02-13 17:39:57
G000830,Patricia,Sherman,patricia.sherman.830@example.com,Marshall Islands,Silver,2020-08-15 02:25:47
G000831,Andrew,Smith,andrew.smith.831@example.com,Saint Martin,None,2021-02-12 01:35:48
G000832,Jeremy,Wiley,jeremy.wiley.832@example.com,Georgia,None,2020-02-05 13:46:39
G000833,Curtis,Gordon,curtis.gordon.833@example.com,Gambia,None,2020-06-02 21:55:40
G000834,Cameron,Williams,cameron.williams.834@example.com,Yemen,None,2021-06-22 13:41:31
G000835,Stephen,Meyer,stephen.meyer.835@example.com,Malta,Platinum,2021-11-15 14:48:52
G000836,Ryan,Mcdaniel,ryan.mcdaniel.836@example.com,Burkina Faso,None,2021-11-30 20:00:44
G000837,Wendy,Henry,wendy.henry.837@example.com,Sao Tome and Principe,Gold,2020-08-08 10:03:48
G000838,Frederick,Meadows,frederick.meadows.838@example.com,Sudan,Silver,2022-06-07 07:03:41
G000839,Andrew,Walker,andrew.walker.839@example.com,Bulgaria,None,2020-10-18 03:29:05
G000840,Jessica,Lawrence,jessica.lawrence.840@example.com,Chile,None,2020-01-18 15:37:23
G000841,Michael,Santos,michael.santos.841@example.com,Argentina,Platinum,2022-03-11 16:22:31
G000842,Nancy,Scott,nancy.scott.842@example.com,Martinique,Platinum,2019-05-31 22:54:22
G000843,Brittney,Williams,brittney.williams.843@example.com,Botswana,Gold,2019-03-03 08:03:11
G000844,Brandon,Wilson,brandon.wilson.844@example.com,Kenya,None,2022-03-27 09:46:32
G000845,David,King,david.king.845@example.com,Reunion,None,2020-04-20 17:59:03
G000846,Jamie,Jennings,jamie.jennings.846@example.com,Algeria,Silver,2021-07-24 12:52:13
G000847,Robert,Garcia,robert.garcia.847@example.com,Mali,Platinum,2021-04-18 18:57:19
G000848,Cindy,Haynes,cindy.haynes.848@example.com,Italy,None,2019-11-22 22:58:20
G000849,William,Williamson,william.williamson.849@example.com,Finland,None,2019-12-21 05:23:30
G000850,Kristen,Jimenez,kristen.jimenez.850@example.com,New Caledonia,Platinum,2020-09-12 14:23:36
G000851,Kimberly,Decker,kimberly.decker.851@example.com,Cook Islands,Gold,2022-01-17 00:35:10
G000852,Jade,Phillips,jade.phillips.852@example.com,Armenia,None,2023-08-31 00:11:19
G000853,Tyler,Clark,tyler.clark.853@example.com,Venezuela,Gold,2023-02-02 08:54:05
G000854,Mark,Smith,mark.smith.854@example.com,Paraguay,Silver,2019-10-04 12:31:57
G000855,Rebecca,Conley,rebecca.conley.855@example.com,Paraguay,Silver,2023-03-16 03:04:01
G000856,Edward,Davis,edward.davis.856@example.com,Malawi,Gold,2019-08-22 04:00:00
G000857,Jennifer,Garcia,jennifer.garcia.857@example.com,Equatorial Guinea,None,2020-12-19 04:33:36
G000858,Stephen,Madden,stephen.madden.858@example.com,Estonia,Gold,2022-12-13 11:01:45
G000859,Brendan,Li,brendan.li.859@example.com,Tunisia,Gold,2019-05-03 13:11:47
G000860,Melissa,Ward,melissa.ward.860@example.com,Philippines,Silver,2021-08-29 13:07:54
G000861,Ronald,Wilson,ronald.wilson.861@example.com,Thailand,None,2019-05-23 13:44:19
G000862,Alec,Taylor,alec.taylor.862@example.com,Oman,Platinum,2020-06-13 18:19:01
G000863,Mark,Kline,mark.kline.863@example.com,Zimbabwe,Platinum,2021-04-13 14:35:55
G000864,Natalie,Davis,natalie.davis.864@example.com,Suriname,Silver,2021-11-30 19:15:31
G000865,Ian,Morales,ian.morales.865@example.com,Korea,Gold,2021-04-24 13:20:39
G000866,Mary,Vaughn,mary.vaughn.866@example.com,Lesotho,None,2022-08-03 07:12:00
G000867,Deborah,Robles,deborah.robles.867@example.com,Bouvet Island (Bouvetoya),Gold,2020-02-16 16:46:45
G000868,Heather,Brown,heather.brown.868@example.com,Western Sahara,None,2020-05-10 05:22:57
G000869,Dale,Pruitt,dale.pruitt.869@example.com,Liberia,None,2023-11-03 15:29:49
G000870,Erika,White,erika.white.870@example.com,Hong Kong,Gold,2022-01-19 03:04:22
G000871,Cheryl,Huffman,cheryl.huffman.871@example.com,Turkmenistan,Silver,2020-02-10 22:22:02
G000872,Timothy,Freeman,timothy.freeman.872@example.com,Tuvalu,None,2022-07-01 19:34:38
G000873,Scott,Brown,scott.brown.873@example.com,Palau,None,2021-09-03 07:16:47
G000874,Alexander,Oneill,alexander.oneill.874@example.com,Malta,None,2023-11-27 14:03:58
G000875,Jennifer,Walker,jennifer.walker.875@example.com,Zimbabwe,None,2021-11-17 01:31:27
G000876,April,Watts,april.watts.876@example.com,Niger,None,2019-10-23 21:46:07
G000877,Ryan,Barber,ryan.barber.877@example.com,Liberia,None,2021-12-10 04:57:01
G000878,Elizabeth,Davidson,elizabeth.davidson.878@example.com,Canada,None,2023-10-01 17:09:49
G000879,Patricia,Salazar,patricia.salazar.879@example.com,Algeria,None,2020-05-02 13:21:11
G000880,William,Harrison,william.harrison.880@example.com,Lithuania,Silver,2020-05-28 21:24:24
G000881,Charles,Vasquez,charles.vasquez.881@example.com,Dominican Republic,None,2021-10-25 01:18:27
G000882,Tara,Williams,tara.williams.882@example.com,Czech Republic,None,2023-09-07 07:55:28
G000883,Dawn,Powell,dawn.powell.883@example.com,Dominica,Silver,2019-09-02 22:02:07
G000884,Stephen,Solis,stephen.solis.884@example.com,Kiribati,Silver,2019-10-01 11:14:10
G000885,Melissa,West,melissa.west.885@example.com,British Indian Ocean Territory (Chagos Archipelago),Gold,2023-03-26 06:50:40
G000886,Julie,Smith,julie.smith.886@example.com,Iraq,Silver,2022-07-05 02:11:27
G000887,Barry,Dunn,barry.dunn.887@example.com,Sweden,None,2019-10-10 09:39:47
G000888,Latoya,Richmond,latoya.richmond.888@example.com,Northern Mariana Islands,Silver,2021-08-04 08:28:11
G000889,Pamela,Hart,pamela.hart.889@example.com,Palau,None,2022-11-18 09:19:41
G000890,Stephanie,Cox,stephanie.cox.890@example.com,Austria,Platinum,2020-11-23 13:58:44
G000891,Megan,Rivera,megan.rivera.891@example.com,Seychelles,Gold,2023-01-09 23:24:15
G000892,Jennifer,Cox,jennifer.cox.892@example.com,Korea,None,2019-12-21 06:11:53
G000893,Connor,Hopkins,connor.hopkins.893@example.com,Afghanistan,None,2021-11-26 13:25:53
G000894,Michael,Schultz,michael.schultz.894@example.com,South Georgia and the South Sandwich Islands,Silver,2021-06-26 03:52:21
G000895,Amy,Brooks,amy.brooks.895@example.com,Botswana,None,2019-05-23 05:27:47
G000896,Penny,Vasquez,penny.vasquez.896@example.com,Swaziland,Gold,2022-06-25 08:57:56
G000897,Daniel,Carr,daniel.carr.897@example.com,Comoros,None,2020-01-11 03:27:34
G000898,Sarah,Long,sarah.long.898@example.com,Kuwait,None,2020-08-15 02:34:57
G000899,Jennifer,Rodriguez,jennifer.rodriguez.899@example.com,Israel,None,2019-05-25 11:19:04
G000900,Sara,Monroe,sara.monroe.900@example.com,Namibia,Silver,2020-01-18 19:53:19
G000901,Kelsey,Hayes,kelsey.hayes.901@example.com,Palestinian Territory,Silver,2023-04-16 11:41:46
G000902,Dennis,Porter,dennis.porter.902@example.com,Marshall Islands,Silver,2019-05-31 21:45:41
G000903,Angela,Reynolds,angela.reynolds.903@example.com,Myanmar,None,2023-02-09 10:01:01
G000904,Sandra,Norman,sandra.norman.904@example.com,United States Minor Outlying Islands,Silver,2020-07-04 13:10:17
G000905,Heather,Thompson,heather.thompson.905@example.com,Suriname,None,2020-02-03 20:50:23
G000906,Dale,Sandoval,dale.sandoval.906@example.com,New Caledonia,Silver,2021-09-26 22:24:37
G000907,William,Cruz,william.cruz.907@example.com,New Caledonia,None,2021-02-10 06:01:33
G000908,Joshua,Stuart,joshua.stuart.908@example.com,French Polynesia,Gold,2022-11-07 22:37:22
G000909,Linda,Taylor,linda.taylor.909@example.com,Netherlands,None,2023-05-11 15:27:21
G000910,Kent,Miles,kent.miles.910@example.com,Tokelau,Silver,2021-09-02 06:53:06
G000911,Jennifer,Walls,jennifer.walls.911@example.com,Norfolk Island,Gold,2020-11-06 06:14:08
G000912,James,Weber,james.weber.912@example.com,French Guiana,Silver,2021-12-08 18:57:18
G000913,Samantha,Anderson,samantha.anderson.913@example.com,Russian Federation,Gold,2020-07-06 10:40:33
G000914,William,Benson,william.benson.914@example.com,Gibraltar,None,2019-12-25 13:14:21
G000915,Kathleen,Hart,kathleen.hart.915@example.com,Myanmar,Gold,2023-11-08 21:52:03
G000916,Sherri,Mckinney,sherri.mckinney.916@example.com,Peru,None,2023-07-17 18:40:43
G000917,Justin,Boone,justin.boone.917@example.com,Sri Lanka,Gold,2019-02-09 16:14:19
G000918,Alexandra,Johnson,alexandra.johnson.918@example.com,Cameroon,None,2019-06-14 20:48:47
G000919,Ellen,Gonzalez,ellen.gonzalez.919@example.com,Sao Tome and Principe,Silver,2020-05-15 00:12:44
G000920,Tonya,Vega,tonya.vega.920@example.com,Cameroon,None,2019-07-12 17:30:09
G000921,Hannah,Phillips,hannah.phillips.921@example.com,Sao Tome and Principe,None,2023-08-09 08:42:56
G000922,Antonio,Cervantes,antonio.cervantes.922@example.com,Bosnia and Herzegovina,None,2023-10-12 17:10:50
G000923,Michelle,Newton,michelle.newton.923@example.com,Monaco,Platinum,2022-04-23 05:29:28
G000924,John,Mueller,john.mueller.924@example.com,South Georgia and the South Sandwich Islands,Silver,2021-06-12 15:53:33
G000925,Heather,Williams,heather.williams.925@example.com,Hong Kong,None,2022-04-19 02:10:09
G000926,Robert,French,robert.french.926@example.com,Poland,None,2021-08-29 09:10:12
G000927,Tammy,Brown,tammy.brown.927@example.com,Samoa,None,2021-02-19 21:21:11
G000928,James,Melton,james.melton.928@example.com,Tokelau,None,2022-10-08 13:14:07
G000929,Maria,Pruitt,maria.pruitt.929@example.com,Romania,Silver,2022-02-16 12:45:54
G000930,Kari,Payne,kari.payne.930@example.com,Netherlands,None,2020-09-02 09:47:47
G000931,Kimberly,Brandt,kimberly.brandt.931@example.com,French Polynesia,None,2022-10-26 10:03:58
G000932,Gregory,Fleming,gregory.fleming.932@example.com,Colombia,None,2020-06-23 23:06:14
G000933,Jill,Wilson,jill.wilson.933@example.com,Armenia,Platinum,2022-08-24 07:51:30
G000934,Joshua,Baker,joshua.baker.934@example.com,Central African Republic,Silver,2023-12-20 09:09:23
G000935,Meghan,Smith,meghan.smith.935@example.com,Lao People's Democratic Republic,Silver,2020-04-25 23:08:58
G000936,Bill,Mcfarland,bill.mcfarland.936@example.com,Nepal,None,2019-06-08 00:03:23
G000937,Kim,Garrett,kim.garrett.937@example.com,Tajikistan,Gold,2021-07-24 15:43:51
G000938,Tracy,Armstrong,tracy.armstrong.938@example.com,Guinea-Bissau,Platinum,2019-08-15 10:23:08
G000939,Kristen,Stewart,kristen.stewart.939@example.com,Cyprus,None,2020-07-25 06:16:25
G000940,Abigail,Hartman,abigail.hartman.940@example.com,Cayman Islands,Gold,2022-07-16 06:04:52
G000941,Amy,Powell,amy.powell.941@example.com,Guernsey,None,2020-11-18 05:43:27
G000942,Nicole,Alvarado,nicole.alvarado.942@example.com,Greenland,None,2022-01-25 23:02:09
G000943,Kelly,Clements,kelly.clements.943@example.com,Niger,None,2023-07-07 04:51:53
G000944,Thomas,Hoffman,thomas.hoffman.944@example.com,Sao Tome and Principe,None,2019-01-28 08:27:05
G000945,Danny,Reed,danny.reed.945@example.com,Dominican Republic,Silver,2021-01-27 13:04:15
G000946,Susan,Fleming,susan.fleming.946@example.com,Gibraltar,None,2022-03-30 21:12:09
G000947,Ruth,Landry,ruth.landry.947@example.com,Hungary,None,2021-03-08 04:46:42
G000948,Amber,Campbell,amber.campbell.948@example.com,United States Minor Outlying Islands,Gold,2023-05-25 20:27:28
G000949,Lynn,Brooks,lynn.brooks.949@example.com,Spain,None,2023-04-30 14:04:31
G000950,Sean,Williams,sean.williams.950@example.com,Ukraine,Silver,2020-08-21 02:45:51
G000951,Luke,Miller,luke.miller.951@example.com,Bhutan,None,2020-06-04 01:51:40
G000952,Teresa,Ayala,teresa.ayala.952@example.com,Martinique,None,2019-01-23 18:36:29
G000953,Courtney,Clark,courtney.clark.953@example.com,Norfolk Island,None,2020-10-24 07:29:23
G000954,Michelle,Coleman,michelle.coleman.954@example.com,Bosnia and Herzegovina,None,2020-09-30 17:07:25
G000955,Amanda,Park,amanda.park.955@example.com,Saint Vincent and the Grenadines,Silver,2022-09-14 05:40:47
G000956,Deborah,Case,deborah.case.956@example.com,San Marino,Gold,2020-04-22 16:46:21
G000957,Andrew,Love,andrew.love.957@example.com,Argentina,Silver,2019-09-29 22:01:53
G000958,Charles,Thompson,charles.thompson.958@example.com,El Salvador,Silver,2023-09-30 21:46:28
G000959,Chad,Underwood,chad.underwood.959@example.com,United States Minor Outlying Islands,Silver,2021-03-14 14:11:23
G000960,Rickey,Hayes,rickey.hayes.960@example.com,Iraq,Silver,2022-09-07 08:41:12
G000961,Leslie,Price,leslie.price.961@example.com,British Indian Ocean Territory (Chagos Archipelago),Silver,2023-07-20 16:08:29
G000962,Adam,Cortez,adam.cortez.962@example.com,Bahrain,Silver,2023-12-25 10:05:54
G000963,Brandon,Charles,brandon.charles.963@example.com,Guinea-Bissau,None,2023-04-12 06:14:27
G000964,Daniel,Buchanan,daniel.buchanan.964@example.com,Gabon,None,2019-09-26 18:17:48
G000965,Juan,Mcintosh,juan.mcintosh.965@example.com,Hong Kong,Gold,2022-05-12 13:46:47
G000966,Lynn,Johnson,lynn.johnson.966@example.com,Cayman Islands,Gold,2023-07-16 10:14:23
G000967,Jeffrey,Francis,jeffrey.francis.967@example.com,South Africa,None,2023-08-23 12:09:57
G000968,Kenneth,Walters,kenneth.walters.968@example.com,French Southern Territories,None,2022-03-05 06:37:38
G000969,Susan,Smith,susan.smith.969@example.com,Tunisia,None,2023-09-21 13:00:00
G000970,Donald,Williams,donald.williams.970@example.com,Montserrat,Silver,2022-05-09 08:51:40
G000971,Amanda,Arroyo,amanda.arroyo.971@example.com,Gambia,None,2020-10-14 14:40:43
G000972,Kaitlin,Berger,kaitlin.berger.972@example.com,Guatemala,Silver,2020-10-19 20:15:02
G000973,Robert,Brewer,robert.brewer.973@example.com,Malaysia,Platinum,2020-03-18 14:13:24
G000974,Eugene,Walker,eugene.walker.974@example.com,Syrian Arab Republic,None,2021-02-24 05:47:35
G000975,James,White,james.white.975@example.com,South Georgia and the South Sandwich Islands,Silver,2023-10-29 12:24:19
G000976,Melissa,York,melissa.york.976@example.com,Venezuela,None,2023-09-02 05:18:19
G000977,Steven,Dunn,steven.dunn.977@example.com,French Guiana,None,2019-07-29 06:55:52
G000978,John,Gonzalez,john.gonzalez.978@example.com,Mozambique,None,2023-02-22 15:32:58
G000979,Stephanie,Howard,stephanie.howard.979@example.com,Paraguay,None,2020-12-29 16:02:12
G000980,Craig,Harvey,craig.harvey.980@example.com,United Arab Emirates,None,2020-08-24 04:17:56
G000981,Louis,Hayes,louis.hayes.981@example.com,Nicaragua,Platinum,2021-08-07 16:48:59
G000982,Heather,Hernandez,heather.hernandez.982@example.com,Montenegro,Silver,2022-02-06 10:36:00
G000983,Lindsey,Benjamin,lindsey.benjamin.983@example.com,Chile,Gold,2019-01-16 00:17:29
G000984,Lawrence,Floyd,lawrence.floyd.984@example.com,Rwanda,None,2022-09-16 23:46:03
G000985,Joshua,Ward,joshua.ward.985@example.com,Philippines,Gold,2021-10-27 03:07:31
G000986,Natalie,Ford,natalie.ford.986@example.com,Guinea-Bissau,None,2021-08-07 01:37:40
G000987,Tony,Rodriguez,tony.rodriguez.987@example.com,Oman,None,2019-09-12 16:24:05
G000988,Meagan,Trevino,meagan.trevino.988@example.com,Burundi,None,2023-08-01 10:16:18
G000989,James,Gross,james.gross.989@example.com,Niue,None,2019-08-26 13:26:53
G000990,Jessica,Mcclain,jessica.mcclain.990@example.com,Thailand,Silver,2023-04-25 17:57:21
G000991,Crystal,Hess,crystal.hess.991@example.com,Mozambique,None,2022-06-12 17:00:54
G000992,Kayla,Lewis,kayla.lewis.992@example.com,Argentina,None,2023-09-10 17:49:47
G000993,Jorge,Shannon,jorge.shannon.993@example.com,Mauritius,Silver,2023-01-06 18:37:18
G000994,Desiree,Hernandez,desiree.hernandez.994@example.com,India,None,2020-11-24 18:57:00
G000995,Patricia,Lawrence,patricia.lawrence.995@example.com,Togo,None,2021-06-23 02:28:12
G000996,Dennis,Mason,dennis.mason.996@example.com,Bermuda,Silver,2022-05-17 18:26:45
G000997,Michael,Smith,michael.smith.997@example.com,Dominican Republic,Silver,2020-05-30 06:11:28
G000998,Katherine,Taylor,katherine.taylor.998@example.com,Cayman Islands,Silver,2020-07-10 14:01:58
G000999,Ashley,Knight,ashley.knight.999@example.com,Tunisia,None,2020-03-30 05:23:29
G001000,Jill,Webb,jill.webb.1000@example.com,Guinea-Bissau,None,2019-05-06 13:55:15
G001001,Jeffery,Freeman,jeffery.freeman.1001@example.com,Bahrain,Platinum,2021-04-01 07:53:43
G001002,Mike,Williams,mike.williams.1002@example.com,Costa Rica,None,2023-05-29 00:19:17
G001003,Rebecca,Ward,rebecca.ward.1003@example.com,Latvia,None,2022-11-13 12:40:21
G001004,Nicole,Williams,nicole.williams.1004@example.com,Pakistan,Platinum,2021-10-03 20:29:37
G001005,Dakota,Schmitt,dakota.schmitt.1005@example.com,North Macedonia,Gold,2021-04-29 17:17:18
G001006,Mary,Baker,mary.baker.1006@example.com,Mayotte,Gold,2023-11-07 10:13:20
G001007,Glenn,Valdez,glenn.valdez.1007@example.com,Haiti,None,2023-12-31 20:30:33
G001008,Denise,Houston,denise.houston.1008@example.com,Maldives,None,2021-02-20 15:38:33
G001009,Nicholas,Solomon,nicholas.solomon.1009@example.com,Maldives,None,2022-06-14 21:47:16
G001010,Michael,Parrish,michael.parrish.1010@example.com,Libyan Arab Jamahiriya,None,2023-02-06 20:44:01
G001011,Paige,Smith,paige.smith.1011@example.com,Turkmenistan,None,2020-03-07 18:13:40
G001012,Scott,Hall,scott.hall.1012@example.com,Malaysia,Silver,2021-05-22 10:40:28
G001013,Jason,Lopez,jason.lopez.1013@example.com,Guyana,None,2020-01-03 15:20:26
G001014,Donna,Perry,donna.perry.1014@example.com,Greenland,Silver,2019-12-19 03:08:45
G001015,Timothy,Mendoza,timothy.mendoza.1015@example.com,Cote d'Ivoire,Silver,2020-05-15 23:23:33
G001016,Deborah,Jenkins,deborah.jenkins.1016@example.com,Ecuador,None,2019-05-15 01:04:29
G001017,David,Vargas,david.vargas.1017@example.com,Burkina Faso,None,2023-05-12 17:25:09
G001018,Benjamin,Armstrong,benjamin.armstrong.1018@example.com,Azerbaijan,Silver,2020-05-31 19:18:40
G001019,Jonathan,White,jonathan.white.1019@example.com,Iraq,None,2023-10-18 01:24:44
G001020,Dana,Johns,dana.johns.1020@example.com,Saint Lucia,None,2021-05-30 15:54:30
G001021,Stacey,Robinson,stacey.robinson.1021@example.com,New Caledonia,None,2023-01-04 15:08:05
G001022,Michelle,Jackson,michelle.jackson.1022@example.com,Switzerland,None,2022-06-30 04:59:47
G001023,Carolyn,Norton,carolyn.norton.1023@example.com,Swaziland,None,2020-07-19 02:15:54
G001024,Cindy,Dixon,cindy.dixon.1024@example.com,Chad,None,2021-11-30 15:25:19
G001025,Sandra,Carlson,sandra.carlson.1025@example.com,Bangladesh,Silver,2020-12-15 00:09:28
G001026,Nicholas,Anderson,nicholas.anderson.1026@example.com,Andorra,None,2020-09-20 16:12:05
G001027,Alexandra,Blankenship,alexandra.blankenship.1027@example.com,Poland,None,2022-07-28 06:11:05
G001028,Margaret,Jacobs,margaret.jacobs.1028@example.com,Christmas Island,Platinum,2023-01-18 11:22:40
G001029,Rachel,Greene,rachel.greene.1029@example.com,Turkey,None,2023-07-10 02:17:20
G001030,Wesley,Wilson,wesley.wilson.1030@example.com,Liberia,Platinum,2020-02-09 22:01:21
G001031,Rachel,Ryan,rachel.ryan.1031@example.com,Afghanistan,None,2022-09-02 14:44:06
G001032,Alexa,Wood,alexa.wood.1032@example.com,Aruba,Silver,2023-07-05 01:58:58
G001033,Roy,Mays,roy.mays.1033@example.com,Liberia,None,2022-03-30 11:03:13
G001034,Michael,Ballard,michael.ballard.1034@example.com,United States of America,None,2023-11-25 22:40:55
G001035,Connor,Anderson,connor.anderson.1035@example.com,Lesotho,None,2020-12-23 09:25:02
G001036,Renee,Miller,renee.miller.1036@example.com,Netherlands Antilles,None,2023-08-17 07:31:25
G001037,Ricky,Lopez,ricky.lopez.1037@example.com,Russian Federation,None,2019-01-23 02:27:51
G001038,Becky,Wilson,becky.wilson.1038@example.com,Albania,None,2022-03-11 04:15:16
G001039,Diamond,Watts,diamond.watts.1039@example.com,Germany,Gold,2022-06-24 05:41:55
G001040,Michael,Moore,michael.moore.1040@example.com,Pakistan,Silver,2023-12-24 16:21:53
G001041,Jon,Wyatt,jon.wyatt.1041@example.com,Jamaica,None,2023-10-21 08:51:53
G001042,Michael,Hill,michael.hill.1042@example.com,Pitcairn Islands,Gold,2022-05-19 20:19:44
G001043,Kari,Gutierrez,kari.gutierrez.1043@example.com,Slovenia,None,2023-09-29 06:53:11
G001044,Timothy,Wood,timothy.wood.1044@example.com,Moldova,Silver,2023-02-11 23:46:19
G001045,Jon,Parker,jon.parker.1045@example.com,Guatemala,Silver,2022-05-21 22:42:21
G001046,Jill,Wyatt,jill.wyatt.1046@example.com,Palestinian Territory,None,2020-01-05 23:40:41
G001047,Julie,Griffin,julie.griffin.1047@example.com,Reunion,Gold,2020-05-17 16:19:07
G001048,Craig,Romero,craig.romero.1048@example.com,Solomon Islands,None,2021-11-17 11:45:16
G001049,Lauren,Mendez,lauren.mendez.1049@example.com,Poland,Platinum,2019-06-11 17:20:17
G001050,Eugene,Oconnell,eugene.oconnell.1050@example.com,Albania,Silver,2019-10-11 00:03:25
G001051,Madeline,Ruiz,madeline.ruiz.1051@example.com,Netherlands Antilles,None,2022-09-14 16:05:41
G001052,Christopher,Baker,christopher.baker.1052@example.com,Heard Island and McDonald Islands,None,2019-09-06 16:11:43
G001053,Chelsea,Ramsey,chelsea.ramsey.1053@example.com,Venezuela,None,2022-05-29 18:14:45
G001054,Christina,Meyer,christina.meyer.1054@example.com,Rwanda,None,2019-06-28 12:45:14
G001055,Sonya,Wilkins,sonya.wilkins.1055@example.com,Northern Mariana Islands,None,2023-03-16 22:46:41
G001056,Scott,Harris,scott.harris.1056@example.com,Palestinian Territory,Gold,2023-05-29 20:18:32
G001057,Justin,Johnson,justin.johnson.1057@example.com,Netherlands Antilles,None,2023-05-06 05:12:24
G001058,Zachary,Hall,zachary.hall.1058@example.com,Chile,Platinum,2019-04-23 00:54:47
G001059,Michael,Pena,michael.pena.1059@example.com,Cayman Islands,Silver,2019-09-27 19:28:08
G001060,Wendy,Chan,wendy.chan.1060@example.com,Guinea,None,2022-05-12 16:00:23
G001061,Richard,Gonzalez,richard.gonzalez.1061@example.com,American Samoa,Silver,2019-08-02 04:28:01
G001062,Samantha,Dunn,samantha.dunn.1062@example.com,Saint Kitts and Nevis,Silver,2023-10-04 02:33:04
G001063,Robyn,Bailey,robyn.bailey.1063@example.com,Suriname,Silver,2021-05-09 01:55:10
G001064,Jeremy,Mccarty,jeremy.mccarty.1064@example.com,Korea,Gold,2022-06-09 01:10:39
G001065,Bailey,Green,bailey.green.1065@example.com,Ireland,Silver,2023-04-22 19:50:55
G001066,Daniel,Jones,daniel.jones.1066@example.com,French Polynesia,Platinum,2021-11-22 05:41:39
G001067,Stacey,Pratt,stacey.pratt.1067@example.com,Zimbabwe,None,2021-03-11 15:00:41
G001068,Nancy,Li,nancy.li.1068@example.com,Morocco,Platinum,2021-02-16 03:54:04
G001069,Heather,Church,heather.church.1069@example.com,Mongolia,None,2023-02-11 14:03:31
G001070,Kayla,Todd,kayla.todd.1070@example.com,Singapore,None,2022-11-26 14:13:07
G001071,Erin,Mosley,erin.mosley.1071@example.com,Tokelau,None,2019-03-26 23:24:57
G001072,Timothy,Scott,timothy.scott.1072@example.com,Hong Kong,Silver,2020-11-15 16:53:49
G001073,Erica,Hall,erica.hall.1073@example.com,Germany,Gold,2022-07-05 08:42:32
G001074,Stephanie,Black,stephanie.black.1074@example.com,Algeria,Silver,2021-03-29 04:46:35
G001075,John,Davis,john.davis.1075@example.com,Peru,None,2021-11-28 12:50:15
G001076,Charles,Velazquez,charles.velazquez.1076@example.com,Lebanon,None,2021-09-02 04:03:03
G001077,Michael,Shannon,michael.shannon.1077@example.com,Ethiopia,None,2020-07-21 21:23:46
G001078,Stacey,Vega,stacey.vega.1078@example.com,United States of America,None,2020-08-13 19:54:58
G001079,Victor,Gonzalez,victor.gonzalez.1079@example.com,Saint Pierre and Miquelon,None,2021-01-22 01:02:30
G001080,Monique,Clark,monique.clark.1080@example.com,Cook Islands,None,2021-02-14 18:38:27
G001081,Mary,Kelly,mary.kelly.1081@example.com,Slovakia (Slovak Republic),Silver,2019-11-28 11:19:49
G001082,David,Miller,david.miller.1082@example.com,Zimbabwe,Platinum,2023-03-11 15:45:16
G001083,Christina,Duran,christina.duran.1083@example.com,Mauritius,None,2019-05-12 07:22:00
G001084,Melanie,Watson,melanie.watson.1084@example.com,Germany,Silver,2023-03-10 15:33:32
G001085,Rachael,Ibarra,rachael.ibarra.1085@example.com,Morocco,None,2021-05-03 13:34:47
G001086,Travis,Joyce,travis.joyce.1086@example.com,United States Virgin Islands,Silver,2023-05-08 00:53:11
G001087,Juan,Walker,juan.walker.1087@example.com,Morocco,Platinum,2020-02-03 10:42:41
G001088,Brian,Lloyd,brian.lloyd.1088@example.com,Lesotho,Silver,2023-08-08 02:34:51
G001089,Antonio,Reed,antonio.reed.1089@example.com,Tokelau,None,2020-06-27 02:03:34
G001090,Stephen,Martinez,stephen.martinez.1090@example.com,Maldives,Gold,2022-11-30 09:20:59
G001091,Leslie,Smith,leslie.smith.1091@example.com,Peru,Silver,2020-10-16 18:50:12
G001092,Nicolas,Garcia,nicolas.garcia.1092@example.com,Guyana,None,2021-03-17 20:41:35
G001093,Jacob,Baker,jacob.baker.1093@example.com,Ethiopia,Silver,2023-01-04 10:03:26
G001094,Susan,Cooper,susan.cooper.1094@example.com,Colombia,Silver,2023-03-30 14:59:17
G001095,Rodney,Barnes,rodney.barnes.1095@example.com,Sao Tome and Principe,Platinum,2022-03-02 17:25:05
G001096,Michael,Morales,michael.morales.1096@example.com,Korea,None,2020-07-12 21:30:46
G001097,Ashley,Krause,ashley.krause.1097@example.com,Poland,Gold,2020-12-11 03:10:19
G001098,Lisa,Le,lisa.le.1098@example.com,Spain,Gold,2021-01-02 14:54:28
G001099,Angela,Chase,angela.chase.1099@example.com,Congo,Platinum,2020-03-29 02:53:49
G001100,Lauren,Rodgers,lauren.rodgers.1100@example.com,Lebanon,None,2019-01-31 06:26:17
G001101,Gregory,Porter,gregory.porter.1101@example.com,Uganda,Silver,2023-05-26 06:50:03
G001102,Amanda,Stewart,amanda.stewart.1102@example.com,Libyan Arab Jamahiriya,None,2021-07-21 04:10:12
G001103,John,Garrison,john.garrison.1103@example.com,Australia,Silver,2022-05-22 18:59:57
G001104,Corey,Martin,corey.martin.1104@example.com,Cuba,Platinum,2021-03-01 01:12:47
G001105,Thomas,Soto,thomas.soto.1105@example.com,Korea,Silver,2021-11-05 17:48:00
G001106,Jordan,Ward,jordan.ward.1106@example.com,Moldova,Silver,2021-03-11 16:36:36
G001107,Maurice,Jenkins,maurice.jenkins.1107@example.com,Guernsey,None,2020-09-10 03:23:31
G001108,Barbara,Santos,barbara.santos.1108@example.com,Mauritania,Gold,2020-06-26 06:33:30
G001109,Tiffany,Mitchell,tiffany.mitchell.1109@example.com,Greece,None,2023-05-05 21:30:09
G001110,Tony,Doyle,tony.doyle.1110@example.com,Tuvalu,Gold,2019-09-01 14:29:19
G001111,Patrick,Mitchell,patrick.mitchell.1111@example.com,Norfolk Island,Silver,2020-03-26 00:40:28
G001112,Miranda,Davidson,miranda.davidson.1112@example.com,Vanuatu,None,2021-11-14 05:29:45
G001113,Robert,Salazar,robert.salazar.1113@example.com,Iraq,Silver,2019-08-10 15:48:00
G001114,Christian,Cooper,christian.cooper.1114@example.com,Germany,None,2021-09-11 12:09:15
G001115,Denise,Page,denise.page.1115@example.com,Netherlands,None,2022-05-13 15:17:11
G001116,Joseph,Wallace,joseph.wallace.1116@example.com,Tokelau,Silver,2022-02-02 07:31:58
G001117,Julie,Meyer,julie.meyer.1117@example.com,Korea,None,2022-07-10 05:15:42
G001118,Gary,Dickerson,gary.dickerson.1118@example.com,Brunei Darussalam,None,2020-12-29 23:04:17
G001119,Ebony,Shepard,ebony.shepard.1119@example.com,Reunion,Gold,2019-09-06 18:03:34
G001120,Jason,Sanders,jason.sanders.1120@example.com,Bhutan,Platinum,2019-07-18 04:42:21
G001121,Sharon,Kennedy,sharon.kennedy.1121@example.com,Austria,Silver,2019-03-23 21:54:36
G001122,Kelli,Warren,kelli.warren.1122@example.com,Belize,None,2019-11-19 21:27:48
G001123,Jose,Moore,jose.moore.1123@example.com,Palau,None,2022-04-26 05:02:24
G001124,Kyle,Wright,kyle.wright.1124@example.com,Finland,Silver,2022-10-08 20:26:11
G001125,Courtney,Anderson,courtney.anderson.1125@example.com,Taiwan,Gold,2020-06-14 01:27:13
G001126,Anthony,Alvarado,anthony.alvarado.1126@example.com,Tokelau,None,2021-10-07 08:46:03
G001127,Michelle,Mcdonald,michelle.mcdonald.1127@example.com,Trinidad and Tobago,Silver,2023-08-07 12:52:35
G001128,Sarah,Dunn,sarah.dunn.1128@example.com,Burkina Faso,Silver,2023-08-03 12:11:45
G001129,Gregory,Harper,gregory.harper.1129@example.com,Norfolk Island,None,2023-10-19 05:43:52
G001130,Ryan,Bowman,ryan.bowman.1130@example.com,Martinique,Silver,2021-08-20 02:01:19
G001131,Regina,Olson,regina.olson.1131@example.com,Denmark,None,2019-10-06 05:37:55
G001132,Scott,Diaz,scott.diaz.1132@example.com,Eritrea,Silver,2020-04-28 19:08:28
G001133,Kevin,Smith,kevin.smith.1133@example.com,Suriname,Silver,2020-02-28 11:17:54
G001134,Maurice,Harrison,maurice.harrison.1134@example.com,Algeria,None,2023-03-09 09:04:56
G001135,Stacey,Woods,stacey.woods.1135@example.com,Algeria,None,2022-08-30 07:34:59
G001136,Lauren,Harper,lauren.harper.1136@example.com,South Africa,Silver,2019-01-23 10:12:43
G001137,Amy,Lopez,amy.lopez.1137@example.com,Turkmenistan,Platinum,2023-10-08 13:57:44
G001138,Samuel,Wright,samuel.wright.1138@example.com,Saint Barthelemy,Platinum,2022-04-25 19:52:22
G001139,Maria,Walker,maria.walker.1139@example.com,Belgium,Gold,2022-08-04 20:27:01
G001140,Colleen,Black,colleen.black.1140@example.com,South Georgia and the South Sandwich Islands,None,2021-04-24 15:43:56
G001141,Justin,Paul,justin.paul.1141@example.com,Sudan,Silver,2021-04-15 04:49:22
G001142,Robert,Castaneda,robert.castaneda.1142@example.com,Cocos (Keeling) Islands,Silver,2020-02-29 11:25:35
G001143,Keith,Walsh,keith.walsh.1143@example.com,Niger,None,2022-11-07 16:46:19
G001144,Joseph,Dean,joseph.dean.1144@example.com,Comoros,None,2021-09-23 04:55:44
G001145,Andrew,Williams,andrew.williams.1145@example.com,Martinique,Platinum,2019-03-10 18:11:54
G001146,Jacob,Garcia,jacob.garcia.1146@example.com,Ethiopia,None,2020-01-24 11:35:55
G001147,Jennifer,Acosta,jennifer.acosta.1147@example.com,Djibouti,Gold,2019-10-08 05:34:29
G001148,Edward,Snyder,edward.snyder.1148@example.com,Guam,None,2022-07-29 15:35:29
G001149,Larry,Lloyd,larry.lloyd.1149@example.com,Holy See (Vatican City State),Platinum,2022-12-11 14:49:11
G001150,Heidi,Johnson,heidi.johnson.1150@example.com,Belgium,None,2020-03-29 21:05:53
G001151,Brian,Rowe,brian.rowe.1151@example.com,Barbados,None,2023-08-15 15:19:39
G001152,Theodore,Lee,theodore.lee.1152@example.com,Tajikistan,Gold,2021-02-15 23:16:35
G001153,Lisa,Clayton,lisa.clayton.1153@example.com,British Virgin Islands,Silver,2021-02-12 11:58:45
G001154,Paul,Proctor,paul.proctor.1154@example.com,Egypt,Silver,2019-04-15 02:42:31
G001155,James,Moss,james.moss.1155@example.com,Bhutan,Silver,2023-06-08 02:56:57
G001156,Elizabeth,Clark,elizabeth.clark.1156@example.com,Iceland,Silver,2021-08-27 16:33:39
G001157,Sharon,Moore,sharon.moore.1157@example.com,Saint Lucia,Silver,2019-05-12 01:36:35
G001158,Julie,Dunn,julie.dunn.1158@example.com,British Virgin Islands,Gold,2021-02-26 00:22:00
G001159,Timothy,Evans,timothy.evans.1159@example.com,Guyana,Silver,2019-06-11 19:55:34
G001160,Michelle,Robinson,michelle.robinson.1160@example.com,Bouvet Island (Bouvetoya),Silver,2021-01-03 02:53:17
G001161,Cynthia,Nguyen,cynthia.nguyen.1161@example.com,Chad,None,2021-05-07 19:30:40
G001162,Brenda,Foster,brenda.foster.1162@example.com,Ecuador,None,2019-01-28 17:51:28
G001163,Tanya,Perkins,tanya.perkins.1163@example.com,Portugal,Silver,2023-01-16 14:45:01
G001164,Haley,Moore,haley.moore.1164@example.com,Sierra Leone,Silver,2019-10-06 00:06:19
G001165,John,Porter,john.porter.1165@example.com,Poland,Gold,2021-11-17 10:34:49
G001166,Sarah,Shea,sarah.shea.1166@example.com,Niue,Silver,2019-07-06 13:49:36
G001167,Brian,Newman,brian.newman.1167@example.com,Reunion,None,2023-07-25 09:24:09
G001168,Lacey,Martinez,lacey.martinez.1168@example.com,Djibouti,None,2021-09-11 01:48:46
G001169,Tina,Kramer,tina.kramer.1169@example.com,Saudi Arabia,Silver,2021-12-15 01:53:14
G001170,Linda,Gonzales,linda.gonzales.1170@example.com,Congo,Platinum,2019-03-08 08:10:56
G001171,Hannah,Howard,hannah.howard.1171@example.com,Burkina Faso,Silver,2021-02-17 21:15:59
G001172,Rachel,Washington,rachel.washington.1172@example.com,Kazakhstan,Gold,2023-10-03 19:54:34
G001173,Kenneth,Terry,kenneth.terry.1173@example.com,Comoros,Gold,2023-10-27 16:20:39
G001174,Jacob,Bailey,jacob.bailey.1174@example.com,Saint Martin,None,2022-12-26 06:02:30
G001175,Joshua,Guerra,joshua.guerra.1175@example.com,United States Virgin Islands,None,2023-09-19 20:01:52
G001176,Ethan,Schmidt,ethan.schmidt.1176@example.com,Korea,Platinum,2021-07-07 14:57:04
G001177,Lori,Weaver,lori.weaver.1177@example.com,Korea,Gold,2019-01-03 05:40:26
G001178,Kimberly,Hunter,kimberly.hunter.1178@example.com,Saint Martin,Gold,2020-07-30 10:26:21
G001179,Nicole,Harvey,nicole.harvey.1179@example.com,Haiti,None,2021-01-11 21:12:58
G001180,Malik,Brown,malik.brown.1180@example.com,Mauritania,Silver,2022-04-18 21:24:41
G001181,James,Vega,james.vega.1181@example.com,Seychelles,Silver,2023-09-10 08:25:12
G001182,Eric,Campbell,eric.campbell.1182@example.com,Ireland,None,2021-09-27 11:51:14
G001183,Daniel,Mills,daniel.mills.1183@example.com,Bangladesh,Gold,2019-05-17 00:16:08
G001184,Mary,Anderson,mary.anderson.1184@example.com,Tunisia,Gold,2019-04-08 03:56:24
G001185,James,Washington,james.washington.1185@example.com,Bolivia,Silver,2019-04-09 20:27:31
G001186,Ashley,Huff,ashley.huff.1186@example.com,Palestinian Territory,None,2023-03-03 02:18:36
G001187,Alicia,Miles,alicia.miles.1187@example.com,Equatorial Guinea,None,2019-06-02 12:05:22
G001188,Michael,Obrien,michael.obrien.1188@example.com,Barbados,None,2019-02-10 15:46:14
G001189,Sarah,Clark,sarah.clark.1189@example.com,Liechtenstein,Silver,2019-09-06 10:00:41
G001190,Taylor,Fowler,taylor.fowler.1190@example.com,Guyana,Gold,2023-09-30 16:58:43
G001191,Julia,Zamora,julia.zamora.1191@example.com,Swaziland,None,2022-02-20 15:45:10
G001192,Laura,Brown,laura.brown.1192@example.com,Nicaragua,None,2021-04-05 20:39:01
G001193,Allison,Navarro,allison.navarro.1193@example.com,Syrian Arab Republic,None,2021-08-02 04:45:57
G001194,Christian,Lewis,christian.lewis.1194@example.com,Maldives,Platinum,2019-10-29 17:44:11
G001195,Craig,Hall,craig.hall.1195@example.com,Hungary,Silver,2020-08-11 15:11:33
G001196,James,Sandoval,james.sandoval.1196@example.com,Montenegro,Silver,2020-07-09 19:35:37
G001197,Angela,Grant,angela.grant.1197@example.com,San Marino,None,2019-11-24 19:42:26
G001198,Katie,Ray,katie.ray.1198@example.com,Peru,None,2022-11-26 04:41:11
G001199,Jacqueline,Simmons,jacqueline.simmons.1199@example.com,Bosnia and Herzegovina,None,2020-06-02 06:12:15
G001200,Laura,Pierce,laura.pierce.1200@example.com,Madagascar,None,2021-11-14 14:47:00
G001201,Diane,Ferguson,diane.ferguson.1201@example.com,Netherlands Antilles,Silver,2022-10-08 09:22:53
G001202,Sarah,Orr,sarah.orr.1202@example.com,Mexico,Gold,2021-10-05 15:57:53
G001203,Megan,Gutierrez,megan.gutierrez.1203@example.com,North Macedonia,None,2022-08-30 18:58:24
G001204,Margaret,Morris,margaret.morris.1204@example.com,Dominican Republic,Gold,2023-10-16 15:06:45
G001205,Amy,Brooks,amy.brooks.1205@example.com,Mexico,Gold,2021-02-28 10:15:30
G001206,Michael,Chavez,michael.chavez.1206@example.com,Indonesia,Gold,2019-01-01 14:35:13
G001207,Jessica,Bird,jessica.bird.1207@example.com,Nepal,Platinum,2019-02-20 15:35:54
G001208,Zachary,Holder,zachary.holder.1208@example.com,Gabon,None,2019-01-21 09:48:27
G001209,Kevin,Walker,kevin.walker.1209@example.com,Togo,None,2021-09-05 08:59:40
G001210,Andrew,Short,andrew.short.1210@example.com,Portugal,None,2021-05-07 08:51:18
G001211,Samantha,Dixon,samantha.dixon.1211@example.com,Montserrat,None,2023-11-11 22:28:03
G001212,Eric,Johnson,eric.johnson.1212@example.com,Guinea-Bissau,None,2020-04-30 00:11:22
G001213,Devon,Richardson,devon.richardson.1213@example.com,Myanmar,None,2021-02-15 06:40:52
G001214,Jesse,Shepherd,jesse.shepherd.1214@example.com,Bermuda,None,2023-11-08 10:36:21
G001215,Ricardo,Hardin,ricardo.hardin.1215@example.com,Saint Martin,None,2019-08-28 20:33:57
G001216,Jennifer,Mcguire,jennifer.mcguire.1216@example.com,China,Silver,2023-02-26 00:31:37
G001217,Margaret,Norris,margaret.norris.1217@example.com,Morocco,None,2019-10-24 06:51:33
G001218,Caitlin,Evans,caitlin.evans.1218@example.com,Saint Martin,None,2023-11-26 10:49:37
G001219,Patrick,Deleon,patrick.deleon.1219@example.com,Uruguay,None,2021-11-04 21:53:57
G001220,Michael,Montoya,michael.montoya.1220@example.com,Israel,Gold,2020-01-10 12:09:11
G001221,Molly,Perez,molly.perez.1221@example.com,Palau,None,2019-02-05 12:36:33
G001222,Cynthia,Chen,cynthia.chen.1222@example.com,Austria,Gold,2021-08-04 22:17:49
G001223,Alice,Flores,alice.flores.1223@example.com,Mongolia,Gold,2020-04-09 17:29:40
G001224,Mark,Wolfe,mark.wolfe.1224@example.com,Cape Verde,None,2019-06-06 23:01:48
G001225,Emily,Osborn,emily.osborn.1225@example.com,Kiribati,Silver,2023-11-23 06:06:38
G001226,William,Walker,william.walker.1226@example.com,French Guiana,Gold,2022-05-10 02:48:34
G001227,Earl,Rogers,earl.rogers.1227@example.com,Lebanon,None,2023-11-11 09:41:55
G001228,Julie,Kelley,julie.kelley.1228@example.com,Estonia,None,2019-09-22 07:56:56
G001229,Raymond,Hamilton,raymond.hamilton.1229@example.com,Qatar,None,2020-02-10 01:28:38
G001230,Kathleen,Castillo,kathleen.castillo.1230@example.com,Congo,Platinum,2023-02-24 17:33:36
G001231,Randall,Duncan,randall.duncan.1231@example.com,Monaco,Silver,2023-06-17 18:44:53
G001232,John,Jones,john.jones.1232@example.com,Singapore,None,2022-08-29 04:01:31
G001233,Marcus,Glass,marcus.glass.1233@example.com,Benin,Gold,2019-12-16 14:50:06
G001234,Emily,Henderson,emily.henderson.1234@example.com,Guernsey,None,2020-08-14 19:56:40
G001235,Malik,Wheeler,malik.wheeler.1235@example.com,Anguilla,None,2021-08-05 00:56:27
G001236,Gary,Bailey,gary.bailey.1236@example.com,Swaziland,None,2022-10-05 21:34:30
G001237,Cindy,Alexander,cindy.alexander.1237@example.com,Uzbekistan,Silver,2020-12-26 10:14:47
G001238,James,Brooks,james.brooks.1238@example.com,Saudi Arabia,Silver,2019-09-24 14:47:18
G001239,Daniel,Brown,daniel.brown.1239@example.com,Yemen,None,2020-04-03 19:36:02
G001240,Misty,Wilkins,misty.wilkins.1240@example.com,American Samoa,Gold,2021-12-02 12:10:07
G001241,Heather,Rodriguez,heather.rodriguez.1241@example.com,Korea,None,2023-01-03 22:29:45
G001242,Andrew,Clark,andrew.clark.1242@example.com,Mauritania,Silver,2020-10-20 06:34:07
G001243,James,Mills,james.mills.1243@example.com,Eritrea,Silver,2023-09-02 01:29:52
G001244,Timothy,Blair,timothy.blair.1244@example.com,Cambodia,Silver,2019-02-27 03:08:49
G001245,Nicholas,Escobar,nicholas.escobar.1245@example.com,Malta,Silver,2019-05-16 02:15:12
G001246,Jonathan,Brown,jonathan.brown.1246@example.com,Cook Islands,None,2021-04-22 20:12:40
G001247,Brian,Pena,brian.pena.1247@example.com,Algeria,None,2019-07-26 21:53:29
G001248,Paul,Nelson,paul.nelson.1248@example.com,Timor-Leste,None,2022-01-24 03:53:09
G001249,Michelle,Smith,michelle.smith.1249@example.com,Trinidad and Tobago,Silver,2022-04-15 21:15:38
G001250,Jerry,James,jerry.james.1250@example.com,Russian Federation,None,2019-11-06 10:59:27
G001251,Rebecca,Washington,rebecca.washington.1251@example.com,Nepal,Silver,2023-07-10 12:02:05
G001252,Christopher,Gonzalez,christopher.gonzalez.1252@example.com,Kuwait,Silver,2023-10-08 23:53:35
G001253,Sara,Smith,sara.smith.1253@example.com,Egypt,None,2023-07-03 20:04:15
G001254,Kevin,Burns,kevin.burns.1254@example.com,Samoa,Platinum,2020-05-02 19:09:36
G001255,Andrew,Sutton,andrew.sutton.1255@example.com,Guinea,Silver,2021-07-28 07:04:35
G001256,Joel,Good,joel.good.1256@example.com,Macao,Gold,2021-05-07 02:58:30
G001257,Lisa,Garrett,lisa.garrett.1257@example.com,Turkey,Silver,2022-04-17 21:31:52
G001258,Pamela,Briggs,pamela.briggs.1258@example.com,Antarctica (the territory South of 60 deg S),None,2023-09-21 03:16:36
G001259,Stacy,Perez,stacy.perez.1259@example.com,Guam,Gold,2022-05-05 12:45:54
G001260,Diane,Miller,diane.miller.1260@example.com,Hong Kong,None,2023-06-06 19:32:11
G001261,Susan,Salazar,susan.salazar.1261@example.com,Niue,None,2020-12-07 14:15:32
G001262,Robert,Berry,robert.berry.1262@example.com,Japan,None,2021-08-28 12:56:49
G001263,Renee,Murphy,renee.murphy.1263@example.com,Mauritius,Silver,2020-02-14 09:38:32
G001264,Jamie,Taylor,jamie.taylor.1264@example.com,Mauritius,None,2020-09-20 13:20:38
G001265,Michelle,Parker,michelle.parker.1265@example.com,Romania,None,2023-06-16 09:46:03
G001266,Renee,Jordan,renee.jordan.1266@example.com,United States of America,None,2020-03-26 23:20:49
G001267,Diana,Cunningham,diana.cunningham.1267@example.com,Cayman Islands,Silver,2021-09-13 10:14:00
G001268,Carlos,Patel,carlos.patel.1268@example.com,Saint Helena,None,2020-01-03 19:35:47
G001269,Jack,Franco,jack.franco.1269@example.com,Cameroon,Silver,2019-04-02 14:26:15
G001270,Kathy,Beard,kathy.beard.1270@example.com,Isle of Man,Gold,2022-07-01 17:09:14
G001271,Kevin,Reese,kevin.reese.1271@example.com,Swaziland,None,2021-04-30 15:43:18
G001272,Edwin,Lopez,edwin.lopez.1272@example.com,Bulgaria,None,2020-07-27 23:41:50
G001273,Anthony,Odom,anthony.odom.1273@example.com,Nicaragua,None,2021-04-09 02:43:06
G001274,Catherine,Salazar,catherine.salazar.1274@example.com,Nepal,Silver,2020-12-22 08:47:05
G001275,Jerry,Johnson,jerry.johnson.1275@example.com,Belgium,Gold,2023-01-20 18:02:14
G001276,Dennis,Mathis,dennis.mathis.1276@example.com,Latvia,Silver,2022-03-07 20:26:02
G001277,Jack,Hughes,jack.hughes.1277@example.com,Lebanon,Platinum,2020-03-03 05:41:31
G001278,Frank,Perez,frank.perez.1278@example.com,Ireland,None,2019-02-16 15:32:38
G001279,Sara,Clements,sara.clements.1279@example.com,Cyprus,None,2020-09-22 04:22:03
G001280,Katherine,Jones,katherine.jones.1280@example.com,Vanuatu,None,2022-09-26 19:28:43
G001281,Michelle,Burns,michelle.burns.1281@example.com,Greece,Silver,2022-11-22 13:01:21
G001282,Paige,Patterson,paige.patterson.1282@example.com,Singapore,Platinum,2019-05-10 22:47:35
G001283,Cathy,Holloway,cathy.holloway.1283@example.com,Saint Helena,None,2021-08-30 03:19:40
G001284,Phillip,Crosby,phillip.crosby.1284@example.com,Montserrat,None,2023-07-24 18:56:29
G001285,Alicia,Liu,alicia.liu.1285@example.com,Solomon Islands,Gold,2019-04-30 15:39:39
G001286,Abigail,Hayes,abigail.hayes.1286@example.com,Sweden,Gold,2019-05-12 18:45:35
G001287,Natalie,Sanchez,natalie.sanchez.1287@example.com,Mauritania,None,2022-05-14 02:54:30
G001288,Tonya,Williams,tonya.williams.1288@example.com,Iceland,None,2023-05-23 13:11:41
G001289,Kathy,Estes,kathy.estes.1289@example.com,Comoros,None,2021-06-23 15:54:25
G001290,Scott,Wilkerson,scott.wilkerson.1290@example.com,Singapore,Gold,2021-06-07 07:20:13
G001291,Steven,Henderson,steven.henderson.1291@example.com,New Zealand,None,2019-06-19 11:17:38
G001292,Hannah,Mckee,hannah.mckee.1292@example.com,Kyrgyz Republic,None,2022-11-04 09:03:03
G001293,Christopher,Mason,christopher.mason.1293@example.com,Cocos (Keeling) Islands,Silver,2023-12-24 22:08:44
G001294,Sharon,Horton,sharon.horton.1294@example.com,Burkina Faso,None,2022-05-06 05:10:43
G001295,Robert,Hayes,robert.hayes.1295@example.com,Christmas Island,Gold,2022-11-10 12:53:14
G001296,Brittany,Marquez,brittany.marquez.1296@example.com,Cook Islands,None,2022-11-13 15:38:14
G001297,Christopher,Nguyen,christopher.nguyen.1297@example.com,Pakistan,Silver,2020-05-24 12:16:50
G001298,Jennifer,Martinez,jennifer.martinez.1298@example.com,Brazil,None,2022-10-28 05:34:29
G001299,Cynthia,Miller,cynthia.miller.1299@example.com,Russian Federation,Gold,2022-04-08 07:37:49
G001300,Jessica,Hester,jessica.hester.1300@example.com,New Zealand,None,2020-05-11 18:59:00
G001301,Nicholas,James,nicholas.james.1301@example.com,Seychelles,None,2020-06-14 22:06:27
G001302,Rhonda,Cunningham,rhonda.cunningham.1302@example.com,Palestinian Territory,None,2020-04-11 07:30:07
G001303,Fernando,Thomas,fernando.thomas.1303@example.com,Seychelles,Platinum,2019-06-09 09:59:15
G001304,Robert,Collins,robert.collins.1304@example.com,Seychelles,None,2022-10-18 11:25:32
G001305,Keith,White,keith.white.1305@example.com,United Arab Emirates,None,2020-02-13 18:38:49
G001306,Susan,Smith,susan.smith.1306@example.com,Serbia,Silver,2021-02-25 09:19:20
G001307,Alexander,Jimenez,alexander.jimenez.1307@example.com,Luxembourg,None,2023-08-16 14:23:00
G001308,Lindsey,Franklin,lindsey.franklin.1308@example.com,Lithuania,Gold,2021-01-09 01:29:44
G001309,Jay,Keller,jay.keller.1309@example.com,Korea,None,2022-06-28 07:06:09
G001310,Scott,Burke,scott.burke.1310@example.com,Albania,None,2021-01-30 07:08:10
G001311,Nicole,Ramirez,nicole.ramirez.1311@example.com,Niue,None,2023-09-29 05:50:24
G001312,Lori,Clark,lori.clark.1312@example.com,Colombia,None,2020-04-05 14:46:53
G001313,Brian,Bailey,brian.bailey.1313@example.com,Cameroon,Platinum,2019-04-11 18:18:42
G001314,Elizabeth,Massey,elizabeth.massey.1314@example.com,French Southern Territories,None,2021-10-25 17:25:54
G001315,Samantha,Williams,samantha.williams.1315@example.com,Israel,None,2020-07-07 19:09:49
G001316,Evan,Mitchell,evan.mitchell.1316@example.com,Panama,None,2023-11-14 00:28:57
G001317,Kristin,Thompson,kristin.thompson.1317@example.com,Korea,None,2023-12-04 18:51:20
G001318,Michael,Johnson,michael.johnson.1318@example.com,Seychelles,None,2021-07-18 21:00:51
G001319,Marcus,Merritt,marcus.merritt.1319@example.com,Svalbard & Jan Mayen Islands,None,2019-07-30 05:35:35
G001320,Katherine,Bridges,katherine.bridges.1320@example.com,Bahrain,Silver,2021-06-28 19:11:23
G001321,Thomas,Martinez,thomas.martinez.1321@example.com,Tokelau,None,2021-05-02 14:07:46
G001322,Mark,Gutierrez,mark.gutierrez.1322@example.com,Cote d'Ivoire,None,2020-10-11 11:58:15
G001323,Cheryl,Rodriguez,cheryl.rodriguez.1323@example.com,Saint Lucia,None,2023-07-02 09:07:06
G001324,Vanessa,Webb,vanessa.webb.1324@example.com,Portugal,Silver,2021-06-11 06:14:15
G001325,Ronald,Abbott,ronald.abbott.1325@example.com,Eritrea,Gold,2023-06-21 08:00:32
G001326,Barbara,Hanson,barbara.hanson.1326@example.com,Vanuatu,Silver,2020-02-08 00:06:45
G001327,Christina,Crawford,christina.crawford.1327@example.com,Saint Lucia,None,2023-03-27 10:16:02
G001328,Travis,White,travis.white.1328@example.com,New Zealand,Silver,2020-12-24 00:58:59
G001329,Jeanette,Krause,jeanette.krause.1329@example.com,Afghanistan,Gold,2020-01-03 06:09:47
G001330,Andrew,Garrett,andrew.garrett.1330@example.com,British Indian Ocean Territory (Chagos Archipelago),None,2020-10-06 03:42:27
G001331,Lauren,Duarte,lauren.duarte.1331@example.com,Isle of Man,Silver,2019-05-22 08:08:37
G001332,Matthew,Castro,matthew.castro.1332@example.com,Northern Mariana Islands,None,2020-10-21 17:03:50
G001333,Alex,Harris,alex.harris.1333@example.com,Finland,Silver,2021-03-01 10:44:42
G001334,Kristy,Parker,kristy.parker.1334@example.com,Madagascar,Silver,2023-09-05 18:29:43
G001335,Mario,Smith,mario.smith.1335@example.com,Poland,None,2021-11-01 11:22:25
G001336,Matthew,Ramsey,matthew.ramsey.1336@example.com,Nicaragua,None,2019-04-01 11:08:57
G001337,Marilyn,Lee,marilyn.lee.1337@example.com,Syrian Arab Republic,Gold,2021-11-15 22:23:52
G001338,Sandra,Mendoza,sandra.mendoza.1338@example.com,Lebanon,Silver,2019-04-21 11:24:55
G001339,Debbie,Olson,debbie.olson.1339@example.com,Niue,None,2022-12-02 02:09:44
G001340,Patricia,Herrera,patricia.herrera.1340@example.com,Grenada,None,2022-12-07 20:16:04
G001341,Kristen,Gutierrez,kristen.gutierrez.1341@example.com,Samoa,None,2019-06-24 01:19:26
G001342,Mary,Evans,mary.evans.1342@example.com,Saint Kitts and Nevis,Silver,2021-09-07 05:35:48
G001343,Angela,Smith,angela.smith.1343@example.com,Morocco,None,2021-10-27 14:46:58
G001344,Lauren,Barron,lauren.barron.1344@example.com,Guinea,Platinum,2019-07-25 17:12:07
G001345,Tara,Ramirez,tara.ramirez.1345@example.com,Antarctica (the territory South of 60 deg S),None,2021-11-19 17:02:12
G001346,Tonya,Sims,tonya.sims.1346@example.com,Tajikistan,None,2020-05-30 15:34:54
G001347,Ashley,Price,ashley.price.1347@example.com,Nepal,None,2019-12-30 00:34:02
G001348,Michelle,Walton,michelle.walton.1348@example.com,Romania,None,2021-09-04 02:46:28
G001349,Jennifer,Nelson,jennifer.nelson.1349@example.com,Benin,None,2023-03-25 07:03:53
G001350,Natalie,Watson,natalie.watson.1350@example.com,Switzerland,None,2021-07-29 05:37:54
G001351,Javier,Turner,javier.turner.1351@example.com,Bouvet Island (Bouvetoya),None,2022-03-08 15:32:39
G001352,Kristen,Strickland,kristen.strickland.1352@example.com,United States Minor Outlying Islands,None,2019-10-15 17:03:49
G001353,Scott,Johnson,scott.johnson.1353@example.com,Liberia,None,2023-04-03 14:45:06
G001354,Eric,Peterson,eric.peterson.1354@example.com,Liberia,None,2023-06-15 20:31:50
G001355,Lance,Murphy,lance.murphy.1355@example.com,Seychelles,Platinum,2019-11-02 06:10:02
G001356,Lynn,Hurley,lynn.hurley.1356@example.com,Philippines,None,2020-02-17 08:06:31
G001357,Jamie,Johnson,jamie.johnson.1357@example.com,Iceland,None,2023-06-11 20:51:25
G001358,Darrell,Collins,darrell.collins.1358@example.com,Aruba,Silver,2019-09-28 12:50:57
G001359,Mathew,Small,mathew.small.1359@example.com,Bosnia and Herzegovina,Gold,2023-06-06 09:05:14
G001360,Katie,Reese,katie.reese.1360@example.com,Angola,None,2023-11-30 09:58:56
G001361,Katherine,Fowler,katherine.fowler.1361@example.com,Cote d'Ivoire,Gold,2021-09-23 22:34:28
G001362,James,Mitchell,james.mitchell.1362@example.com,Martinique,Silver,2021-09-18 13:31:59
G001363,Kendra,Lambert,kendra.lambert.1363@example.com,Faroe Islands,None,2020-04-08 22:09:37
G001364,Eric,Wilson,eric.wilson.1364@example.com,Nigeria,Silver,2023-10-05 16:43:17
G001365,Willie,Clark,willie.clark.1365@example.com,Guernsey,Silver,2023-09-03 19:40:21
G001366,Lucas,Thomas,lucas.thomas.1366@example.com,Romania,Platinum,2021-05-30 01:58:13
G001367,Audrey,Jackson,audrey.jackson.1367@example.com,Georgia,None,2021-11-18 10:12:09
G001368,Amber,Williams,amber.williams.1368@example.com,Antarctica (the territory South of 60 deg S),None,2023-01-02 12:35:18
G001369,Rebecca,Williams,rebecca.williams.1369@example.com,Hungary,None,2019-06-17 03:36:34
G001370,Christopher,Myers,christopher.myers.1370@example.com,Romania,None,2022-10-17 03:57:40
G001371,Christina,Edwards,christina.edwards.1371@example.com,Svalbard & Jan Mayen Islands,Silver,2020-09-07 14:55:16
G001372,Jennifer,Lambert,jennifer.lambert.1372@example.com,Martinique,Platinum,2019-09-02 00:47:05
G001373,Terri,Campos,terri.campos.1373@example.com,Lao People's Democratic Republic,Gold,2023-10-31 01:26:20
G001374,David,Hess,david.hess.1374@example.com,Uruguay,Platinum,2022-12-25 21:10:56
G001375,Colton,Collins,colton.collins.1375@example.com,Norway,Platinum,2022-12-16 22:28:58
G001376,Thomas,Meza,thomas.meza.1376@example.com,Cambodia,Silver,2021-03-12 17:48:30
G001377,Roberta,Myers,roberta.myers.1377@example.com,Reunion,Silver,2021-10-23 07:02:15
G001378,Kristina,Khan,kristina.khan.1378@example.com,Korea,Silver,2023-02-23 15:08:12
G001379,Anthony,Alvarez,anthony.alvarez.1379@example.com,Guernsey,None,2023-01-27 02:53:10
G001380,Steven,Jackson,steven.jackson.1380@example.com,Seychelles,None,2021-12-19 02:39:04
G001381,Cassandra,Anderson,cassandra.anderson.1381@example.com,Bosnia and Herzegovina,None,2022-06-14 10:08:20
G001382,Lisa,Robles,lisa.robles.1382@example.com,Greece,Silver,2023-09-24 21:32:21
G001383,Debra,Sparks,debra.sparks.1383@example.com,Martinique,Silver,2022-12-03 04:46:35
G001384,Richard,Gutierrez,richard.gutierrez.1384@example.com,Niger,None,2021-01-27 02:55:20
G001385,Amy,Dickson,amy.dickson.1385@example.com,Hungary,None,2019-07-25 05:47:08
G001386,Matthew,Cervantes,matthew.cervantes.1386@example.com,Nauru,None,2022-09-01 12:45:43
G001387,Kristen,Graham,kristen.graham.1387@example.com,Solomon Islands,Platinum,2021-11-29 04:20:37
G001388,Amy,Young,amy.young.1388@example.com,Panama,Gold,2019-08-31 00:13:39
G001389,Jodi,Joseph,jodi.joseph.1389@example.com,Taiwan,None,2023-02-20 21:47:08
G001390,Danny,Carlson,danny.carlson.1390@example.com,Greece,None,2023-09-21 14:20:21
G001391,Connor,Wallace,connor.wallace.1391@example.com,Gambia,None,2022-06-14 18:10:17
G001392,Chad,Rodriguez,chad.rodriguez.1392@example.com,Suriname,Silver,2022-03-23 05:39:11
G001393,Mark,Newman,mark.newman.1393@example.com,Bahamas,None,2019-10-09 06:37:49
G001394,Jeff,Taylor,jeff.taylor.1394@example.com,Mozambique,Platinum,2019-01-01 13:44:42
G001395,Katherine,Guerrero,katherine.guerrero.1395@example.com,Korea,None,2023-07-09 13:18:19
G001396,Kelly,Gilbert,kelly.gilbert.1396@example.com,Kiribati,Gold,2020-08-30 21:57:38
G001397,Jamie,Rich,jamie.rich.1397@example.com,French Southern Territories,None,2023-11-07 18:53:27
G001398,Laura,Frazier,laura.frazier.1398@example.com,Uruguay,None,2022-09-12 15:35:48
G001399,Jennifer,Herman,jennifer.herman.1399@example.com,Benin,Silver,2023-12-16 11:16:22
G001400,Alan,Downs,alan.downs.1400@example.com,Iraq,None,2020-02-01 07:14:31
G001401,Melissa,Brown,melissa.brown.1401@example.com,United Arab Emirates,None,2023-09-02 07:50:30
G001402,Tammy,Smith,tammy.smith.1402@example.com,Monaco,None,2022-01-21 03:13:16
G001403,Daniel,Campbell,daniel.campbell.1403@example.com,Antarctica (the territory South of 60 deg S),Silver,2020-12-31 20:51:11
G001404,Ryan,Lawrence,ryan.lawrence.1404@example.com,Niue,None,2021-09-15 09:17:28
G001405,Jennifer,Sullivan,jennifer.sullivan.1405@example.com,Jordan,None,2023-08-21 15:00:11
G001406,Jason,Thompson,jason.thompson.1406@example.com,Burundi,None,2020-08-07 19:12:36
G001407,Angela,Bridges,angela.bridges.1407@example.com,Guyana,None,2022-07-20 07:20:00
G001408,Eric,Bright,eric.bright.1408@example.com,Paraguay,Silver,2020-01-26 01:37:24
G001409,Dennis,Jones,dennis.jones.1409@example.com,Andorra,None,2020-03-23 09:06:40
G001410,Jennifer,Tucker,jennifer.tucker.1410@example.com,Jordan,Gold,2020-02-26 20:10:24
G001411,Christopher,May,christopher.may.1411@example.com,Israel,Silver,2022-11-17 19:57:38
G001412,Patricia,Dominguez,patricia.dominguez.1412@example.com,Venezuela,Silver,2022-08-15 14:48:13
G001413,Cindy,Gibson,cindy.gibson.1413@example.com,Jamaica,Gold,2023-09-12 03:50:01
G001414,Lori,Cruz,lori.cruz.1414@example.com,Czech Republic,None,2020-07-31 05:35:01
G001415,Roger,Smith,roger.smith.1415@example.com,Luxembourg,Silver,2021-01-05 13:21:24
G001416,Jennifer,Adams,jennifer.adams.1416@example.com,Vanuatu,Gold,2023-08-24 21:06:28
G001417,Barbara,Johnson,barbara.johnson.1417@example.com,Argentina,Gold,2023-11-01 04:18:10
G001418,Timothy,Richardson,timothy.richardson.1418@example.com,Mozambique,Silver,2023-02-05 01:41:45
G001419,Suzanne,Miller,suzanne.miller.1419@example.com,Saint Lucia,None,2023-06-24 11:49:44
G001420,Tonya,Terrell,tonya.terrell.1420@example.com,Slovakia (Slovak Republic),None,2021-05-18 03:05:34
G001421,Steven,Miller,steven.miller.1421@example.com,Tuvalu,Platinum,2019-10-02 19:02:16
G001422,John,Mccoy,john.mccoy.1422@example.com,Panama,None,2019-08-31 14:12:34
G001423,Gabriella,Ryan,gabriella.ryan.1423@example.com,Mozambique,Platinum,2021-08-28 21:40:05
G001424,Chloe,Berger,chloe.berger.1424@example.com,Martinique,Silver,2019-02-03 12:04:06
G001425,Taylor,Hunt,taylor.hunt.1425@example.com,Latvia,None,2023-11-19 05:57:16
G001426,Jessica,Fisher,jessica.fisher.1426@example.com,South Georgia and the South Sandwich Islands,None,2021-07-04 08:18:22
G001427,Keith,Johnson,keith.johnson.1427@example.com,Uzbekistan,None,2021-08-02 17:09:54
G001428,Jessica,Elliott,jessica.elliott.1428@example.com,Bahamas,Platinum,2023-01-10 01:24:23
G001429,Belinda,Berry,belinda.berry.1429@example.com,Palestinian Territory,None,2021-06-25 10:41:45
G001430,Lisa,Weber,lisa.weber.1430@example.com,France,Silver,2023-02-15 02:20:22
G001431,Christopher,Wagner,christopher.wagner.1431@example.com,Thailand,Silver,2021-05-13 05:54:28
G001432,Johnathan,Gilbert,johnathan.gilbert.1432@example.com,Falkland Islands (Malvinas),None,2021-03-09 08:00:27
G001433,Alexis,Rodriguez,alexis.rodriguez.1433@example.com,China,Silver,2020-04-14 13:29:16
G001434,Donna,Wood,donna.wood.1434@example.com,China,Silver,2021-03-22 16:24:16
G001435,Kimberly,Young,kimberly.young.1435@example.com,Cocos (Keeling) Islands,Silver,2023-06-27 12:57:46
G001436,Michelle,Cooper,michelle.cooper.1436@example.com,Belize,None,2020-03-26 17:13:19
G001437,Caitlin,Underwood,caitlin.underwood.1437@example.com,Taiwan,Silver,2023-03-21 20:35:01
G001438,Karen,Gutierrez,karen.gutierrez.1438@example.com,Hungary,Gold,2021-01-09 06:38:48
G001439,Donna,Barber,donna.barber.1439@example.com,Chad,None,2020-10-17 02:37:06
G001440,Becky,Wilkinson,becky.wilkinson.1440@example.com,Austria,Gold,2021-04-01 10:45:24
G001441,Karla,Wilson,karla.wilson.1441@example.com,Chad,None,2022-12-12 15:27:39
G001442,Raymond,Turner,raymond.turner.1442@example.com,San Marino,Gold,2023-07-13 11:37:52
G001443,Jesus,Vega,jesus.vega.1443@example.com,Iceland,None,2023-01-14 11:57:50
G001444,Jose,Moreno,jose.moreno.1444@example.com,Jordan,Platinum,2019-02-06 20:34:20
G001445,Keith,Salinas,keith.salinas.1445@example.com,Hong Kong,Gold,2021-09-07 19:26:59
G001446,Suzanne,Vega,suzanne.vega.1446@example.com,Armenia,None,2019-10-30 12:00:34
G001447,Samantha,Walsh,samantha.walsh.1447@example.com,Zimbabwe,None,2022-09-03 12:17:19
G001448,Cheryl,Pearson,cheryl.pearson.1448@example.com,Faroe Islands,Silver,2021-11-06 16:58:48
G001449,Joseph,Lang,joseph.lang.1449@example.com,Equatorial Guinea,Silver,2023-12-20 23:22:55
G001450,Peter,Mejia,peter.mejia.1450@example.com,San Marino,None,2021-01-21 05:41:19
G001451,Jessica,Chapman,jessica.chapman.1451@example.com,Congo,Gold,2023-06-04 10:27:18
G001452,Matthew,Vaughn,matthew.vaughn.1452@example.com,Cocos (Keeling) Islands,Silver,2021-08-31 07:05:29
G001453,Amy,Chambers,amy.chambers.1453@example.com,Switzerland,Silver,2019-07-31 02:51:55
G001454,Alexander,Davis,alexander.davis.1454@example.com,Bosnia and Herzegovina,None,2022-10-17 11:51:38
G001455,Michael,Hardy,michael.hardy.1455@example.com,El Salvador,None,2020-08-22 21:03:13
G001456,Austin,Harvey,austin.harvey.1456@example.com,Azerbaijan,Gold,2020-11-04 15:37:20
G001457,Stephanie,Little,stephanie.little.1457@example.com,Russian Federation,None,2020-01-08 18:08:31
G001458,Christopher,Jacobs,christopher.jacobs.1458@example.com,Honduras,None,2023-10-25 17:08:57
G001459,Linda,Lopez,linda.lopez.1459@example.com,Bouvet Island (Bouvetoya),Silver,2020-07-26 11:38:41
G001460,Jon,Owens,jon.owens.1460@example.com,Vietnam,None,2019-08-24 05:39:29
G001461,Danielle,Livingston,danielle.livingston.1461@example.com,Falkland Islands (Malvinas),None,2022-08-19 14:11:22
G001462,Heather,Contreras,heather.contreras.1462@example.com,Sierra Leone,None,2021-10-01 18:45:34
G001463,Jonathan,Norman,jonathan.norman.1463@example.com,Falkland Islands (Malvinas),None,2019-07-13 19:56:24
G001464,Patrick,Cook,patrick.cook.1464@example.com,Bahamas,None,2021-03-13 07:39:56
G001465,Stephanie,Baker,stephanie.baker.1465@example.com,Kazakhstan,Gold,2019-08-04 14:43:32
G001466,Travis,Mcfarland,travis.mcfarland.1466@example.com,New Zealand,None,2022-05-04 20:56:46
G001467,Gregory,Vasquez,gregory.vasquez.1467@example.com,Cambodia,Platinum,2023-08-07 16:27:18
G001468,Kayla,Robinson,kayla.robinson.1468@example.com,Norway,None,2019-11-27 02:33:08
G001469,Rita,Baldwin,rita.baldwin.1469@example.com,Bosnia and Herzegovina,None,2019-04-19 07:25:00
G001470,Charles,Duncan,charles.duncan.1470@example.com,El Salvador,Gold,2022-10-17 07:22:33
G001471,Andrew,Jimenez,andrew.jimenez.1471@example.com,Palau,Silver,2019-01-03 16:41:44
G001472,Sarah,Ortega,sarah.ortega.1472@example.com,Ethiopia,None,2020-04-16 00:40:21
G001473,Isabel,Conway,isabel.conway.1473@example.com,Morocco,None,2019-01-12 12:10:18
G001474,Zachary,Case,zachary.case.1474@example.com,Liechtenstein,None,2023-01-25 12:39:35
G001475,Ryan,Anthony,ryan.anthony.1475@example.com,Slovakia (Slovak Republic),None,2019-08-06 19:00:41
G001476,Amber,Smith,amber.smith.1476@example.com,Zimbabwe,None,2023-02-06 17:28:18
G001477,David,Nichols,david.nichols.1477@example.com,Guinea-Bissau,None,2021-11-01 23:04:01
G001478,Evelyn,Morales,evelyn.morales.1478@example.com,Norfolk Island,Platinum,2019-10-09 16:37:10
G001479,Michael,Castaneda,michael.castaneda.1479@example.com,Guam,Gold,2019-09-07 23:17:33
G001480,Maureen,Hodges,maureen.hodges.1480@example.com,French Guiana,None,2020-09-23 01:45:36
G001481,Gregory,Williams,gregory.williams.1481@example.com,Hungary,Platinum,2020-08-16 10:13:40
G001482,Kent,Price,kent.price.1482@example.com,Botswana,Gold,2022-01-21 04:27:02
G001483,Tom,Mcclure,tom.mcclure.1483@example.com,Kazakhstan,Gold,2020-08-11 15:29:49
G001484,Donald,Lee,donald.lee.1484@example.com,Saint Helena,Platinum,2021-01-10 22:44:24
G001485,Tracy,Brown,tracy.brown.1485@example.com,Mauritius,Silver,2021-08-14 02:04:39
G001486,Victor,Hanna,victor.hanna.1486@example.com,Sudan,None,2022-10-27 22:46:42
G001487,Tammy,Smith,tammy.smith.1487@example.com,Guadeloupe,None,2019-06-24 03:43:22
G001488,Matthew,Le,matthew.le.1488@example.com,Iraq,Platinum,2020-01-03 04:40:11
G001489,Jason,Valdez,jason.valdez.1489@example.com,Mali,None,2022-11-25 02:34:16
G001490,Shelby,Berg,shelby.berg.1490@example.com,Mauritania,Gold,2020-04-07 18:47:14
G001491,Joyce,Hall,joyce.hall.1491@example.com,Barbados,None,2019-04-25 13:47:53
G001492,Jill,Burns,jill.burns.1492@example.com,Andorra,None,2023-01-04 00:40:56
G001493,Rebecca,Montgomery,rebecca.montgomery.1493@example.com,Ecuador,None,2020-02-10 13:35:56
G001494,Alexis,Chen,alexis.chen.1494@example.com,United Kingdom,None,2021-08-12 20:43:57
G001495,Lori,Davis,lori.davis.1495@example.com,New Zealand,None,2020-06-14 07:31:23
G001496,Mary,Brown,mary.brown.1496@example.com,Svalbard & Jan Mayen Islands,Silver,2019-11-27 08:37:44
G001497,Danny,Larson,danny.larson.1497@example.com,Nicaragua,None,2020-11-16 07:04:47
G001498,Bryan,Harris,bryan.harris.1498@example.com,Guadeloupe,None,2022-06-02 23:56:04
G001499,Mark,Daugherty,mark.daugherty.1499@example.com,Morocco,Silver,2023-08-24 00:07:15
G001500,Derrick,Copeland,derrick.copeland.1500@example.com,South Africa,Gold,2020-10-24 11:43:04
G001501,Kathryn,Watkins,kathryn.watkins.1501@example.com,Grenada,Silver,2019-07-16 10:09:57
G001502,David,Thomas,david.thomas.1502@example.com,Israel,None,2020-06-06 02:46:46
G001503,Heather,Tran,heather.tran.1503@example.com,Kazakhstan,None,2021-01-26 23:27:30
G001504,Sara,Williams,sara.williams.1504@example.com,Bolivia,None,2022-03-14 14:21:50
G001505,Kimberly,Smith,kimberly.smith.1505@example.com,Libyan Arab Jamahiriya,None,2019-09-08 19:06:50
G001506,Adam,White,adam.white.1506@example.com,Benin,None,2021-05-31 12:33:27
G001507,Robert,Aguirre,robert.aguirre.1507@example.com,Sierra Leone,None,2023-01-18 22:03:44
G001508,Heather,Harris,heather.harris.1508@example.com,Northern Mariana Islands,None,2021-04-21 19:28:38
G001509,Alexandra,Jenkins,alexandra.jenkins.1509@example.com,Wallis and Futuna,None,2020-06-26 07:18:42
G001510,Cheryl,Johnson,cheryl.johnson.1510@example.com,Cocos (Keeling) Islands,None,2023-04-03 02:19:24
G001511,Cheryl,Miller,cheryl.miller.1511@example.com,Sweden,Silver,2021-07-24 19:04:56
G001512,Michael,Smith,michael.smith.1512@example.com,Dominica,None,2020-08-19 05:18:53
G001513,David,Moreno,david.moreno.1513@example.com,Bhutan,None,2022-01-29 09:19:01
G001514,Michelle,Hatfield,michelle.hatfield.1514@example.com,Madagascar,None,2020-11-12 06:24:48
G001515,Steven,Sims,steven.sims.1515@example.com,Cote d'Ivoire,None,2021-05-08 19:51:37
G001516,Brian,Rodriguez,brian.rodriguez.1516@example.com,Canada,Silver,2023-01-13 22:47:06
G001517,Tyler,Moore,tyler.moore.1517@example.com,Uzbekistan,Gold,2019-05-14 22:55:56
G001518,Brian,Diaz,brian.diaz.1518@example.com,Cote d'Ivoire,Silver,2022-09-12 11:28:01
G001519,John,Jensen,john.jensen.1519@example.com,Tuvalu,Silver,2022-11-08 21:08:11
G001520,Bradley,Yang,bradley.yang.1520@example.com,Uzbekistan,None,2023-07-28 12:30:49
G001521,Gregory,Floyd,gregory.floyd.1521@example.com,Libyan Arab Jamahiriya,None,2023-05-19 18:00:14
G001522,Darren,Jacobson,darren.jacobson.1522@example.com,Saint Helena,None,2022-10-14 00:14:58
G001523,Brittany,Nguyen,brittany.nguyen.1523@example.com,Congo,Platinum,2021-10-08 20:49:50
G001524,Jerry,Rodriguez,jerry.rodriguez.1524@example.com,Denmark,Silver,2019-11-01 16:11:31
G001525,Joel,Gutierrez,joel.gutierrez.1525@example.com,Cook Islands,None,2022-03-12 17:43:27
G001526,Patricia,Jones,patricia.jones.1526@example.com,Myanmar,None,2023-02-14 00:03:26
G001527,Brian,Graham,brian.graham.1527@example.com,Cuba,Silver,2022-11-14 14:34:42
G001528,Gregory,Brooks,gregory.brooks.1528@example.com,Kuwait,None,2020-08-26 05:14:24
G001529,Crystal,Cantrell,crystal.cantrell.1529@example.com,Cook Islands,None,2021-11-09 13:52:25
G001530,David,Schwartz,david.schwartz.1530@example.com,Bahamas,None,2021-05-21 19:21:45
G001531,Derek,York,derek.york.1531@example.com,Kuwait,Silver,2022-07-23 09:01:44
G001532,George,Cooper,george.cooper.1532@example.com,Turks and Caicos Islands,Gold,2021-07-06 00:50:15
G001533,Cassandra,Clarke,cassandra.clarke.1533@example.com,Northern Mariana Islands,Silver,2020-06-11 23:18:28
G001534,Belinda,Tran,belinda.tran.1534@example.com,Denmark,None,2019-09-26 15:59:36
G001535,Robert,Boyd,robert.boyd.1535@example.com,Tokelau,Gold,2020-11-03 11:07:49
G001536,Brittany,Hood,brittany.hood.1536@example.com,Fiji,None,2019-02-15 01:29:09
G001537,Jessica,Fitzgerald,jessica.fitzgerald.1537@example.com,Egypt,Platinum,2021-02-08 23:39:06
G001538,Mark,Riley,mark.riley.1538@example.com,Uganda,None,2020-04-07 19:59:09
G001539,Robin,Villanueva,robin.villanueva.1539@example.com,Israel,None,2019-05-18 09:35:43
G001540,Billy,Ruiz,billy.ruiz.1540@example.com,Seychelles,Silver,2023-04-16 13:05:41
G001541,Arthur,Schmidt,arthur.schmidt.1541@example.com,Lesotho,Gold,2019-11-01 11:21:01
G001542,Shaun,Allen,shaun.allen.1542@example.com,Moldova,Silver,2019-02-08 14:19:31
G001543,Heather,Russell,heather.russell.1543@example.com,Cuba,Silver,2020-02-17 07:43:26
G001544,Michael,Allen,michael.allen.1544@example.com,Bermuda,Silver,2019-02-19 11:50:20
G001545,Timothy,Torres,timothy.torres.1545@example.com,Romania,None,2022-11-27 22:36:37
G001546,Michaela,Burgess,michaela.burgess.1546@example.com,Anguilla,Silver,2022-11-14 03:23:16
G001547,Steven,Taylor,steven.taylor.1547@example.com,Romania,None,2022-06-13 09:51:37
G001548,Jackson,Savage,jackson.savage.1548@example.com,Niue,None,2022-12-13 12:24:11
G001549,Jane,Smith,jane.smith.1549@example.com,Niue,None,2019-08-08 15:40:09
G001550,Paul,Vazquez,paul.vazquez.1550@example.com,Marshall Islands,None,2019-04-12 15:20:45
G001551,Kenneth,Mullins,kenneth.mullins.1551@example.com,Qatar,None,2023-08-13 06:53:35
G001552,Barbara,Clark,barbara.clark.1552@example.com,Poland,None,2019-09-09 12:44:36
G001553,Christine,Rogers,christine.rogers.1553@example.com,Venezuela,Gold,2019-06-20 07:03:16
G001554,Zachary,Kent,zachary.kent.1554@example.com,Haiti,Gold,2019-06-10 04:47:05
G001555,Daniel,Diaz,daniel.diaz.1555@example.com,Niger,Silver,2019-05-07 23:48:41
G001556,Michael,Thompson,michael.thompson.1556@example.com,Monaco,Silver,2019-07-28 04:19:23
G001557,Ann,Ayala,ann.ayala.1557@example.com,Burundi,None,2021-11-06 14:10:01
G001558,John,Wilson,john.wilson.1558@example.com,Lesotho,Silver,2023-12-08 08:50:10
G001559,Monica,Warner,monica.warner.1559@example.com,Sao Tome and Principe,Platinum,2020-12-01 09:49:04
G001560,Luke,Hurst,luke.hurst.1560@example.com,Macao,Silver,2022-08-06 23:52:52
G001561,Joshua,Brown,joshua.brown.1561@example.com,Guatemala,None,2022-11-06 14:10:59
G001562,Todd,Rose,todd.rose.1562@example.com,British Virgin Islands,None,2022-12-31 17:57:27
G001563,Jennifer,Gregory,jennifer.gregory.1563@example.com,Martinique,None,2021-06-27 00:48:35
G001564,Shannon,Richardson,shannon.richardson.1564@example.com,Peru,Silver,2019-07-23 21:32:53
G001565,Jacob,Henson,jacob.henson.1565@example.com,Benin,Silver,2019-09-07 01:56:18
G001566,Peter,White,peter.white.1566@example.com,Zimbabwe,Gold,2019-08-28 01:36:26
G001567,Daniel,Hill,daniel.hill.1567@example.com,Qatar,None,2020-04-04 16:15:11
G001568,Tyler,Golden,tyler.golden.1568@example.com,Mali,Gold,2019-03-12 11:54:33
G001569,Kelly,Montes,kelly.montes.1569@example.com,Mauritius,None,2020-02-15 04:40:26
G001570,Thomas,Fisher,thomas.fisher.1570@example.com,Saint Pierre and Miquelon,Silver,2019-03-08 17:50:10
G001571,Kelly,Brown,kelly.brown.1571@example.com,Tunisia,Silver,2020-12-22 19:38:09
G001572,Mary,Stone,mary.stone.1572@example.com,Grenada,None,2022-07-03 01:57:37
G001573,Beth,Rios,beth.rios.1573@example.com,Solomon Islands,None,2021-10-10 19:10:10
G001574,Todd,Wade,todd.wade.1574@example.com,Marshall Islands,None,2023-09-01 00:47:28
G001575,Sean,Torres,sean.torres.1575@example.com,Bulgaria,None,2021-08-10 05:55:26
G001576,George,Green,george.green.1576@example.com,Liberia,None,2022-03-01 11:02:46
G001577,Tara,Carrillo,tara.carrillo.1577@example.com,Australia,Silver,2020-04-05 20:54:28
G001578,Michael,Bryant,michael.bryant.1578@example.com,Chad,Silver,2020-05-14 13:21:45
G001579,Jennifer,Mitchell,jennifer.mitchell.1579@example.com,China,None,2020-04-21 20:39:22
G001580,Evan,Wilson,evan.wilson.1580@example.com,Ghana,Gold,2023-11-20 23:42:06
G001581,David,Green,david.green.1581@example.com,Colombia,Silver,2020-09-29 09:29:32
G001582,Anna,Johnson,anna.johnson.1582@example.com,Ghana,Silver,2021-12-04 07:05:30
G001583,Earl,West,earl.west.1583@example.com,Central African Republic,Silver,2023-07-16 23:18:11
G001584,Kevin,Knapp,kevin.knapp.1584@example.com,Iraq,Silver,2023-04-01 15:13:26
G001585,Kayla,Gould,kayla.gould.1585@example.com,Vanuatu,Platinum,2021-09-21 21:10:47
G001586,Eric,Cordova,eric.cordova.1586@example.com,Mayotte,None,2023-04-26 11:09:34
G001587,Mark,Thornton,mark.thornton.1587@example.com,Lebanon,None,2021-06-19 11:04:50
G001588,Tara,Webster,tara.webster.1588@example.com,Montserrat,Platinum,2020-04-01 23:20:19
G001589,Lauren,Chandler,lauren.chandler.1589@example.com,Uzbekistan,None,2022-10-05 13:46:40
G001590,Matthew,Rodriguez,matthew.rodriguez.1590@example.com,Lesotho,Silver,2019-05-05 12:38:59
G001591,Donald,Pierce,donald.pierce.1591@example.com,Gambia,Silver,2019-03-19 00:53:36
G001592,Richard,Randall,richard.randall.1592@example.com,Kiribati,Silver,2022-01-15 09:11:40
G001593,Christopher,Brown,christopher.brown.1593@example.com,Norway,Gold,2020-08-29 07:25:10
G001594,Brandy,Walker,brandy.walker.1594@example.com,Vietnam,Silver,2021-05-13 11:45:06
G001595,James,Miller,james.miller.1595@example.com,Thailand,Gold,2022-10-15 23:45:43
G001596,Erica,Rosario,erica.rosario.1596@example.com,Malaysia,None,2022-05-10 10:21:22
G001597,James,Stewart,james.stewart.1597@example.com,Netherlands,None,2023-05-09 08:22:04
G001598,Sherry,Kerr,sherry.kerr.1598@example.com,Guyana,Platinum,2022-05-20 04:04:23
G001599,Earl,Nash,earl.nash.1599@example.com,Heard Island and McDonald Islands,None,2022-04-14 14:38:37
G001600,Nathan,Mitchell,nathan.mitchell.1600@example.com,Guernsey,None,2021-08-15 04:30:29
G001601,Tiffany,Sawyer,tiffany.sawyer.1601@example.com,Benin,Platinum,2020-11-01 03:23:47
G001602,Jessica,Wallace,jessica.wallace.1602@example.com,Israel,Platinum,2022-10-06 19:31:01
G001603,Keith,Shaffer,keith.shaffer.1603@example.com,Ukraine,Gold,2022-08-09 19:13:08
G001604,Jessica,Perry,jessica.perry.1604@example.com,Syrian Arab Republic,Silver,2023-12-30 07:19:08
G001605,Carla,Thomas,carla.thomas.1605@example.com,Gabon,Silver,2023-01-14 13:43:11
G001606,Vanessa,Fox,vanessa.fox.1606@example.com,Grenada,None,2019-07-25 09:56:58
G001607,Sarah,Garza,sarah.garza.1607@example.com,Honduras,None,2019-10-02 19:10:55
G001608,Adam,Fowler,adam.fowler.1608@example.com,Faroe Islands,Silver,2022-07-11 20:24:19
G001609,Gregory,Murray,gregory.murray.1609@example.com,Montenegro,Platinum,2020-03-01 10:01:12
G001610,James,Collier,james.collier.1610@example.com,French Guiana,Silver,2023-09-17 19:18:40
G001611,Tracy,Carson,tracy.carson.1611@example.com,Gabon,None,2023-12-24 04:17:24
G001612,Kevin,Hansen,kevin.hansen.1612@example.com,Kyrgyz Republic,Silver,2020-11-28 13:26:28
G001613,Anthony,Smith,anthony.smith.1613@example.com,Estonia,Silver,2021-07-21 14:15:11
G001614,Stephanie,Flowers,stephanie.flowers.1614@example.com,Latvia,Gold,2020-01-21 19:18:09
G001615,Desiree,Stafford,desiree.stafford.1615@example.com,Israel,None,2020-07-11 06:58:07
G001616,Travis,Watts,travis.watts.1616@example.com,Ecuador,None,2019-03-30 08:49:59
G001617,David,Ramirez,david.ramirez.1617@example.com,Bangladesh,Gold,2022-01-28 22:44:39
G001618,Bianca,Cunningham,bianca.cunningham.1618@example.com,Trinidad and Tobago,None,2021-03-12 07:16:40
G001619,Courtney,Alvarez,courtney.alvarez.1619@example.com,Puerto Rico,None,2020-01-07 12:48:21
G001620,Nathaniel,Quinn,nathaniel.quinn.1620@example.com,Andorra,Platinum,2021-03-17 08:29:43
G001621,Francisco,Brown,francisco.brown.1621@example.com,Ghana,None,2022-12-03 09:55:47
G001622,Natalie,Taylor,natalie.taylor.1622@example.com,Central African Republic,Gold,2019-06-14 07:38:23
G001623,Joseph,Barnes,joseph.barnes.1623@example.com,United States Minor Outlying Islands,Silver,2022-01-11 00:06:55
G001624,Brandon,Carter,brandon.carter.1624@example.com,Northern Mariana Islands,Silver,2019-08-27 16:36:44
G001625,Willie,Miranda,willie.miranda.1625@example.com,Cocos (Keeling) Islands,None,2019-10-21 15:04:32
G001626,Carol,Jackson,carol.jackson.1626@example.com,Gibraltar,Gold,2021-09-09 10:21:31
G001627,Margaret,Cohen,margaret.cohen.1627@example.com,Gabon,None,2021-04-23 09:26:52
G001628,Gina,Barker,gina.barker.1628@example.com,Bhutan,Silver,2023-07-19 09:16:03
G001629,Betty,Morrow,betty.morrow.1629@example.com,American Samoa,None,2020-03-01 11:41:26
G001630,April,Watson,april.watson.1630@example.com,Libyan Arab Jamahiriya,None,2022-07-04 00:32:12
G001631,Matthew,Bartlett,matthew.bartlett.1631@example.com,Bosnia and Herzegovina,Silver,2020-11-07 22:01:41
G001632,Eric,Walker,eric.walker.1632@example.com,Comoros,None,2023-10-02 16:21:06
G001633,Christina,Guerra,christina.guerra.1633@example.com,Malta,None,2023-07-12 03:55:39
G001634,Jennifer,Park,jennifer.park.1634@example.com,Spain,Gold,2019-12-21 01:58:32
G001635,Robert,Moon,robert.moon.1635@example.com,Brazil,None,2020-02-12 17:22:43
G001636,Sandra,Mendoza,sandra.mendoza.1636@example.com,Georgia,None,2022-01-31 11:04:18
G001637,Don,Ramos,don.ramos.1637@example.com,Nepal,None,2023-06-14 06:44:12
G001638,Kathryn,Peterson,kathryn.peterson.1638@example.com,Russian Federation,None,2021-08-04 14:54:18
G001639,Anthony,Olsen,anthony.olsen.1639@example.com,Cyprus,None,2020-02-04 21:38:49
G001640,Melissa,Thomas,melissa.thomas.1640@example.com,Denmark,Silver,2021-08-13 03:31:02
G001641,David,Anderson,david.anderson.1641@example.com,Belgium,None,2022-08-12 19:45:43
G001642,Hannah,Bowers,hannah.bowers.1642@example.com,Belarus,Platinum,2019-02-28 10:18:26
G001643,Kim,Todd,kim.todd.1643@example.com,Armenia,Platinum,2020-09-02 00:59:28
G001644,Daniel,Mcguire,daniel.mcguire.1644@example.com,Malaysia,None,2019-07-04 03:08:11
G001645,Taylor,Kerr,taylor.kerr.1645@example.com,Aruba,Silver,2019-07-25 19:45:41
G001646,Kevin,Smith,kevin.smith.1646@example.com,Bhutan,Gold,2020-01-20 14:42:59
G001647,Samantha,Harris,samantha.harris.1647@example.com,United Arab Emirates,None,2020-09-13 10:54:08
G001648,Jack,Bell,jack.bell.1648@example.com,Bermuda,Silver,2020-03-28 05:30:53
G001649,Meghan,Mcmahon,meghan.mcmahon.1649@example.com,Yemen,Gold,2023-12-07 05:23:38
G001650,Michael,Martin,michael.martin.1650@example.com,Macao,None,2021-01-21 07:35:38
G001651,William,Jones,william.jones.1651@example.com,Svalbard & Jan Mayen Islands,None,2023-12-02 04:46:17
G001652,Kathryn,Rice,kathryn.rice.1652@example.com,Saint Barthelemy,None,2020-08-18 02:49:05
G001653,Tamara,Jackson,tamara.jackson.1653@example.com,Saudi Arabia,Gold,2023-07-27 19:03:15
G001654,Adam,Swanson,adam.swanson.1654@example.com,Uzbekistan,Silver,2020-10-26 22:08:37
G001655,Samantha,York,samantha.york.1655@example.com,Lebanon,None,2022-02-12 13:27:49
G001656,Helen,Lopez,helen.lopez.1656@example.com,Peru,Silver,2019-11-30 10:41:42
G001657,Henry,Kelly,henry.kelly.1657@example.com,Hong Kong,Gold,2022-08-10 14:34:48
G001658,Jason,Perez,jason.perez.1658@example.com,Bouvet Island (Bouvetoya),None,2021-09-03 10:26:09
G001659,David,Rodriguez,david.rodriguez.1659@example.com,Burkina Faso,Gold,2023-03-21 10:43:18
G001660,Kathryn,Bush,kathryn.bush.1660@example.com,Moldova,None,2019-05-07 03:59:38
G001661,Christopher,Snyder,christopher.snyder.1661@example.com,Hungary,Gold,2021-05-31 03:36:07
G001662,Stephen,Fitzgerald,stephen.fitzgerald.1662@example.com,Poland,Platinum,2022-10-11 07:44:56
G001663,Jeremiah,Russell,jeremiah.russell.1663@example.com,Timor-Leste,None,2022-08-22 15:08:05
G001664,Jacob,Jones,jacob.jones.1664@example.com,Tajikistan,Gold,2023-01-17 21:01:57
G001665,Sheila,Richardson,sheila.richardson.1665@example.com,American Samoa,Gold,2023-03-08 11:57:35
G001666,Emily,Sanders,emily.sanders.1666@example.com,Mali,None,2019-09-22 02:30:01
G001667,David,Foster,david.foster.1667@example.com,Puerto Rico,Silver,2019-11-13 00:57:12
G001668,Judith,Stafford,judith.stafford.1668@example.com,Chile,Gold,2019-07-21 01:09:29
G001669,Michael,Gonzalez,michael.gonzalez.1669@example.com,Cook Islands,None,2022-06-10 01:58:31
G001670,David,Massey,david.massey.1670@example.com,Saint Kitts and Nevis,None,2023-03-31 16:20:50
G001671,Joshua,Reeves,joshua.reeves.1671@example.com,Mozambique,None,2021-04-28 02:19:35
G001672,Katelyn,Owen,katelyn.owen.1672@example.com,Western Sahara,Silver,2022-05-28 11:43:26
G001673,Michael,Estrada,michael.estrada.1673@example.com,Zambia,Gold,2022-06-10 13:30:01
G001674,Vanessa,Dixon,vanessa.dixon.1674@example.com,Cameroon,None,2022-11-13 12:01:24
G001675,Daniel,King,daniel.king.1675@example.com,Luxembourg,None,2020-12-18 03:19:13
G001676,Courtney,Taylor,courtney.taylor.1676@example.com,Bolivia,Silver,2019-06-14 04:57:43
G001677,Maria,Jimenez,maria.jimenez.1677@example.com,Anguilla,Silver,2020-07-10 10:20:33
G001678,Patrick,Shelton,patrick.shelton.1678@example.com,Cape Verde,Gold,2021-07-29 14:52:15
G001679,Christy,Davis,christy.davis.1679@example.com,Belarus,None,2023-06-04 10:12:03
G001680,Katrina,Sparks,katrina.sparks.1680@example.com,Cook Islands,Silver,2021-07-01 01:38:18
G001681,Ebony,Henry,ebony.henry.1681@example.com,Eritrea,None,2023-08-13 07:07:03
G001682,Matthew,Heath,matthew.heath.1682@example.com,Mayotte,Gold,2019-02-24 21:35:58
G001683,Stephanie,Johnson,stephanie.johnson.1683@example.com,Jersey,None,2020-01-06 03:16:58
G001684,Patrick,Edwards,patrick.edwards.1684@example.com,Honduras,Silver,2022-10-06 23:22:40
G001685,Steve,Johnson,steve.johnson.1685@example.com,Moldova,Silver,2021-07-30 12:38:27
G001686,Nicole,Martin,nicole.martin.1686@example.com,Jersey,Silver,2020-02-22 20:10:12
G001687,Larry,Price,larry.price.1687@example.com,Serbia,None,2019-12-06 20:06:45
G001688,Ashley,Henry,ashley.henry.1688@example.com,Micronesia,None,2023-08-03 20:00:41
G001689,Ashley,Alvarez,ashley.alvarez.1689@example.com,Timor-Leste,None,2020-04-30 15:23:23
G001690,William,Myers,william.myers.1690@example.com,Lithuania,Silver,2022-03-19 18:38:18
G001691,Christina,Gomez,christina.gomez.1691@example.com,Finland,None,2021-09-22 16:55:43
G001692,Bryan,Garza,bryan.garza.1692@example.com,Brunei Darussalam,Silver,2022-02-12 09:31:00
G001693,Michael,Harmon,michael.harmon.1693@example.com,Anguilla,Silver,2021-11-26 05:55:50
G001694,Oscar,Patterson,oscar.patterson.1694@example.com,Guinea-Bissau,None,2022-07-03 19:41:50
G001695,Michael,Stanley,michael.stanley.1695@example.com,Egypt,None,2020-12-29 22:41:26
G001696,Deborah,Watkins,deborah.watkins.1696@example.com,United States Minor Outlying Islands,None,2019-07-23 12:03:05
G001697,Misty,Wilson,misty.wilson.1697@example.com,Chile,None,2019-03-03 05:49:56
G001698,Amanda,Johnson,amanda.johnson.1698@example.com,Palestinian Territory,None,2022-08-05 13:52:22
G001699,Ashley,Valenzuela,ashley.valenzuela.1699@example.com,Ethiopia,Platinum,2019-03-05 09:18:13
G001700,Heather,Chapman,heather.chapman.1700@example.com,Ghana,None,2022-03-19 14:09:23
G001701,Ashley,Morris,ashley.morris.1701@example.com,Bolivia,Platinum,2023-02-26 06:39:29
G001702,Craig,Leonard,craig.leonard.1702@example.com,Guadeloupe,None,2023-03-24 06:58:38
G001703,Wesley,Hubbard,wesley.hubbard.1703@example.com,Guadeloupe,None,2020-06-01 16:37:33
G001704,Christina,Cox,christina.cox.1704@example.com,Jordan,None,2020-09-18 20:12:48
G001705,Tyler,Boone,tyler.boone.1705@example.com,Solomon Islands,None,2019-08-23 00:21:15
G001706,Mary,Herrera,mary.herrera.1706@example.com,France,None,2021-04-03 19:23:50
G001707,Brandon,Davies,brandon.davies.1707@example.com,Iran,Silver,2020-12-02 19:16:44
G001708,Claudia,Rubio,claudia.rubio.1708@example.com,Saint Barthelemy,Silver,2023-12-02 09:12:48
G001709,Cody,Rogers,cody.rogers.1709@example.com,Bangladesh,None,2023-10-26 19:57:17
G001710,Laurie,Alvarez,laurie.alvarez.1710@example.com,Cote d'Ivoire,None,2021-12-15 01:47:38
G001711,Laura,Pearson,laura.pearson.1711@example.com,Gabon,None,2023-04-17 20:39:02
G001712,Linda,Reynolds,linda.reynolds.1712@example.com,Mauritius,Silver,2021-08-31 13:17:26
G001713,James,Morales,james.morales.1713@example.com,Nigeria,None,2023-05-21 04:42:54
G001714,Shawn,Hines,shawn.hines.1714@example.com,Cocos (Keeling) Islands,None,2019-02-27 19:09:50
G001715,Courtney,Black,courtney.black.1715@example.com,Colombia,Silver,2023-11-28 04:33:13
G001716,Victor,Guerrero,victor.guerrero.1716@example.com,Swaziland,Gold,2022-12-22 20:03:51
G001717,Joseph,Little,joseph.little.1717@example.com,Sudan,Gold,2022-09-09 12:50:29
G001718,Sarah,Barber,sarah.barber.1718@example.com,Bahamas,Gold,2023-06-11 15:14:34
G001719,James,Ford,james.ford.1719@example.com,Dominican Republic,Silver,2020-04-12 12:03:14
G001720,Julie,Cannon,julie.cannon.1720@example.com,Tanzania,Silver,2022-09-14 16:56:27
G001721,Robert,Dalton,robert.dalton.1721@example.com,United States Minor Outlying Islands,Platinum,2019-07-20 04:03:52
G001722,Cynthia,Singleton,cynthia.singleton.1722@example.com,Ethiopia,None,2021-06-10 19:35:47
G001723,Debbie,Scott,debbie.scott.1723@example.com,Netherlands Antilles,None,2021-01-03 15:06:59
G001724,Richard,Wilson,richard.wilson.1724@example.com,Congo,Platinum,2019-03-28 01:46:23
G001725,John,Wilcox,john.wilcox.1725@example.com,Kyrgyz Republic,None,2023-02-17 00:43:53
G001726,Anita,Graham,anita.graham.1726@example.com,Oman,None,2019-04-25 23:11:54
G001727,James,Nelson,james.nelson.1727@example.com,Antarctica (the territory South of 60 deg S),Platinum,2021-03-13 19:27:54
G001728,Kristine,Ramirez,kristine.ramirez.1728@example.com,Mexico,None,2020-06-30 18:24:33
G001729,Dawn,Williams,dawn.williams.1729@example.com,Saint Helena,Silver,2023-02-18 11:00:09
G001730,Kimberly,Brown,kimberly.brown.1730@example.com,Ukraine,Gold,2019-09-18 18:14:25
G001731,Lee,Evans,lee.evans.1731@example.com,Bahrain,Gold,2022-06-18 12:37:48
G001732,Penny,Powers,penny.powers.1732@example.com,Turks and Caicos Islands,Gold,2019-10-08 13:43:30
G001733,Randy,Larsen,randy.larsen.1733@example.com,Tajikistan,Gold,2020-03-12 16:55:29
G001734,Joel,Duncan,joel.duncan.1734@example.com,Macao,Gold,2020-01-10 19:45:55
G001735,Alejandra,Calderon,alejandra.calderon.1735@example.com,Zambia,Silver,2023-06-20 22:14:05
G001736,Johnathan,Wilkerson,johnathan.wilkerson.1736@example.com,Dominica,Silver,2020-01-15 21:37:16
G001737,Kerri,Edwards,kerri.edwards.1737@example.com,Syrian Arab Republic,Gold,2023-12-21 10:31:14
G001738,Jo,Shaffer,jo.shaffer.1738@example.com,Samoa,Silver,2021-01-03 00:49:05
G001739,Selena,Robinson,selena.robinson.1739@example.com,Botswana,Silver,2020-06-28 04:26:53
G001740,Jason,Hill,jason.hill.1740@example.com,Ireland,None,2021-03-01 02:25:25
G001741,Michelle,Brown,michelle.brown.1741@example.com,Martinique,Gold,2022-03-10 04:01:42
G001742,Holly,Rodriguez,holly.rodriguez.1742@example.com,Mayotte,None,2022-08-09 15:25:31
G001743,Thomas,Sanchez,thomas.sanchez.1743@example.com,Fiji,Gold,2020-03-26 05:23:12
G001744,Michael,Baldwin,michael.baldwin.1744@example.com,Swaziland,Gold,2021-08-15 10:55:30
G001745,Andrew,Rasmussen,andrew.rasmussen.1745@example.com,New Caledonia,None,2019-04-19 03:34:44
G001746,Mckenzie,Bates,mckenzie.bates.1746@example.com,Wallis and Futuna,Silver,2019-06-19 20:39:55
G001747,Hannah,Mccormick,hannah.mccormick.1747@example.com,Dominican Republic,None,2021-02-24 23:46:19
G001748,Angela,Parker,angela.parker.1748@example.com,Reunion,Gold,2022-02-01 08:26:12
G001749,Rebecca,Jennings,rebecca.jennings.1749@example.com,Martinique,None,2021-01-04 09:54:41
G001750,Mia,Price,mia.price.1750@example.com,United States of America,Silver,2022-05-05 22:22:55
G001751,Sara,Hardin,sara.hardin.1751@example.com,Gabon,Silver,2019-10-08 09:33:07
G001752,Sharon,Sherman,sharon.sherman.1752@example.com,French Southern Territories,None,2020-10-15 15:33:13
G001753,Michele,Martin,michele.martin.1753@example.com,Kazakhstan,Gold,2021-09-12 10:58:46
G001754,Natasha,Wang,natasha.wang.1754@example.com,Ireland,None,2019-04-16 06:24:04
G001755,Joshua,Miller,joshua.miller.1755@example.com,Slovakia (Slovak Republic),None,2023-03-08 15:12:08
G001756,Thomas,Gutierrez,thomas.gutierrez.1756@example.com,Tajikistan,None,2021-10-30 17:33:58
G001757,Jennifer,Mcdowell,jennifer.mcdowell.1757@example.com,Svalbard & Jan Mayen Islands,None,2019-11-08 22:02:09
G001758,Madison,Hale,madison.hale.1758@example.com,Madagascar,Silver,2019-07-26 04:41:58
G001759,Michael,Guzman,michael.guzman.1759@example.com,Suriname,Silver,2023-08-29 17:32:22
G001760,Joan,Chavez,joan.chavez.1760@example.com,Antarctica (the territory South of 60 deg S),Silver,2019-06-11 20:46:10
G001761,Danielle,White,danielle.white.1761@example.com,Kenya,None,2020-02-27 19:46:18
G001762,Aaron,Gonzalez,aaron.gonzalez.1762@example.com,Gambia,None,2021-09-01 16:47:35
G001763,Barbara,Rodriguez,barbara.rodriguez.1763@example.com,Egypt,None,2023-05-24 07:01:52
G001764,Jennifer,Saunders,jennifer.saunders.1764@example.com,Pakistan,None,2020-02-09 04:26:00
G001765,Melanie,Jennings,melanie.jennings.1765@example.com,Somalia,None,2021-09-19 08:07:31
G001766,Shannon,Russo,shannon.russo.1766@example.com,Burkina Faso,None,2021-03-20 21:42:02
G001767,Glenn,Watkins,glenn.watkins.1767@example.com,Greece,None,2021-05-25 12:19:55
G001768,James,Perry,james.perry.1768@example.com,Cocos (Keeling) Islands,Silver,2022-05-07 13:03:08
G001769,Nancy,Duffy,nancy.duffy.1769@example.com,Turks and Caicos Islands,Silver,2023-11-08 03:24:10
G001770,Jeffrey,Vaughan,jeffrey.vaughan.1770@example.com,Uzbekistan,None,2023-10-02 07:00:50
G001771,Deborah,Sims,deborah.sims.1771@example.com,United States of America,Gold,2019-10-04 10:34:25
G001772,Terri,Gonzalez,terri.gonzalez.1772@example.com,Reunion,Platinum,2020-06-08 07:21:23
G001773,Brandon,Williamson,brandon.williamson.1773@example.com,Netherlands Antilles,None,2021-03-19 06:46:13
G001774,Edward,Rubio,edward.rubio.1774@example.com,Chile,None,2023-10-29 08:41:46
G001775,David,Higgins,david.higgins.1775@example.com,Jordan,None,2022-11-10 14:54:37
G001776,Margaret,Snyder,margaret.snyder.1776@example.com,Czech Republic,None,2020-09-23 03:36:59
G001777,James,Atkins,james.atkins.1777@example.com,Slovenia,Silver,2021-04-07 01:31:22
G001778,Keith,Snyder,keith.snyder.1778@example.com,Bulgaria,Silver,2022-09-02 00:41:57
G001779,Melissa,Greene,melissa.greene.1779@example.com,Swaziland,Platinum,2021-05-29 03:34:01
G001780,Jessica,Lopez,jessica.lopez.1780@example.com,Cocos (Keeling) Islands,None,2022-06-23 05:45:52
G001781,Laura,Johnson,laura.johnson.1781@example.com,Estonia,Gold,2021-01-01 15:04:51
G001782,Christine,Solomon,christine.solomon.1782@example.com,Heard Island and McDonald Islands,None,2023-12-17 00:24:12
G001783,Gabrielle,Ellis,gabrielle.ellis.1783@example.com,Algeria,Gold,2022-12-27 18:20:48
G001784,Dean,Morris,dean.morris.1784@example.com,Puerto Rico,None,2022-05-20 03:49:40
G001785,Gloria,Reeves,gloria.reeves.1785@example.com,Russian Federation,None,2022-08-08 02:51:38
G001786,Jill,Scott,jill.scott.1786@example.com,Bhutan,Platinum,2023-09-27 12:55:42
G001787,Brian,Cook,brian.cook.1787@example.com,Dominica,Gold,2023-01-03 03:15:58
G001788,Rebekah,Barajas,rebekah.barajas.1788@example.com,Wallis and Futuna,None,2019-05-22 09:36:40
G001789,Adam,Wagner,adam.wagner.1789@example.com,Hong Kong,Gold,2021-07-28 20:34:58
G001790,Tiffany,Lambert,tiffany.lambert.1790@example.com,Bulgaria,None,2023-10-05 11:50:49
G001791,Blake,White,blake.white.1791@example.com,Chile,Platinum,2023-04-15 02:04:40
G001792,Trevor,Morgan,trevor.morgan.1792@example.com,Lao People's Democratic Republic,None,2020-02-14 20:38:00
G001793,Christopher,Page,christopher.page.1793@example.com,Jersey,None,2020-03-16 13:03:22
G001794,Jorge,Edwards,jorge.edwards.1794@example.com,Brunei Darussalam,Platinum,2023-03-31 23:50:29
G001795,Monica,Davenport,monica.davenport.1795@example.com,San Marino,Gold,2022-01-25 07:42:13
G001796,Sara,Campbell,sara.campbell.1796@example.com,Turkey,Gold,2021-03-28 18:50:10
G001797,Chloe,Juarez,chloe.juarez.1797@example.com,Estonia,Platinum,2023-05-26 04:16:38
G001798,Lawrence,Stafford,lawrence.stafford.1798@example.com,Germany,None,2023-03-07 08:06:09
G001799,Kathryn,Hernandez,kathryn.hernandez.1799@example.com,Timor-Leste,Silver,2022-09-29 00:00:08
G001800,Brian,Hernandez,brian.hernandez.1800@example.com,Denmark,None,2020-07-23 00:00:24
G001801,Barry,Green,barry.green.1801@example.com,Romania,None,2022-12-22 07:56:56
G001802,Samuel,Carney,samuel.carney.1802@example.com,Vanuatu,None,2023-03-18 15:13:20
G001803,Billy,Kelly,billy.kelly.1803@example.com,Russian Federation,None,2023-10-09 12:20:39
G001804,Todd,Vasquez,todd.vasquez.1804@example.com,Tanzania,None,2020-04-04 23:41:05
G001805,David,Davis,david.davis.1805@example.com,Trinidad and Tobago,None,2021-06-01 17:15:29
G001806,Henry,Jackson,henry.jackson.1806@example.com,Malawi,Gold,2021-04-27 12:48:44
G001807,Anna,Alvarado,anna.alvarado.1807@example.com,Croatia,Gold,2023-12-19 00:26:49
G001808,Whitney,Smith,whitney.smith.1808@example.com,Seychelles,None,2023-11-09 09:01:26
G001809,Henry,Knapp,henry.knapp.1809@example.com,Egypt,Silver,2023-03-28 13:49:52
G001810,Erica,Clay,erica.clay.1810@example.com,Anguilla,Silver,2021-06-02 05:32:46
G001811,Erin,Becker,erin.becker.1811@example.com,India,Platinum,2022-03-06 14:31:34
G001812,Brittany,Bean,brittany.bean.1812@example.com,Taiwan,Gold,2021-10-02 04:46:01
G001813,Eric,Miller,eric.miller.1813@example.com,Switzerland,None,2023-01-30 20:35:21
G001814,Shawn,Moses,shawn.moses.1814@example.com,Nepal,None,2019-01-19 00:52:44
G001815,Mark,Williams,mark.williams.1815@example.com,Nigeria,Silver,2022-11-08 17:44:01
G001816,Mark,Dennis,mark.dennis.1816@example.com,Saint Martin,None,2023-11-04 07:31:44
G001817,David,Boyer,david.boyer.1817@example.com,Spain,Silver,2021-05-29 02:34:48
G001818,Marcus,Brown,marcus.brown.1818@example.com,Barbados,Gold,2023-08-27 22:55:28
G001819,Stephanie,James,stephanie.james.1819@example.com,Iran,None,2021-03-03 18:23:59
G001820,Gregory,Hanna,gregory.hanna.1820@example.com,Tonga,None,2022-05-24 09:25:37
G001821,Christopher,Phelps,christopher.phelps.1821@example.com,Central African Republic,None,2022-04-22 00:52:33
G001822,Kimberly,Mitchell,kimberly.mitchell.1822@example.com,Sao Tome and Principe,Silver,2020-04-23 21:06:49
G001823,David,Henry,david.henry.1823@example.com,Jersey,Gold,2021-08-21 10:49:45
G001824,Rebecca,Munoz,rebecca.munoz.1824@example.com,Guinea-Bissau,Gold,2019-10-26 14:35:33
G001825,Marilyn,Hunt,marilyn.hunt.1825@example.com,Liechtenstein,None,2022-10-15 22:35:36
G001826,Nicole,Alvarez,nicole.alvarez.1826@example.com,Mongolia,Platinum,2022-08-07 10:25:44
G001827,Christopher,Henderson,christopher.henderson.1827@example.com,Heard Island and McDonald Islands,None,2020-08-01 23:41:52
G001828,Ryan,Simmons,ryan.simmons.1828@example.com,Armenia,Gold,2023-05-14 21:30:48
G001829,Matthew,Ford,matthew.ford.1829@example.com,Czech Republic,Silver,2020-04-26 18:50:04
G001830,Sarah,Rose,sarah.rose.1830@example.com,Oman,Silver,2023-06-19 02:48:40
G001831,Christopher,Mcdonald,christopher.mcdonald.1831@example.com,Belgium,Gold,2023-01-23 21:17:04
G001832,Kevin,Joyce,kevin.joyce.1832@example.com,Poland,Gold,2021-07-22 08:05:33
G001833,Mckenzie,Mills,mckenzie.mills.1833@example.com,French Polynesia,None,2023-11-02 09:05:37
G001834,Brandon,Jones,brandon.jones.1834@example.com,Aruba,Gold,2023-05-15 02:57:40
G001835,Daniel,Coleman,daniel.coleman.1835@example.com,Bhutan,Platinum,2022-12-14 15:17:57
G001836,Donna,Carroll,donna.carroll.1836@example.com,El Salvador,Silver,2022-01-09 08:50:33
G001837,Jonathan,Miller,jonathan.miller.1837@example.com,Macao,None,2019-02-20 13:04:54
G001838,Daniel,Stanley,daniel.stanley.1838@example.com,Christmas Island,None,2020-07-20 02:25:22
G001839,Megan,Williams,megan.williams.1839@example.com,Israel,Silver,2021-07-13 18:12:26
G001840,Lee,Ramsey,lee.ramsey.1840@example.com,Saudi Arabia,Silver,2022-10-29 22:32:51
G001841,Cindy,Baker,cindy.baker.1841@example.com,Uruguay,Silver,2020-08-04 14:01:39
G001842,Jason,Miller,jason.miller.1842@example.com,Netherlands,None,2021-03-16 16:07:36
G001843,Monica,Rodriguez,monica.rodriguez.1843@example.com,Martinique,Silver,2019-02-25 15:51:21
G001844,Adam,Wilson,adam.wilson.1844@example.com,Chile,Silver,2023-01-22 08:38:10
G001845,Steve,Sullivan,steve.sullivan.1845@example.com,Palestinian Territory,None,2023-02-21 04:39:34
G001846,Kevin,Li,kevin.li.1846@example.com,Nicaragua,None,2022-01-25 17:53:15
G001847,Hannah,Mccarty,hannah.mccarty.1847@example.com,Peru,Silver,2022-05-12 05:07:43
G001848,Linda,Miller,linda.miller.1848@example.com,Burkina Faso,None,2019-02-13 02:39:49
G001849,James,Cabrera,james.cabrera.1849@example.com,Qatar,Silver,2020-08-07 18:46:56
G001850,Michele,Clark,michele.clark.1850@example.com,Pakistan,Silver,2020-03-26 23:28:50
G001851,Debra,Graham,debra.graham.1851@example.com,Niue,None,2023-08-01 07:37:28
G001852,James,Turner,james.turner.1852@example.com,Kyrgyz Republic,None,2020-04-05 08:01:52
G001853,Thomas,Johnson,thomas.johnson.1853@example.com,Chad,None,2020-04-18 13:25:32
G001854,Joanne,Wallace,joanne.wallace.1854@example.com,Libyan Arab Jamahiriya,Silver,2023-01-04 20:46:58
G001855,Andrew,Cole,andrew.cole.1855@example.com,Ecuador,None,2020-09-17 12:52:50
G001856,Kenneth,Gallegos,kenneth.gallegos.1856@example.com,India,None,2019-06-08 05:01:59
G001857,Matthew,Garcia,matthew.garcia.1857@example.com,Tanzania,Gold,2022-09-03 12:26:34
G001858,Tiffany,Allison,tiffany.allison.1858@example.com,Saint Pierre and Miquelon,None,2023-12-03 20:06:41
G001859,Caitlin,Spencer,caitlin.spencer.1859@example.com,French Guiana,None,2019-04-26 00:12:13
G001860,Tony,Tucker,tony.tucker.1860@example.com,Nauru,None,2023-02-24 20:34:20
G001861,Jesse,Brown,jesse.brown.1861@example.com,Andorra,None,2022-08-04 02:56:22
G001862,Barbara,Tran,barbara.tran.1862@example.com,Ethiopia,None,2022-07-20 00:01:22
G001863,Pamela,Wilson,pamela.wilson.1863@example.com,Nigeria,Silver,2021-12-13 08:36:23
G001864,Shane,Graham,shane.graham.1864@example.com,Central African Republic,None,2021-06-13 19:38:25
G001865,Jessica,Harrison,jessica.harrison.1865@example.com,Kazakhstan,None,2020-12-22 02:51:44
G001866,William,Matthews,william.matthews.1866@example.com,Poland,None,2021-11-19 17:04:49
G001867,Sandra,Castaneda,sandra.castaneda.1867@example.com,Saint Barthelemy,None,2022-12-26 11:27:09
G001868,David,Carter,david.carter.1868@example.com,Rwanda,None,2022-04-27 20:11:18
G001869,Susan,Whitaker,susan.whitaker.1869@example.com,Peru,None,2022-01-24 06:36:07
G001870,Laura,Marsh,laura.marsh.1870@example.com,Tanzania,Silver,2020-05-18 09:30:56
G001871,Christy,Campbell,christy.campbell.1871@example.com,San Marino,Gold,2019-09-25 18:56:00
G001872,Elizabeth,Anderson,elizabeth.anderson.1872@example.com,Cook Islands,None,2020-04-30 15:37:25
G001873,Catherine,Garcia,catherine.garcia.1873@example.com,Israel,None,2023-03-14 22:48:36
G001874,Kevin,Clark,kevin.clark.1874@example.com,Australia,Silver,2019-02-26 07:54:54
G001875,Michael,Green,michael.green.1875@example.com,Philippines,None,2020-05-07 18:28:51
G001876,Gregg,Villarreal,gregg.villarreal.1876@example.com,Macao,None,2019-04-10 07:51:23
G001877,Lindsay,Morgan,lindsay.morgan.1877@example.com,Brazil,Gold,2020-12-05 07:15:02
G001878,David,Walker,david.walker.1878@example.com,Eritrea,Silver,2021-11-23 08:24:45
G001879,Kristen,Hammond,kristen.hammond.1879@example.com,Sierra Leone,Silver,2023-09-27 14:35:49
G001880,Joseph,Hernandez,joseph.hernandez.1880@example.com,Portugal,None,2023-05-21 06:04:23
G001881,Cassandra,Garcia,cassandra.garcia.1881@example.com,Australia,None,2022-09-22 06:43:31
G001882,Lauren,Estes,lauren.estes.1882@example.com,Saudi Arabia,Gold,2019-12-11 15:36:11
G001883,Theresa,Harrington,theresa.harrington.1883@example.com,New Zealand,None,2019-11-13 11:49:52
G001884,Madison,Williams,madison.williams.1884@example.com,Bosnia and Herzegovina,Gold,2020-06-02 23:52:29
G001885,Crystal,Pitts,crystal.pitts.1885@example.com,United States Minor Outlying Islands,None,2022-01-28 13:42:59
G001886,Eric,Carter,eric.carter.1886@example.com,Kenya,None,2023-04-21 18:23:09
G001887,Tyrone,Harrell,tyrone.harrell.1887@example.com,Cape Verde,Silver,2022-02-04 02:11:23
G001888,Matthew,Taylor,matthew.taylor.1888@example.com,Thailand,Silver,2020-09-19 06:02:03
G001889,Scott,Perry,scott.perry.1889@example.com,Seychelles,Gold,2019-01-21 11:12:19
G001890,John,Lamb,john.lamb.1890@example.com,Guam,Gold,2021-06-09 22:14:55
G001891,William,Miller,william.miller.1891@example.com,Holy See (Vatican City State),Silver,2022-07-13 09:17:04
G001892,Michael,Ortega,michael.ortega.1892@example.com,Canada,Silver,2023-07-04 13:35:13
G001893,Robert,Perez,robert.perez.1893@example.com,Spain,None,2022-08-25 07:20:56
G001894,Robert,Ortiz,robert.ortiz.1894@example.com,Kuwait,None,2023-05-23 15:19:40
G001895,Laura,Cox,laura.cox.1895@example.com,Antarctica (the territory South of 60 deg S),None,2022-10-07 01:03:33
G001896,Dustin,Smith,dustin.smith.1896@example.com,Sri Lanka,None,2023-05-27 08:18:52
G001897,Sherry,Miller,sherry.miller.1897@example.com,Germany,None,2022-06-01 21:15:33
G001898,Tina,Martin,tina.martin.1898@example.com,Bahamas,Silver,2022-05-06 20:03:28
G001899,Katherine,Keller,katherine.keller.1899@example.com,Norway,None,2020-04-13 23:48:14
G001900,Rachel,Brown,rachel.brown.1900@example.com,Norfolk Island,None,2023-06-03 21:29:00
G001901,Teresa,Barnes,teresa.barnes.1901@example.com,Turks and Caicos Islands,Gold,2023-09-17 00:11:06
G001902,Morgan,Griffith,morgan.griffith.1902@example.com,Germany,None,2021-12-05 06:13:58
G001903,Alan,Ramirez,alan.ramirez.1903@example.com,Marshall Islands,Gold,2020-04-01 06:48:37
G001904,Isabella,Griffin,isabella.griffin.1904@example.com,Costa Rica,Silver,2023-08-19 11:17:30
G001905,Claudia,Montgomery,claudia.montgomery.1905@example.com,Kenya,Gold,2021-12-08 15:45:05
G001906,Pam,Harrington,pam.harrington.1906@example.com,Iraq,None,2020-09-04 23:26:15
G001907,Nicole,Miller,nicole.miller.1907@example.com,Mauritania,None,2021-11-05 05:36:01
G001908,Peter,Higgins,peter.higgins.1908@example.com,Turkmenistan,None,2020-01-27 11:39:42
G001909,Abigail,Fernandez,abigail.fernandez.1909@example.com,Croatia,None,2019-10-16 09:07:43
G001910,William,Collins,william.collins.1910@example.com,Guam,Gold,2020-05-12 04:30:12
G001911,Andrew,Zamora,andrew.zamora.1911@example.com,Mauritius,Silver,2021-03-14 17:20:16
G001912,John,Schroeder,john.schroeder.1912@example.com,Saint Kitts and Nevis,None,2022-08-06 10:13:02
G001913,Valerie,Rodriguez,valerie.rodriguez.1913@example.com,Bahamas,Silver,2022-03-04 19:19:12
G001914,Jordan,Romero,jordan.romero.1914@example.com,British Virgin Islands,Silver,2019-05-29 07:13:14
G001915,Katherine,Pugh,katherine.pugh.1915@example.com,Kiribati,Silver,2021-07-14 17:35:26
G001916,Ashley,Smith,ashley.smith.1916@example.com,Guadeloupe,None,2021-01-03 12:41:32
G001917,Linda,Zhang,linda.zhang.1917@example.com,Mongolia,None,2023-07-15 20:53:02
G001918,Megan,Hall,megan.hall.1918@example.com,French Southern Territories,None,2021-06-03 00:30:14
G001919,Elizabeth,Briggs,elizabeth.briggs.1919@example.com,Montserrat,Silver,2020-03-10 21:01:50
G001920,Jennifer,Stone,jennifer.stone.1920@example.com,Egypt,None,2019-11-23 22:17:17
G001921,Mark,Aguilar,mark.aguilar.1921@example.com,Swaziland,Silver,2022-01-27 10:03:35
G001922,Shawn,Thomas,shawn.thomas.1922@example.com,Jamaica,Platinum,2022-07-04 04:53:43
G001923,Christopher,Brown,christopher.brown.1923@example.com,Tuvalu,None,2020-02-09 02:13:27
G001924,Thomas,Griffin,thomas.griffin.1924@example.com,Heard Island and McDonald Islands,Gold,2023-06-24 00:27:42
G001925,Richard,Hansen,richard.hansen.1925@example.com,Slovakia (Slovak Republic),None,2022-05-11 13:06:53
G001926,Monica,Silva,monica.silva.1926@example.com,North Macedonia,Silver,2022-08-08 12:38:49
G001927,Wendy,Barker,wendy.barker.1927@example.com,Yemen,Silver,2023-03-01 22:49:39
G001928,Jessica,Butler,jessica.butler.1928@example.com,Central African Republic,None,2020-03-24 11:13:53
G001929,William,Washington,william.washington.1929@example.com,Kuwait,Silver,2020-02-06 23:39:30
G001930,Tammy,Palmer,tammy.palmer.1930@example.com,Marshall Islands,None,2020-01-02 19:03:14
G001931,Heather,Gibson,heather.gibson.1931@example.com,Antigua and Barbuda,None,2020-05-02 06:48:54
G001932,Sherry,Wood,sherry.wood.1932@example.com,Zambia,Silver,2020-01-04 23:50:21
G001933,Carolyn,Ortiz,carolyn.ortiz.1933@example.com,British Indian Ocean Territory (Chagos Archipelago),None,2022-02-22 06:19:36
G001934,Ashley,Williams,ashley.williams.1934@example.com,Cape Verde,Gold,2020-01-01 19:29:45
G001935,Nathan,Ritter,nathan.ritter.1935@example.com,Gabon,Platinum,2021-07-02 08:50:03
G001936,Todd,Moody,todd.moody.1936@example.com,Cambodia,Platinum,2022-08-03 08:28:45
G001937,Brandon,Shannon,brandon.shannon.1937@example.com,Tuvalu,Silver,2021-05-30 17:58:21
G001938,Jason,Fuentes,jason.fuentes.1938@example.com,Liechtenstein,Gold,2019-01-07 11:31:31
G001939,David,Bailey,david.bailey.1939@example.com,Trinidad and Tobago,None,2019-05-19 19:46:01
G001940,Robert,Berry,robert.berry.1940@example.com,Mongolia,Gold,2022-11-06 11:28:55
G001941,Rachel,Harrington,rachel.harrington.1941@example.com,Lebanon,None,2020-02-17 15:00:07
G001942,Kathleen,Wagner,kathleen.wagner.1942@example.com,Kuwait,None,2022-10-29 21:10:00
G001943,Elizabeth,Hernandez,elizabeth.hernandez.1943@example.com,Saint Lucia,None,2021-10-07 09:53:02
G001944,Christopher,Weber,christopher.weber.1944@example.com,Nigeria,Silver,2022-06-26 16:06:07
G001945,Paul,Mccullough,paul.mccullough.1945@example.com,Guadeloupe,None,2023-08-08 19:28:12
G001946,Brandon,Santiago,brandon.santiago.1946@example.com,Kenya,None,2021-05-11 18:35:10
G001947,Debbie,Cline,debbie.cline.1947@example.com,Russian Federation,None,2019-03-19 01:31:36
G001948,Ashley,Hogan,ashley.hogan.1948@example.com,Russian Federation,None,2021-08-17 13:22:54
G001949,Ann,Martinez,ann.martinez.1949@example.com,Monaco,None,2019-09-22 13:23:45
G001950,James,Montgomery,james.montgomery.1950@example.com,Morocco,Silver,2019-06-14 06:35:58
G001951,Susan,Boyd,susan.boyd.1951@example.com,Sao Tome and Principe,Platinum,2023-01-18 08:52:50
G001952,Wayne,Smith,wayne.smith.1952@example.com,Palestinian Territory,Gold,2023-07-11 10:18:51
G001953,Hector,Smith,hector.smith.1953@example.com,Solomon Islands,Silver,2020-10-01 09:55:58
G001954,John,Thornton,john.thornton.1954@example.com,Tuvalu,None,2023-12-06 14:35:06
G001955,Sean,Roman,sean.roman.1955@example.com,New Caledonia,Silver,2021-09-22 13:04:44
G001956,Richard,Williams,richard.williams.1956@example.com,Tokelau,None,2019-03-14 06:38:01
G001957,Matthew,White,matthew.white.1957@example.com,Anguilla,None,2023-06-29 03:12:28
G001958,Logan,Scott,logan.scott.1958@example.com,Brazil,Silver,2019-11-05 14:51:08
G001959,Amber,Mitchell,amber.mitchell.1959@example.com,Cocos (Keeling) Islands,Silver,2021-03-04 23:31:34
G001960,Kayla,Moore,kayla.moore.1960@example.com,Zambia,None,2022-06-19 08:43:54
G001961,Erika,Brown,erika.brown.1961@example.com,Greece,Silver,2020-07-17 18:28:38
G001962,Anthony,Brown,anthony.brown.1962@example.com,Iceland,Silver,2019-11-03 18:54:09
G001963,Luke,Gutierrez,luke.gutierrez.1963@example.com,Gibraltar,None,2021-03-12 08:58:29
G001964,Nicholas,Carey,nicholas.carey.1964@example.com,British Indian Ocean Territory (Chagos Archipelago),Platinum,2019-06-11 04:18:46
G001965,James,Goodwin,james.goodwin.1965@example.com,Namibia,None,2021-01-04 18:03:20
G001966,Trevor,Goodwin,trevor.goodwin.1966@example.com,Hungary,Gold,2019-12-24 13:05:20
G001967,Joseph,Flores,joseph.flores.1967@example.com,Micronesia,Silver,2022-06-18 17:49:16
G001968,Cameron,Johnson,cameron.johnson.1968@example.com,North Macedonia,None,2020-12-27 04:57:04
G001969,Robin,Smith,robin.smith.1969@example.com,Micronesia,Silver,2023-12-27 04:12:15
G001970,Emily,Sanchez,emily.sanchez.1970@example.com,Moldova,None,2020-01-26 03:16:41
G001971,Kevin,Russell,kevin.russell.1971@example.com,Belize,None,2023-04-04 18:56:33
G001972,James,Faulkner,james.faulkner.1972@example.com,Holy See (Vatican City State),Gold,2023-08-07 02:06:31
G001973,Tricia,Casey,tricia.casey.1973@example.com,Mauritania,None,2022-08-09 13:16:23
G001974,Susan,Peters,susan.peters.1974@example.com,Armenia,Platinum,2019-01-04 02:38:39
G001975,Lisa,Woodward,lisa.woodward.1975@example.com,Niger,None,2021-06-17 16:00:08
G001976,Denise,Jackson,denise.jackson.1976@example.com,Bahamas,None,2023-02-07 02:24:49
G001977,Joshua,King,joshua.king.1977@example.com,Pitcairn Islands,Silver,2022-03-27 02:18:01
G001978,Yvette,Kirby,yvette.kirby.1978@example.com,Croatia,None,2023-12-24 00:37:46
G001979,Mary,Campbell,mary.campbell.1979@example.com,Central African Republic,Gold,2023-07-18 08:35:01
G001980,Anna,Turner,anna.turner.1980@example.com,Indonesia,None,2020-01-18 01:49:37
G001981,Maria,Hardy,maria.hardy.1981@example.com,Fiji,Platinum,2022-09-04 01:27:13
G001982,Jason,Wagner,jason.wagner.1982@example.com,Spain,Silver,2021-09-15 22:27:42
G001983,Nicole,Dougherty,nicole.dougherty.1983@example.com,North Macedonia,None,2021-03-23 00:27:12
G001984,Tiffany,Zimmerman,tiffany.zimmerman.1984@example.com,Faroe Islands,None,2021-02-03 01:44:31
G001985,Eileen,Morris,eileen.morris.1985@example.com,Cote d'Ivoire,None,2022-11-29 13:07:25
G001986,Susan,Murphy,susan.murphy.1986@example.com,United States Minor Outlying Islands,None,2020-02-20 11:18:51
G001987,Deborah,Smith,deborah.smith.1987@example.com,Lebanon,Silver,2019-01-14 07:05:00
G001988,Rachel,Chambers,rachel.chambers.1988@example.com,Isle of Man,Silver,2023-09-23 18:45:16
G001989,Paula,Warner,paula.warner.1989@example.com,Serbia,None,2022-05-05 08:37:32
G001990,Amanda,Cobb,amanda.cobb.1990@example.com,Pakistan,Gold,2019-08-29 20:32:32
G001991,Amanda,Stafford,amanda.stafford.1991@example.com,Suriname,Silver,2022-10-15 02:47:09
G001992,Emily,Gomez,emily.gomez.1992@example.com,Suriname,None,2022-03-15 08:39:43
G001993,Maria,Howard,maria.howard.1993@example.com,Christmas Island,Platinum,2019-01-27 04:41:20
G001994,David,Wood,david.wood.1994@example.com,Congo,Platinum,2022-10-13 06:06:47
G001995,Albert,Paul,albert.paul.1995@example.com,Senegal,Gold,2021-05-23 10:54:22
G001996,Erin,Fletcher,erin.fletcher.1996@example.com,Congo,Gold,2019-10-07 12:23:23
G001997,Lisa,Garrett,lisa.garrett.1997@example.com,Sri Lanka,None,2020-11-18 01:57:58
G001998,Jim,Snyder,jim.snyder.1998@example.com,Guyana,Gold,2019-04-25 07:42:42
G001999,Juan,Conway,juan.conway.1999@example.com,Romania,Silver,2020-10-11 14:36:22
G002000,Adrian,Joyce,adrian.joyce.2000@example.com,Northern Mariana Islands,Silver,2022-05-15 14:19:35
G002001,Daniel,Ramirez,daniel.ramirez.2001@example.com,Macao,None,2023-03-15 20:09:14
G002002,George,Lee,george.lee.2002@example.com,Saint Vincent and the Grenadines,Gold,2023-10-24 14:10:29
G002003,Emily,Morrison,emily.morrison.2003@example.com,China,Silver,2019-07-23 01:38:28
G002004,Brianna,Reese,brianna.reese.2004@example.com,Brunei Darussalam,None,2021-03-17 15:00:14
G002005,Sarah,Foley,sarah.foley.2005@example.com,Turkmenistan,Silver,2023-06-14 03:40:06
G002006,Jessica,Hill,jessica.hill.2006@example.com,Thailand,Silver,2019-03-13 19:45:56
G002007,Victoria,Steele,victoria.steele.2007@example.com,Martinique,None,2021-02-24 19:09:42
G002008,Erin,Ware,erin.ware.2008@example.com,Afghanistan,Gold,2022-08-19 23:57:49
G002009,Danielle,Hahn,danielle.hahn.2009@example.com,Austria,None,2021-09-30 12:34:15
G002010,Ryan,Carney,ryan.carney.2010@example.com,Falkland Islands (Malvinas),None,2020-01-14 03:55:45
G002011,Erin,Owens,erin.owens.2011@example.com,Guyana,None,2023-05-27 01:28:14
G002012,Katherine,Stephenson,katherine.stephenson.2012@example.com,Czech Republic,Gold,2019-05-26 21:56:16
G002013,Joshua,Fisher,joshua.fisher.2013@example.com,Kiribati,Gold,2021-09-09 12:42:37
G002014,Adam,Lee,adam.lee.2014@example.com,Belgium,Gold,2023-11-12 13:57:39
G002015,Lindsey,Mooney,lindsey.mooney.2015@example.com,Czech Republic,None,2022-08-09 18:19:42
G002016,Susan,Stark,susan.stark.2016@example.com,Congo,Silver,2020-05-26 00:38:06
G002017,Mark,Brown,mark.brown.2017@example.com,Niue,Silver,2019-10-28 12:25:14
G002018,Anthony,Reynolds,anthony.reynolds.2018@example.com,Anguilla,Gold,2021-11-04 15:24:12
G002019,Mary,Wright,mary.wright.2019@example.com,Lebanon,Silver,2021-01-10 13:21:03
G002020,Susan,Wall,susan.wall.2020@example.com,Swaziland,Silver,2021-11-02 10:09:28
G002021,April,Young,april.young.2021@example.com,Barbados,None,2022-09-24 11:07:40
G002022,Kathryn,Garrett,kathryn.garrett.2022@example.com,Mozambique,Silver,2020-01-23 19:43:44
G002023,Christopher,Brown,christopher.brown.2023@example.com,Antigua and Barbuda,Gold,2022-03-18 12:37:14
G002024,Lawrence,Abbott,lawrence.abbott.2024@example.com,Bahrain,Silver,2020-02-01 05:45:29
G002025,Bryan,Lang,bryan.lang.2025@example.com,Azerbaijan,None,2021-07-25 15:18:45
G002026,Cheryl,Reynolds,cheryl.reynolds.2026@example.com,Bosnia and Herzegovina,Silver,2019-06-23 08:00:03
G002027,Anita,Phillips,anita.phillips.2027@example.com,Hong Kong,None,2022-06-01 23:39:37
G002028,Cody,Walton,cody.walton.2028@example.com,Djibouti,None,2019-02-02 22:52:53
G002029,Shawn,Marshall,shawn.marshall.2029@example.com,Japan,None,2019-11-11 15:49:46
G002030,Matthew,Pace,matthew.pace.2030@example.com,Slovenia,None,2019-03-22 16:37:07
G002031,Shawn,Murphy,shawn.murphy.2031@example.com,Congo,Silver,2019-12-02 13:33:18
G002032,Curtis,Larson,curtis.larson.2032@example.com,Bangladesh,Silver,2020-08-24 12:56:47
G002033,Rebecca,Martinez,rebecca.martinez.2033@example.com,Malawi,Silver,2021-03-07 06:04:36
G002034,Michael,Olson,michael.olson.2034@example.com,Niger,Platinum,2022-10-13 09:35:31
G002035,Jacob,Taylor,jacob.taylor.2035@example.com,Aruba,None,2019-07-07 22:32:58
G002036,David,Silva,david.silva.2036@example.com,Malaysia,Silver,2022-01-16 11:17:57
G002037,Larry,Mcclure,larry.mcclure.2037@example.com,Singapore,Gold,2020-03-28 10:33:49
G002038,Dylan,Parker,dylan.parker.2038@example.com,Guam,None,2021-06-23 07:18:03
G002039,Miguel,Smith,miguel.smith.2039@example.com,Namibia,None,2020-03-25 06:11:10
G002040,Brian,Hunter,brian.hunter.2040@example.com,Syrian Arab Republic,Silver,2023-10-05 03:36:32
G002041,Michele,Henderson,michele.henderson.2041@example.com,Congo,None,2020-09-14 12:48:42
G002042,Danielle,Harris,danielle.harris.2042@example.com,Bangladesh,None,2021-11-27 03:57:26
G002043,Jaime,Alvarez,jaime.alvarez.2043@example.com,Puerto Rico,Silver,2022-12-23 04:02:53
G002044,Carol,Rivera,carol.rivera.2044@example.com,Mozambique,None,2023-10-25 19:14:41
G002045,Sylvia,Jensen,sylvia.jensen.2045@example.com,Italy,Gold,2021-10-17 23:36:44
G002046,Francis,Gibson,francis.gibson.2046@example.com,Somalia,None,2019-05-12 02:04:28
G002047,Tyler,Mora,tyler.mora.2047@example.com,Northern Mariana Islands,None,2020-11-23 21:57:21
G002048,Heather,Owens,heather.owens.2048@example.com,Croatia,None,2021-01-12 14:33:04
G002049,Timothy,Tate,timothy.tate.2049@example.com,Suriname,None,2021-10-26 23:33:28
G002050,Lindsay,Bennett,lindsay.bennett.2050@example.com,Iran,None,2020-07-26 10:15:58
G002051,Margaret,Smith,margaret.smith.2051@example.com,Algeria,Gold,2019-08-18 01:47:37
G002052,Michael,Spencer,michael.spencer.2052@example.com,Cambodia,None,2021-06-21 18:55:58
G002053,Scott,Welch,scott.welch.2053@example.com,United States Minor Outlying Islands,None,2022-01-23 04:46:40
G002054,Bradley,Johnson,bradley.johnson.2054@example.com,Congo,None,2021-06-01 16:05:51
G002055,Grant,Mcclure,grant.mcclure.2055@example.com,Saint Helena,None,2020-06-25 11:35:44
G002056,Matthew,Spencer,matthew.spencer.2056@example.com,Christmas Island,Platinum,2020-08-31 21:53:30
G002057,Andrew,Cameron,andrew.cameron.2057@example.com,United States Minor Outlying Islands,None,2019-11-11 09:17:23
G002058,Andrew,Byrd,andrew.byrd.2058@example.com,Hong Kong,Gold,2019-12-11 18:26:57
G002059,Matthew,Clark,matthew.clark.2059@example.com,Korea,None,2021-01-16 02:52:36
G002060,Mike,Watson,mike.watson.2060@example.com,Chile,None,2023-06-26 02:30:18
G002061,Tiffany,Cuevas,tiffany.cuevas.2061@example.com,Turkmenistan,None,2022-09-09 12:21:45
G002062,Natalie,Jones,natalie.jones.2062@example.com,Cambodia,Silver,2020-02-11 08:45:29
G002063,Laura,Lee,laura.lee.2063@example.com,Honduras,Silver,2022-03-08 18:29:53
G002064,Louis,Jordan,louis.jordan.2064@example.com,North Macedonia,None,2021-01-29 18:56:33
G002065,Samantha,Hines,samantha.hines.2065@example.com,Namibia,None,2020-08-10 12:28:45
G002066,Melissa,Phillips,melissa.phillips.2066@example.com,Canada,Silver,2021-10-15 01:38:12
G002067,John,Soto,john.soto.2067@example.com,Fiji,Silver,2020-01-28 21:25:53
G002068,Melissa,Schmitt,melissa.schmitt.2068@example.com,Turks and Caicos Islands,Gold,2023-02-28 05:47:05
G002069,Jason,Miller,jason.miller.2069@example.com,Latvia,Gold,2019-07-21 13:17:05
G002070,Gary,Hughes,gary.hughes.2070@example.com,Turkmenistan,None,2023-05-01 21:36:39
G002071,Nicholas,Stone,nicholas.stone.2071@example.com,Christmas Island,None,2021-09-26 20:52:18
G002072,Jennifer,Fox,jennifer.fox.2072@example.com,Liberia,Gold,2023-03-18 06:22:02
G002073,Thomas,Perkins,thomas.perkins.2073@example.com,Northern Mariana Islands,Silver,2023-12-20 08:54:01
G002074,Debra,Clark,debra.clark.2074@example.com,Ukraine,Silver,2020-09-22 16:48:50
G002075,Shannon,Young,shannon.young.2075@example.com,Cuba,Platinum,2021-08-08 16:56:31
G002076,Ronald,Bennett,ronald.bennett.2076@example.com,Cayman Islands,None,2022-03-08 07:27:59
G002077,Jonathan,Miller,jonathan.miller.2077@example.com,Sao Tome and Principe,Silver,2019-09-19 01:35:35
G002078,Kenneth,Stone,kenneth.stone.2078@example.com,Denmark,Silver,2023-12-20 07:22:46
G002079,Blake,Hunt,blake.hunt.2079@example.com,Guadeloupe,None,2022-08-16 20:29:36
G002080,Shannon,Reynolds,shannon.reynolds.2080@example.com,Heard Island and McDonald Islands,None,2023-03-26 19:29:58
G002081,Logan,Reyes,logan.reyes.2081@example.com,Christmas Island,None,2022-10-04 06:40:52
G002082,Jesus,Brewer,jesus.brewer.2082@example.com,Guinea-Bissau,None,2019-09-14 01:34:11
G002083,Kelly,Shaw,kelly.shaw.2083@example.com,Mayotte,None,2019-08-31 19:57:29
G002084,Kristi,House,kristi.house.2084@example.com,Bolivia,None,2020-01-04 10:33:12
G002085,Charles,Johnson,charles.johnson.2085@example.com,Cook Islands,None,2021-11-02 22:47:18
G002086,James,Murphy,james.murphy.2086@example.com,Gabon,Gold,2021-05-02 17:33:38
G002087,James,Munoz,james.munoz.2087@example.com,Burundi,None,2023-08-15 10:22:56
G002088,Rita,Smith,rita.smith.2088@example.com,French Southern Territories,Platinum,2021-05-25 15:54:23
G002089,Lynn,Logan,lynn.logan.2089@example.com,Iraq,Silver,2022-06-14 15:32:42
G002090,Lydia,Todd,lydia.todd.2090@example.com,American Samoa,None,2023-01-06 11:10:06
G002091,Destiny,Hays,destiny.hays.2091@example.com,Zambia,Silver,2020-04-08 19:12:30
G002092,Michelle,Perez,michelle.perez.2092@example.com,Saint Kitts and Nevis,None,2020-10-14 01:24:57
G002093,Thomas,Black,thomas.black.2093@example.com,Solomon Islands,None,2023-09-13 21:58:47
G002094,Katherine,Sharp,katherine.sharp.2094@example.com,Kyrgyz Republic,None,2021-11-24 09:25:07
G002095,Latoya,Edwards,latoya.edwards.2095@example.com,Comoros,None,2022-08-25 05:07:16
G002096,Kayla,Wolfe,kayla.wolfe.2096@example.com,Cote d'Ivoire,Gold,2022-09-24 22:24:40
G002097,Shannon,Hansen,shannon.hansen.2097@example.com,Holy See (Vatican City State),None,2020-03-07 16:52:47
G002098,Barbara,Anderson,barbara.anderson.2098@example.com,Western Sahara,Gold,2019-01-31 01:52:45
G002099,Vincent,Hopkins,vincent.hopkins.2099@example.com,Guinea,None,2021-11-21 18:58:58
G002100,Jeremiah,Simmons,jeremiah.simmons.2100@example.com,Sao Tome and Principe,None,2022-06-07 05:21:04
G002101,Kathryn,Vaughn,kathryn.vaughn.2101@example.com,French Southern Territories,Gold,2021-10-10 02:15:03
G002102,Brenda,Bradley,brenda.bradley.2102@example.com,Antigua and Barbuda,Silver,2020-03-08 06:38:17
G002103,Eric,Cisneros,eric.cisneros.2103@example.com,Greenland,Silver,2023-11-01 07:22:59
G002104,Crystal,Morrison,crystal.morrison.2104@example.com,New Caledonia,None,2023-11-18 23:29:58
G002105,Michelle,Baird,michelle.baird.2105@example.com,Costa Rica,Silver,2022-04-28 15:56:32
G002106,Bryce,Hughes,bryce.hughes.2106@example.com,Lebanon,Silver,2019-12-04 12:39:46
G002107,Mark,Hayden,mark.hayden.2107@example.com,Northern Mariana Islands,None,2021-08-04 12:00:44
G002108,Christopher,Garcia,christopher.garcia.2108@example.com,Micronesia,None,2020-07-05 21:30:27
G002109,Antonio,Barker,antonio.barker.2109@example.com,Liechtenstein,None,2019-03-25 09:13:27
G002110,Jacob,Jones,jacob.jones.2110@example.com,Hungary,None,2021-05-31 18:58:32
G002111,Jamie,Carter,jamie.carter.2111@example.com,Malta,Silver,2019-08-06 10:02:40
G002112,Shawn,Wood,shawn.wood.2112@example.com,Algeria,Silver,2020-06-17 20:15:14
G002113,Mark,Browning,mark.browning.2113@example.com,India,Platinum,2020-05-02 21:24:43
G002114,Veronica,Anderson,veronica.anderson.2114@example.com,Italy,Gold,2023-01-25 20:59:22
G002115,Julia,Price,julia.price.2115@example.com,United Kingdom,None,2020-10-03 12:14:30
G002116,David,Harris,david.harris.2116@example.com,Jersey,None,2023-01-15 02:09:52
G002117,Erik,Andrews,erik.andrews.2117@example.com,Georgia,Gold,2023-12-31 06:34:31
G002118,James,Moran,james.moran.2118@example.com,Kuwait,None,2021-05-05 18:22:04
G002119,James,Ritter,james.ritter.2119@example.com,Kiribati,Platinum,2019-07-18 17:57:07
G002120,Makayla,Jacobs,makayla.jacobs.2120@example.com,Egypt,None,2023-06-22 18:42:11
G002121,Mark,Carroll,mark.carroll.2121@example.com,Liechtenstein,Platinum,2022-11-30 19:20:21
G002122,Steven,Williams,steven.williams.2122@example.com,Bermuda,None,2021-06-13 12:15:30
G002123,Debbie,Ellison,debbie.ellison.2123@example.com,Guatemala,Gold,2021-07-13 03:23:04
G002124,Peter,Colon,peter.colon.2124@example.com,Thailand,None,2020-06-28 02:21:45
G002125,Robert,White,robert.white.2125@example.com,Niger,Silver,2022-09-04 09:58:03
G002126,Stephen,Bartlett,stephen.bartlett.2126@example.com,Cocos (Keeling) Islands,Platinum,2023-11-02 15:01:39
G002127,Cody,Hale,cody.hale.2127@example.com,Aruba,None,2021-01-14 16:58:24
G002128,Nicole,Moore,nicole.moore.2128@example.com,Turkmenistan,Gold,2023-07-29 16:37:03
G002129,Kelly,Hendricks,kelly.hendricks.2129@example.com,Qatar,Gold,2020-11-05 23:41:49
G002130,Regina,Jenkins,regina.jenkins.2130@example.com,Serbia,None,2023-09-14 13:32:15
G002131,David,Wood,david.wood.2131@example.com,Saudi Arabia,Gold,2019-11-23 22:06:42
G002132,William,Chan,william.chan.2132@example.com,Ireland,Gold,2022-11-02 00:13:27
G002133,Frederick,Clark,frederick.clark.2133@example.com,Aruba,Silver,2022-12-06 21:42:20
G002134,Anthony,Fowler,anthony.fowler.2134@example.com,Peru,None,2022-12-06 02:03:22
G002135,Patrick,Reese,patrick.reese.2135@example.com,Togo,None,2020-08-26 23:46:55
G002136,Randy,Smith,randy.smith.2136@example.com,Brazil,None,2020-02-29 00:43:44
G002137,Mark,Goodman,mark.goodman.2137@example.com,Libyan Arab Jamahiriya,None,2022-12-04 09:16:17
G002138,Carlos,Kelley,carlos.kelley.2138@example.com,Ecuador,None,2022-09-21 23:02:28
G002139,Donald,Hoover,donald.hoover.2139@example.com,Tajikistan,None,2020-05-16 08:21:39
G002140,George,Smith,george.smith.2140@example.com,Bolivia,None,2020-07-04 15:43:09
G002141,Kelly,Nichols,kelly.nichols.2141@example.com,India,Silver,2020-06-07 08:47:38
G002142,Chris,Gallagher,chris.gallagher.2142@example.com,Philippines,Silver,2021-04-28 23:09:57
G002143,Eric,Howard,eric.howard.2143@example.com,Cuba,Silver,2019-04-18 00:23:37
G002144,Patricia,Patel,patricia.patel.2144@example.com,Kenya,Gold,2019-05-29 08:56:48
G002145,Mary,Cain,mary.cain.2145@example.com,Norway,Gold,2019-11-16 08:49:23
G002146,Peter,Parker,peter.parker.2146@example.com,Austria,None,2019-01-15 11:54:08
G002147,Brandon,Bennett,brandon.bennett.2147@example.com,Cook Islands,None,2021-02-14 18:57:54
G002148,Nicholas,Allen,nicholas.allen.2148@example.com,Bermuda,Platinum,2019-02-19 19:54:47
G002149,Robert,Hays,robert.hays.2149@example.com,Guadeloupe,Silver,2020-08-19 23:52:40
G002150,Erin,Brown,erin.brown.2150@example.com,Turkmenistan,Gold,2019-10-28 03:15:24
G002151,Laura,Rivas,laura.rivas.2151@example.com,Chad,Silver,2020-06-02 23:56:46
G002152,Bradley,Hunt,bradley.hunt.2152@example.com,Suriname,Gold,2021-10-13 09:26:09
G002153,Marcus,Sims,marcus.sims.2153@example.com,Nigeria,None,2020-10-05 11:56:06
G002154,Sarah,Foster,sarah.foster.2154@example.com,Japan,None,2020-01-11 07:47:47
G002155,Jesse,Rodriguez,jesse.rodriguez.2155@example.com,Gibraltar,Silver,2020-06-23 10:09:43
G002156,Alexis,Valdez,alexis.valdez.2156@example.com,American Samoa,None,2022-04-24 03:51:38
G002157,Jason,Robinson,jason.robinson.2157@example.com,Palestinian Territory,Silver,2021-05-15 03:18:19
G002158,Debra,Wood,debra.wood.2158@example.com,Bangladesh,Silver,2020-11-10 01:04:42
G002159,Robert,Saunders,robert.saunders.2159@example.com,Luxembourg,Silver,2019-11-13 07:46:16
G002160,Jennifer,Moody,jennifer.moody.2160@example.com,Uzbekistan,Silver,2023-11-04 11:00:20
G002161,George,Haley,george.haley.2161@example.com,Netherlands Antilles,Platinum,2021-10-04 17:36:31
G002162,Tina,Horton,tina.horton.2162@example.com,Philippines,None,2020-02-18 00:05:10
G002163,Martin,Reid,martin.reid.2163@example.com,Turks and Caicos Islands,Gold,2021-09-14 21:20:08
G002164,Tiffany,Estrada,tiffany.estrada.2164@example.com,Bangladesh,None,2021-11-07 03:15:22
G002165,Andres,Barr,andres.barr.2165@example.com,Kiribati,None,2022-04-02 23:40:40
G002166,William,Harmon,william.harmon.2166@example.com,Macao,None,2023-12-31 04:49:47
G002167,Janet,Smith,janet.smith.2167@example.com,Angola,Silver,2020-01-21 10:17:53
G002168,Kyle,Rojas,kyle.rojas.2168@example.com,Saudi Arabia,Silver,2021-01-26 16:05:08
G002169,Christine,Brown,christine.brown.2169@example.com,Holy See (Vatican City State),Silver,2023-03-30 11:44:31
G002170,Kenneth,Hernandez,kenneth.hernandez.2170@example.com,Costa Rica,None,2019-04-28 18:31:47
G002171,John,Swanson,john.swanson.2171@example.com,Yemen,None,2022-10-10 14:37:25
G002172,Jocelyn,Murphy,jocelyn.murphy.2172@example.com,Fiji,None,2021-09-13 13:23:55
G002173,Dawn,Hodges,dawn.hodges.2173@example.com,Mali,Silver,2022-07-13 00:41:38
G002174,Deborah,Roberts,deborah.roberts.2174@example.com,Anguilla,Silver,2020-12-12 12:13:29
G002175,Melanie,Rivera,melanie.rivera.2175@example.com,Ecuador,None,2020-10-01 10:51:36
G002176,Amber,Knox,amber.knox.2176@example.com,Papua New Guinea,Platinum,2021-02-10 13:25:36
G002177,Laurie,Horton,laurie.horton.2177@example.com,Cyprus,None,2022-03-31 05:39:07
G002178,Adrienne,White,adrienne.white.2178@example.com,Norfolk Island,None,2019-01-19 18:34:25
G002179,Calvin,Vasquez,calvin.vasquez.2179@example.com,Zimbabwe,Gold,2020-08-20 23:15:50
G002180,Brett,Braun,brett.braun.2180@example.com,Wallis and Futuna,None,2020-09-26 11:44:52
G002181,David,Thompson,david.thompson.2181@example.com,Mexico,Gold,2020-09-26 23:10:49
G002182,Joel,Miller,joel.miller.2182@example.com,Saint Kitts and Nevis,Silver,2022-12-22 03:34:49
G002183,Larry,Griffith,larry.griffith.2183@example.com,Ecuador,None,2022-08-10 08:58:56
G002184,Gregory,Wright,gregory.wright.2184@example.com,France,None,2023-11-26 21:07:37
G002185,Shane,Reid,shane.reid.2185@example.com,Faroe Islands,Gold,2023-02-03 22:41:18
G002186,Christopher,Kaufman,christopher.kaufman.2186@example.com,Indonesia,Silver,2022-03-19 12:39:27
G002187,Gary,Alexander,gary.alexander.2187@example.com,Madagascar,None,2022-09-08 14:55:10
G002188,Kathleen,Weiss,kathleen.weiss.2188@example.com,South Africa,None,2023-02-06 12:34:45
G002189,Andrew,James,andrew.james.2189@example.com,Timor-Leste,Silver,2019-09-16 14:17:29
G002190,Katherine,Dorsey,katherine.dorsey.2190@example.com,Nepal,None,2023-07-28 00:21:44
G002191,Eric,Barber,eric.barber.2191@example.com,Equatorial Guinea,None,2022-03-28 00:25:33
G002192,Steven,Chavez,steven.chavez.2192@example.com,Honduras,None,2023-10-13 12:21:11
G002193,Catherine,Jones,catherine.jones.2193@example.com,Burkina Faso,Silver,2022-12-28 22:26:54
G002194,James,Hendricks,james.hendricks.2194@example.com,Albania,None,2019-02-09 20:59:32
G002195,Michelle,Cross,michelle.cross.2195@example.com,Holy See (Vatican City State),None,2023-03-07 21:26:42
G002196,Richard,Perry,richard.perry.2196@example.com,Indonesia,None,2022-03-05 07:42:00
G002197,Patrick,Parker,patrick.parker.2197@example.com,Namibia,Gold,2019-08-10 07:37:06
G002198,Riley,Williams,riley.williams.2198@example.com,Uruguay,Gold,2020-01-22 17:42:56
G002199,Paul,Cunningham,paul.cunningham.2199@example.com,Congo,Silver,2022-09-17 12:43:56
G002200,Susan,Wise,susan.wise.2200@example.com,Sao Tome and Principe,Silver,2021-12-18 23:54:39
G002201,William,Burns,william.burns.2201@example.com,Portugal,Silver,2022-02-17 21:31:51
G002202,Heather,Curtis,heather.curtis.2202@example.com,Vanuatu,None,2022-08-10 10:44:20
G002203,Jill,Allen,jill.allen.2203@example.com,Antigua and Barbuda,None,2022-01-27 21:00:08
G002204,Crystal,Rhodes,crystal.rhodes.2204@example.com,Qatar,None,2020-04-04 11:03:04
G002205,Jose,Gibson,jose.gibson.2205@example.com,Pitcairn Islands,Gold,2020-04-02 20:30:32
G002206,Jonathan,Guzman,jonathan.guzman.2206@example.com,Zambia,Silver,2020-05-16 12:54:02
G002207,Alexander,Wise,alexander.wise.2207@example.com,Norway,None,2022-04-09 03:02:38
G002208,Raymond,Willis,raymond.willis.2208@example.com,United Arab Emirates,Silver,2019-09-07 15:12:17
G002209,April,Lopez,april.lopez.2209@example.com,Jamaica,None,2020-05-30 04:42:14
G002210,Maria,King,maria.king.2210@example.com,Gabon,Silver,2023-04-05 10:55:56
G002211,Tammy,Barrett,tammy.barrett.2211@example.com,Hong Kong,Gold,2023-12-26 21:16:30
G002212,Kyle,Jenkins,kyle.jenkins.2212@example.com,Turkey,None,2019-10-04 02:53:02
G002213,Daniel,Armstrong,daniel.armstrong.2213@example.com,South Georgia and the South Sandwich Islands,None,2021-12-05 23:47:21
G002214,Lisa,Adams,lisa.adams.2214@example.com,Cote d'Ivoire,None,2022-05-21 10:48:37
G002215,Holly,Smith,holly.smith.2215@example.com,Chile,None,2023-03-08 17:32:38
G002216,Aaron,Jones,aaron.jones.2216@example.com,Qatar,None,2022-07-22 04:22:45
G002217,Alicia,Pena,alicia.pena.2217@example.com,Saint Martin,Silver,2022-08-31 21:55:51
G002218,George,Brooks,george.brooks.2218@example.com,Romania,Gold,2020-02-22 08:31:28
G002219,James,White,james.white.2219@example.com,Yemen,Silver,2019-12-09 11:57:34
G002220,Shannon,Olsen,shannon.olsen.2220@example.com,Colombia,Gold,2020-09-16 07:14:09
G002221,Brian,White,brian.white.2221@example.com,Senegal,Silver,2020-08-19 03:58:12
G002222,Jordan,Barrera,jordan.barrera.2222@example.com,Ireland,None,2022-10-01 07:14:39
G002223,Courtney,Weber,courtney.weber.2223@example.com,Trinidad and Tobago,None,2020-05-31 03:15:44
G002224,Christopher,Miller,christopher.miller.2224@example.com,British Virgin Islands,None,2021-05-09 20:53:08
G002225,Caleb,Johnson,caleb.johnson.2225@example.com,Dominica,Silver,2023-01-24 18:35:30
G002226,Todd,Hodges,todd.hodges.2226@example.com,Algeria,None,2019-07-09 16:42:01
G002227,Joseph,Moses,joseph.moses.2227@example.com,Papua New Guinea,Platinum,2023-12-15 14:16:48
G002228,Kristina,Williams,kristina.williams.2228@example.com,Croatia,None,2023-06-11 20:05:11
G002229,Latoya,Bennett,latoya.bennett.2229@example.com,Mali,None,2021-04-05 22:09:13
G002230,Sarah,Kennedy,sarah.kennedy.2230@example.com,Guadeloupe,None,2022-08-27 06:22:59
G002231,Matthew,Maldonado,matthew.maldonado.2231@example.com,Guam,None,2021-09-06 08:47:24
G002232,Lisa,Everett,lisa.everett.2232@example.com,Papua New Guinea,None,2022-05-23 00:10:38
G002233,Nicholas,Brown,nicholas.brown.2233@example.com,Guinea-Bissau,None,2021-10-23 01:36:59
G002234,Linda,Smith,linda.smith.2234@example.com,Trinidad and Tobago,None,2022-06-02 09:00:09
G002235,Jessica,Barron,jessica.barron.2235@example.com,Burundi,Silver,2019-03-21 18:52:16
G002236,Carolyn,Melton,carolyn.melton.2236@example.com,Fiji,Gold,2021-02-11 04:18:34
G002237,Miguel,Montgomery,miguel.montgomery.2237@example.com,Palestinian Territory,Gold,2023-01-16 09:26:15
G002238,Zachary,Keller,zachary.keller.2238@example.com,Afghanistan,Silver,2021-09-27 23:44:55
G002239,Allen,Ward,allen.ward.2239@example.com,Aruba,Silver,2021-10-08 08:55:04
G002240,Erica,Hall,erica.hall.2240@example.com,Libyan Arab Jamahiriya,None,2022-05-28 06:28:45
G002241,Jocelyn,Bauer,jocelyn.bauer.2241@example.com,Guernsey,None,2022-08-22 11:45:00
G002242,Sheila,David,sheila.david.2242@example.com,Lebanon,None,2019-11-09 02:31:17
G002243,Jessica,Carter,jessica.carter.2243@example.com,Congo,None,2020-03-20 18:53:26
G002244,Molly,Walter,molly.walter.2244@example.com,Slovenia,None,2023-04-17 20:26:01
G002245,Anthony,Jimenez,anthony.jimenez.2245@example.com,Benin,None,2021-07-25 06:09:28
G002246,Marisa,Davies,marisa.davies.2246@example.com,Tunisia,Silver,2022-12-21 07:21:28
G002247,Gary,Griffin,gary.griffin.2247@example.com,Brazil,Silver,2023-02-07 01:05:33
G002248,Elaine,Allen,elaine.allen.2248@example.com,Croatia,None,2020-06-13 12:24:23
G002249,Karen,Keller,karen.keller.2249@example.com,Benin,None,2019-11-24 16:23:21
G002250,Ryan,Baldwin,ryan.baldwin.2250@example.com,Central African Republic,Silver,2021-10-11 09:39:49
G002251,Raven,Miranda,raven.miranda.2251@example.com,Cyprus,Gold,2021-03-11 10:10:35
G002252,Elizabeth,Lynn,elizabeth.lynn.2252@example.com,Paraguay,Platinum,2020-01-18 10:51:36
G002253,Elizabeth,Livingston,elizabeth.livingston.2253@example.com,North Macedonia,None,2023-03-09 11:06:20
G002254,Christopher,Holt,christopher.holt.2254@example.com,Tunisia,None,2020-11-26 08:12:03
G002255,Sarah,Miranda,sarah.miranda.2255@example.com,Netherlands Antilles,None,2019-07-20 21:55:22
G002256,Dawn,Bennett,dawn.bennett.2256@example.com,Saint Barthelemy,None,2022-03-31 17:55:27
G002257,Desiree,Glover,desiree.glover.2257@example.com,Togo,Gold,2022-09-19 14:16:01
G002258,Lindsey,Walker,lindsey.walker.2258@example.com,Brazil,Silver,2021-06-23 00:46:50
G002259,Christopher,Davis,christopher.davis.2259@example.com,Saint Vincent and the Grenadines,Gold,2020-08-07 13:57:20
G002260,Julie,Wilson,julie.wilson.2260@example.com,Heard Island and McDonald Islands,Platinum,2020-01-31 20:56:04
G002261,Melissa,Finley,melissa.finley.2261@example.com,Morocco,None,2019-01-06 05:09:27
G002262,Lance,Lawrence,lance.lawrence.2262@example.com,Comoros,None,2022-04-20 22:13:41
G002263,Tina,Flores,tina.flores.2263@example.com,Haiti,None,2020-01-28 10:09:34
G002264,April,Guzman,april.guzman.2264@example.com,Cyprus,Silver,2019-11-28 03:37:21
G002265,Randall,Medina,randall.medina.2265@example.com,Kuwait,Silver,2021-09-08 13:10:00
G002266,Duane,Hahn,duane.hahn.2266@example.com,Taiwan,None,2020-11-11 02:40:59
G002267,Vincent,Bryant,vincent.bryant.2267@example.com,Netherlands Antilles,None,2021-05-30 11:18:02
G002268,Dustin,Ortega,dustin.ortega.2268@example.com,Spain,Silver,2019-04-17 16:51:50
G002269,Carol,Parker,carol.parker.2269@example.com,Portugal,None,2020-01-19 14:08:38
G002270,Joshua,Abbott,joshua.abbott.2270@example.com,Montserrat,None,2023-01-25 23:20:47
G002271,Crystal,Lewis,crystal.lewis.2271@example.com,French Guiana,Silver,2022-03-16 09:25:53
G002272,Brian,Patrick,brian.patrick.2272@example.com,Cape Verde,Gold,2020-10-16 08:26:59
G002273,Melanie,Michael,melanie.michael.2273@example.com,Czech Republic,None,2019-06-13 07:37:39
G002274,Sandra,Parsons,sandra.parsons.2274@example.com,Togo,None,2023-02-23 14:58:52
G002275,Jessica,Evans,jessica.evans.2275@example.com,Suriname,None,2020-05-09 14:18:24
G002276,Vickie,Kelley,vickie.kelley.2276@example.com,Guadeloupe,None,2022-08-05 11:13:14
G002277,Erica,Mooney,erica.mooney.2277@example.com,Saudi Arabia,Gold,2022-04-30 22:07:09
G002278,Peter,Rose,peter.rose.2278@example.com,Finland,Silver,2021-05-27 06:35:30
G002279,Heather,Lee,heather.lee.2279@example.com,Togo,Gold,2023-08-30 14:35:23
G002280,Phillip,Anderson,phillip.anderson.2280@example.com,Sao Tome and Principe,None,2023-12-09 04:32:37
G002281,Michelle,Brown,michelle.brown.2281@example.com,Vietnam,Silver,2021-08-02 17:24:05
G002282,Stephen,Martin,stephen.martin.2282@example.com,Burundi,Silver,2022-10-04 21:14:22
G002283,Heather,Carter,heather.carter.2283@example.com,Cameroon,None,2020-10-13 17:18:45
G002284,Jeffery,Goodman,jeffery.goodman.2284@example.com,Saint Pierre and Miquelon,Silver,2019-01-29 08:58:10
G002285,Michael,Chase,michael.chase.2285@example.com,Bosnia and Herzegovina,Platinum,2020-04-03 14:15:39
G002286,Nicholas,Mcgrath,nicholas.mcgrath.2286@example.com,Philippines,Silver,2020-06-06 15:36:34
G002287,Sara,Davis,sara.davis.2287@example.com,Lebanon,Gold,2020-07-12 02:23:53
G002288,Sierra,Wilson,sierra.wilson.2288@example.com,Malaysia,Gold,2021-11-17 15:19:54
G002289,Brittney,Booker,brittney.booker.2289@example.com,Niue,None,2022-06-09 03:58:33
G002290,John,Wilson,john.wilson.2290@example.com,Indonesia,None,2023-02-27 02:35:15
G002291,Kevin,Carlson,kevin.carlson.2291@example.com,China,None,2022-03-12 05:44:17
G002292,Kimberly,Esparza,kimberly.esparza.2292@example.com,Paraguay,Silver,2019-10-06 09:53:29
G002293,Kimberly,Hancock,kimberly.hancock.2293@example.com,Pakistan,Silver,2022-04-02 03:30:35
G002294,Joshua,Delgado,joshua.delgado.2294@example.com,Heard Island and McDonald Islands,None,2019-02-06 01:08:20
G002295,David,Miller,david.miller.2295@example.com,Liechtenstein,Gold,2023-05-03 17:36:11
G002296,Jeffrey,Matthews,jeffrey.matthews.2296@example.com,Montserrat,None,2023-01-29 17:59:22
G002297,Joshua,Mcgee,joshua.mcgee.2297@example.com,South Africa,None,2020-07-16 15:32:26
G002298,Patrick,Cooke,patrick.cooke.2298@example.com,Reunion,Gold,2022-09-09 07:46:15
G002299,Kenneth,Martinez,kenneth.martinez.2299@example.com,Greece,None,2019-07-17 06:46:35
G002300,Jennifer,Atkins,jennifer.atkins.2300@example.com,Mauritania,Gold,2020-07-28 10:23:10
G002301,Richard,Haynes,richard.haynes.2301@example.com,India,None,2023-09-24 14:51:03
G002302,Lisa,Logan,lisa.logan.2302@example.com,Marshall Islands,Gold,2023-02-26 21:55:02
G002303,Caleb,Hood,caleb.hood.2303@example.com,Mauritania,None,2020-01-21 12:46:15
G002304,Karen,Clark,karen.clark.2304@example.com,Palestinian Territory,Silver,2019-12-31 12:27:57
G002305,Henry,George,henry.george.2305@example.com,Cocos (Keeling) Islands,Silver,2019-01-17 12:59:11
G002306,Angela,Mcbride,angela.mcbride.2306@example.com,British Virgin Islands,Gold,2019-05-02 14:43:33
G002307,David,Harris,david.harris.2307@example.com,Central African Republic,Silver,2019-09-30 20:24:10
G002308,Anna,York,anna.york.2308@example.com,Antigua and Barbuda,None,2019-09-20 21:00:11
G002309,Tina,Hunter,tina.hunter.2309@example.com,Haiti,Silver,2023-08-19 11:25:51
G002310,George,Rowland,george.rowland.2310@example.com,Palestinian Territory,Gold,2019-01-01 06:22:49
G002311,John,Williams,john.williams.2311@example.com,Yemen,Gold,2023-06-02 20:28:56
G002312,Rebecca,Carter,rebecca.carter.2312@example.com,Martinique,Gold,2022-10-14 07:39:40
G002313,Donald,Henry,donald.henry.2313@example.com,Germany,Silver,2023-06-12 20:49:15
G002314,Renee,Shea,renee.shea.2314@example.com,New Caledonia,Silver,2023-07-31 03:48:29
G002315,William,Watts,william.watts.2315@example.com,Panama,Silver,2019-05-19 23:43:29
G002316,Joel,Lopez,joel.lopez.2316@example.com,French Southern Territories,None,2020-10-30 15:26:23
G002317,Susan,Guzman,susan.guzman.2317@example.com,Cuba,Platinum,2022-01-20 13:50:20
G002318,Joshua,Daniel,joshua.daniel.2318@example.com,Jamaica,None,2019-08-20 00:39:29
G002319,Andrea,Green,andrea.green.2319@example.com,Pakistan,Silver,2020-05-22 09:58:31
G002320,Ricardo,Miller,ricardo.miller.2320@example.com,Equatorial Guinea,Platinum,2022-08-14 11:53:58
G002321,Shelby,Thomas,shelby.thomas.2321@example.com,Costa Rica,Silver,2019-08-08 05:11:20
G002322,Crystal,Adams,crystal.adams.2322@example.com,North Macedonia,Gold,2020-08-21 11:20:29
G002323,Jennifer,Elliott,jennifer.elliott.2323@example.com,Oman,Gold,2023-05-08 22:47:38
G002324,Cassidy,Barnes,cassidy.barnes.2324@example.com,Cape Verde,None,2021-09-09 21:32:10
G002325,Victoria,Hamilton,victoria.hamilton.2325@example.com,Anguilla,Gold,2021-02-07 22:45:54
G002326,Chris,Martinez,chris.martinez.2326@example.com,Bouvet Island (Bouvetoya),None,2023-08-31 17:20:25
G002327,Richard,Murphy,richard.murphy.2327@example.com,Benin,None,2022-02-01 05:46:52
G002328,Regina,Strickland,regina.strickland.2328@example.com,Cameroon,None,2020-12-02 10:17:37
G002329,Joshua,Garcia,joshua.garcia.2329@example.com,Cyprus,Silver,2022-03-22 08:52:27
G002330,Stephanie,Patton,stephanie.patton.2330@example.com,British Virgin Islands,Silver,2020-06-29 23:28:51
G002331,Alisha,Hutchinson,alisha.hutchinson.2331@example.com,Namibia,None,2023-03-02 04:36:33
G002332,Cody,Bailey,cody.bailey.2332@example.com,Montserrat,None,2021-05-26 03:11:59
G002333,Andrea,Lawson,andrea.lawson.2333@example.com,Ukraine,None,2019-05-30 00:24:06
G002334,George,Potts,george.potts.2334@example.com,Iceland,None,2020-07-15 07:55:01
G002335,Michael,Figueroa,michael.figueroa.2335@example.com,Solomon Islands,Gold,2023-07-10 21:05:37
G002336,Andrea,Macias,andrea.macias.2336@example.com,Iraq,None,2023-01-21 13:23:53
G002337,Brittany,Green,brittany.green.2337@example.com,Poland,None,2023-05-15 14:12:46
G002338,Jennifer,Sandoval,jennifer.sandoval.2338@example.com,Cambodia,Silver,2022-03-22 21:25:29
G002339,Ashley,Adams,ashley.adams.2339@example.com,Uruguay,Silver,2022-02-24 00:26:10
G002340,Jasmine,Wright,jasmine.wright.2340@example.com,New Caledonia,None,2022-07-23 10:30:50
G002341,Jasmine,White,jasmine.white.2341@example.com,Guinea,None,2022-12-27 02:15:23
G002342,Wayne,Hill,wayne.hill.2342@example.com,Japan,Gold,2023-06-06 10:21:05
G002343,Shelly,Keith,shelly.keith.2343@example.com,Suriname,Gold,2020-12-11 17:53:16
G002344,Kevin,Hodge,kevin.hodge.2344@example.com,Yemen,None,2021-08-07 15:46:24
G002345,Richard,Edwards,richard.edwards.2345@example.com,Bermuda,Silver,2019-09-04 22:04:33
G002346,Chase,Allen,chase.allen.2346@example.com,Bermuda,Silver,2020-05-27 23:43:36
G002347,Barbara,Miller,barbara.miller.2347@example.com,France,Gold,2023-09-18 17:08:51
G002348,Sarah,Stokes,sarah.stokes.2348@example.com,Algeria,None,2022-08-10 06:30:36
G002349,Erica,Randolph,erica.randolph.2349@example.com,Burkina Faso,None,2023-01-30 05:44:23
G002350,Tyler,Jennings,tyler.jennings.2350@example.com,Philippines,Silver,2023-07-13 03:19:04
G002351,Heidi,Sullivan,heidi.sullivan.2351@example.com,Nicaragua,Gold,2020-08-13 21:08:49
G002352,Rhonda,Reese,rhonda.reese.2352@example.com,Rwanda,Gold,2022-08-13 08:43:26
G002353,Jacqueline,Brady,jacqueline.brady.2353@example.com,Ecuador,None,2023-06-29 18:50:29
G002354,Gabriella,Williams,gabriella.williams.2354@example.com,Kiribati,Platinum,2020-06-07 14:40:54
G002355,Emily,Macias,emily.macias.2355@example.com,Malta,Silver,2020-11-30 06:19:46
G002356,Gregory,Richardson,gregory.richardson.2356@example.com,Burkina Faso,Silver,2023-05-15 23:05:29
G002357,Michael,Williams,michael.williams.2357@example.com,Lithuania,Gold,2022-03-23 19:21:17
G002358,George,Booker,george.booker.2358@example.com,Guadeloupe,Gold,2021-02-14 23:50:41
G002359,Marie,Rosales,marie.rosales.2359@example.com,Togo,None,2020-01-02 04:40:52
G002360,Kelly,Webb,kelly.webb.2360@example.com,Estonia,Platinum,2020-10-23 23:20:54
G002361,Aaron,Welch,aaron.welch.2361@example.com,India,Gold,2020-11-06 15:13:51
G002362,Sandra,Hickman,sandra.hickman.2362@example.com,Norway,None,2023-05-21 16:37:44
G002363,Margaret,Johnson,margaret.johnson.2363@example.com,Kyrgyz Republic,None,2023-02-25 23:47:10
G002364,Brian,Smith,brian.smith.2364@example.com,Kuwait,None,2021-10-17 18:35:53
G002365,Kenneth,Rodriguez,kenneth.rodriguez.2365@example.com,Guernsey,Silver,2020-08-01 08:55:28
G002366,Richard,Smith,richard.smith.2366@example.com,Jersey,None,2023-03-09 17:37:05
G002367,James,Rice,james.rice.2367@example.com,United Arab Emirates,Gold,2020-04-22 13:29:53
G002368,Robert,Gentry,robert.gentry.2368@example.com,Albania,Gold,2020-04-28 12:38:36
G002369,Kayla,Wright,kayla.wright.2369@example.com,Latvia,Gold,2022-05-13 08:05:27
G002370,Nicholas,Diaz,nicholas.diaz.2370@example.com,Uganda,Gold,2020-07-20 00:28:39
G002371,Amanda,Adams,amanda.adams.2371@example.com,Kazakhstan,None,2022-09-27 00:48:37
G002372,Evan,Gomez,evan.gomez.2372@example.com,Jordan,Silver,2019-01-19 01:14:28
G002373,Michael,Harrell,michael.harrell.2373@example.com,Congo,Gold,2019-12-10 19:49:42
G002374,Jake,Williams,jake.williams.2374@example.com,Indonesia,None,2022-08-01 04:11:36
G002375,Julie,Santana,julie.santana.2375@example.com,Central African Republic,Gold,2020-09-10 05:54:47
G002376,Stacy,Moyer,stacy.moyer.2376@example.com,Ethiopia,None,2020-01-05 01:47:47
G002377,Robert,Pierce,robert.pierce.2377@example.com,South Georgia and the South Sandwich Islands,None,2020-01-31 22:10:01
G002378,Mark,Duran,mark.duran.2378@example.com,Turkmenistan,Platinum,2022-05-27 08:55:03
G002379,Warren,Mclean,warren.mclean.2379@example.com,Tajikistan,None,2022-04-23 02:38:47
G002380,David,Rosario,david.rosario.2380@example.com,Somalia,Platinum,2019-03-07 17:13:22
G002381,David,Cooper,david.cooper.2381@example.com,American Samoa,Gold,2021-01-04 19:05:10
G002382,Brett,Gallegos,brett.gallegos.2382@example.com,Japan,Gold,2019-01-25 22:40:38
G002383,Ryan,Roberts,ryan.roberts.2383@example.com,Libyan Arab Jamahiriya,None,2019-09-14 16:12:46
G002384,Kathleen,Wright,kathleen.wright.2384@example.com,Cape Verde,Gold,2023-05-08 08:48:19
G002385,Jacob,Campbell,jacob.campbell.2385@example.com,Brazil,Gold,2021-03-29 18:16:31
G002386,Virginia,Wright,virginia.wright.2386@example.com,Swaziland,None,2022-08-26 08:24:32
G002387,James,Mccarthy,james.mccarthy.2387@example.com,Sudan,None,2019-11-17 05:04:31
G002388,Jacqueline,Shaw,jacqueline.shaw.2388@example.com,Cocos (Keeling) Islands,None,2020-08-09 04:10:47
G002389,Victoria,Garza,victoria.garza.2389@example.com,North Macedonia,Silver,2020-04-07 01:49:18
G002390,Jerome,Anderson,jerome.anderson.2390@example.com,Argentina,Silver,2021-04-30 20:36:12
G002391,Veronica,Hickman,veronica.hickman.2391@example.com,Japan,None,2019-02-24 20:55:30
G002392,Christina,Davis,christina.davis.2392@example.com,Austria,Silver,2022-03-27 17:08:56
G002393,Richard,Torres,richard.torres.2393@example.com,North Macedonia,Silver,2020-12-20 00:29:47
G002394,Jeffrey,Simmons,jeffrey.simmons.2394@example.com,Bahamas,Gold,2023-05-04 02:11:32
G002395,Ronald,Williams,ronald.williams.2395@example.com,Bouvet Island (Bouvetoya),None,2021-04-16 12:26:37
G002396,Michael,Hahn,michael.hahn.2396@example.com,Rwanda,None,2022-07-22 21:52:18
G002397,John,Jacobson,john.jacobson.2397@example.com,Cocos (Keeling) Islands,None,2019-05-08 00:54:52
G002398,Aaron,Guerrero,aaron.guerrero.2398@example.com,Gibraltar,None,2020-10-20 14:11:31
G002399,Justin,Ramirez,justin.ramirez.2399@example.com,New Caledonia,None,2019-11-10 01:20:12
G002400,Ryan,King,ryan.king.2400@example.com,Liechtenstein,Silver,2022-02-03 14:34:56
G002401,Matthew,Rodriguez,matthew.rodriguez.2401@example.com,Paraguay,Silver,2019-02-12 10:40:52
G002402,Felicia,Townsend,felicia.townsend.2402@example.com,Bulgaria,None,2021-10-26 00:56:13
G002403,Michael,Patrick,michael.patrick.2403@example.com,Samoa,None,2023-07-02 02:48:48
G002404,Cassandra,Allen,cassandra.allen.2404@example.com,Falkland Islands (Malvinas),None,2020-10-14 13:13:04
G002405,Breanna,Miller,breanna.miller.2405@example.com,Botswana,None,2020-02-10 09:41:48
G002406,Crystal,Guzman,crystal.guzman.2406@example.com,Armenia,Gold,2023-12-28 09:11:30
G002407,Tanya,Henson,tanya.henson.2407@example.com,Svalbard & Jan Mayen Islands,Silver,2020-08-14 15:45:30
G002408,James,Griffin,james.griffin.2408@example.com,Bolivia,None,2019-08-21 15:25:39
G002409,Shelly,Montgomery,shelly.montgomery.2409@example.com,Gabon,None,2023-01-13 06:48:14
G002410,Veronica,Harris,veronica.harris.2410@example.com,Saint Helena,None,2020-04-22 10:38:28
G002411,Bradley,Lee,bradley.lee.2411@example.com,Mexico,Gold,2021-02-23 13:39:59
G002412,Patricia,Malone,patricia.malone.2412@example.com,Tanzania,None,2023-10-07 22:25:46
G002413,Theresa,Jacobson,theresa.jacobson.2413@example.com,Kiribati,None,2019-12-31 20:08:09
G002414,Rhonda,Jones,rhonda.jones.2414@example.com,Italy,None,2023-06-16 06:34:55
G002415,Sarah,Gordon,sarah.gordon.2415@example.com,Angola,None,2020-06-02 15:35:07
G002416,Carol,Horton,carol.horton.2416@example.com,Bulgaria,Gold,2021-06-18 22:20:37
G002417,Brandon,Knight,brandon.knight.2417@example.com,South Africa,Gold,2020-08-13 21:39:44
G002418,Joy,Sanders,joy.sanders.2418@example.com,Poland,Silver,2023-07-13 07:49:46
G002419,Monica,Mata,monica.mata.2419@example.com,Chad,Silver,2022-09-22 00:37:43
G002420,Karen,Cruz,karen.cruz.2420@example.com,Slovakia (Slovak Republic),None,2022-04-27 10:55:05
G002421,Richard,Nelson,richard.nelson.2421@example.com,Colombia,Silver,2019-01-12 04:28:34
G002422,Ernest,Robinson,ernest.robinson.2422@example.com,Qatar,Silver,2019-01-28 12:44:52
G002423,Natasha,Gibbs,natasha.gibbs.2423@example.com,Korea,None,2023-04-15 07:22:30
G002424,Jasmine,Warren,jasmine.warren.2424@example.com,Gabon,None,2020-11-15 13:28:02
G002425,Kenneth,Adams,kenneth.adams.2425@example.com,British Indian Ocean Territory (Chagos Archipelago),None,2020-06-15 14:49:08
G002426,Jeffrey,Ferguson,jeffrey.ferguson.2426@example.com,French Guiana,Silver,2019-05-02 10:48:43
G002427,Danielle,Mcmahon,danielle.mcmahon.2427@example.com,Fiji,Gold,2020-02-18 03:03:57
G002428,Joseph,Gibbs,joseph.gibbs.2428@example.com,Norway,Silver,2021-02-12 15:23:15
G002429,Veronica,Clark,veronica.clark.2429@example.com,Brazil,None,2019-01-05 08:23:19
G002430,Deborah,Chen,deborah.chen.2430@example.com,Heard Island and McDonald Islands,None,2021-10-05 09:05:15
G002431,Christopher,Thornton,christopher.thornton.2431@example.com,Mexico,Gold,2021-03-31 08:06:48
G002432,Jennifer,Ortiz,jennifer.ortiz.2432@example.com,New Zealand,None,2021-07-05 04:59:25
G002433,Mark,Brown,mark.brown.2433@example.com,Suriname,None,2019-02-02 08:05:27
G002434,Madison,Robinson,madison.robinson.2434@example.com,Fiji,Silver,2020-07-03 02:20:04
G002435,Jonathan,Smith,jonathan.smith.2435@example.com,Palestinian Territory,None,2023-12-18 03:06:31
G002436,Daniel,Reese,daniel.reese.2436@example.com,Hong Kong,None,2021-03-10 13:02:46
G002437,Molly,Walters,molly.walters.2437@example.com,Micronesia,Gold,2020-10-02 12:19:46
G002438,Lisa,Walker,lisa.walker.2438@example.com,Ethiopia,None,2020-09-25 13:16:30
G002439,Bonnie,Morton,bonnie.morton.2439@example.com,Sao Tome and Principe,Silver,2022-05-13 15:53:21
G002440,Eric,Hall,eric.hall.2440@example.com,Saint Kitts and Nevis,None,2022-09-10 02:11:40
G002441,Miguel,Barrera,miguel.barrera.2441@example.com,Bermuda,Silver,2023-03-21 21:32:45
G002442,Hunter,Lopez,hunter.lopez.2442@example.com,Tokelau,Silver,2020-07-01 03:45:16
G002443,Jacob,Henry,jacob.henry.2443@example.com,Saint Lucia,None,2020-07-14 12:05:38
G002444,Deborah,Smith,deborah.smith.2444@example.com,Central African Republic,Platinum,2020-07-06 04:49:38
G002445,Lisa,Mcdaniel,lisa.mcdaniel.2445@example.com,Comoros,None,2019-08-04 18:52:28
G002446,Douglas,Simmons,douglas.simmons.2446@example.com,Korea,Gold,2022-06-04 12:53:44
G002447,Craig,Rose,craig.rose.2447@example.com,Saint Lucia,Gold,2019-02-06 15:00:59
G002448,Carrie,Gray,carrie.gray.2448@example.com,Angola,None,2019-12-08 20:50:32
G002449,Margaret,Hines,margaret.hines.2449@example.com,Norway,Silver,2019-05-16 21:29:38
G002450,David,Carrillo,david.carrillo.2450@example.com,Ethiopia,None,2020-03-19 03:40:53
G002451,Sheena,Greene,sheena.greene.2451@example.com,Somalia,None,2019-01-30 04:37:44
G002452,Susan,Rodriguez,susan.rodriguez.2452@example.com,Saint Pierre and Miquelon,Silver,2021-11-17 08:10:51
G002453,Melissa,Miller,melissa.miller.2453@example.com,Burundi,Gold,2023-02-01 15:06:58
G002454,Kathleen,Stafford,kathleen.stafford.2454@example.com,Suriname,Gold,2020-05-21 20:55:53
G002455,Kyle,Mendoza,kyle.mendoza.2455@example.com,Ecuador,None,2019-06-23 14:22:47
G002456,Amy,Adams,amy.adams.2456@example.com,Mayotte,None,2020-01-18 09:10:33
G002457,Andrew,Williams,andrew.williams.2457@example.com,Mayotte,None,2021-07-10 22:25:32
G002458,Curtis,Tanner,curtis.tanner.2458@example.com,Israel,Silver,2020-03-16 15:59:10
G002459,Aaron,Walker,aaron.walker.2459@example.com,Denmark,None,2022-08-20 01:31:34
G002460,Paul,Gomez,paul.gomez.2460@example.com,France,Gold,2020-12-02 19:09:38
G002461,Sandra,Cohen,sandra.cohen.2461@example.com,Poland,None,2019-12-16 05:47:52
G002462,Travis,Ewing,travis.ewing.2462@example.com,Czech Republic,None,2019-11-13 02:00:17
G002463,Stephanie,Campbell,stephanie.campbell.2463@example.com,Belarus,None,2021-11-02 20:19:26
G002464,David,Mclean,david.mclean.2464@example.com,Uruguay,None,2019-09-21 11:28:02
G002465,Paula,Munoz,paula.munoz.2465@example.com,Christmas Island,Gold,2022-08-24 16:51:01
G002466,Alyssa,Greene,alyssa.greene.2466@example.com,Philippines,None,2022-08-14 04:31:55
G002467,Edward,Contreras,edward.contreras.2467@example.com,Gabon,Silver,2021-06-10 16:41:06
G002468,Michael,Garcia,michael.garcia.2468@example.com,United States Virgin Islands,None,2023-04-01 02:50:10
G002469,Dorothy,Cantu,dorothy.cantu.2469@example.com,Sudan,None,2019-08-26 06:31:19
G002470,Kristina,Hensley,kristina.hensley.2470@example.com,Canada,Platinum,2020-03-31 10:28:29
G002471,Luke,Myers,luke.myers.2471@example.com,Saint Helena,None,2023-01-26 10:28:34
G002472,Lisa,Wilson,lisa.wilson.2472@example.com,Japan,Silver,2021-05-15 04:41:11
G002473,Duane,Morris,duane.morris.2473@example.com,Brunei Darussalam,None,2020-07-19 01:23:03
G002474,Katrina,Gomez,katrina.gomez.2474@example.com,Lithuania,None,2022-08-09 19:12:35
G002475,Timothy,Dudley,timothy.dudley.2475@example.com,Netherlands,Gold,2021-11-02 00:57:48
G002476,Devon,Raymond,devon.raymond.2476@example.com,Uruguay,Platinum,2021-02-03 00:14:19
G002477,Patrick,Dunn,patrick.dunn.2477@example.com,Mauritania,None,2023-07-17 08:49:26
G002478,Travis,Herrera,travis.herrera.2478@example.com,Denmark,None,2022-04-09 23:53:12
G002479,Christopher,Espinoza,christopher.espinoza.2479@example.com,Malta,Silver,2023-12-01 09:35:24
G002480,Kimberly,Shepherd,kimberly.shepherd.2480@example.com,Cyprus,Gold,2019-09-29 01:50:52
G002481,Joe,Smith,joe.smith.2481@example.com,Thailand,None,2019-02-23 07:08:37
G002482,Michael,Wells,michael.wells.2482@example.com,Burkina Faso,None,2019-12-09 05:51:01
G002483,Brian,Bailey,brian.bailey.2483@example.com,Thailand,Silver,2020-03-08 22:38:06
G002484,Kenneth,Thomas,kenneth.thomas.2484@example.com,Timor-Leste,Silver,2023-09-10 10:50:57
G002485,Teresa,Durham,teresa.durham.2485@example.com,Ecuador,None,2020-10-16 17:43:01
G002486,Maria,Brown,maria.brown.2486@example.com,Burundi,None,2019-12-31 05:44:06
G002487,Suzanne,Padilla,suzanne.padilla.2487@example.com,Honduras,None,2019-03-23 20:33:56
G002488,Heather,Coleman,heather.coleman.2488@example.com,Austria,Gold,2019-11-26 08:39:57
G002489,Elizabeth,Jones,elizabeth.jones.2489@example.com,Taiwan,Platinum,2020-05-06 10:14:55
G002490,Anthony,Diaz,anthony.diaz.2490@example.com,Belgium,None,2021-01-31 07:56:23
G002491,Chris,Carroll,chris.carroll.2491@example.com,Suriname,None,2022-07-18 00:06:31
G002492,Edward,White,edward.white.2492@example.com,Samoa,Silver,2020-03-11 07:32:15
G002493,Kaitlin,Hale,kaitlin.hale.2493@example.com,French Southern Territories,Gold,2022-12-31 19:29:50
G002494,Robert,Rogers,robert.rogers.2494@example.com,Slovenia,Silver,2019-02-11 00:57:57
G002495,Justin,Moore,justin.moore.2495@example.com,Turkmenistan,Silver,2019-04-10 18:58:26
G002496,Cassandra,Thompson,cassandra.thompson.2496@example.com,Central African Republic,None,2019-02-03 18:20:43
G002497,Randy,Henderson,randy.henderson.2497@example.com,Yemen,None,2022-11-12 10:48:10
G002498,Angela,Gallegos,angela.gallegos.2498@example.com,Uruguay,Platinum,2023-11-13 08:16:04
G002499,Warren,Fletcher,warren.fletcher.2499@example.com,Jamaica,None,2020-05-02 03:54:10
G002500,Joseph,Davis,joseph.davis.2500@example.com,Honduras,None,2020-01-24 18:37:08
G002501,Julia,Morales,julia.morales.2501@example.com,Azerbaijan,Gold,2020-11-11 02:50:42
G002502,Philip,Carson,philip.carson.2502@example.com,Monaco,None,2019-08-28 21:08:17
G002503,Lisa,Mcdonald,lisa.mcdonald.2503@example.com,Germany,Silver,2022-06-12 14:26:09
G002504,Margaret,Martin,margaret.martin.2504@example.com,Spain,None,2022-02-28 03:25:02
G002505,Deborah,Lee,deborah.lee.2505@example.com,Botswana,Silver,2019-11-21 08:37:58
G002506,Christian,Morrison,christian.morrison.2506@example.com,Tanzania,Silver,2021-11-08 06:34:48
G002507,Anthony,Campbell,anthony.campbell.2507@example.com,Mauritius,None,2019-11-27 18:34:18
G002508,Cameron,Harper,cameron.harper.2508@example.com,Saudi Arabia,None,2021-08-18 09:39:59
G002509,Jacob,Harris,jacob.harris.2509@example.com,Vanuatu,None,2019-04-11 13:26:34
G002510,John,Miller,john.miller.2510@example.com,Montenegro,None,2023-10-21 18:18:10
G002511,Bradley,Downs,bradley.downs.2511@example.com,Liberia,None,2019-05-22 22:11:36
G002512,Brandon,Davis,brandon.davis.2512@example.com,Georgia,None,2019-01-27 08:13:10
G002513,Tina,Walton,tina.walton.2513@example.com,Indonesia,Silver,2023-04-04 02:48:53
G002514,James,Walton,james.walton.2514@example.com,Saint Kitts and Nevis,Gold,2022-01-10 13:09:05
G002515,Terri,Park,terri.park.2515@example.com,Bhutan,None,2021-10-26 08:52:29
G002516,Richard,Figueroa,richard.figueroa.2516@example.com,Bolivia,None,2023-04-10 05:02:23
G002517,Lindsey,Hernandez,lindsey.hernandez.2517@example.com,Namibia,Silver,2022-04-02 04:18:57
G002518,Thomas,Melton,thomas.melton.2518@example.com,Argentina,Gold,2021-06-20 08:52:09
G002519,Evan,Fleming,evan.fleming.2519@example.com,Belgium,Silver,2019-10-17 20:16:15
G002520,Stephanie,Hall,stephanie.hall.2520@example.com,Cuba,None,2020-03-13 15:28:42
G002521,Kayla,Martin,kayla.martin.2521@example.com,Macao,Gold,2023-05-24 02:10:39
G002522,Victoria,Franklin,victoria.franklin.2522@example.com,Mali,None,2021-11-26 17:46:08
G002523,Seth,Anderson,seth.anderson.2523@example.com,French Guiana,None,2022-01-24 11:08:05
G002524,Cindy,Bentley,cindy.bentley.2524@example.com,Armenia,Silver,2022-04-19 08:06:23
G002525,John,Shea,john.shea.2525@example.com,New Caledonia,None,2019-08-22 00:16:39
G002526,Susan,Bradley,susan.bradley.2526@example.com,Luxembourg,Platinum,2019-10-30 15:07:14
G002527,Linda,Thomas,linda.thomas.2527@example.com,Trinidad and Tobago,Silver,2021-08-19 17:08:50
G002528,Amy,Novak,amy.novak.2528@example.com,Slovenia,None,2019-09-28 19:41:37
G002529,Victor,Gibson,victor.gibson.2529@example.com,Chile,Silver,2021-07-07 10:08:36
G002530,Evan,Ramirez,evan.ramirez.2530@example.com,Haiti,None,2022-01-02 21:03:48
G002531,Christopher,White,christopher.white.2531@example.com,Sierra Leone,Gold,2022-12-02 11:21:00
G002532,Jonathan,Kennedy,jonathan.kennedy.2532@example.com,Equatorial Guinea,None,2022-10-05 09:17:35
G002533,Debra,Taylor,debra.taylor.2533@example.com,British Virgin Islands,None,2023-11-02 23:50:23
G002534,Tracy,Cox,tracy.cox.2534@example.com,France,Gold,2022-05-30 16:11:41
G002535,Robert,Harvey,robert.harvey.2535@example.com,Pitcairn Islands,Gold,2020-02-05 17:45:42
G002536,Scott,Hunt,scott.hunt.2536@example.com,Nigeria,Silver,2021-09-01 11:05:48
G002537,Nathaniel,Fleming,nathaniel.fleming.2537@example.com,Madagascar,None,2022-10-30 09:18:45
G002538,Jose,Hutchinson,jose.hutchinson.2538@example.com,Pitcairn Islands,Silver,2019-05-13 14:07:16
G002539,Christine,Schneider,christine.schneider.2539@example.com,Saint Vincent and the Grenadines,None,2021-01-30 14:51:45
G002540,Holly,Castro,holly.castro.2540@example.com,Cape Verde,Gold,2019-11-24 03:35:19
G002541,Kelly,Moore,kelly.moore.2541@example.com,Iran,None,2019-08-15 17:41:04
G002542,Jeffrey,Sawyer,jeffrey.sawyer.2542@example.com,Paraguay,None,2019-10-18 12:05:52
G002543,Michael,Mcdonald,michael.mcdonald.2543@example.com,Martinique,None,2022-12-15 05:57:06
G002544,Daniel,White,daniel.white.2544@example.com,Botswana,Gold,2022-05-18 06:21:18
G002545,Kayla,Gonzalez,kayla.gonzalez.2545@example.com,Greenland,None,2019-07-20 07:20:45
G002546,Logan,Davies,logan.davies.2546@example.com,Libyan Arab Jamahiriya,Platinum,2020-10-22 15:13:42
G002547,Jacqueline,Alvarez,jacqueline.alvarez.2547@example.com,Fiji,None,2022-11-13 07:50:27
G002548,Benjamin,Moore,benjamin.moore.2548@example.com,Latvia,Gold,2020-03-28 02:17:43
G002549,Danielle,Flores,danielle.flores.2549@example.com,Antigua and Barbuda,Silver,2022-03-27 12:05:31
G002550,Bryan,Stokes,bryan.stokes.2550@example.com,Somalia,Silver,2022-08-29 07:18:22
G002551,Tiffany,Lewis,tiffany.lewis.2551@example.com,Croatia,None,2019-03-13 06:44:03
G002552,Stephanie,Sutton,stephanie.sutton.2552@example.com,Faroe Islands,None,2021-02-22 03:47:50
G002553,Cynthia,Miller,cynthia.miller.2553@example.com,Bangladesh,Gold,2021-04-30 23:51:38
G002554,Richard,Evans,richard.evans.2554@example.com,Rwanda,None,2022-11-03 12:23:02
G002555,Monica,Warren,monica.warren.2555@example.com,Paraguay,Gold,2021-03-17 01:47:15
G002556,Jack,Brown,jack.brown.2556@example.com,Ukraine,Silver,2022-08-24 09:49:59
G002557,Matthew,Mullins,matthew.mullins.2557@example.com,Chad,None,2020-09-09 01:05:06
G002558,Michael,Barnes,michael.barnes.2558@example.com,Lebanon,Silver,2023-07-22 18:14:35
G002559,Haley,Martin,haley.martin.2559@example.com,Qatar,None,2022-09-19 00:58:28
G002560,Michael,Schwartz,michael.schwartz.2560@example.com,Iceland,None,2019-01-31 20:32:49
G002561,Ann,English,ann.english.2561@example.com,Congo,Silver,2019-08-30 17:50:17
G002562,Jennifer,Lane,jennifer.lane.2562@example.com,Cameroon,None,2021-10-02 19:15:00
G002563,Elizabeth,Colon,elizabeth.colon.2563@example.com,Saint Martin,None,2021-09-10 09:05:26
G002564,Alexis,Mosley,alexis.mosley.2564@example.com,Vietnam,Gold,2020-04-03 05:23:48
G002565,Victor,Stewart,victor.stewart.2565@example.com,Somalia,Gold,2022-06-16 14:23:03
G002566,Jose,Bowen,jose.bowen.2566@example.com,Korea,Gold,2020-01-26 14:09:14
G002567,Cynthia,Fowler,cynthia.fowler.2567@example.com,Mozambique,None,2019-10-30 18:06:17
G002568,Benjamin,Reese,benjamin.reese.2568@example.com,Comoros,None,2022-07-29 10:36:05
G002569,Heather,Schroeder,heather.schroeder.2569@example.com,Netherlands Antilles,None,2022-03-19 00:39:30
G002570,Javier,Clark,javier.clark.2570@example.com,Comoros,None,2023-11-28 04:02:29
G002571,Stephanie,Wood,stephanie.wood.2571@example.com,Haiti,None,2019-02-20 07:18:31
G002572,Kevin,Parker,kevin.parker.2572@example.com,Svalbard & Jan Mayen Islands,Gold,2020-01-23 13:41:15
G002573,Holly,Banks,holly.banks.2573@example.com,Korea,Silver,2022-07-10 10:05:00
G002574,Robert,Bell,robert.bell.2574@example.com,Mauritius,None,2022-08-16 01:37:02
G002575,Alexandra,Hubbard,alexandra.hubbard.2575@example.com,Brazil,None,2020-06-30 05:37:39
G002576,Stephen,Brooks,stephen.brooks.2576@example.com,Micronesia,Platinum,2020-05-20 08:35:43
G002577,Amy,James,amy.james.2577@example.com,Tanzania,Platinum,2022-09-21 05:53:32
G002578,Cynthia,Park,cynthia.park.2578@example.com,Wallis and Futuna,Gold,2019-11-05 06:45:24
G002579,Wanda,Shaffer,wanda.shaffer.2579@example.com,Bosnia and Herzegovina,Silver,2019-10-06 11:53:21
G002580,Debra,Jensen,debra.jensen.2580@example.com,Isle of Man,Silver,2019-11-19 02:35:27
G002581,Tyler,Walton,tyler.walton.2581@example.com,Vanuatu,Gold,2023-08-20 10:17:30
G002582,Cory,Wallace,cory.wallace.2582@example.com,Mozambique,None,2019-04-12 09:28:54
G002583,Elizabeth,Christian,elizabeth.christian.2583@example.com,Croatia,Platinum,2020-11-23 11:05:25
G002584,Kimberly,Arnold,kimberly.arnold.2584@example.com,Brazil,None,2020-08-30 14:01:40
G002585,Melissa,Sampson,melissa.sampson.2585@example.com,Guernsey,Silver,2022-12-12 10:24:18
G002586,Robert,Hoover,robert.hoover.2586@example.com,Romania,Silver,2022-05-14 17:37:30
G002587,Adrian,Brooks,adrian.brooks.2587@example.com,Czech Republic,Silver,2023-04-26 22:28:38
G002588,Justin,Hobbs,justin.hobbs.2588@example.com,Estonia,None,2021-08-13 01:09:28
G002589,Mary,Pope,mary.pope.2589@example.com,Israel,None,2021-01-20 11:36:17
G002590,Adam,Stout,adam.stout.2590@example.com,Antigua and Barbuda,Gold,2019-02-18 06:00:20
G002591,Anthony,Gibbs,anthony.gibbs.2591@example.com,Tajikistan,None,2023-06-01 08:42:15
G002592,Lori,Greene,lori.greene.2592@example.com,Grenada,Silver,2020-06-13 10:44:46
G002593,Susan,Haney,susan.haney.2593@example.com,Dominican Republic,None,2023-09-23 14:56:47
G002594,Teresa,Lee,teresa.lee.2594@example.com,Norway,None,2022-05-06 23:53:46
G002595,Maria,Solis,maria.solis.2595@example.com,Morocco,Platinum,2022-08-26 04:11:51
G002596,David,Fields,david.fields.2596@example.com,Saint Lucia,None,2020-06-23 17:17:54
G002597,Richard,Flores,richard.flores.2597@example.com,Cayman Islands,Platinum,2022-09-20 23:01:35
G002598,Jerry,Mckinney,jerry.mckinney.2598@example.com,Brunei Darussalam,Platinum,2023-04-16 16:07:50
G002599,David,Ray,david.ray.2599@example.com,India,None,2021-03-19 12:09:50
G002600,Mary,Moore,mary.moore.2600@example.com,Gibraltar,None,2020-09-25 01:38:20
G002601,Christopher,Johnson,christopher.johnson.2601@example.com,Algeria,None,2020-04-20 12:07:55
G002602,Anthony,Zimmerman,anthony.zimmerman.2602@example.com,Uruguay,None,2019-09-02 17:42:12
G002603,Ashley,Johnson,ashley.johnson.2603@example.com,Saint Martin,Gold,2020-02-10 14:21:55
G002604,Tonya,Walters,tonya.walters.2604@example.com,Slovakia (Slovak Republic),None,2022-01-17 15:27:49
G002605,Jacob,Delgado,jacob.delgado.2605@example.com,Cyprus,Gold,2021-07-11 12:08:49
G002606,James,Pittman,james.pittman.2606@example.com,Saint Kitts and Nevis,None,2022-03-20 17:41:53
G002607,Kaylee,Hopkins,kaylee.hopkins.2607@example.com,Falkland Islands (Malvinas),Silver,2019-09-15 18:11:49
G002608,Savannah,Burton,savannah.burton.2608@example.com,Northern Mariana Islands,Silver,2023-12-05 23:48:28
G002609,Michelle,Rodriguez,michelle.rodriguez.2609@example.com,Vanuatu,Silver,2020-01-17 04:00:22
G002610,Daniel,Campbell,daniel.campbell.2610@example.com,Ukraine,Silver,2020-07-15 04:34:38
G002611,Christopher,Snyder,christopher.snyder.2611@example.com,Guyana,None,2020-10-08 03:33:01
G002612,Peter,Henry,peter.henry.2612@example.com,Angola,Silver,2022-07-09 11:04:23
G002613,Charles,Chung,charles.chung.2613@example.com,Belarus,None,2020-10-15 08:48:14
G002614,Grace,Brooks,grace.brooks.2614@example.com,Germany,Silver,2022-11-01 19:56:23
G002615,Lindsey,White,lindsey.white.2615@example.com,Algeria,None,2020-07-09 03:07:40
G002616,Donna,Welch,donna.welch.2616@example.com,Timor-Leste,None,2019-04-08 17:07:03
G002617,David,Cooper,david.cooper.2617@example.com,Guatemala,Gold,2023-02-12 11:01:07
G002618,Wanda,Greene,wanda.greene.2618@example.com,Albania,Gold,2020-05-07 02:17:06
G002619,Aimee,Scott,aimee.scott.2619@example.com,British Virgin Islands,None,2020-08-22 03:35:04
G002620,Catherine,Herrera,catherine.herrera.2620@example.com,Maldives,Gold,2023-05-09 22:27:06
G002621,Kathleen,Robinson,kathleen.robinson.2621@example.com,Haiti,None,2019-12-23 15:14:51
G002622,Rachel,Johnson,rachel.johnson.2622@example.com,Burundi,None,2020-11-13 18:34:35
G002623,Christopher,Holt,christopher.holt.2623@example.com,Brunei Darussalam,None,2021-04-11 08:59:46
G002624,Joshua,Gonzalez,joshua.gonzalez.2624@example.com,Bermuda,Platinum,2021-12-18 22:01:25
G002625,Jean,Pearson,jean.pearson.2625@example.com,Lao People's Democratic Republic,None,2023-03-21 09:39:17
G002626,Ryan,Potts,ryan.potts.2626@example.com,Uzbekistan,Gold,2020-08-22 19:10:03
G002627,John,Gonzalez,john.gonzalez.2627@example.com,Tanzania,None,2021-05-23 07:02:59
G002628,Suzanne,Garcia,suzanne.garcia.2628@example.com,South Africa,None,2023-12-31 13:03:26
G002629,Larry,Bauer,larry.bauer.2629@example.com,Zimbabwe,None,2023-02-24 15:22:29
G002630,Ryan,Griffin,ryan.griffin.2630@example.com,Nepal,None,2021-04-24 01:28:32
G002631,Lisa,Dean,lisa.dean.2631@example.com,New Caledonia,None,2022-04-05 01:58:07
G002632,Ruben,Bradley,ruben.bradley.2632@example.com,Holy See (Vatican City State),None,2019-07-19 16:02:20
G002633,Shannon,Preston,shannon.preston.2633@example.com,Malawi,Gold,2021-02-25 05:47:38
G002634,Brenda,Carter,brenda.carter.2634@example.com,Sweden,None,2023-07-07 04:48:42
G002635,Michael,Johnson,michael.johnson.2635@example.com,Cocos (Keeling) Islands,None,2021-09-29 12:51:05
G002636,Ruben,Lopez,ruben.lopez.2636@example.com,Ecuador,Gold,2019-08-14 16:27:21
G002637,Jason,Watson,jason.watson.2637@example.com,Cameroon,None,2021-09-03 23:18:27
G002638,David,Flores,david.flores.2638@example.com,Algeria,Gold,2021-10-18 18:16:44
G002639,Jason,Bradley,jason.bradley.2639@example.com,Gibraltar,None,2020-12-23 19:32:51
G002640,Anna,Cruz,anna.cruz.2640@example.com,Netherlands,Silver,2020-10-21 04:55:37
G002641,Alison,Garcia,alison.garcia.2641@example.com,Fiji,Silver,2019-08-21 11:17:47
G002642,Audrey,Lucas,audrey.lucas.2642@example.com,Pitcairn Islands,None,2022-09-14 03:16:44
G002643,Louis,Flores,louis.flores.2643@example.com,Congo,Gold,2019-06-04 06:53:54
G002644,Leah,Jimenez,leah.jimenez.2644@example.com,Falkland Islands (Malvinas),None,2022-08-01 17:43:32
G002645,David,Chavez,david.chavez.2645@example.com,Netherlands Antilles,Silver,2021-10-12 13:32:54
G002646,Brittany,Young,brittany.young.2646@example.com,Angola,Platinum,2021-06-04 13:53:35
G002647,Andrew,Logan,andrew.logan.2647@example.com,Morocco,None,2019-01-15 10:30:22
G002648,Rhonda,Mitchell,rhonda.mitchell.2648@example.com,Tajikistan,None,2022-06-05 11:44:59
G002649,Benjamin,Ferguson,benjamin.ferguson.2649@example.com,Marshall Islands,None,2019-05-02 13:01:00
G002650,Matthew,Smith,matthew.smith.2650@example.com,Latvia,Gold,2019-10-23 12:38:50
G002651,Maria,Perry,maria.perry.2651@example.com,Gabon,None,2021-05-03 09:08:39
G002652,Logan,Reed,logan.reed.2652@example.com,Belgium,Platinum,2023-09-25 19:56:02
G002653,Kim,Snyder,kim.snyder.2653@example.com,Australia,Gold,2022-05-07 00:37:24
G002654,Kenneth,Riggs,kenneth.riggs.2654@example.com,Lithuania,Silver,2020-01-13 05:12:19
G002655,Megan,Pace,megan.pace.2655@example.com,Bosnia and Herzegovina,Silver,2019-04-01 23:53:07
G002656,Jeffrey,Petersen,jeffrey.petersen.2656@example.com,Burundi,None,2019-11-23 15:29:06
G002657,Victoria,Callahan,victoria.callahan.2657@example.com,Saint Kitts and Nevis,None,2022-09-15 14:50:20
G002658,Jeremy,Miller,jeremy.miller.2658@example.com,Saint Kitts and Nevis,Gold,2022-02-20 01:39:05
G002659,Lisa,Medina,lisa.medina.2659@example.com,Albania,None,2019-06-13 02:00:40
G002660,Jordan,Glover,jordan.glover.2660@example.com,Bouvet Island (Bouvetoya),None,2019-05-30 03:23:31
G002661,Stacey,Jones,stacey.jones.2661@example.com,Greenland,Gold,2022-03-25 05:46:52
G002662,Joseph,Jackson,joseph.jackson.2662@example.com,Burundi,None,2023-12-18 17:25:27
G002663,Steven,Martinez,steven.martinez.2663@example.com,Tokelau,None,2020-04-04 19:47:24
G002664,Karen,Barron,karen.barron.2664@example.com,Ukraine,None,2022-07-08 01:25:41
G002665,Dana,Barnett,dana.barnett.2665@example.com,Mali,Silver,2023-06-28 03:52:55
G002666,John,Woods,john.woods.2666@example.com,Liechtenstein,Platinum,2021-05-21 14:41:53
G002667,Marc,Simon,marc.simon.2667@example.com,Czech Republic,None,2019-10-13 05:03:26
G002668,Joseph,Phillips,joseph.phillips.2668@example.com,Belize,Silver,2022-01-01 18:18:38
G002669,Angelica,Salas,angelica.salas.2669@example.com,Palestinian Territory,Gold,2020-10-01 16:21:47
G002670,Heather,Jones,heather.jones.2670@example.com,Lithuania,None,2019-07-07 05:49:41
G002671,Jason,Santiago,jason.santiago.2671@example.com,Lao People's Democratic Republic,Platinum,2022-04-11 08:10:16
G002672,Jacob,Garcia,jacob.garcia.2672@example.com,Cote d'Ivoire,None,2023-06-28 08:02:09
G002673,Willie,Edwards,willie.edwards.2673@example.com,Western Sahara,Silver,2021-08-26 19:23:20
G002674,Jeanette,Rios,jeanette.rios.2674@example.com,Thailand,Gold,2023-04-17 11:05:51
G002675,Daniel,Anderson,daniel.anderson.2675@example.com,United States Virgin Islands,None,2022-02-03 19:14:45
G002676,Paul,Chavez,paul.chavez.2676@example.com,Niger,Gold,2023-05-15 06:39:14
G002677,James,Ross,james.ross.2677@example.com,Bangladesh,Gold,2021-05-13 05:08:06
G002678,Rodney,Parks,rodney.parks.2678@example.com,Zambia,None,2023-11-29 10:18:15
G002679,Deborah,Thomas,deborah.thomas.2679@example.com,Turkey,Platinum,2019-11-29 23:25:36
G002680,Julie,Allen,julie.allen.2680@example.com,Uganda,None,2022-12-02 19:13:47
G002681,Jacob,Johnson,jacob.johnson.2681@example.com,Panama,Gold,2023-07-08 09:41:06
G002682,Shawn,Baker,shawn.baker.2682@example.com,Vanuatu,None,2023-09-06 17:39:36
G002683,Christopher,Reynolds,christopher.reynolds.2683@example.com,Canada,Silver,2022-05-18 05:05:49
G002684,Wayne,Romero,wayne.romero.2684@example.com,Austria,None,2022-10-03 04:44:24
G002685,Joseph,Davis,joseph.davis.2685@example.com,Pakistan,None,2022-04-03 10:56:48
G002686,Jessica,Henderson,jessica.henderson.2686@example.com,French Polynesia,None,2020-08-11 14:23:19
G002687,Richard,Wheeler,richard.wheeler.2687@example.com,Marshall Islands,None,2023-03-14 14:41:37
G002688,April,Rodriguez,april.rodriguez.2688@example.com,Australia,Gold,2021-02-12 10:37:41
G002689,Susan,Robinson,susan.robinson.2689@example.com,Austria,None,2019-04-21 21:05:12
G002690,Barbara,Allen,barbara.allen.2690@example.com,Martinique,None,2019-11-10 21:29:29
G002691,Joshua,Andrade,joshua.andrade.2691@example.com,Reunion,None,2022-06-10 22:08:06
G002692,Philip,Garcia,philip.garcia.2692@example.com,Saint Martin,Silver,2021-04-13 11:26:00
G002693,Tyler,Jackson,tyler.jackson.2693@example.com,Costa Rica,Silver,2021-12-16 01:24:13
G002694,Dana,Mccarthy,dana.mccarthy.2694@example.com,France,Silver,2019-01-10 15:39:54
G002695,Clinton,Gordon,clinton.gordon.2695@example.com,Reunion,None,2023-01-21 05:40:38
G002696,Jocelyn,Phelps,jocelyn.phelps.2696@example.com,Portugal,Gold,2021-01-11 08:45:31
G002697,George,Maldonado,george.maldonado.2697@example.com,Chad,None,2020-08-05 01:24:42
G002698,Martin,Gibson,martin.gibson.2698@example.com,American Samoa,None,2023-01-14 12:47:32
G002699,Ronnie,Smith,ronnie.smith.2699@example.com,Estonia,None,2019-08-28 03:49:35
G002700,George,Wolf,george.wolf.2700@example.com,Algeria,None,2021-12-30 01:43:59
G002701,Tara,Aguilar,tara.aguilar.2701@example.com,Liechtenstein,Silver,2021-02-07 23:42:54
G002702,Thomas,Williams,thomas.williams.2702@example.com,Andorra,Gold,2023-10-29 10:28:23
G002703,Erin,Roberts,erin.roberts.2703@example.com,Denmark,None,2023-06-20 22:54:33
G002704,Wesley,Fischer,wesley.fischer.2704@example.com,Singapore,Platinum,2019-10-19 18:26:40
G002705,Craig,Lara,craig.lara.2705@example.com,Grenada,Silver,2022-11-07 05:31:17
G002706,Tracy,Bell,tracy.bell.2706@example.com,Mayotte,None,2021-03-10 12:37:28
G002707,Elizabeth,King,elizabeth.king.2707@example.com,Kuwait,None,2019-02-12 03:11:07
G002708,Maria,Turner,maria.turner.2708@example.com,Grenada,Silver,2023-05-28 20:16:55
G002709,Kim,Vincent,kim.vincent.2709@example.com,United Arab Emirates,None,2023-02-13 20:06:53
G002710,Daniel,Jennings,daniel.jennings.2710@example.com,Saint Lucia,Gold,2019-03-06 09:32:17
G002711,Dylan,Jenkins,dylan.jenkins.2711@example.com,Cyprus,None,2020-03-16 00:55:53
G002712,Michael,Johnson,michael.johnson.2712@example.com,Morocco,Silver,2022-08-31 04:50:57
G002713,Michael,Garner,michael.garner.2713@example.com,Congo,None,2022-03-19 17:11:18
G002714,Danielle,Sheppard,danielle.sheppard.2714@example.com,Turkey,None,2023-08-20 23:54:47
G002715,Rachel,Cole,rachel.cole.2715@example.com,Turkey,None,2023-06-26 01:01:29
G002716,Gregory,Lozano,gregory.lozano.2716@example.com,Guernsey,Silver,2021-10-25 23:44:20
G002717,Peter,Butler,peter.butler.2717@example.com,Falkland Islands (Malvinas),None,2021-08-19 00:49:01
G002718,James,Riley,james.riley.2718@example.com,Reunion,Gold,2021-12-02 12:23:51
G002719,Mary,Martinez,mary.martinez.2719@example.com,South Africa,None,2022-11-14 17:19:20
G002720,Ashley,Sparks,ashley.sparks.2720@example.com,Guatemala,Gold,2021-06-15 01:17:57
G002721,Daniel,Smith,daniel.smith.2721@example.com,Vanuatu,None,2020-04-02 02:53:20
G002722,Steven,Hernandez,steven.hernandez.2722@example.com,French Guiana,None,2023-10-01 01:59:52
G002723,Elizabeth,Torres,elizabeth.torres.2723@example.com,France,Silver,2019-07-20 18:09:17
G002724,Lauren,Smith,lauren.smith.2724@example.com,Armenia,None,2020-11-06 04:56:56
G002725,Justin,Watkins,justin.watkins.2725@example.com,Austria,None,2023-02-26 07:14:29
G002726,Kevin,Jordan,kevin.jordan.2726@example.com,Panama,None,2019-01-02 23:50:59
G002727,Brendan,Taylor,brendan.taylor.2727@example.com,Turkey,None,2021-05-30 01:48:32
G002728,Kristen,Shaw,kristen.shaw.2728@example.com,Seychelles,Silver,2023-10-09 04:29:04
G002729,Eric,Miller,eric.miller.2729@example.com,Faroe Islands,Gold,2020-03-19 04:19:35
G002730,Wendy,Gonzalez,wendy.gonzalez.2730@example.com,Myanmar,Silver,2019-09-08 18:45:57
G002731,Kelly,Johnson,kelly.johnson.2731@example.com,Venezuela,Gold,2022-01-06 19:17:47
G002732,John,Gregory,john.gregory.2732@example.com,Hungary,Platinum,2022-08-05 20:36:09
G002733,Raymond,Strong,raymond.strong.2733@example.com,Uganda,Silver,2021-03-22 17:01:31
G002734,Samantha,Harper,samantha.harper.2734@example.com,China,Platinum,2023-10-18 23:59:57
G002735,Ryan,Liu,ryan.liu.2735@example.com,Spain,None,2023-12-02 07:17:15
G002736,Donald,Saunders,donald.saunders.2736@example.com,El Salvador,Platinum,2020-02-26 13:50:08
G002737,Robert,Gonzalez,robert.gonzalez.2737@example.com,Gambia,Platinum,2019-09-23 22:38:38
G002738,Kenneth,Ho,kenneth.ho.2738@example.com,Kyrgyz Republic,None,2023-08-23 20:05:07
G002739,Isaac,Patton,isaac.patton.2739@example.com,Syrian Arab Republic,None,2022-09-19 09:05:23
G002740,Cody,Rose,cody.rose.2740@example.com,Puerto Rico,None,2021-08-31 06:23:34
G002741,William,Jennings,william.jennings.2741@example.com,Guinea-Bissau,Silver,2022-12-26 04:51:36
G002742,Michael,Owens,michael.owens.2742@example.com,Isle of Man,None,2022-12-04 03:49:36
G002743,Anthony,Hansen,anthony.hansen.2743@example.com,Seychelles,Silver,2022-07-31 17:58:02
G002744,Christopher,Taylor,christopher.taylor.2744@example.com,United States of America,Silver,2021-07-28 11:49:53
G002745,Kristin,Carpenter,kristin.carpenter.2745@example.com,Holy See (Vatican City State),None,2020-01-31 10:18:05
G002746,Christine,Yoder,christine.yoder.2746@example.com,Turkey,Silver,2021-06-30 09:15:12
G002747,Brian,Bruce,brian.bruce.2747@example.com,Brunei Darussalam,None,2022-06-05 21:32:33
G002748,Elizabeth,Ford,elizabeth.ford.2748@example.com,Serbia,Platinum,2023-05-29 09:29:48
G002749,Steve,Brown,steve.brown.2749@example.com,Azerbaijan,Gold,2021-04-19 09:41:46
G002750,Maria,Santos,maria.santos.2750@example.com,Grenada,Gold,2019-10-30 14:36:00
G002751,Lynn,Cunningham,lynn.cunningham.2751@example.com,Portugal,Platinum,2021-10-26 08:05:05
G002752,Michelle,Martinez,michelle.martinez.2752@example.com,Myanmar,Silver,2023-05-07 01:33:52
G002753,Jodi,Brown,jodi.brown.2753@example.com,Costa Rica,None,2023-05-23 23:26:10
G002754,Douglas,Yang,douglas.yang.2754@example.com,Lithuania,None,2020-02-28 18:55:35
G002755,Jeffrey,Lowe,jeffrey.lowe.2755@example.com,Timor-Leste,None,2020-04-25 20:53:51
G002756,Kevin,Collins,kevin.collins.2756@example.com,Vietnam,Silver,2019-01-21 01:00:22
G002757,Linda,Hanson,linda.hanson.2757@example.com,Cook Islands,None,2019-12-23 09:18:46
G002758,Carlos,Hernandez,carlos.hernandez.2758@example.com,Turkmenistan,None,2020-01-12 00:58:49
G002759,April,Wright,april.wright.2759@example.com,Bosnia and Herzegovina,None,2023-01-11 20:47:38
G002760,Angel,Wagner,angel.wagner.2760@example.com,India,Silver,2019-06-22 21:48:01
G002761,Sara,Evans,sara.evans.2761@example.com,Liberia,Gold,2020-07-25 19:18:38
G002762,Lori,Skinner,lori.skinner.2762@example.com,Mayotte,None,2021-03-19 15:15:05
G002763,Lorraine,Maldonado,lorraine.maldonado.2763@example.com,Togo,None,2020-01-18 18:11:56
G002764,Ryan,Fields,ryan.fields.2764@example.com,Colombia,Gold,2020-03-16 04:53:14
G002765,Lori,Sandoval,lori.sandoval.2765@example.com,Chile,Gold,2023-05-09 05:19:21
G002766,Judith,Payne,judith.payne.2766@example.com,Lebanon,None,2023-02-01 18:10:35
G002767,Kelly,Contreras,kelly.contreras.2767@example.com,Namibia,None,2023-03-12 14:04:13
G002768,Michael,Hill,michael.hill.2768@example.com,Hungary,Silver,2019-11-30 11:32:25
G002769,Steven,Li,steven.li.2769@example.com,Cameroon,None,2019-03-28 21:38:36
G002770,Justin,Wilson,justin.wilson.2770@example.com,Iceland,None,2019-02-04 05:41:02
G002771,Beverly,Johnson,beverly.johnson.2771@example.com,Pakistan,Silver,2022-10-12 22:47:07
G002772,Brad,Meadows,brad.meadows.2772@example.com,Burundi,None,2022-12-24 17:40:57
G002773,Nicole,Ellis,nicole.ellis.2773@example.com,Algeria,None,2020-05-06 20:47:12
G002774,Michael,Foley,michael.foley.2774@example.com,Macao,Silver,2020-10-16 20:54:22
G002775,Michael,Mccarthy,michael.mccarthy.2775@example.com,Iceland,Silver,2023-05-13 23:25:10
G002776,Bryan,Rios,bryan.rios.2776@example.com,Guinea,Silver,2023-10-16 15:20:26
G002777,Matthew,Espinoza,matthew.espinoza.2777@example.com,Solomon Islands,None,2020-03-11 02:05:13
G002778,Joshua,Farmer,joshua.farmer.2778@example.com,Gabon,None,2022-05-08 21:27:18
G002779,Carlos,Franco,carlos.franco.2779@example.com,Liberia,Platinum,2022-03-15 19:34:11
G002780,Sydney,Obrien,sydney.obrien.2780@example.com,Cocos (Keeling) Islands,Silver,2023-11-25 16:34:39
G002781,Jeanette,Hunter,jeanette.hunter.2781@example.com,Palestinian Territory,None,2023-06-21 11:11:30
G002782,Jonathon,Wolfe,jonathon.wolfe.2782@example.com,Namibia,Silver,2023-12-10 05:58:24
G002783,Michael,Williamson,michael.williamson.2783@example.com,Iraq,None,2019-07-29 22:22:56
G002784,Brady,Christian,brady.christian.2784@example.com,Cayman Islands,None,2020-12-20 21:07:32
G002785,Colin,Rodriguez,colin.rodriguez.2785@example.com,Vietnam,Silver,2023-01-20 03:55:42
G002786,Mario,Hall,mario.hall.2786@example.com,Sierra Leone,Silver,2021-01-05 03:27:22
G002787,Daniel,Gilmore,daniel.gilmore.2787@example.com,Saint Lucia,Gold,2022-04-08 07:20:18
G002788,Katelyn,Fisher,katelyn.fisher.2788@example.com,Bahrain,Silver,2019-07-12 09:35:06
G002789,Cheryl,Wilson,cheryl.wilson.2789@example.com,Tanzania,None,2019-08-15 10:27:11
G002790,Scott,Brooks,scott.brooks.2790@example.com,Norfolk Island,Silver,2019-04-02 12:39:21
G002791,Sandra,Morris,sandra.morris.2791@example.com,Qatar,Gold,2022-10-28 13:52:03
G002792,Nicholas,Zhang,nicholas.zhang.2792@example.com,Montserrat,None,2023-09-25 21:16:41
G002793,James,King,james.king.2793@example.com,Kazakhstan,Silver,2021-06-07 20:22:01
G002794,Jeremiah,Harmon,jeremiah.harmon.2794@example.com,Jordan,None,2023-07-01 02:00:42
G002795,Lindsey,Lee,lindsey.lee.2795@example.com,Myanmar,None,2019-03-17 07:41:35
G002796,Crystal,Barnett,crystal.barnett.2796@example.com,Costa Rica,None,2019-04-14 06:29:37
G002797,Lisa,Barry,lisa.barry.2797@example.com,Guyana,Silver,2022-06-21 16:43:32
G002798,Ashley,Lin,ashley.lin.2798@example.com,Guam,Silver,2020-07-29 17:17:39
G002799,Faith,Rosario,faith.rosario.2799@example.com,Saint Lucia,Gold,2023-06-29 22:03:15
G002800,Tyler,Collier,tyler.collier.2800@example.com,Montserrat,Gold,2023-01-11 20:04:58
G002801,Vincent,Kelly,vincent.kelly.2801@example.com,United Arab Emirates,Silver,2023-10-02 19:29:26
G002802,Melissa,Solis,melissa.solis.2802@example.com,Kazakhstan,None,2022-08-21 05:35:10
G002803,Colleen,Sawyer,colleen.sawyer.2803@example.com,Montenegro,None,2019-08-31 18:49:29
G002804,David,Holmes,david.holmes.2804@example.com,Bolivia,Gold,2020-01-02 09:18:41
G002805,Victor,Williams,victor.williams.2805@example.com,Mauritius,Silver,2021-10-25 03:10:07
G002806,Andrew,Nicholson,andrew.nicholson.2806@example.com,French Guiana,Silver,2021-02-20 00:23:21
G002807,Peter,Howard,peter.howard.2807@example.com,Tunisia,None,2020-05-05 11:07:10
G002808,Tammy,Jones,tammy.jones.2808@example.com,Morocco,None,2021-01-19 23:58:09
G002809,Melissa,Frederick,melissa.frederick.2809@example.com,Macao,None,2021-08-28 02:15:05
G002810,Reginald,Brown,reginald.brown.2810@example.com,Qatar,None,2019-12-11 11:23:59
G002811,Brandi,Giles,brandi.giles.2811@example.com,Estonia,None,2019-04-04 03:19:27
G002812,Antonio,Fisher,antonio.fisher.2812@example.com,Cook Islands,None,2021-11-05 09:12:10
G002813,Pamela,Brown,pamela.brown.2813@example.com,Costa Rica,Silver,2023-08-27 17:47:20
G002814,Lisa,Rivera,lisa.rivera.2814@example.com,Saudi Arabia,Platinum,2019-07-13 15:33:01
G002815,Joe,Jones,joe.jones.2815@example.com,Yemen,Gold,2023-10-18 20:09:54
G002816,Rebecca,Warner,rebecca.warner.2816@example.com,Serbia,Silver,2019-04-20 20:47:14
G002817,Michael,Jones,michael.jones.2817@example.com,Israel,Silver,2019-09-08 09:29:08
G002818,Paige,Mendoza,paige.mendoza.2818@example.com,Bulgaria,None,2021-04-20 10:34:07
G002819,Jennifer,Garcia,jennifer.garcia.2819@example.com,Luxembourg,None,2023-04-27 01:43:03
G002820,Jeffrey,Bell,jeffrey.bell.2820@example.com,Lesotho,None,2021-07-31 16:30:43
G002821,Kimberly,Walter,kimberly.walter.2821@example.com,Denmark,Silver,2019-03-08 14:55:30
G002822,Sarah,Johnson,sarah.johnson.2822@example.com,Slovenia,None,2020-09-01 11:48:53
G002823,Amanda,Dalton,amanda.dalton.2823@example.com,Pitcairn Islands,Gold,2019-02-26 05:15:02
G002824,Angela,Williams,angela.williams.2824@example.com,Seychelles,Silver,2022-03-18 00:08:38
G002825,Heather,Jordan,heather.jordan.2825@example.com,Japan,None,2023-09-04 09:02:22
G002826,Devin,Kim,devin.kim.2826@example.com,Ukraine,None,2022-02-16 10:20:45
G002827,Michael,Cooper,michael.cooper.2827@example.com,Uruguay,None,2019-06-29 23:00:54
G002828,John,Davis,john.davis.2828@example.com,Algeria,None,2020-12-06 15:44:01
G002829,Robert,Goodwin,robert.goodwin.2829@example.com,Sri Lanka,None,2023-07-24 23:16:49
G002830,Ashley,Ritter,ashley.ritter.2830@example.com,American Samoa,Gold,2021-02-15 11:33:53
G002831,Lisa,Jones,lisa.jones.2831@example.com,Brunei Darussalam,None,2022-09-24 13:05:49
G002832,Henry,Williams,henry.williams.2832@example.com,Guernsey,None,2021-01-28 20:10:41
G002833,Whitney,Anderson,whitney.anderson.2833@example.com,Indonesia,Gold,2023-01-27 06:33:39
G002834,Diane,Douglas,diane.douglas.2834@example.com,Belarus,Gold,2021-02-16 08:10:43
G002835,Shawna,Harris,shawna.harris.2835@example.com,Romania,Silver,2022-01-14 00:44:27
G002836,Priscilla,Trevino,priscilla.trevino.2836@example.com,Kenya,Gold,2021-07-29 12:21:28
G002837,Shelly,Deleon,shelly.deleon.2837@example.com,French Guiana,None,2021-01-28 17:18:13
G002838,Alison,Adams,alison.adams.2838@example.com,Qatar,None,2023-08-10 03:08:23
G002839,Wesley,Brown,wesley.brown.2839@example.com,United Arab Emirates,Gold,2022-06-30 09:59:32
G002840,Janice,Howell,janice.howell.2840@example.com,Fiji,None,2019-09-01 17:21:49
G002841,James,Taylor,james.taylor.2841@example.com,Mali,None,2020-12-17 06:00:16
G002842,Kevin,Tran,kevin.tran.2842@example.com,British Virgin Islands,None,2022-03-02 23:24:35
G002843,Jenny,French,jenny.french.2843@example.com,Argentina,None,2020-12-31 10:43:03
G002844,Holly,Santos,holly.santos.2844@example.com,Korea,None,2019-12-21 22:15:01
G002845,Andrew,Huff,andrew.huff.2845@example.com,Faroe Islands,Gold,2021-05-13 14:44:47
G002846,Brianna,Evans,brianna.evans.2846@example.com,Belize,None,2019-07-05 13:02:57
G002847,Joshua,Lynch,joshua.lynch.2847@example.com,Lithuania,None,2019-02-28 13:26:38
G002848,Michelle,Cruz,michelle.cruz.2848@example.com,Aruba,Platinum,2020-11-28 08:05:23
G002849,Jamie,Lopez,jamie.lopez.2849@example.com,Jersey,Platinum,2023-07-13 09:28:36
G002850,Brett,Torres,brett.torres.2850@example.com,Mauritius,None,2021-12-16 14:11:09
G002851,Sharon,Kent,sharon.kent.2851@example.com,Saudi Arabia,Platinum,2021-11-10 14:15:11
G002852,Sandra,Solomon,sandra.solomon.2852@example.com,Sudan,Gold,2020-11-03 18:42:07
G002853,Katherine,Peterson,katherine.peterson.2853@example.com,Switzerland,Silver,2022-09-10 15:03:11
G002854,Michelle,Patton,michelle.patton.2854@example.com,Vanuatu,None,2019-06-27 11:04:15
G002855,Lindsay,Tran,lindsay.tran.2855@example.com,Zambia,Silver,2021-06-11 23:28:28
G002856,Michele,Hurley,michele.hurley.2856@example.com,Kyrgyz Republic,Silver,2022-08-09 19:25:47
G002857,Ashley,Carroll,ashley.carroll.2857@example.com,Maldives,None,2021-03-19 02:30:52
G002858,Francisco,James,francisco.james.2858@example.com,Samoa,None,2021-01-10 03:29:09
G002859,David,Smith,david.smith.2859@example.com,South Georgia and the South Sandwich Islands,None,2021-05-02 12:12:43
G002860,Christopher,Wright,christopher.wright.2860@example.com,Mauritius,Platinum,2021-07-08 02:18:17
G002861,Matthew,Foster,matthew.foster.2861@example.com,Nicaragua,None,2021-05-02 03:02:41
G002862,Michael,Hopkins,michael.hopkins.2862@example.com,Slovenia,Silver,2019-02-08 08:04:16
G002863,David,Carroll,david.carroll.2863@example.com,Gibraltar,Gold,2021-04-01 19:51:27
G002864,Melanie,Wallace,melanie.wallace.2864@example.com,Andorra,Silver,2022-09-28 18:00:48
G002865,Alan,Johnson,alan.johnson.2865@example.com,Guinea-Bissau,Silver,2023-01-31 22:53:49
G002866,Dana,Hawkins,dana.hawkins.2866@example.com,Ireland,None,2019-07-02 00:24:06
G002867,Bethany,Miller,bethany.miller.2867@example.com,Ukraine,None,2023-09-10 06:56:00
G002868,Lee,Brown,lee.brown.2868@example.com,Cocos (Keeling) Islands,None,2021-03-12 14:23:35
G002869,Katie,Hill,katie.hill.2869@example.com,Trinidad and Tobago,Silver,2023-03-18 16:34:32
G002870,David,Mccoy,david.mccoy.2870@example.com,Cameroon,None,2019-06-04 00:55:42
G002871,Jesse,Pena,jesse.pena.2871@example.com,Colombia,None,2023-04-24 07:43:15
G002872,Michelle,Riley,michelle.riley.2872@example.com,Armenia,None,2023-09-16 09:04:15
G002873,Jennifer,Brown,jennifer.brown.2873@example.com,Rwanda,None,2021-03-15 20:31:19
G002874,Theresa,Smith,theresa.smith.2874@example.com,Tanzania,Gold,2022-01-02 18:34:13
G002875,Amber,Williams,amber.williams.2875@example.com,Dominica,Silver,2021-12-22 13:43:58
G002876,Daniel,Hunter,daniel.hunter.2876@example.com,Bouvet Island (Bouvetoya),None,2023-05-07 17:34:12
G002877,Chris,Harris,chris.harris.2877@example.com,Montserrat,None,2022-02-27 18:33:39
G002878,Maria,Becker,maria.becker.2878@example.com,Barbados,None,2022-08-18 00:18:19
G002879,Nancy,Thomas,nancy.thomas.2879@example.com,Greece,Silver,2022-01-24 08:56:30
G002880,Matthew,Russell,matthew.russell.2880@example.com,Pakistan,Platinum,2022-03-10 04:49:15
G002881,Thomas,Beltran,thomas.beltran.2881@example.com,Nigeria,None,2019-04-07 19:15:52
G002882,Ethan,Williams,ethan.williams.2882@example.com,Venezuela,None,2020-04-11 05:31:37
G002883,Rhonda,Johnson,rhonda.johnson.2883@example.com,New Caledonia,Gold,2020-10-19 01:03:55
G002884,Lindsey,Dixon,lindsey.dixon.2884@example.com,Slovakia (Slovak Republic),None,2023-04-28 20:48:59
G002885,Krista,Marquez,krista.marquez.2885@example.com,Wallis and Futuna,Gold,2020-10-29 13:46:23
G002886,Nicholas,Aguilar,nicholas.aguilar.2886@example.com,Palestinian Territory,None,2020-04-11 06:22:46
G002887,Patrick,Cuevas,patrick.cuevas.2887@example.com,Belgium,Silver,2019-08-29 04:45:31
G002888,Susan,Gay,susan.gay.2888@example.com,Mongolia,None,2023-04-14 07:22:27
G002889,Whitney,Mccoy,whitney.mccoy.2889@example.com,Saint Martin,None,2022-07-22 22:18:47
G002890,Amber,Martinez,amber.martinez.2890@example.com,Turkey,None,2023-06-28 16:22:09
G002891,Lauren,Lawson,lauren.lawson.2891@example.com,Palestinian Territory,None,2023-06-18 09:40:56
G002892,Abigail,Stewart,abigail.stewart.2892@example.com,Congo,None,2023-11-23 05:16:55
G002893,Kelly,Sanchez,kelly.sanchez.2893@example.com,Ecuador,None,2022-01-29 14:03:49
G002894,Jerry,Edwards,jerry.edwards.2894@example.com,Brazil,None,2021-01-18 21:43:40
G002895,Sean,Rosario,sean.rosario.2895@example.com,Ireland,Gold,2022-01-29 07:48:55
G002896,Christopher,Castro,christopher.castro.2896@example.com,Belarus,Silver,2022-01-30 14:49:18
G002897,Denise,Jacobs,denise.jacobs.2897@example.com,Kiribati,None,2022-07-25 07:44:13
G002898,Jerry,Carey,jerry.carey.2898@example.com,Brunei Darussalam,Silver,2023-07-29 07:32:49
G002899,John,Blankenship,john.blankenship.2899@example.com,Peru,None,2023-12-22 18:31:04
G002900,Elizabeth,Jacobs,elizabeth.jacobs.2900@example.com,South Africa,Silver,2021-06-10 07:42:36
G002901,Matthew,Wilson,matthew.wilson.2901@example.com,Ireland,Gold,2022-08-01 01:43:11
G002902,William,Hernandez,william.hernandez.2902@example.com,Lithuania,None,2020-09-07 11:43:15
G002903,Rachel,Walter,rachel.walter.2903@example.com,American Samoa,Gold,2020-06-02 03:20:35
G002904,David,Baker,david.baker.2904@example.com,Micronesia,None,2022-12-30 19:19:15
G002905,Julia,Martinez,julia.martinez.2905@example.com,Antigua and Barbuda,None,2022-09-02 08:59:48
G002906,Andrew,Jackson,andrew.jackson.2906@example.com,Barbados,None,2020-02-16 06:48:03
G002907,Zachary,Moreno,zachary.moreno.2907@example.com,Iceland,Silver,2022-08-05 05:20:47
G002908,Michael,Morales,michael.morales.2908@example.com,Moldova,Platinum,2021-01-20 02:41:29
G002909,Jennifer,Wilson,jennifer.wilson.2909@example.com,Ukraine,Silver,2021-11-11 21:44:01
G002910,Brittany,Jensen,brittany.jensen.2910@example.com,Saint Helena,Platinum,2019-05-21 13:10:02
G002911,Charles,Mccall,charles.mccall.2911@example.com,Zambia,Silver,2022-10-26 16:03:45
G002912,Renee,Mccoy,renee.mccoy.2912@example.com,Saint Vincent and the Grenadines,None,2022-09-15 15:24:43
G002913,Keith,Woods,keith.woods.2913@example.com,Burkina Faso,None,2020-07-23 23:04:53
G002914,Jennifer,Lawrence,jennifer.lawrence.2914@example.com,Svalbard & Jan Mayen Islands,None,2023-05-02 13:40:39
G002915,Christopher,Huang,christopher.huang.2915@example.com,Nauru,Gold,2022-02-23 03:47:50
G002916,Emily,Chavez,emily.chavez.2916@example.com,Gibraltar,None,2022-09-24 15:25:13
G002917,Gregory,Sharp,gregory.sharp.2917@example.com,Fiji,Silver,2019-10-29 01:17:01
G002918,Jesse,Snyder,jesse.snyder.2918@example.com,Australia,Silver,2023-10-19 16:40:53
G002919,Zachary,Fox,zachary.fox.2919@example.com,Malawi,Silver,2022-08-18 16:16:39
G002920,Justin,Cruz,justin.cruz.2920@example.com,Saudi Arabia,Platinum,2020-07-08 07:38:48
G002921,Stephanie,Williams,stephanie.williams.2921@example.com,Western Sahara,None,2020-10-16 13:29:26
G002922,Russell,Ramirez,russell.ramirez.2922@example.com,Turkmenistan,Platinum,2021-09-03 16:55:54
G002923,Cory,Mitchell,cory.mitchell.2923@example.com,British Indian Ocean Territory (Chagos Archipelago),None,2021-06-13 07:08:30
G002924,Joshua,Gonzales,joshua.gonzales.2924@example.com,Turks and Caicos Islands,Platinum,2020-06-10 01:28:19
G002925,Keith,Hardin,keith.hardin.2925@example.com,New Caledonia,None,2019-11-26 16:50:22
G002926,Sandra,Estrada,sandra.estrada.2926@example.com,Cambodia,None,2019-10-26 04:29:25
G002927,Jamie,Roberson,jamie.roberson.2927@example.com,Saudi Arabia,None,2020-06-08 14:32:57
G002928,Anthony,Orr,anthony.orr.2928@example.com,Uganda,None,2023-08-05 04:37:24
G002929,Amanda,Lee,amanda.lee.2929@example.com,Liechtenstein,None,2019-03-22 02:05:42
G002930,Mike,Campbell,mike.campbell.2930@example.com,Yemen,Silver,2023-11-10 13:09:40
G002931,Ronald,Wallace,ronald.wallace.2931@example.com,Brunei Darussalam,None,2022-11-11 01:27:44
G002932,Kenneth,Rodriguez,kenneth.rodriguez.2932@example.com,Romania,Gold,2020-01-08 15:25:07
G002933,Sean,Reynolds,sean.reynolds.2933@example.com,Estonia,None,2019-09-27 21:02:10
G002934,Michelle,Kaiser,michelle.kaiser.2934@example.com,Saint Martin,Silver,2019-12-28 20:05:00
G002935,Tanya,Lara,tanya.lara.2935@example.com,Samoa,None,2020-11-22 02:27:38
G002936,Jessica,Murphy,jessica.murphy.2936@example.com,Madagascar,Silver,2021-11-07 20:33:05
G002937,Joshua,Mccoy,joshua.mccoy.2937@example.com,Malaysia,Gold,2019-08-19 04:26:21
G002938,Jasmine,Edwards,jasmine.edwards.2938@example.com,Uzbekistan,None,2019-04-30 04:05:37
G002939,Ryan,Randolph,ryan.randolph.2939@example.com,South Africa,Silver,2023-06-08 14:42:25
G002940,Lonnie,Skinner,lonnie.skinner.2940@example.com,Panama,Silver,2019-04-21 17:13:35
G002941,Stacy,Burton,stacy.burton.2941@example.com,Ecuador,Gold,2020-03-01 06:06:54
G002942,Brenda,Wiggins,brenda.wiggins.2942@example.com,Cyprus,Silver,2020-08-30 22:49:55
G002943,Joseph,Hernandez,joseph.hernandez.2943@example.com,Suriname,Gold,2020-08-04 07:32:56
G002944,Jessica,Campbell,jessica.campbell.2944@example.com,Congo,None,2019-10-03 14:49:27
G002945,Stephanie,Vincent,stephanie.vincent.2945@example.com,San Marino,Silver,2020-10-27 11:05:43
G002946,Aaron,Jones,aaron.jones.2946@example.com,Moldova,Silver,2020-10-09 22:23:21
G002947,Jennifer,Williams,jennifer.williams.2947@example.com,Portugal,Gold,2021-03-28 08:12:19
G002948,Christina,Welch,christina.welch.2948@example.com,Dominica,None,2021-12-19 09:14:17
G002949,Todd,Sandoval,todd.sandoval.2949@example.com,Cocos (Keeling) Islands,None,2021-07-21 09:07:12
G002950,Mary,Golden,mary.golden.2950@example.com,Paraguay,Silver,2023-02-16 00:41:28
G002951,Tracy,Mccoy,tracy.mccoy.2951@example.com,Netherlands Antilles,Silver,2022-01-14 13:23:03
G002952,Amy,Phillips,amy.phillips.2952@example.com,Cyprus,Platinum,2019-12-16 02:43:18
G002953,Sydney,Prince,sydney.prince.2953@example.com,Serbia,None,2021-06-11 12:30:17
G002954,Robert,West,robert.west.2954@example.com,Egypt,None,2022-08-13 00:15:06
G002955,Darrell,Marshall,darrell.marshall.2955@example.com,Ghana,Gold,2019-12-19 17:52:47
G002956,Michael,Sanders,michael.sanders.2956@example.com,Brunei Darussalam,Gold,2023-02-11 22:10:27
G002957,Mary,Shields,mary.shields.2957@example.com,Netherlands Antilles,Gold,2022-07-04 01:09:50
G002958,Grace,Johnson,grace.johnson.2958@example.com,Ethiopia,Gold,2023-04-26 17:00:13
G002959,Jason,Rosales,jason.rosales.2959@example.com,Ireland,Gold,2019-07-08 21:49:10
G002960,Anna,Morris,anna.morris.2960@example.com,Peru,None,2021-09-13 19:20:29
G002961,Robert,Lamb,robert.lamb.2961@example.com,Jamaica,Silver,2022-05-23 15:41:56
G002962,Jorge,Brown,jorge.brown.2962@example.com,Libyan Arab Jamahiriya,Silver,2020-11-11 05:57:39
G002963,Matthew,Cardenas,matthew.cardenas.2963@example.com,Gambia,None,2022-10-22 18:11:07
G002964,Robert,Armstrong,robert.armstrong.2964@example.com,Chad,None,2023-07-24 08:02:01
G002965,Jamie,Garrett,jamie.garrett.2965@example.com,Yemen,None,2021-10-21 07:02:02
G002966,David,Fernandez,david.fernandez.2966@example.com,Zambia,Silver,2019-03-07 14:38:57
G002967,Leah,Davis,leah.davis.2967@example.com,Romania,Silver,2021-11-01 11:45:37
G002968,Rhonda,Wang,rhonda.wang.2968@example.com,Micronesia,None,2019-07-17 04:16:36
G002969,Diana,Stone,diana.stone.2969@example.com,Guyana,None,2023-07-22 15:44:09
G002970,James,Moore,james.moore.2970@example.com,Mauritania,Gold,2022-05-13 20:34:39
G002971,Michele,Perez,michele.perez.2971@example.com,Spain,Silver,2020-05-16 11:10:02
G002972,Renee,Rivera,renee.rivera.2972@example.com,Cuba,None,2023-09-14 23:01:38
G002973,Jessica,Case,jessica.case.2973@example.com,Argentina,None,2019-03-04 05:25:25
G002974,Kari,Rose,kari.rose.2974@example.com,Macao,None,2022-05-21 08:21:48
G002975,Lacey,Williams,lacey.williams.2975@example.com,Finland,None,2021-07-25 14:58:01
G002976,Andrew,Welch,andrew.welch.2976@example.com,Portugal,None,2021-02-07 08:40:35
G002977,Arthur,Brady,arthur.brady.2977@example.com,Suriname,Gold,2022-03-19 23:02:24
G002978,Diana,Anderson,diana.anderson.2978@example.com,Saint Vincent and the Grenadines,None,2021-04-18 20:33:33
G002979,Michelle,Jones,michelle.jones.2979@example.com,Madagascar,Gold,2022-07-14 12:58:47
G002980,Andrew,Newton,andrew.newton.2980@example.com,Mauritius,Gold,2020-04-16 18:34:29
G002981,Cody,Chapman,cody.chapman.2981@example.com,India,Silver,2020-08-26 14:52:14
G002982,Marie,Villarreal,marie.villarreal.2982@example.com,Slovenia,Platinum,2021-10-02 18:48:53
G002983,Ronald,Paul,ronald.paul.2983@example.com,Gabon,None,2021-05-01 10:37:47
G002984,Stephen,Garcia,stephen.garcia.2984@example.com,Palau,None,2023-11-26 04:40:27
G002985,Thomas,Carter,thomas.carter.2985@example.com,Bermuda,Silver,2020-11-21 12:22:52
G002986,Tammy,Hoffman,tammy.hoffman.2986@example.com,Liberia,Gold,2021-06-02 16:06:53
G002987,Rebecca,Ferguson,rebecca.ferguson.2987@example.com,Ecuador,None,2022-04-03 02:25:57
G002988,Andre,Crawford,andre.crawford.2988@example.com,India,Silver,2022-03-04 01:20:05
G002989,Kathryn,Klein,kathryn.klein.2989@example.com,Korea,Silver,2020-11-27 03:11:18
G002990,Becky,Johnson,becky.johnson.2990@example.com,Sierra Leone,None,2020-12-22 03:47:23
G002991,Sergio,Woods,sergio.woods.2991@example.com,Botswana,None,2021-08-23 00:44:49
G002992,Martin,Pacheco,martin.pacheco.2992@example.com,Belize,Gold,2019-10-24 08:43:19
G002993,Ann,Clark,ann.clark.2993@example.com,Western Sahara,None,2023-03-02 18:59:23
G002994,Brittney,Miller,brittney.miller.2994@example.com,Iraq,None,2023-01-11 03:48:42
G002995,Alexandra,Franco,alexandra.franco.2995@example.com,Senegal,Silver,2020-12-23 03:13:08
G002996,Brian,Snyder,brian.snyder.2996@example.com,Isle of Man,None,2021-08-25 15:45:53
G002997,Joy,Flowers,joy.flowers.2997@example.com,Argentina,None,2021-09-25 16:31:33
G002998,Hannah,George,hannah.george.2998@example.com,Tunisia,Gold,2019-01-18 07:27:41
G002999,Joseph,Clark,joseph.clark.2999@example.com,Monaco,None,2023-02-27 10:07:05
G003000,Amy,Edwards,amy.edwards.3000@example.com,Pakistan,Silver,2021-01-02 09:59:56
