payment_id,booking_id,payment_date,amount_cents,payment_method,payment_status
P00000001,B00000001,2025-08-02,68100,Debit Card,settled
P00000002,B00000002,2026-02-13,71688,Bank Transfer,settled
P00000003,B00000004,2025-04-11,80000,Credit Card,settled
P00000004,B00000005,2026-03-20,256300,Points,settled
P00000005,B00000006,2025-03-18,162800,Bank Transfer,settled
P00000006,B00000007,2025-12-02,88400,Bank Transfer,settled
P00000007,B00000008,2024-11-14,127400,Bank Transfer,settled
P00000008,B00000009,2026-01-29,568800,Debit Card,settled
P00000009,B00000010,2025-10-21,233700,Points,settled
P00000010,B00000011,2025-09-29,521384,Debit Card,settled
P00000011,B00000012,2025-03-05,771400,Debit Card,settled
P00000012,B00000013,2025-06-06,1328800,Debit Card,settled
P00000013,B00000014,2025-06-03,139300,Credit Card,settled
P00000014,B00000015,2025-11-26,370700,Bank Transfer,settled
P00000015,B00000016,2025-07-05,136800,Points,settled
P00000016,B00000017,2024-02-12,128000,Credit Card,settled
P00000017,B00000018,2025-10-03,1417000,Points,settled
P00000018,B00000019,2025-12-26,162800,Debit Card,settled
P00000019,B00000020,2025-10-13,81000,Debit Card,settled
P00000020,B00000021,2024-03-27,572800,Credit Card,settled
P00000021,B00000022,2025-05-21,546000,Credit Card,settled
P00000022,B00000022,2025-07-05,-83442,Credit Card,refunded
P00000023,B00000023,2024-12-21,274800,Bank Transfer,settled
P00000024,B00000024,2024-05-23,228200,Points,settled
P00000025,B00000025,2026-03-14,152600,Debit Card,settled
P00000026,B00000025,2026-04-06,-152600,Points,refunded
P00000027,B00000026,2024-07-17,152000,Debit Card,settled
P00000028,B00000027,2026-02-27,212000,Debit Card,settled
P00000029,B00000028,2024-02-28,727100,Bank Transfer,settled
P00000030,B00000029,2024-10-01,206800,Points,settled
P00000031,B00000030,2024-01-22,118300,Debit Card,settled
P00000032,B00000031,2024-06-02,142000,Points,settled
P00000033,B00000032,2025-03-26,1314500,Points,settled
P00000034,B00000033,2025-10-04,91600,Credit Card,settled
P00000035,B00000034,2026-02-04,75200,Credit Card,settled
P00000036,B00000034,2026-02-22,-75200,Credit Card,refunded
P00000037,B00000035,2025-08-12,410400,Points,settled
P00000038,B00000036,2025-09-12,121100,Bank Transfer,settled
P00000039,B00000037,2025-12-12,228000,Debit Card,settled
P00000040,B00000038,2026-01-08,237600,Credit Card,settled
P00000041,B00000039,2025-10-02,219600,Credit Card,settled
P00000042,B00000040,2024-03-12,162500,Debit Card,settled
P00000043,B00000041,2024-07-04,553000,Bank Transfer,settled
P00000044,B00000042,2025-03-24,1569100,Debit Card,settled
P00000045,B00000043,2025-09-27,218000,Credit Card,settled
P00000046,B00000043,2025-11-08,-25046,Credit Card,refunded
P00000047,B00000044,2024-08-17,254800,Credit Card,settled
P00000048,B00000045,2024-12-18,200200,Credit Card,settled
P00000049,B00000046,2025-08-27,46400,Points,settled
P00000050,B00000048,2025-10-09,99500,Credit Card,settled
P00000051,B00000049,2024-03-21,444900,Points,settled
P00000052,B00000050,2025-05-18,1027600,Credit Card,settled
P00000053,B00000051,2025-11-19,252800,Credit Card,settled
P00000054,B00000052,2024-04-21,330400,Bank Transfer,settled
P00000055,B00000053,2025-10-30,137600,Debit Card,settled
P00000056,B00000054,2025-07-24,40800,Bank Transfer,settled
P00000057,B00000055,2024-08-10,245123,Points,settled
P00000058,B00000055,2024-08-10,85877,Credit Card,pending
P00000059,B00000056,2024-09-26,152000,Debit Card,settled
P00000060,B00000057,2025-11-16,202800,Bank Transfer,settled
P00000061,B00000058,2025-04-16,249200,Points,settled
P00000062,B00000059,2024-06-14,118841,Credit Card,settled
P00000063,B00000059,2024-07-12,157159,Credit Card,pending
P00000064,B00000060,2024-11-23,16800,Points,settled
P00000065,B00000061,2024-06-26,141300,Debit Card,settled
P00000066,B00000062,2026-01-31,114600,Bank Transfer,settled
P00000067,B00000063,2025-10-12,210600,Bank Transfer,settled
P00000068,B00000063,2025-10-31,-34709,Debit Card,refunded
P00000069,B00000064,2026-02-15,245000,Points,settled
P00000070,B00000065,2024-06-25,59700,Debit Card,settled
P00000071,B00000066,2025-07-12,136800,Debit Card,settled
P00000072,B00000067,2024-05-09,50700,Bank Transfer,settled
P00000073,B00000068,2025-07-29,181600,Bank Transfer,settled
P00000074,B00000069,2025-11-13,22505,Debit Card,settled
P00000075,B00000069,2025-10-24,14895,Debit Card,pending
P00000076,B00000070,2025-08-29,254800,Points,settled
P00000077,B00000071,2025-03-21,176737,Points,settled
P00000078,B00000071,2025-03-23,63763,Bank Transfer,pending
P00000079,B00000072,2024-12-10,126900,Credit Card,settled
P00000080,B00000073,2025-04-03,42200,Bank Transfer,settled
P00000081,B00000074,2025-05-04,182000,Debit Card,settled
P00000082,B00000074,2025-05-26,-39226,Debit Card,refunded
P00000083,B00000075,2025-06-26,262600,Credit Card,settled
P00000084,B00000076,2025-04-05,40483,Bank Transfer,settled
P00000085,B00000077,2025-12-22,183200,Debit Card,settled
P00000086,B00000078,2025-10-15,53100,Credit Card,settled
P00000087,B00000079,2025-08-04,548400,Points,settled
P00000088,B00000079,2025-09-16,-548400,Credit Card,refunded
P00000089,B00000081,2025-04-18,145000,Points,settled
P00000090,B00000082,2024-10-25,217200,Debit Card,settled
P00000091,B00000083,2024-05-29,47758,Debit Card,settled
P00000092,B00000084,2024-08-04,177200,Points,settled
P00000093,B00000085,2025-04-07,120600,Bank Transfer,settled
P00000094,B00000086,2025-09-14,117600,Points,settled
P00000095,B00000087,2025-11-24,17237,Debit Card,settled
P00000096,B00000087,2025-11-25,19063,Points,pending
P00000097,B00000088,2025-06-27,73200,Debit Card,settled
P00000098,B00000089,2025-08-28,193200,Points,settled
P00000099,B00000090,2025-02-01,162400,Debit Card,settled
P00000100,B00000091,2024-05-07,222000,Points,settled
P00000101,B00000091,2024-06-21,-222000,Bank Transfer,refunded
P00000102,B00000092,2025-11-02,220000,Credit Card,settled
P00000103,B00000093,2024-08-22,59100,Credit Card,settled
P00000104,B00000094,2025-12-10,138061,Points,settled
P00000105,B00000094,2025-12-03,115139,Debit Card,pending
P00000106,B00000095,2024-10-26,360000,Points,settled
P00000107,B00000096,2025-09-10,41600,Debit Card,settled
P00000108,B00000096,2025-10-08,-41600,Points,refunded
P00000109,B00000097,2024-02-09,166862,Points,settled
P00000110,B00000097,2024-01-13,48738,Debit Card,pending
P00000111,B00000098,2025-08-31,150300,Points,settled
P00000112,B00000099,2024-11-09,18400,Points,settled
P00000113,B00000100,2025-09-13,241800,Points,settled
P00000114,B00000101,2025-06-01,74800,Bank Transfer,settled
P00000115,B00000102,2024-10-17,177100,Credit Card,settled
P00000116,B00000103,2024-11-10,127200,Points,settled
P00000117,B00000104,2026-02-28,22800,Points,settled
P00000118,B00000105,2024-01-05,473200,Debit Card,settled
P00000119,B00000105,2024-02-27,-66170,Points,refunded
P00000120,B00000106,2024-08-13,284400,Bank Transfer,settled
P00000121,B00000107,2025-11-07,134400,Points,settled
P00000122,B00000108,2024-09-05,166400,Credit Card,settled
P00000123,B00000109,2024-05-04,192800,Debit Card,settled
P00000124,B00000110,2024-05-31,16000,Bank Transfer,settled
P00000125,B00000111,2025-08-13,32200,Points,settled
P00000126,B00000112,2025-10-29,247200,Debit Card,settled
P00000127,B00000113,2024-12-11,12693,Debit Card,settled
P00000128,B00000113,2024-11-16,13707,Credit Card,pending
P00000129,B00000114,2025-08-24,157200,Points,settled
P00000130,B00000115,2024-04-06,407700,Credit Card,settled
P00000131,B00000116,2025-06-09,78000,Points,settled
P00000132,B00000117,2025-06-23,148500,Points,settled
P00000133,B00000118,2025-03-03,245700,Bank Transfer,settled
P00000134,B00000119,2024-03-23,137700,Credit Card,settled
P00000135,B00000120,2024-04-10,1058400,Credit Card,settled
P00000136,B00000121,2024-10-28,176000,Credit Card,settled
P00000137,B00000122,2026-03-01,314000,Credit Card,settled
P00000138,B00000123,2025-06-24,203124,Credit Card,settled
P00000139,B00000123,2025-06-19,107676,Credit Card,pending
P00000140,B00000124,2025-08-29,85200,Credit Card,settled
P00000141,B00000125,2024-06-19,122400,Points,settled
P00000142,B00000126,2025-07-03,70400,Debit Card,settled
P00000143,B00000127,2025-07-26,74200,Bank Transfer,settled
P00000144,B00000128,2025-09-24,180800,Credit Card,settled
P00000145,B00000129,2024-10-27,189600,Debit Card,settled
P00000146,B00000130,2025-09-18,322000,Credit Card,settled
P00000147,B00000131,2026-02-25,105500,Credit Card,settled
P00000148,B00000132,2025-09-02,131000,Credit Card,settled
P00000149,B00000133,2025-07-08,220800,Bank Transfer,settled
P00000150,B00000134,2024-04-15,91500,Debit Card,settled
P00000151,B00000135,2025-02-22,201000,Debit Card,settled
P00000152,B00000136,2025-06-18,306800,Debit Card,settled
P00000153,B00000137,2025-03-02,841400,Debit Card,settled
P00000154,B00000138,2024-04-05,172000,Bank Transfer,settled
P00000155,B00000139,2025-10-26,169200,Credit Card,settled
P00000156,B00000140,2025-03-28,401999,Bank Transfer,settled
P00000157,B00000141,2024-05-04,507600,Credit Card,settled
P00000158,B00000141,2024-05-29,-507600,Credit Card,refunded
P00000159,B00000142,2025-08-11,731656,Points,settled
P00000160,B00000143,2025-05-07,164500,Credit Card,settled
P00000161,B00000143,2025-06-02,-164500,Credit Card,refunded
P00000162,B00000144,2025-07-13,112700,Points,settled
P00000163,B00000145,2026-04-13,95700,Points,settled
P00000164,B00000146,2025-03-13,54666,Debit Card,settled
P00000165,B00000146,2025-03-07,62934,Points,pending
P00000166,B00000147,2024-07-21,306600,Credit Card,settled
P00000167,B00000148,2025-11-23,65439,Debit Card,settled
P00000168,B00000148,2025-10-22,62561,Debit Card,pending
P00000169,B00000149,2024-04-10,349000,Debit Card,settled
P00000170,B00000150,2026-02-21,328763,Bank Transfer,settled
P00000171,B00000151,2025-06-25,175500,Debit Card,settled
P00000172,B00000152,2025-10-29,147400,Points,settled
P00000173,B00000153,2025-10-11,416400,Debit Card,settled
P00000174,B00000154,2024-02-26,468600,Bank Transfer,settled
P00000175,B00000155,2024-09-29,79500,Bank Transfer,settled
P00000176,B00000156,2024-07-01,274800,Points,settled
P00000177,B00000157,2025-01-28,596700,Credit Card,settled
P00000178,B00000158,2024-03-22,178000,Debit Card,settled
P00000179,B00000159,2026-01-04,83771,Bank Transfer,settled
P00000180,B00000160,2024-11-19,25800,Bank Transfer,settled
P00000181,B00000161,2025-08-27,46800,Credit Card,settled
P00000182,B00000162,2025-01-19,22100,Bank Transfer,settled
P00000183,B00000163,2025-03-03,280585,Credit Card,settled
P00000184,B00000164,2024-09-26,293572,Debit Card,settled
P00000185,B00000164,2024-09-24,182828,Points,pending
P00000186,B00000165,2024-03-06,126000,Bank Transfer,settled
P00000187,B00000166,2025-06-17,514800,Points,settled
P00000188,B00000167,2024-08-26,437305,Points,settled
P00000189,B00000167,2024-09-06,384495,Credit Card,pending
P00000190,B00000168,2025-07-11,55200,Bank Transfer,settled
P00000191,B00000169,2025-08-02,101500,Bank Transfer,settled
P00000192,B00000170,2025-11-13,91704,Credit Card,settled
P00000193,B00000171,2024-07-18,191200,Bank Transfer,settled
P00000194,B00000172,2024-09-17,700000,Bank Transfer,settled
P00000195,B00000174,2024-03-01,123300,Credit Card,settled
P00000196,B00000175,2024-03-07,256200,Debit Card,settled
P00000197,B00000176,2025-08-19,1065400,Debit Card,settled
P00000198,B00000177,2025-12-27,63000,Debit Card,settled
P00000199,B00000178,2025-03-17,82800,Bank Transfer,settled
P00000200,B00000179,2024-02-12,155000,Bank Transfer,settled
P00000201,B00000179,2024-03-05,-155000,Credit Card,refunded
P00000202,B00000180,2025-06-21,496800,Bank Transfer,settled
P00000203,B00000181,2025-09-20,121600,Bank Transfer,settled
P00000204,B00000182,2025-08-05,17000,Bank Transfer,settled
P00000205,B00000183,2024-10-23,44400,Points,settled
P00000206,B00000184,2024-10-10,134400,Points,settled
P00000207,B00000185,2024-11-10,260800,Credit Card,settled
P00000208,B00000186,2024-12-21,943200,Debit Card,settled
P00000209,B00000187,2025-05-15,220000,Points,settled
P00000210,B00000188,2024-12-24,41000,Bank Transfer,settled
P00000211,B00000189,2024-03-22,29900,Bank Transfer,settled
P00000212,B00000190,2024-03-20,443000,Credit Card,settled
P00000213,B00000191,2025-12-11,2024100,Points,settled
P00000214,B00000192,2026-03-29,389400,Points,settled
P00000215,B00000193,2024-08-06,39400,Points,settled
P00000216,B00000194,2024-09-06,9374,Credit Card,settled
P00000217,B00000194,2024-09-30,11026,Bank Transfer,pending
P00000218,B00000195,2025-07-17,388800,Debit Card,settled
P00000219,B00000196,2025-10-05,108000,Bank Transfer,settled
P00000220,B00000197,2024-12-21,62400,Bank Transfer,settled
P00000221,B00000198,2024-05-17,96800,Points,settled
P00000222,B00000199,2024-12-20,182400,Debit Card,settled
P00000223,B00000200,2024-04-20,38400,Credit Card,settled
P00000224,B00000201,2024-05-22,206000,Credit Card,settled
P00000225,B00000202,2025-03-01,273000,Debit Card,settled
P00000226,B00000203,2025-03-17,166800,Debit Card,settled
P00000227,B00000204,2024-06-09,162800,Debit Card,settled
P00000228,B00000205,2025-03-20,41468,Points,settled
P00000229,B00000206,2025-10-29,547400,Credit Card,settled
P00000230,B00000207,2025-06-07,91500,Points,settled
P00000231,B00000208,2024-07-10,258700,Points,settled
P00000232,B00000209,2024-12-30,38000,Credit Card,settled
P00000233,B00000209,2025-01-14,-38000,Debit Card,refunded
P00000234,B00000210,2025-02-20,42600,Credit Card,settled
P00000235,B00000211,2025-05-18,100500,Debit Card,settled
P00000236,B00000212,2025-10-25,179200,Debit Card,settled
P00000237,B00000213,2024-02-29,19500,Credit Card,settled
P00000238,B00000214,2024-03-31,171600,Debit Card,settled
P00000239,B00000214,2024-05-08,-17706,Credit Card,refunded
P00000240,B00000215,2026-02-02,46511,Credit Card,settled
P00000241,B00000215,2026-01-30,62089,Points,pending
P00000242,B00000216,2024-10-13,258182,Credit Card,settled
P00000243,B00000217,2025-02-16,54000,Debit Card,settled
P00000244,B00000218,2026-01-03,436800,Credit Card,settled
P00000245,B00000219,2025-07-28,302400,Credit Card,settled
P00000246,B00000220,2025-05-31,71700,Debit Card,settled
P00000247,B00000221,2024-12-08,150700,Debit Card,settled
P00000248,B00000222,2025-12-07,123200,Points,settled
P00000249,B00000223,2024-09-22,93000,Points,settled
P00000250,B00000225,2025-08-20,135200,Debit Card,settled
P00000251,B00000226,2024-10-21,16400,Bank Transfer,settled
P00000252,B00000227,2025-11-04,127200,Credit Card,settled
P00000253,B00000228,2024-03-21,375000,Debit Card,settled
P00000254,B00000229,2024-05-24,247800,Credit Card,settled
P00000255,B00000230,2025-05-05,103600,Credit Card,settled
P00000256,B00000231,2025-04-10,140100,Debit Card,settled
P00000257,B00000231,2025-05-15,-140100,Bank Transfer,refunded
P00000258,B00000232,2025-11-10,132300,Debit Card,settled
P00000259,B00000233,2025-04-24,620200,Credit Card,settled
P00000260,B00000235,2025-11-17,101400,Bank Transfer,settled
P00000261,B00000236,2024-08-22,19400,Points,settled
P00000262,B00000237,2024-12-12,730400,Bank Transfer,settled
P00000263,B00000238,2026-03-07,123000,Points,settled
P00000264,B00000239,2024-08-16,178759,Credit Card,settled
P00000265,B00000240,2024-03-11,111000,Debit Card,settled
P00000266,B00000240,2024-04-05,-111000,Credit Card,refunded
P00000267,B00000241,2025-12-07,196800,Credit Card,settled
P00000268,B00000242,2024-04-14,521300,Credit Card,settled
P00000269,B00000242,2024-05-12,-521300,Credit Card,refunded
P00000270,B00000243,2024-09-24,99600,Debit Card,settled
P00000271,B00000244,2025-08-19,87608,Credit Card,settled
P00000272,B00000245,2025-09-09,214800,Points,settled
P00000273,B00000246,2024-08-06,97200,Credit Card,settled
P00000274,B00000247,2024-12-12,417000,Debit Card,settled
P00000275,B00000248,2024-06-13,148500,Points,settled
P00000276,B00000249,2024-04-24,82400,Bank Transfer,settled
P00000277,B00000250,2025-12-11,103200,Credit Card,settled
P00000278,B00000251,2025-10-13,15700,Debit Card,settled
P00000279,B00000251,2025-11-03,-2771,Credit Card,refunded
P00000280,B00000252,2025-04-20,118471,Points,settled
P00000281,B00000252,2025-04-25,73029,Points,pending
P00000282,B00000253,2024-01-20,57600,Bank Transfer,settled
P00000283,B00000254,2025-10-26,201052,Bank Transfer,settled
P00000284,B00000254,2025-11-01,132548,Points,pending
P00000285,B00000255,2024-11-23,13700,Points,settled
P00000286,B00000256,2024-12-22,191400,Credit Card,settled
P00000287,B00000257,2024-03-09,748000,Bank Transfer,settled
P00000288,B00000258,2024-07-14,170400,Debit Card,settled
P00000289,B00000259,2025-08-02,1491000,Points,settled
P00000290,B00000260,2025-08-02,159000,Bank Transfer,settled
P00000291,B00000261,2025-07-18,58400,Debit Card,settled
P00000292,B00000262,2025-01-02,190300,Debit Card,settled
P00000293,B00000264,2025-11-02,169000,Points,settled
P00000294,B00000265,2024-02-05,46500,Points,settled
P00000295,B00000266,2025-01-09,390000,Points,settled
P00000296,B00000268,2024-08-09,295100,Debit Card,settled
P00000297,B00000269,2025-05-22,263000,Points,settled
P00000298,B00000270,2025-02-09,180000,Debit Card,settled
P00000299,B00000270,2025-03-29,-180000,Points,refunded
P00000300,B00000272,2024-11-23,1097600,Credit Card,settled
P00000301,B00000273,2025-07-11,426300,Bank Transfer,settled
P00000302,B00000273,2025-08-24,-426300,Credit Card,refunded
P00000303,B00000274,2025-01-06,188400,Credit Card,settled
P00000304,B00000275,2024-04-05,65100,Bank Transfer,settled
P00000305,B00000276,2026-02-12,249200,Debit Card,settled
P00000306,B00000277,2026-01-08,74366,Bank Transfer,settled
P00000307,B00000277,2025-12-21,102734,Credit Card,pending
P00000308,B00000278,2024-03-30,176400,Debit Card,settled
P00000309,B00000279,2025-02-08,483000,Debit Card,settled
P00000310,B00000280,2024-10-26,146000,Debit Card,settled
P00000311,B00000281,2026-02-04,206400,Points,settled
P00000312,B00000282,2026-03-26,227500,Debit Card,settled
P00000313,B00000283,2024-08-08,59100,Points,settled
P00000314,B00000284,2024-06-29,840392,Bank Transfer,settled
P00000315,B00000284,2024-07-10,822808,Debit Card,pending
P00000316,B00000285,2025-11-10,176000,Bank Transfer,settled
P00000317,B00000286,2025-05-06,144000,Credit Card,settled
P00000318,B00000287,2024-09-18,132300,Debit Card,settled
P00000319,B00000288,2025-11-13,128400,Bank Transfer,settled
P00000320,B00000289,2026-01-05,117600,Bank Transfer,settled
P00000321,B00000290,2024-05-07,246400,Points,settled
P00000322,B00000291,2024-03-12,263063,Bank Transfer,settled
P00000323,B00000292,2026-02-12,40200,Points,settled
P00000324,B00000293,2025-06-19,96000,Debit Card,settled
P00000325,B00000294,2025-08-22,163900,Debit Card,settled
P00000326,B00000294,2025-10-03,-163900,Debit Card,refunded
P00000327,B00000295,2025-07-14,16500,Bank Transfer,settled
P00000328,B00000296,2024-01-21,393600,Bank Transfer,settled
P00000329,B00000297,2025-06-10,312000,Credit Card,settled
P00000330,B00000298,2024-05-02,113400,Bank Transfer,settled
P00000331,B00000299,2026-01-19,165000,Debit Card,settled
P00000332,B00000300,2024-08-19,69600,Debit Card,settled
P00000333,B00000301,2024-08-27,195600,Points,settled
P00000334,B00000302,2026-02-26,298200,Points,settled
P00000335,B00000303,2026-03-26,810600,Credit Card,settled
P00000336,B00000304,2024-06-14,614000,Points,settled
P00000337,B00000305,2025-12-07,227700,Points,settled
P00000338,B00000306,2024-09-03,88000,Credit Card,settled
P00000339,B00000307,2024-10-15,123500,Credit Card,settled
P00000340,B00000308,2025-10-29,32600,Bank Transfer,settled
P00000341,B00000309,2024-06-22,64100,Credit Card,settled
P00000342,B00000310,2024-09-11,156600,Points,settled
P00000343,B00000311,2025-02-04,320600,Points,settled
P00000344,B00000312,2024-11-12,432000,Debit Card,settled
P00000345,B00000313,2025-08-05,324000,Credit Card,settled
P00000346,B00000314,2025-03-31,289100,Bank Transfer,settled
P00000347,B00000314,2025-04-18,-289100,Points,refunded
P00000348,B00000316,2025-12-23,419000,Bank Transfer,settled
P00000349,B00000317,2024-06-25,144900,Credit Card,settled
P00000350,B00000318,2024-12-06,248300,Bank Transfer,settled
P00000351,B00000319,2025-11-16,20100,Debit Card,settled
P00000352,B00000320,2025-10-28,116400,Points,settled
P00000353,B00000321,2024-03-31,13700,Points,settled
P00000354,B00000322,2025-04-13,787200,Points,settled
P00000355,B00000323,2025-06-18,234000,Points,settled
P00000356,B00000323,2025-07-27,-234000,Credit Card,refunded
P00000357,B00000324,2024-06-17,111600,Credit Card,settled
P00000358,B00000325,2024-09-01,415800,Bank Transfer,settled
P00000359,B00000326,2025-08-14,384000,Debit Card,settled
P00000360,B00000327,2026-01-28,136500,Bank Transfer,settled
P00000361,B00000328,2025-11-01,456300,Credit Card,settled
P00000362,B00000329,2025-09-06,23700,Points,settled
P00000363,B00000330,2025-05-05,19700,Bank Transfer,settled
P00000364,B00000331,2025-07-10,87500,Credit Card,settled
P00000365,B00000332,2025-12-16,75500,Credit Card,settled
P00000366,B00000333,2025-06-28,257400,Points,settled
P00000367,B00000334,2024-12-08,340000,Points,settled
P00000368,B00000335,2025-02-26,117300,Points,settled
P00000369,B00000335,2025-04-20,-117300,Bank Transfer,refunded
P00000370,B00000336,2025-06-14,214000,Bank Transfer,settled
P00000371,B00000337,2024-11-12,309400,Debit Card,settled
P00000372,B00000338,2025-02-19,722000,Points,settled
P00000373,B00000339,2024-08-08,12700,Points,settled
P00000374,B00000340,2025-12-15,264000,Credit Card,settled
P00000375,B00000341,2024-11-07,41600,Debit Card,settled
P00000376,B00000342,2024-12-04,400800,Points,settled
P00000377,B00000343,2026-01-30,132000,Bank Transfer,settled
P00000378,B00000344,2025-08-20,226000,Bank Transfer,settled
P00000379,B00000345,2026-01-29,132800,Points,settled
P00000380,B00000346,2024-06-27,472048,Debit Card,settled
P00000381,B00000348,2024-05-17,87000,Points,settled
P00000382,B00000349,2025-02-28,607600,Credit Card,settled
P00000383,B00000350,2025-01-15,121100,Points,settled
P00000384,B00000351,2025-09-15,249000,Credit Card,settled
P00000385,B00000352,2025-08-04,169400,Credit Card,settled
P00000386,B00000353,2025-08-23,222300,Bank Transfer,settled
P00000387,B00000354,2026-01-12,59400,Debit Card,settled
P00000388,B00000355,2024-12-31,123345,Bank Transfer,settled
P00000389,B00000355,2025-01-05,73555,Bank Transfer,pending
P00000390,B00000356,2025-06-11,17900,Points,settled
P00000391,B00000357,2025-01-01,33800,Credit Card,settled
P00000392,B00000358,2024-07-12,178000,Credit Card,settled
P00000393,B00000359,2024-05-11,73154,Credit Card,settled
P00000394,B00000360,2024-09-04,174263,Bank Transfer,settled
P00000395,B00000360,2024-09-01,72837,Bank Transfer,pending
P00000396,B00000361,2025-08-20,128000,Points,settled
P00000397,B00000362,2025-08-01,55800,Points,settled
P00000398,B00000363,2024-08-09,58000,Bank Transfer,settled
P00000399,B00000364,2024-12-24,153900,Points,settled
P00000400,B00000365,2025-02-01,44100,Credit Card,settled
P00000401,B00000365,2025-02-11,-44100,Debit Card,refunded
P00000402,B00000366,2025-07-26,109200,Debit Card,settled
P00000403,B00000367,2025-10-30,89500,Credit Card,settled
P00000404,B00000368,2025-03-12,133600,Points,settled
P00000405,B00000369,2025-05-31,192000,Bank Transfer,settled
P00000406,B00000370,2025-02-01,71200,Credit Card,settled
P00000407,B00000371,2024-07-14,172000,Credit Card,settled
P00000408,B00000371,2024-08-16,-24224,Points,refunded
P00000409,B00000372,2025-06-29,81000,Credit Card,settled
P00000410,B00000373,2024-11-03,80000,Points,settled
P00000411,B00000374,2025-05-02,285600,Points,settled
P00000412,B00000375,2024-09-24,414000,Debit Card,settled
P00000413,B00000376,2025-06-04,161000,Points,settled
P00000414,B00000376,2025-07-15,-161000,Debit Card,refunded
P00000415,B00000377,2025-04-26,397464,Bank Transfer,settled
P00000416,B00000378,2024-06-12,402000,Credit Card,settled
P00000417,B00000379,2025-08-12,250900,Points,settled
P00000418,B00000380,2025-02-14,21600,Credit Card,settled
P00000419,B00000381,2024-06-30,233800,Points,settled
P00000420,B00000382,2024-07-06,130200,Credit Card,settled
P00000421,B00000383,2025-08-11,43100,Credit Card,settled
P00000422,B00000384,2026-02-01,46400,Credit Card,settled
P00000423,B00000385,2025-01-20,188100,Credit Card,settled
P00000424,B00000385,2025-03-01,-188100,Bank Transfer,refunded
P00000425,B00000386,2024-02-06,52800,Debit Card,settled
P00000426,B00000387,2026-03-03,1989000,Debit Card,settled
P00000427,B00000387,2026-04-02,-1989000,Debit Card,refunded
P00000428,B00000388,2025-05-19,141000,Credit Card,settled
P00000429,B00000389,2024-11-25,174000,Debit Card,settled
P00000430,B00000390,2025-10-27,660000,Bank Transfer,settled
P00000431,B00000391,2025-01-01,78000,Points,settled
P00000432,B00000392,2023-12-30,278600,Debit Card,settled
P00000433,B00000393,2024-10-18,32400,Bank Transfer,settled
P00000434,B00000394,2025-01-21,257400,Points,settled
P00000435,B00000395,2025-06-17,91600,Points,settled
P00000436,B00000396,2025-09-15,132000,Bank Transfer,settled
P00000437,B00000397,2025-03-12,47361,Debit Card,settled
P00000438,B00000397,2025-03-29,38139,Bank Transfer,pending
P00000439,B00000398,2025-08-05,157200,Credit Card,settled
P00000440,B00000399,2025-11-12,387600,Debit Card,settled
P00000441,B00000399,2025-12-10,-387600,Credit Card,refunded
P00000442,B00000400,2025-12-06,28200,Points,settled
P00000443,B00000401,2024-04-10,205700,Bank Transfer,settled
P00000444,B00000402,2024-06-01,189600,Debit Card,settled
P00000445,B00000403,2025-06-14,239400,Points,settled
P00000446,B00000404,2024-07-01,82000,Credit Card,settled
P00000447,B00000405,2024-02-12,51200,Points,settled
P00000448,B00000407,2024-03-21,504000,Bank Transfer,settled
P00000449,B00000407,2024-04-29,-504000,Bank Transfer,refunded
P00000450,B00000408,2025-11-04,159400,Bank Transfer,settled
P00000451,B00000409,2025-04-25,358000,Points,settled
P00000452,B00000409,2025-06-08,-358000,Debit Card,refunded
P00000453,B00000410,2025-06-04,40200,Debit Card,settled
P00000454,B00000411,2025-07-09,88000,Debit Card,settled
P00000455,B00000412,2024-11-16,234000,Points,settled
P00000456,B00000413,2025-11-24,183000,Points,settled
P00000457,B00000414,2024-10-29,43800,Debit Card,settled
P00000458,B00000415,2024-10-31,191000,Debit Card,settled
P00000459,B00000416,2024-11-17,1065400,Credit Card,settled
P00000460,B00000417,2024-06-05,533400,Credit Card,settled
P00000461,B00000419,2024-05-20,143100,Bank Transfer,settled
P00000462,B00000420,2025-02-19,69691,Debit Card,settled
P00000463,B00000421,2025-01-24,67500,Debit Card,settled
P00000464,B00000422,2024-03-02,676200,Points,settled
P00000465,B00000423,2024-05-07,125300,Points,settled
P00000466,B00000424,2025-12-26,47919,Bank Transfer,settled
P00000467,B00000424,2025-12-02,49881,Debit Card,pending
P00000468,B00000425,2024-04-22,140400,Points,settled
P00000469,B00000426,2025-05-07,351900,Credit Card,settled
P00000470,B00000427,2024-03-23,255200,Bank Transfer,settled
P00000471,B00000428,2025-06-13,673200,Bank Transfer,settled
P00000472,B00000429,2025-07-21,120600,Credit Card,settled
P00000473,B00000430,2024-08-31,171000,Bank Transfer,settled
P00000474,B00000431,2024-04-10,196900,Bank Transfer,settled
P00000475,B00000432,2025-06-06,66900,Credit Card,settled
P00000476,B00000432,2025-07-10,-66900,Credit Card,refunded
P00000477,B00000433,2025-10-05,445800,Points,settled
P00000478,B00000434,2024-05-17,315900,Bank Transfer,settled
P00000479,B00000435,2025-02-04,140040,Bank Transfer,settled
P00000480,B00000435,2025-01-27,109560,Debit Card,pending
P00000481,B00000436,2024-10-06,186000,Debit Card,settled
P00000482,B00000437,2025-06-10,666000,Bank Transfer,settled
P00000483,B00000437,2025-07-24,-666000,Bank Transfer,refunded
P00000484,B00000439,2024-07-02,161600,Credit Card,settled
P00000485,B00000440,2024-12-09,1665400,Debit Card,settled
P00000486,B00000441,2024-07-01,232200,Credit Card,settled
P00000487,B00000442,2024-05-27,73500,Credit Card,settled
P00000488,B00000443,2024-04-06,7211,Credit Card,settled
P00000489,B00000443,2024-03-21,7989,Points,pending
P00000490,B00000444,2024-07-22,102400,Bank Transfer,settled
P00000491,B00000445,2024-05-30,357500,Credit Card,settled
P00000492,B00000446,2025-05-29,334800,Credit Card,settled
P00000493,B00000448,2024-04-29,111000,Points,settled
P00000494,B00000449,2025-04-01,158742,Points,settled
P00000495,B00000449,2025-03-29,40258,Points,pending
P00000496,B00000450,2025-08-11,68700,Credit Card,settled
P00000497,B00000451,2025-02-27,230000,Debit Card,settled
P00000498,B00000452,2025-05-25,17700,Credit Card,settled
P00000499,B00000453,2024-12-14,100479,Bank Transfer,settled
P00000500,B00000454,2024-06-12,216000,Debit Card,settled
P00000501,B00000456,2024-04-28,218000,Debit Card,settled
P00000502,B00000457,2025-09-12,108600,Credit Card,settled
P00000503,B00000458,2024-11-02,240000,Credit Card,settled
P00000504,B00000459,2025-03-29,169000,Points,settled
P00000505,B00000460,2024-08-30,195600,Bank Transfer,settled
P00000506,B00000461,2025-11-25,228200,Bank Transfer,settled
P00000507,B00000461,2025-12-09,-37633,Points,refunded
P00000508,B00000462,2025-12-22,33500,Points,settled
P00000509,B00000462,2026-01-25,-6950,Debit Card,refunded
P00000510,B00000463,2024-10-03,471900,Debit Card,settled
P00000511,B00000464,2025-04-10,792400,Bank Transfer,settled
P00000512,B00000466,2024-03-03,25800,Debit Card,settled
P00000513,B00000467,2025-11-25,29900,Debit Card,settled
P00000514,B00000468,2024-06-27,87000,Credit Card,settled
P00000515,B00000469,2025-03-04,51700,Points,settled
P00000516,B00000470,2024-04-26,237800,Credit Card,settled
P00000517,B00000471,2025-02-15,96900,Credit Card,settled
P00000518,B00000472,2024-12-20,522000,Bank Transfer,settled
P00000519,B00000473,2024-03-18,182000,Bank Transfer,settled
P00000520,B00000474,2025-05-21,178100,Points,settled
P00000521,B00000474,2025-06-16,-178100,Points,refunded
P00000522,B00000475,2025-11-10,129500,Credit Card,settled
P00000523,B00000476,2025-05-06,36800,Points,settled
P00000524,B00000477,2024-09-03,308000,Points,settled
P00000525,B00000478,2024-04-17,194600,Points,settled
P00000526,B00000479,2025-08-30,90500,Debit Card,settled
P00000527,B00000480,2025-06-06,15900,Bank Transfer,settled
P00000528,B00000481,2024-10-12,178200,Debit Card,settled
P00000529,B00000482,2026-02-05,168000,Debit Card,settled
P00000530,B00000483,2025-11-18,243600,Bank Transfer,settled
P00000531,B00000484,2024-09-28,271600,Credit Card,settled
P00000532,B00000485,2025-04-08,75200,Points,settled
P00000533,B00000486,2024-06-05,380000,Credit Card,settled
P00000534,B00000487,2024-11-23,475200,Bank Transfer,settled
P00000535,B00000487,2024-12-16,-475200,Debit Card,refunded
P00000536,B00000488,2024-05-14,438000,Points,settled
P00000537,B00000489,2025-10-08,406923,Bank Transfer,settled
P00000538,B00000490,2024-09-09,261300,Credit Card,settled
P00000539,B00000491,2024-12-01,549500,Bank Transfer,settled
P00000540,B00000492,2025-01-22,264000,Credit Card,settled
P00000541,B00000493,2024-08-22,403200,Points,settled
P00000542,B00000494,2025-05-21,127400,Debit Card,settled
P00000543,B00000495,2025-04-09,175500,Credit Card,settled
P00000544,B00000496,2025-05-08,15500,Credit Card,settled
P00000545,B00000497,2025-01-25,189600,Credit Card,settled
P00000546,B00000497,2025-03-19,-189600,Bank Transfer,refunded
P00000547,B00000498,2025-02-09,143200,Credit Card,settled
P00000548,B00000499,2026-01-18,212000,Credit Card,settled
P00000549,B00000500,2025-09-12,144000,Debit Card,settled
P00000550,B00000501,2024-10-28,67200,Credit Card,settled
P00000551,B00000502,2025-01-06,1006600,Points,settled
P00000552,B00000503,2025-06-05,123600,Bank Transfer,settled
P00000553,B00000504,2024-06-22,6950,Credit Card,settled
P00000554,B00000504,2024-06-12,8850,Points,pending
P00000555,B00000505,2024-05-18,190400,Credit Card,settled
P00000556,B00000505,2024-06-18,-190400,Debit Card,refunded
P00000557,B00000506,2024-10-08,452228,Debit Card,settled
P00000558,B00000506,2024-10-30,642572,Bank Transfer,pending
P00000559,B00000507,2025-09-06,62400,Debit Card,settled
P00000560,B00000507,2025-09-29,-62400,Bank Transfer,refunded
P00000561,B00000508,2026-03-27,52200,Debit Card,settled
P00000562,B00000509,2024-03-17,7378,Credit Card,settled
P00000563,B00000509,2024-03-01,9722,Points,pending
P00000564,B00000510,2026-02-08,80400,Credit Card,settled
P00000565,B00000511,2025-12-10,271600,Credit Card,settled
P00000566,B00000512,2025-02-13,295200,Points,settled
P00000567,B00000513,2024-08-02,70700,Bank Transfer,settled
P00000568,B00000514,2024-01-29,413100,Debit Card,settled
P00000569,B00000515,2024-02-17,65400,Bank Transfer,settled
P00000570,B00000516,2025-05-22,409500,Credit Card,settled
P00000571,B00000517,2024-10-06,128000,Points,settled
P00000572,B00000518,2026-01-25,38800,Bank Transfer,settled
P00000573,B00000519,2025-06-02,39600,Credit Card,settled
P00000574,B00000520,2024-10-08,454000,Debit Card,settled
P00000575,B00000521,2025-11-10,636000,Credit Card,settled
P00000576,B00000522,2025-02-22,34400,Credit Card,settled
P00000577,B00000523,2024-05-28,468900,Bank Transfer,settled
P00000578,B00000524,2025-11-01,78600,Credit Card,settled
P00000579,B00000525,2024-08-04,226800,Credit Card,settled
P00000580,B00000526,2024-04-21,705015,Bank Transfer,settled
P00000581,B00000527,2024-10-16,40800,Points,settled
P00000582,B00000528,2025-10-03,162800,Credit Card,settled
P00000583,B00000529,2024-10-20,39400,Debit Card,settled
P00000584,B00000530,2025-08-05,331800,Debit Card,settled
P00000585,B00000531,2025-11-08,132000,Debit Card,settled
P00000586,B00000532,2024-09-11,124000,Credit Card,settled
P00000587,B00000533,2025-07-21,172800,Debit Card,settled
P00000588,B00000534,2024-11-23,161799,Credit Card,settled
P00000589,B00000535,2024-04-30,46400,Bank Transfer,settled
P00000590,B00000536,2025-03-02,112575,Debit Card,settled
P00000591,B00000536,2025-02-21,60925,Bank Transfer,pending
P00000592,B00000537,2025-04-04,37200,Debit Card,settled
P00000593,B00000538,2025-07-02,14600,Debit Card,settled
P00000594,B00000539,2024-04-20,178000,Bank Transfer,settled
P00000595,B00000540,2025-01-11,445200,Bank Transfer,settled
P00000596,B00000540,2025-02-26,-445200,Credit Card,refunded
P00000597,B00000541,2025-11-18,87000,Debit Card,settled
P00000598,B00000542,2025-10-11,360817,Bank Transfer,settled
P00000599,B00000543,2025-03-29,414400,Points,settled
P00000600,B00000544,2024-10-17,22373,Bank Transfer,settled
P00000601,B00000545,2024-03-07,22700,Credit Card,settled
P00000602,B00000546,2025-08-20,258700,Credit Card,settled
P00000603,B00000547,2024-12-13,174900,Bank Transfer,settled
P00000604,B00000548,2025-08-22,375100,Points,settled
P00000605,B00000549,2024-04-23,135000,Points,settled
P00000606,B00000550,2025-08-01,239200,Bank Transfer,settled
P00000607,B00000551,2024-11-06,414700,Points,settled
P00000608,B00000552,2025-11-12,50868,Credit Card,settled
P00000609,B00000552,2025-10-24,62532,Debit Card,pending
P00000610,B00000554,2024-01-23,665000,Points,settled
P00000611,B00000555,2025-05-11,320600,Points,settled
P00000612,B00000556,2025-11-11,53700,Points,settled
P00000613,B00000557,2026-03-22,37600,Credit Card,settled
P00000614,B00000558,2026-01-09,187200,Credit Card,settled
P00000615,B00000559,2024-09-08,198000,Points,settled
P00000616,B00000561,2025-06-30,120000,Credit Card,settled
P00000617,B00000562,2025-11-11,521600,Credit Card,settled
P00000618,B00000563,2025-06-26,35000,Credit Card,settled
P00000619,B00000564,2025-05-12,409200,Debit Card,settled
P00000620,B00000565,2024-06-27,239000,Bank Transfer,settled
P00000621,B00000566,2025-01-07,501600,Bank Transfer,settled
P00000622,B00000567,2024-04-11,135100,Credit Card,settled
P00000623,B00000568,2024-11-17,139200,Bank Transfer,settled
P00000624,B00000569,2025-11-07,65500,Credit Card,settled
P00000625,B00000570,2025-03-05,222300,Debit Card,settled
P00000626,B00000571,2026-03-12,465400,Points,settled
P00000627,B00000572,2024-04-05,140800,Credit Card,settled
P00000628,B00000573,2025-09-11,249200,Debit Card,settled
P00000629,B00000574,2024-05-28,160800,Debit Card,settled
P00000630,B00000575,2025-05-03,971100,Debit Card,settled
P00000631,B00000576,2025-04-13,92000,Points,settled
P00000632,B00000577,2025-07-26,351200,Bank Transfer,settled
P00000633,B00000578,2024-11-15,100500,Bank Transfer,settled
P00000634,B00000579,2024-09-18,163200,Points,settled
P00000635,B00000580,2025-09-04,20500,Points,settled
P00000636,B00000580,2025-09-12,-20500,Points,refunded
P00000637,B00000581,2025-01-18,144100,Bank Transfer,settled
P00000638,B00000582,2024-10-18,22700,Credit Card,settled
P00000639,B00000583,2025-05-29,432000,Debit Card,settled
P00000640,B00000583,2025-06-24,-432000,Bank Transfer,refunded
P00000641,B00000584,2025-07-17,78000,Credit Card,settled
P00000642,B00000585,2024-09-02,122400,Debit Card,settled
P00000643,B00000586,2025-11-27,770400,Debit Card,settled
P00000644,B00000587,2025-10-12,62400,Debit Card,settled
P00000645,B00000588,2026-03-16,548800,Points,settled
P00000646,B00000589,2025-01-13,249600,Bank Transfer,settled
P00000647,B00000590,2025-11-25,478400,Credit Card,settled
P00000648,B00000591,2025-08-10,564200,Debit Card,settled
P00000649,B00000591,2025-10-03,-564200,Credit Card,refunded
P00000650,B00000592,2025-10-31,351900,Points,settled
P00000651,B00000593,2025-01-29,89600,Debit Card,settled
P00000652,B00000594,2025-02-20,166500,Debit Card,settled
P00000653,B00000595,2026-01-31,193600,Debit Card,settled
P00000654,B00000598,2024-11-07,116500,Credit Card,settled
P00000655,B00000599,2025-12-06,417600,Credit Card,settled
P00000656,B00000600,2025-03-17,166100,Debit Card,settled
P00000657,B00000601,2025-09-18,171000,Debit Card,settled
P00000658,B00000602,2024-12-08,184000,Debit Card,settled
P00000659,B00000603,2024-10-22,85500,Debit Card,settled
P00000660,B00000604,2024-12-05,271600,Points,settled
P00000661,B00000605,2024-05-30,559200,Bank Transfer,settled
P00000662,B00000606,2025-12-17,279000,Bank Transfer,settled
P00000663,B00000606,2026-01-26,-279000,Credit Card,refunded
P00000664,B00000607,2025-10-12,996800,Bank Transfer,settled
P00000665,B00000608,2024-07-25,142100,Points,settled
P00000666,B00000609,2025-07-18,1700600,Points,settled
P00000667,B00000610,2024-04-22,311600,Points,settled
P00000668,B00000611,2024-05-26,105285,Credit Card,settled
P00000669,B00000611,2024-05-29,59115,Bank Transfer,pending
P00000670,B00000612,2024-12-14,104915,Bank Transfer,settled
P00000671,B00000612,2024-12-02,101885,Bank Transfer,pending
P00000672,B00000613,2025-06-30,257400,Credit Card,settled
P00000673,B00000614,2025-03-16,236400,Debit Card,settled
P00000674,B00000615,2024-08-30,241800,Credit Card,settled
P00000675,B00000616,2025-04-26,142400,Bank Transfer,settled
P00000676,B00000617,2024-08-23,921600,Credit Card,settled
P00000677,B00000618,2024-07-13,331000,Credit Card,settled
P00000678,B00000619,2024-12-20,149000,Bank Transfer,settled
P00000679,B00000619,2025-01-17,-149000,Debit Card,refunded
P00000680,B00000620,2025-04-22,338400,Bank Transfer,settled
P00000681,B00000621,2024-12-10,177762,Credit Card,settled
P00000682,B00000622,2025-09-11,201600,Debit Card,settled
P00000683,B00000623,2024-01-31,245532,Points,settled
P00000684,B00000624,2024-05-24,196800,Points,settled
P00000685,B00000625,2025-06-01,420200,Credit Card,settled
P00000686,B00000626,2024-11-23,93000,Bank Transfer,settled
P00000687,B00000627,2024-12-01,435600,Credit Card,settled
P00000688,B00000628,2024-03-09,166000,Debit Card,settled
P00000689,B00000629,2025-02-27,59200,Bank Transfer,settled
P00000690,B00000630,2025-09-22,342100,Credit Card,settled
P00000691,B00000631,2025-03-11,267626,Debit Card,settled
P00000692,B00000631,2025-02-19,133374,Credit Card,pending
P00000693,B00000632,2024-06-16,38100,Points,settled
P00000694,B00000632,2024-07-07,-38100,Bank Transfer,refunded
P00000695,B00000633,2025-03-10,211900,Debit Card,settled
P00000696,B00000634,2025-05-26,148800,Debit Card,settled
P00000697,B00000635,2025-12-25,207600,Debit Card,settled
P00000698,B00000635,2026-01-14,-207600,Debit Card,refunded
P00000699,B00000637,2025-02-17,414000,Points,settled
P00000700,B00000638,2025-10-02,31000,Credit Card,settled
P00000701,B00000639,2025-12-15,23000,Bank Transfer,settled
P00000702,B00000640,2024-09-19,361000,Credit Card,settled
P00000703,B00000641,2024-09-11,44400,Bank Transfer,settled
P00000704,B00000642,2025-06-09,554400,Debit Card,settled
P00000705,B00000643,2024-01-21,146300,Debit Card,settled
P00000706,B00000644,2024-07-25,47400,Bank Transfer,settled
P00000707,B00000645,2025-02-14,126000,Points,settled
P00000708,B00000646,2025-04-21,479600,Credit Card,settled
P00000709,B00000647,2025-05-17,66500,Bank Transfer,settled
P00000710,B00000648,2025-01-31,38400,Debit Card,settled
P00000711,B00000649,2025-08-01,292500,Points,settled
P00000712,B00000650,2025-10-23,280000,Credit Card,settled
P00000713,B00000652,2024-07-29,183600,Points,settled
P00000714,B00000653,2024-06-11,48000,Debit Card,settled
P00000715,B00000656,2025-06-25,109800,Bank Transfer,settled
P00000716,B00000657,2025-11-22,172900,Points,settled
P00000717,B00000658,2025-03-11,107971,Points,settled
P00000718,B00000659,2025-03-20,276000,Points,settled
P00000719,B00000660,2026-01-06,245000,Bank Transfer,settled
P00000720,B00000661,2024-12-24,248300,Bank Transfer,settled
P00000721,B00000662,2025-09-25,377000,Points,settled
P00000722,B00000663,2024-11-05,258600,Credit Card,settled
P00000723,B00000664,2025-08-26,234000,Debit Card,settled
P00000724,B00000666,2024-12-27,54300,Bank Transfer,settled
P00000725,B00000667,2024-01-24,253200,Debit Card,settled
P00000726,B00000668,2025-10-21,291200,Bank Transfer,settled
P00000727,B00000669,2025-11-20,141000,Debit Card,settled
P00000728,B00000670,2024-12-03,86400,Points,settled
P00000729,B00000671,2025-08-31,164700,Debit Card,settled
P00000730,B00000672,2024-11-12,39700,Bank Transfer,settled
P00000731,B00000672,2024-11-20,-4629,Bank Transfer,refunded
P00000732,B00000673,2024-02-08,174000,Points,settled
P00000733,B00000674,2024-06-20,547000,Debit Card,settled
P00000734,B00000675,2025-03-23,68800,Points,settled
P00000735,B00000676,2025-02-02,184800,Debit Card,settled
P00000736,B00000677,2025-11-28,122500,Points,settled
P00000737,B00000678,2024-09-05,97526,Debit Card,settled
P00000738,B00000678,2024-08-11,49874,Points,pending
P00000739,B00000679,2026-04-12,71600,Points,settled
P00000740,B00000680,2025-10-07,197600,Credit Card,settled
P00000741,B00000681,2025-08-19,133000,Credit Card,settled
P00000742,B00000682,2024-03-07,270900,Bank Transfer,settled
P00000743,B00000683,2024-07-30,225400,Credit Card,settled
P00000744,B00000684,2024-10-09,177500,Debit Card,settled
P00000745,B00000685,2025-03-26,210600,Bank Transfer,settled
P00000746,B00000686,2025-01-14,121100,Bank Transfer,settled
P00000747,B00000687,2025-04-25,801000,Bank Transfer,settled
P00000748,B00000688,2025-08-05,46500,Debit Card,settled
P00000749,B00000690,2024-09-15,229900,Credit Card,settled
P00000750,B00000691,2025-07-20,87600,Debit Card,settled
P00000751,B00000692,2024-09-26,272400,Debit Card,settled
P00000752,B00000692,2024-11-12,-272400,Debit Card,refunded
P00000753,B00000693,2024-06-18,291200,Debit Card,settled
P00000754,B00000694,2025-06-03,191000,Points,settled
P00000755,B00000695,2025-09-28,121600,Debit Card,settled
P00000756,B00000696,2025-11-08,317400,Debit Card,settled
P00000757,B00000696,2025-12-03,-61607,Points,refunded
P00000758,B00000697,2025-03-10,155100,Bank Transfer,settled
P00000759,B00000698,2025-12-21,213000,Debit Card,settled
P00000760,B00000699,2025-07-12,433000,Bank Transfer,settled
P00000761,B00000699,2025-08-07,-433000,Bank Transfer,refunded
P00000762,B00000700,2025-05-11,128800,Bank Transfer,settled
P00000763,B00000700,2025-05-27,-128800,Points,refunded
P00000764,B00000701,2024-08-12,383900,Debit Card,settled
P00000765,B00000702,2024-09-23,36400,Points,settled
P00000766,B00000703,2025-11-16,110600,Credit Card,settled
P00000767,B00000704,2024-09-28,51000,Bank Transfer,settled
P00000768,B00000705,2024-08-28,220915,Debit Card,settled
P00000769,B00000705,2024-08-11,68985,Bank Transfer,pending
P00000770,B00000706,2024-10-14,248400,Points,settled
P00000771,B00000708,2025-09-03,174900,Credit Card,settled
P00000772,B00000709,2024-10-10,51750,Credit Card,settled
P00000773,B00000709,2024-09-30,22650,Bank Transfer,pending
P00000774,B00000710,2025-04-16,113500,Debit Card,settled
P00000775,B00000712,2024-06-21,19800,Bank Transfer,settled
P00000776,B00000713,2024-08-11,44100,Points,settled
P00000777,B00000714,2024-08-25,15700,Debit Card,settled
P00000778,B00000715,2024-05-08,308100,Credit Card,settled
P00000779,B00000715,2024-06-24,-56390,Bank Transfer,refunded
P00000780,B00000716,2024-01-15,257435,Bank Transfer,settled
P00000781,B00000717,2025-05-12,191200,Debit Card,settled
P00000782,B00000717,2025-06-23,-191200,Credit Card,refunded
P00000783,B00000718,2025-07-29,22500,Debit Card,settled
P00000784,B00000719,2024-09-08,427700,Debit Card,settled
P00000785,B00000720,2025-10-12,27172,Points,settled
P00000786,B00000720,2025-11-12,8328,Debit Card,pending
P00000787,B00000721,2024-05-06,39000,Credit Card,settled
P00000788,B00000722,2024-06-04,218900,Debit Card,settled
P00000789,B00000723,2024-10-28,84600,Debit Card,settled
P00000790,B00000724,2025-07-10,170000,Bank Transfer,settled
P00000791,B00000725,2025-04-05,46800,Debit Card,settled
P00000792,B00000726,2025-08-14,138600,Points,settled
P00000793,B00000726,2025-09-07,-26422,Bank Transfer,refunded
P00000794,B00000727,2025-03-27,67500,Bank Transfer,settled
P00000795,B00000728,2024-03-15,72000,Bank Transfer,settled
P00000796,B00000729,2025-05-26,316400,Debit Card,settled
P00000797,B00000730,2024-08-19,183400,Debit Card,settled
P00000798,B00000731,2025-12-30,270995,Debit Card,settled
P00000799,B00000732,2025-08-16,109600,Bank Transfer,settled
P00000800,B00000733,2024-05-22,137200,Points,settled
P00000801,B00000734,2024-07-28,201600,Debit Card,settled
P00000802,B00000735,2024-04-01,33200,Bank Transfer,settled
P00000803,B00000736,2025-04-24,147536,Bank Transfer,settled
P00000804,B00000737,2024-10-05,523200,Debit Card,settled
P00000805,B00000738,2025-04-27,19200,Bank Transfer,settled
P00000806,B00000739,2024-01-03,406800,Points,settled
P00000807,B00000740,2025-09-11,193916,Credit Card,settled
P00000808,B00000741,2026-02-17,157000,Credit Card,settled
P00000809,B00000743,2025-01-13,89200,Debit Card,settled
P00000810,B00000744,2025-05-26,196200,Debit Card,settled
P00000811,B00000745,2024-06-24,137900,Bank Transfer,settled
P00000812,B00000746,2024-06-22,102000,Debit Card,settled
P00000813,B00000747,2024-06-25,708000,Points,settled
P00000814,B00000748,2025-11-19,34600,Credit Card,settled
P00000815,B00000749,2025-06-15,200200,Points,settled
P00000816,B00000750,2024-10-12,156600,Bank Transfer,settled
P00000817,B00000751,2025-04-19,58793,Debit Card,settled
P00000818,B00000751,2025-04-10,15207,Points,pending
P00000819,B00000752,2024-11-21,246000,Bank Transfer,settled
P00000820,B00000753,2025-04-30,198000,Bank Transfer,settled
P00000821,B00000754,2025-01-03,210000,Debit Card,settled
P00000822,B00000755,2025-01-25,427182,Bank Transfer,settled
P00000823,B00000756,2025-02-28,61800,Debit Card,settled
P00000824,B00000757,2024-04-18,284000,Points,settled
P00000825,B00000758,2024-07-14,90000,Debit Card,settled
P00000826,B00000759,2024-05-24,103500,Credit Card,settled
P00000827,B00000760,2025-01-20,118545,Debit Card,settled
P00000828,B00000761,2024-08-02,116400,Points,settled
P00000829,B00000762,2024-07-22,271000,Points,settled
P00000830,B00000763,2025-07-29,171600,Debit Card,settled
P00000831,B00000764,2024-09-27,110600,Credit Card,settled
P00000832,B00000765,2025-10-10,188400,Debit Card,settled
P00000833,B00000766,2025-01-20,129600,Credit Card,settled
P00000834,B00000767,2025-02-04,397000,Credit Card,settled
P00000835,B00000768,2025-07-04,630000,Credit Card,settled
P00000836,B00000769,2024-11-08,102600,Debit Card,settled
P00000837,B00000770,2024-04-14,182800,Bank Transfer,settled
P00000838,B00000771,2024-07-30,58400,Debit Card,settled
P00000839,B00000772,2024-02-04,207200,Points,settled
P00000840,B00000773,2025-12-26,27200,Debit Card,settled
P00000841,B00000774,2026-01-14,74000,Credit Card,settled
P00000842,B00000775,2025-05-24,108000,Debit Card,settled
P00000843,B00000776,2025-06-03,308100,Credit Card,settled
P00000844,B00000777,2024-07-17,168000,Debit Card,settled
P00000845,B00000778,2025-04-03,266000,Bank Transfer,settled
P00000846,B00000779,2025-06-04,285660,Points,settled
P00000847,B00000779,2025-06-04,138340,Credit Card,pending
P00000848,B00000780,2025-10-04,128000,Bank Transfer,settled
P00000849,B00000781,2026-01-25,140187,Debit Card,settled
P00000850,B00000781,2026-01-11,100813,Bank Transfer,pending
P00000851,B00000782,2024-08-04,270000,Debit Card,settled
P00000852,B00000783,2025-01-16,110600,Bank Transfer,settled
P00000853,B00000784,2025-07-16,68000,Points,settled
P00000854,B00000785,2024-12-04,113400,Credit Card,settled
P00000855,B00000786,2025-12-07,178200,Bank Transfer,settled
P00000856,B00000787,2025-12-10,150137,Bank Transfer,settled
P00000857,B00000787,2025-12-12,181863,Credit Card,pending
P00000858,B00000788,2024-04-15,852600,Debit Card,settled
P00000859,B00000788,2024-05-30,-852600,Credit Card,refunded
P00000860,B00000789,2025-05-22,100505,Points,settled
P00000861,B00000789,2025-05-25,115495,Points,pending
P00000862,B00000790,2024-07-20,161700,Debit Card,settled
P00000863,B00000790,2024-07-24,-161700,Bank Transfer,refunded
P00000864,B00000792,2025-10-30,151800,Bank Transfer,settled
P00000865,B00000793,2025-05-11,635000,Credit Card,settled
P00000866,B00000794,2024-11-05,121000,Bank Transfer,settled
P00000867,B00000794,2024-12-23,-27991,Credit Card,refunded
P00000868,B00000795,2024-02-22,136500,Bank Transfer,settled
P00000869,B00000796,2025-04-27,110400,Points,settled
P00000870,B00000797,2025-02-22,464400,Bank Transfer,settled
P00000871,B00000798,2024-06-28,30800,Points,settled
P00000872,B00000799,2024-06-11,33000,Credit Card,settled
P00000873,B00000799,2024-07-22,-33000,Debit Card,refunded
P00000874,B00000800,2025-11-27,56800,Credit Card,settled
P00000875,B00000801,2024-06-29,100500,Debit Card,settled
P00000876,B00000802,2024-07-22,383900,Bank Transfer,settled
P00000877,B00000803,2025-12-30,154000,Credit Card,settled
P00000878,B00000804,2024-04-27,461663,Bank Transfer,settled
P00000879,B00000805,2025-02-01,193600,Points,settled
P00000880,B00000806,2025-07-18,110400,Bank Transfer,settled
P00000881,B00000807,2024-02-11,591500,Points,settled
P00000882,B00000807,2024-04-09,-591500,Debit Card,refunded
P00000883,B00000808,2025-02-27,223000,Points,settled
P00000884,B00000809,2024-04-18,36400,Debit Card,settled
P00000885,B00000810,2024-07-16,228800,Bank Transfer,settled
P00000886,B00000811,2025-04-28,15800,Points,settled
P00000887,B00000812,2025-02-18,218364,Debit Card,settled
P00000888,B00000812,2025-03-06,101236,Points,pending
P00000889,B00000813,2025-04-22,31254,Credit Card,settled
P00000890,B00000813,2025-05-03,8646,Points,pending
P00000891,B00000814,2025-04-26,227500,Debit Card,settled
P00000892,B00000816,2025-09-17,201600,Debit Card,settled
P00000893,B00000817,2026-02-01,135800,Debit Card,settled
P00000894,B00000818,2025-04-20,151416,Bank Transfer,settled
P00000895,B00000819,2025-03-03,17500,Bank Transfer,settled
P00000896,B00000820,2024-05-10,460800,Debit Card,settled
P00000897,B00000821,2024-05-11,229800,Debit Card,settled
P00000898,B00000822,2025-03-27,89800,Credit Card,settled
P00000899,B00000823,2024-03-08,215800,Credit Card,settled
P00000900,B00000824,2026-02-17,158400,Credit Card,settled
P00000901,B00000826,2025-01-30,289800,Bank Transfer,settled
P00000902,B00000827,2026-01-06,183300,Debit Card,settled
P00000903,B00000828,2025-12-05,360000,Debit Card,settled
P00000904,B00000829,2024-10-03,142800,Points,settled
P00000905,B00000829,2024-11-14,-31467,Bank Transfer,refunded
P00000906,B00000831,2024-06-12,17500,Points,settled
P00000907,B00000832,2024-05-12,70800,Points,settled
P00000908,B00000833,2024-09-30,1005200,Debit Card,settled
P00000909,B00000834,2024-01-23,85878,Bank Transfer,settled
P00000910,B00000834,2024-02-05,43722,Debit Card,pending
P00000911,B00000835,2024-08-08,152400,Points,settled
P00000912,B00000836,2024-06-21,97200,Debit Card,settled
P00000913,B00000837,2025-10-09,91800,Points,settled
P00000914,B00000838,2024-12-11,25846,Bank Transfer,settled
P00000915,B00000838,2025-01-10,29654,Debit Card,pending
P00000916,B00000839,2025-09-01,491574,Credit Card,settled
P00000917,B00000839,2025-08-31,125826,Credit Card,pending
P00000918,B00000840,2025-11-26,259200,Points,settled
P00000919,B00000841,2025-03-13,329000,Credit Card,settled
P00000920,B00000842,2025-05-17,70200,Debit Card,settled
P00000921,B00000843,2024-08-16,432600,Points,settled
P00000922,B00000843,2024-09-08,-432600,Bank Transfer,refunded
P00000923,B00000844,2025-05-25,700000,Credit Card,settled
P00000924,B00000844,2025-06-21,-139999,Points,refunded
P00000925,B00000845,2024-06-05,231600,Credit Card,settled
P00000926,B00000845,2024-07-02,-40760,Bank Transfer,refunded
P00000927,B00000846,2026-01-07,36600,Bank Transfer,settled
P00000928,B00000847,2025-02-11,40100,Debit Card,settled
P00000929,B00000848,2026-01-12,16300,Credit Card,settled
P00000930,B00000849,2025-12-05,274400,Points,settled
P00000931,B00000850,2026-01-24,253400,Debit Card,settled
P00000932,B00000850,2026-03-04,-253400,Credit Card,refunded
P00000933,B00000851,2025-03-06,214800,Points,settled
P00000934,B00000853,2024-09-15,80800,Points,settled
P00000935,B00000854,2024-07-11,109500,Bank Transfer,settled
P00000936,B00000855,2025-02-25,300000,Debit Card,settled
P00000937,B00000856,2024-08-03,165900,Debit Card,settled
P00000938,B00000856,2024-09-09,-18998,Bank Transfer,refunded
P00000939,B00000857,2025-03-22,263200,Debit Card,settled
P00000940,B00000858,2025-09-01,128800,Points,settled
P00000941,B00000859,2024-06-17,273000,Bank Transfer,settled
P00000942,B00000860,2025-06-09,98623,Points,settled
P00000943,B00000860,2025-06-22,54977,Credit Card,pending
P00000944,B00000861,2025-12-03,35400,Bank Transfer,settled
P00000945,B00000862,2024-11-16,298200,Debit Card,settled
P00000946,B00000863,2026-01-07,181200,Debit Card,settled
P00000947,B00000864,2025-06-26,72400,Credit Card,settled
P00000948,B00000865,2025-01-25,47400,Points,settled
P00000949,B00000865,2025-02-16,-10272,Bank Transfer,refunded
P00000950,B00000866,2025-08-19,120000,Credit Card,settled
P00000951,B00000867,2025-07-07,86286,Credit Card,settled
P00000952,B00000867,2025-07-28,51414,Bank Transfer,pending
P00000953,B00000868,2025-12-02,459000,Debit Card,settled
P00000954,B00000869,2025-09-02,65700,Debit Card,settled
P00000955,B00000870,2025-10-02,177900,Points,settled
P00000956,B00000871,2025-05-29,145600,Bank Transfer,settled
P00000957,B00000872,2025-01-01,17300,Points,settled
P00000958,B00000873,2024-12-18,119129,Credit Card,settled
P00000959,B00000873,2024-12-31,32771,Credit Card,pending
P00000960,B00000874,2024-03-17,319200,Bank Transfer,settled
P00000961,B00000875,2025-12-12,142000,Credit Card,settled
P00000962,B00000876,2026-02-19,20000,Bank Transfer,settled
P00000963,B00000877,2024-11-18,207900,Bank Transfer,settled
P00000964,B00000878,2024-08-13,1795300,Credit Card,settled
P00000965,B00000879,2024-07-24,524700,Credit Card,settled
P00000966,B00000880,2024-06-14,131200,Points,settled
P00000967,B00000881,2026-01-31,55200,Points,settled
P00000968,B00000882,2025-06-06,158400,Bank Transfer,settled
P00000969,B00000883,2025-06-08,206700,Points,settled
P00000970,B00000884,2025-05-17,178765,Bank Transfer,settled
P00000971,B00000884,2025-06-03,70835,Debit Card,pending
P00000972,B00000885,2024-10-21,113400,Debit Card,settled
P00000973,B00000886,2024-04-11,620800,Points,settled
P00000974,B00000887,2024-12-17,279500,Credit Card,settled
P00000975,B00000888,2024-12-23,149600,Credit Card,settled
P00000976,B00000889,2024-04-12,237900,Points,settled
P00000977,B00000890,2025-10-19,70500,Credit Card,settled
P00000978,B00000891,2025-08-04,316400,Debit Card,settled
P00000979,B00000891,2025-09-08,-44967,Bank Transfer,refunded
P00000980,B00000893,2025-10-07,571200,Bank Transfer,settled
P00000981,B00000894,2025-05-10,99000,Bank Transfer,settled
P00000982,B00000895,2024-11-28,55200,Points,settled
P00000983,B00000896,2024-08-29,566400,Points,settled
P00000984,B00000896,2024-09-16,-566400,Points,refunded
P00000985,B00000897,2024-06-07,80800,Debit Card,settled
P00000986,B00000898,2024-12-01,186000,Debit Card,settled
P00000987,B00000899,2026-02-28,306300,Credit Card,settled
P00000988,B00000899,2026-03-13,-53098,Debit Card,refunded
P00000989,B00000900,2025-08-31,18900,Credit Card,settled
P00000990,B00000901,2024-07-01,158000,Credit Card,settled
P00000991,B00000902,2024-03-12,236311,Points,settled
P00000992,B00000903,2025-12-02,66400,Debit Card,settled
P00000993,B00000904,2024-04-27,235300,Bank Transfer,settled
P00000994,B00000905,2025-10-19,51089,Points,settled
P00000995,B00000905,2025-11-06,50911,Points,pending
P00000996,B00000906,2025-02-04,181200,Debit Card,settled
P00000997,B00000908,2025-11-26,249600,Debit Card,settled
P00000998,B00000909,2025-06-09,150300,Points,settled
P00000999,B00000909,2025-08-04,-150300,Bank Transfer,refunded
P00001000,B00000910,2024-12-08,139300,Debit Card,settled
P00001001,B00000911,2024-10-07,830500,Debit Card,settled
P00001002,B00000912,2024-02-24,150100,Credit Card,settled
P00001003,B00000913,2025-11-02,918400,Points,settled
P00001004,B00000914,2025-11-06,31100,Bank Transfer,settled
P00001005,B00000914,2025-12-05,-31100,Bank Transfer,refunded
P00001006,B00000915,2024-11-03,55200,Credit Card,settled
P00001007,B00000916,2024-02-02,87200,Bank Transfer,settled
P00001008,B00000916,2024-02-10,-87200,Points,refunded
P00001009,B00000917,2025-01-06,26800,Credit Card,settled
P00001010,B00000918,2024-03-18,59700,Credit Card,settled
P00001011,B00000918,2024-04-09,-15012,Points,refunded
P00001012,B00000919,2025-02-28,63000,Points,settled
P00001013,B00000920,2025-11-29,208000,Bank Transfer,settled
P00001014,B00000921,2024-04-20,278600,Bank Transfer,settled
P00001015,B00000922,2024-12-08,80622,Points,settled
P00001016,B00000923,2024-04-29,108000,Debit Card,settled
P00001017,B00000923,2024-06-16,-17879,Credit Card,refunded
P00001018,B00000924,2025-03-20,34400,Credit Card,settled
P00001019,B00000925,2026-02-12,356056,Credit Card,settled
P00001020,B00000926,2024-05-22,137200,Points,settled
P00001021,B00000928,2026-01-15,132300,Bank Transfer,settled
P00001022,B00000929,2024-09-03,149100,Points,settled
P00001023,B00000930,2025-12-24,68400,Bank Transfer,settled
P00001024,B00000931,2025-08-07,237600,Points,settled
P00001025,B00000932,2025-08-10,178200,Debit Card,settled
P00001026,B00000933,2025-01-03,291200,Points,settled
P00001027,B00000934,2024-12-01,19100,Bank Transfer,settled
P00001028,B00000935,2024-06-29,111000,Bank Transfer,settled
P00001029,B00000936,2026-03-04,233000,Credit Card,settled
P00001030,B00000937,2025-09-09,596200,Bank Transfer,settled
P00001031,B00000939,2025-11-28,215100,Credit Card,settled
P00001032,B00000940,2025-04-05,484631,Credit Card,settled
P00001033,B00000941,2024-12-09,273000,Credit Card,settled
P00001034,B00000942,2024-10-21,273000,Points,settled
P00001035,B00000943,2024-09-26,30800,Debit Card,settled
P00001036,B00000944,2024-07-05,195500,Debit Card,settled
P00001037,B00000945,2024-10-20,378000,Points,settled
P00001038,B00000946,2025-10-02,48300,Debit Card,settled
P00001039,B00000947,2024-10-05,71600,Credit Card,settled
P00001040,B00000948,2025-01-28,196900,Bank Transfer,settled
P00001041,B00000949,2024-04-12,206700,Bank Transfer,settled
P00001042,B00000950,2025-10-25,785000,Debit Card,settled
P00001043,B00000950,2025-11-15,-785000,Points,refunded
P00001044,B00000951,2024-12-14,299600,Points,settled
P00001045,B00000952,2024-08-11,21600,Credit Card,settled
P00001046,B00000953,2024-05-31,17300,Credit Card,settled
P00001047,B00000954,2024-06-12,133000,Debit Card,settled
P00001048,B00000955,2025-11-21,70600,Credit Card,settled
P00001049,B00000956,2025-11-17,422800,Credit Card,settled
P00001050,B00000957,2025-06-13,117900,Bank Transfer,settled
P00001051,B00000957,2025-07-24,-117900,Points,refunded
P00001052,B00000958,2024-11-30,67800,Credit Card,settled
P00001053,B00000959,2024-03-11,115500,Debit Card,settled
P00001054,B00000960,2025-07-20,167400,Debit Card,settled
P00001055,B00000961,2025-02-18,285600,Credit Card,settled
P00001056,B00000962,2025-12-04,148800,Debit Card,settled
P00001057,B00000964,2024-09-12,157600,Credit Card,settled
P00001058,B00000965,2024-03-16,213600,Points,settled
P00001059,B00000966,2024-06-05,466800,Points,settled
P00001060,B00000967,2025-02-08,373200,Bank Transfer,settled
P00001061,B00000968,2024-04-22,30000,Credit Card,settled
P00001062,B00000969,2025-09-24,170100,Bank Transfer,settled
P00001063,B00000970,2024-09-18,88400,Credit Card,settled
P00001064,B00000971,2024-03-30,75400,Debit Card,settled
P00001065,B00000972,2024-08-26,84000,Credit Card,settled
P00001066,B00000973,2025-09-01,646200,Credit Card,settled
P00001067,B00000974,2025-08-31,94672,Bank Transfer,settled
P00001068,B00000974,2025-09-06,95528,Points,pending
P00001069,B00000975,2024-07-26,541800,Debit Card,settled
P00001070,B00000976,2024-06-09,140200,Points,settled
P00001071,B00000977,2025-09-12,1476800,Debit Card,settled
P00001072,B00000978,2025-02-06,47400,Points,settled
P00001073,B00000979,2025-10-13,441080,Credit Card,settled
P00001074,B00000980,2024-02-09,811844,Points,settled
P00001075,B00000980,2024-02-17,1052956,Points,pending
P00001076,B00000981,2024-09-14,112800,Points,settled
P00001077,B00000982,2025-10-30,313200,Credit Card,settled
P00001078,B00000983,2024-12-27,70800,Debit Card,settled
P00001079,B00000983,2025-02-05,-70800,Bank Transfer,refunded
P00001080,B00000984,2025-12-06,240000,Bank Transfer,settled
P00001081,B00000984,2026-01-19,-51880,Debit Card,refunded
P00001082,B00000985,2024-08-03,221000,Bank Transfer,settled
P00001083,B00000986,2026-02-11,1680900,Points,settled
P00001084,B00000987,2025-01-28,44400,Debit Card,settled
P00001085,B00000988,2025-01-07,111600,Points,settled
P00001086,B00000988,2025-02-13,-111600,Points,refunded
P00001087,B00000989,2024-04-08,137600,Debit Card,settled
P00001088,B00000990,2025-11-20,209700,Points,settled
P00001089,B00000990,2025-12-11,-55696,Debit Card,refunded
P00001090,B00000991,2024-11-28,390600,Points,settled
P00001091,B00000992,2025-04-07,146300,Credit Card,settled
P00001092,B00000993,2025-07-31,236000,Debit Card,settled
P00001093,B00000994,2024-12-27,75900,Points,settled
P00001094,B00000995,2024-07-16,184600,Credit Card,settled
P00001095,B00000996,2025-12-06,104500,Debit Card,settled
P00001096,B00000997,2025-06-21,91700,Points,settled
P00001097,B00000998,2024-05-09,581600,Bank Transfer,settled
P00001098,B00000999,2025-08-13,562800,Credit Card,settled
P00001099,B00000999,2025-09-16,-562800,Bank Transfer,refunded
P00001100,B00001000,2025-05-01,159200,Points,settled
P00001101,B00001001,2025-03-23,181600,Points,settled
P00001102,B00001002,2025-12-25,50400,Credit Card,settled
P00001103,B00001003,2024-11-14,16925,Credit Card,settled
P00001104,B00001003,2024-12-09,15775,Bank Transfer,pending
P00001105,B00001005,2024-09-30,43474,Credit Card,settled
P00001106,B00001005,2024-10-01,24926,Bank Transfer,pending
P00001107,B00001006,2025-08-10,520800,Debit Card,settled
P00001108,B00001007,2026-01-12,121100,Points,settled
P00001109,B00001007,2026-01-28,-121100,Credit Card,refunded
P00001110,B00001008,2024-12-17,131600,Debit Card,settled
P00001111,B00001009,2025-11-11,187200,Points,settled
P00001112,B00001010,2024-08-13,37000,Bank Transfer,settled
P00001113,B00001011,2024-04-26,178000,Credit Card,settled
P00001114,B00001012,2025-03-03,143500,Bank Transfer,settled
P00001115,B00001013,2025-04-03,202800,Points,settled
P00001116,B00001014,2025-04-12,348000,Debit Card,settled
P00001117,B00001015,2025-05-05,211600,Points,settled
P00001118,B00001016,2025-11-19,126700,Points,settled
P00001119,B00001017,2025-07-12,172700,Bank Transfer,settled
P00001120,B00001018,2025-05-03,194000,Debit Card,settled
P00001121,B00001019,2024-10-22,188100,Debit Card,settled
P00001122,B00001020,2025-11-05,221000,Bank Transfer,settled
P00001123,B00001020,2025-12-17,-221000,Debit Card,refunded
P00001124,B00001021,2025-02-26,190400,Debit Card,settled
P00001125,B00001021,2025-04-02,-190400,Bank Transfer,refunded
P00001126,B00001022,2026-02-22,118800,Bank Transfer,settled
P00001127,B00001023,2025-02-06,85000,Credit Card,settled
P00001128,B00001024,2025-10-09,59700,Credit Card,settled
P00001129,B00001025,2024-05-05,76000,Debit Card,settled
P00001130,B00001026,2024-04-19,248300,Credit Card,settled
P00001131,B00001026,2024-06-02,-248300,Credit Card,refunded
P00001132,B00001027,2025-03-25,491400,Points,settled
P00001133,B00001028,2025-08-31,513800,Points,settled
P00001134,B00001028,2025-09-19,-513800,Bank Transfer,refunded
P00001135,B00001029,2025-05-31,184000,Bank Transfer,settled
P00001136,B00001030,2026-03-23,198000,Points,settled
P00001137,B00001031,2024-02-01,108600,Debit Card,settled
P00001138,B00001032,2024-12-04,73200,Debit Card,settled
P00001139,B00001033,2025-08-07,171000,Points,settled
P00001140,B00001034,2025-11-22,96000,Bank Transfer,settled
P00001141,B00001035,2024-09-04,284400,Credit Card,settled
P00001142,B00001036,2025-05-01,66500,Points,settled
P00001143,B00001037,2025-04-15,232800,Bank Transfer,settled
P00001144,B00001037,2025-05-19,-232800,Bank Transfer,refunded
P00001145,B00001038,2024-03-21,49500,Debit Card,settled
P00001146,B00001039,2024-10-03,1125600,Debit Card,settled
P00001147,B00001040,2024-12-03,71400,Credit Card,settled
P00001148,B00001041,2024-05-24,101000,Debit Card,settled
P00001149,B00001042,2024-06-25,218400,Debit Card,settled
P00001150,B00001043,2024-11-27,1099048,Credit Card,settled
P00001151,B00001043,2024-11-10,614352,Debit Card,pending
P00001152,B00001044,2024-11-24,167000,Debit Card,settled
P00001153,B00001045,2024-08-26,63900,Debit Card,settled
P00001154,B00001046,2025-07-24,1007500,Debit Card,settled
P00001155,B00001047,2024-12-27,62800,Debit Card,settled
P00001156,B00001048,2025-10-13,261800,Debit Card,settled
P00001157,B00001050,2025-06-09,459910,Credit Card,settled
P00001158,B00001050,2025-05-23,269390,Points,pending
P00001159,B00001051,2024-05-07,74562,Points,settled
P00001160,B00001051,2024-04-19,20538,Credit Card,pending
P00001161,B00001052,2025-03-10,33800,Points,settled
P00001162,B00001053,2024-08-11,79500,Bank Transfer,settled
P00001163,B00001054,2024-07-03,44800,Credit Card,settled
P00001164,B00001055,2025-10-01,159600,Points,settled
P00001165,B00001056,2024-03-17,158800,Credit Card,settled
P00001166,B00001057,2024-10-12,471800,Debit Card,settled
P00001167,B00001058,2024-02-16,508800,Bank Transfer,settled
P00001168,B00001059,2025-06-08,1533600,Bank Transfer,settled
P00001169,B00001060,2025-01-01,125100,Credit Card,settled
P00001170,B00001061,2025-04-22,950600,Credit Card,settled
P00001171,B00001062,2025-02-07,324100,Points,settled
P00001172,B00001063,2024-06-13,55496,Debit Card,settled
P00001173,B00001063,2024-05-15,21904,Points,pending
P00001174,B00001064,2025-04-24,16600,Credit Card,settled
P00001175,B00001065,2024-04-16,31200,Bank Transfer,settled
P00001176,B00001066,2025-02-12,71000,Points,settled
P00001177,B00001067,2025-12-09,127200,Bank Transfer,settled
P00001178,B00001068,2024-09-02,833300,Credit Card,settled
P00001179,B00001069,2024-08-08,180600,Bank Transfer,settled
P00001180,B00001070,2024-04-22,141600,Debit Card,settled
P00001181,B00001071,2025-10-09,838800,Bank Transfer,settled
P00001182,B00001072,2025-11-22,19474,Points,settled
P00001183,B00001072,2025-11-03,15426,Credit Card,pending
P00001184,B00001073,2024-07-23,118300,Debit Card,settled
P00001185,B00001074,2025-07-21,113500,Bank Transfer,settled
P00001186,B00001075,2023-12-27,412744,Debit Card,settled
P00001187,B00001076,2024-06-24,38000,Credit Card,settled
P00001188,B00001077,2024-09-24,445500,Credit Card,settled
P00001189,B00001077,2024-10-29,-96647,Points,refunded
P00001190,B00001078,2025-09-26,206800,Bank Transfer,settled
P00001191,B00001079,2025-07-31,109200,Bank Transfer,settled
P00001192,B00001080,2024-05-28,15700,Debit Card,settled
P00001193,B00001083,2025-10-02,136800,Points,settled
P00001194,B00001084,2024-08-24,219000,Credit Card,settled
P00001195,B00001086,2025-07-19,249600,Points,settled
P00001196,B00001087,2024-09-10,87000,Debit Card,settled
P00001197,B00001088,2025-06-30,192000,Points,settled
P00001198,B00001089,2025-12-31,25366,Bank Transfer,settled
P00001199,B00001089,2025-12-26,6434,Debit Card,pending
P00001200,B00001090,2025-08-07,428400,Credit Card,settled
P00001201,B00001091,2025-04-02,192000,Debit Card,settled
P00001202,B00001094,2024-05-25,88500,Bank Transfer,settled
P00001203,B00001095,2024-12-12,116900,Points,settled
P00001204,B00001095,2024-12-24,-20944,Points,refunded
P00001205,B00001096,2025-09-09,183600,Credit Card,settled
P00001206,B00001097,2026-03-16,366100,Debit Card,settled
P00001207,B00001098,2025-02-21,132300,Bank Transfer,settled
P00001208,B00001099,2024-01-01,17600,Debit Card,settled
P00001209,B00001100,2025-01-13,832800,Bank Transfer,settled
P00001210,B00001101,2025-02-23,219713,Debit Card,settled
P00001211,B00001102,2024-05-26,478800,Points,settled
P00001212,B00001103,2025-04-12,95286,Debit Card,settled
P00001213,B00001104,2025-05-26,304000,Credit Card,settled
P00001214,B00001105,2024-04-18,459000,Credit Card,settled
P00001215,B00001106,2025-06-20,1177200,Debit Card,settled
P00001216,B00001107,2024-11-07,379500,Debit Card,settled
P00001217,B00001108,2025-07-22,180800,Credit Card,settled
P00001218,B00001109,2024-07-23,281000,Bank Transfer,settled
P00001219,B00001110,2024-02-02,644600,Debit Card,settled
P00001220,B00001111,2024-08-07,1429200,Credit Card,settled
P00001221,B00001112,2024-12-05,89000,Points,settled
P00001222,B00001113,2025-03-15,30800,Credit Card,settled
P00001223,B00001114,2025-12-10,43018,Bank Transfer,settled
P00001224,B00001114,2025-11-26,37782,Credit Card,pending
P00001225,B00001115,2025-03-24,132800,Bank Transfer,settled
P00001226,B00001115,2025-04-24,-20686,Bank Transfer,refunded
P00001227,B00001116,2025-03-25,34600,Debit Card,settled
P00001228,B00001117,2025-06-13,405000,Debit Card,settled
P00001229,B00001118,2025-01-05,444000,Points,settled
P00001230,B00001119,2025-11-18,1735200,Debit Card,settled
P00001231,B00001120,2024-11-07,312000,Debit Card,settled
P00001232,B00001121,2025-09-04,650700,Credit Card,settled
P00001233,B00001122,2026-02-19,108500,Points,settled
P00001234,B00001123,2024-07-14,93500,Bank Transfer,settled
P00001235,B00001124,2025-10-13,167303,Bank Transfer,settled
P00001236,B00001124,2025-10-20,87497,Points,pending
P00001237,B00001125,2024-03-27,22200,Credit Card,settled
P00001238,B00001126,2025-03-18,215600,Bank Transfer,settled
P00001239,B00001126,2025-04-07,-50383,Credit Card,refunded
P00001240,B00001127,2026-01-11,565200,Bank Transfer,settled
P00001241,B00001128,2025-01-06,166000,Points,settled
P00001242,B00001129,2025-04-03,208800,Debit Card,settled
P00001243,B00001130,2025-12-17,40400,Credit Card,settled
P00001244,B00001131,2025-02-05,270200,Credit Card,settled
P00001245,B00001132,2025-09-05,297000,Credit Card,settled
P00001246,B00001133,2024-06-12,132000,Credit Card,settled
P00001247,B00001134,2025-04-04,94200,Credit Card,settled
P00001248,B00001135,2025-03-30,62100,Bank Transfer,settled
P00001249,B00001136,2024-08-03,161100,Debit Card,settled
P00001250,B00001137,2025-08-29,30000,Points,settled
P00001251,B00001138,2024-11-05,44464,Credit Card,settled
P00001252,B00001138,2024-10-22,24536,Credit Card,pending
P00001253,B00001139,2026-01-02,165243,Credit Card,settled
P00001254,B00001140,2025-10-01,368400,Points,settled
P00001255,B00001141,2024-04-12,58510,Debit Card,settled
P00001256,B00001143,2025-10-25,202200,Debit Card,settled
P00001257,B00001144,2025-09-13,743717,Points,settled
P00001258,B00001145,2024-04-27,401700,Points,settled
P00001259,B00001146,2024-11-18,468000,Debit Card,settled
P00001260,B00001147,2025-08-23,37500,Bank Transfer,settled
P00001261,B00001149,2025-01-07,16000,Bank Transfer,settled
P00001262,B00001150,2025-08-01,481200,Credit Card,settled
P00001263,B00001151,2026-01-23,107800,Credit Card,settled
P00001264,B00001152,2025-01-21,244800,Debit Card,settled
P00001265,B00001154,2024-01-15,263200,Debit Card,settled
P00001266,B00001155,2026-03-02,210000,Credit Card,settled
P00001267,B00001156,2025-06-19,165600,Credit Card,settled
P00001268,B00001157,2025-10-18,149500,Debit Card,settled
P00001269,B00001158,2025-07-27,1428000,Debit Card,settled
P00001270,B00001159,2026-01-07,370500,Debit Card,settled
P00001271,B00001160,2024-04-28,136000,Credit Card,settled
P00001272,B00001161,2025-05-15,45400,Debit Card,settled
P00001273,B00001162,2025-01-18,1492800,Debit Card,settled
P00001274,B00001163,2025-11-19,275800,Debit Card,settled
P00001275,B00001164,2024-09-04,17700,Bank Transfer,settled
P00001276,B00001165,2024-04-20,19400,Points,settled
P00001277,B00001166,2024-05-02,100100,Points,settled
P00001278,B00001166,2024-05-29,-100100,Points,refunded
P00001279,B00001167,2024-04-06,432000,Points,settled
P00001280,B00001168,2025-12-01,132800,Debit Card,settled
P00001281,B00001169,2024-06-23,357600,Credit Card,settled
P00001282,B00001170,2025-09-02,333600,Points,settled
P00001283,B00001171,2025-07-04,180000,Points,settled
P00001284,B00001172,2025-04-04,73600,Debit Card,settled
P00001285,B00001173,2025-06-21,723600,Points,settled
P00001286,B00001174,2024-10-03,87000,Credit Card,settled
P00001287,B00001175,2024-12-28,183600,Debit Card,settled
P00001288,B00001176,2024-01-09,20000,Debit Card,settled
P00001289,B00001177,2026-03-11,43400,Points,settled
P00001290,B00001178,2025-03-05,44100,Points,settled
P00001291,B00001179,2024-05-31,199800,Points,settled
P00001292,B00001179,2024-07-15,-23562,Points,refunded
P00001293,B00001180,2025-11-10,217734,Credit Card,settled
P00001294,B00001181,2025-08-10,1028300,Bank Transfer,settled
P00001295,B00001182,2025-07-17,18000,Bank Transfer,settled
P00001296,B00001183,2024-10-08,262900,Debit Card,settled
P00001297,B00001184,2025-12-18,119000,Credit Card,settled
P00001298,B00001185,2025-04-30,219300,Credit Card,settled
P00001299,B00001186,2025-09-29,550400,Debit Card,settled
P00001300,B00001187,2024-05-29,156000,Bank Transfer,settled
P00001301,B00001188,2025-11-06,86400,Credit Card,settled
P00001302,B00001189,2025-08-22,168700,Bank Transfer,settled
P00001303,B00001191,2025-03-22,945600,Credit Card,settled
P00001304,B00001192,2024-08-02,64690,Credit Card,settled
P00001305,B00001192,2024-08-04,18810,Debit Card,pending
P00001306,B00001193,2025-03-29,133000,Bank Transfer,settled
P00001307,B00001194,2025-08-27,82000,Debit Card,settled
P00001308,B00001195,2025-02-11,344400,Debit Card,settled
P00001309,B00001196,2025-12-27,284400,Credit Card,settled
P00001310,B00001196,2026-02-12,-284400,Points,refunded
P00001311,B00001197,2024-07-05,148862,Bank Transfer,settled
P00001312,B00001197,2024-06-23,98338,Points,pending
P00001313,B00001198,2024-09-15,784300,Debit Card,settled
P00001314,B00001199,2025-09-12,257600,Credit Card,settled
P00001315,B00001200,2025-06-25,212400,Credit Card,settled
P00001316,B00001201,2024-09-30,50700,Credit Card,settled
P00001317,B00001202,2024-07-26,156000,Credit Card,settled
P00001318,B00001202,2024-08-24,-43943,Points,refunded
P00001319,B00001203,2025-09-23,151900,Debit Card,settled
P00001320,B00001204,2026-01-17,221600,Debit Card,settled
P00001321,B00001205,2024-01-31,430200,Debit Card,settled
P00001322,B00001206,2025-06-20,13400,Debit Card,settled
P00001323,B00001207,2025-09-08,99600,Credit Card,settled
P00001324,B00001208,2026-02-02,1587300,Bank Transfer,settled
P00001325,B00001209,2025-05-13,88200,Debit Card,settled
P00001326,B00001210,2025-05-17,227700,Debit Card,settled
P00001327,B00001211,2025-02-08,1129800,Debit Card,settled
P00001328,B00001212,2024-06-12,172700,Credit Card,settled
P00001329,B00001213,2025-02-09,70800,Debit Card,settled
P00001330,B00001214,2025-12-19,72400,Points,settled
P00001331,B00001215,2024-05-31,212100,Credit Card,settled
P00001332,B00001216,2024-09-28,537000,Points,settled
P00001333,B00001217,2024-04-03,214500,Credit Card,settled
P00001334,B00001218,2025-11-15,71100,Points,settled
P00001335,B00001219,2025-09-19,133600,Debit Card,settled
P00001336,B00001220,2025-05-15,200400,Debit Card,settled
P00001337,B00001221,2026-01-21,64400,Bank Transfer,settled
P00001338,B00001222,2024-06-15,228000,Points,settled
P00001339,B00001223,2026-01-02,24000,Points,settled
P00001340,B00001224,2025-07-05,268000,Bank Transfer,settled
P00001341,B00001225,2024-10-04,227400,Points,settled
P00001342,B00001225,2024-11-13,-48438,Credit Card,refunded
P00001343,B00001226,2024-07-02,181200,Debit Card,settled
P00001344,B00001227,2024-07-31,260400,Bank Transfer,settled
P00001345,B00001228,2025-05-07,170394,Bank Transfer,settled
P00001346,B00001229,2025-09-20,120400,Bank Transfer,settled
P00001347,B00001230,2025-01-03,140000,Debit Card,settled
P00001348,B00001231,2024-07-31,236400,Bank Transfer,settled
P00001349,B00001232,2025-09-23,50400,Bank Transfer,settled
P00001350,B00001233,2025-08-06,222000,Bank Transfer,settled
P00001351,B00001234,2025-09-23,155000,Debit Card,settled
P00001352,B00001235,2025-02-06,169200,Points,settled
P00001353,B00001236,2025-10-08,37000,Debit Card,settled
P00001354,B00001237,2025-08-12,59800,Credit Card,settled
P00001355,B00001238,2024-11-15,88000,Points,settled
P00001356,B00001239,2024-04-01,1032200,Points,settled
P00001357,B00001240,2024-05-26,1410200,Bank Transfer,settled
P00001358,B00001241,2024-10-16,469300,Points,settled
P00001359,B00001242,2024-06-16,96800,Bank Transfer,settled
P00001360,B00001243,2024-02-07,17500,Points,settled
P00001361,B00001244,2024-08-14,122400,Bank Transfer,settled
P00001362,B00001245,2024-10-04,157600,Bank Transfer,settled
P00001363,B00001246,2025-07-20,192000,Points,settled
P00001364,B00001246,2025-08-28,-48789,Debit Card,refunded
P00001365,B00001247,2025-01-01,197973,Points,settled
P00001366,B00001247,2025-01-26,140427,Bank Transfer,pending
P00001367,B00001248,2026-01-03,246400,Debit Card,settled
P00001368,B00001249,2025-02-10,791012,Points,settled
P00001369,B00001250,2025-08-09,210000,Debit Card,settled
P00001370,B00001251,2024-07-14,836000,Points,settled
P00001371,B00001252,2024-04-28,317800,Debit Card,settled
P00001372,B00001253,2024-11-23,108600,Debit Card,settled
P00001373,B00001254,2024-10-05,125100,Debit Card,settled
P00001374,B00001255,2025-12-23,218900,Debit Card,settled
P00001375,B00001256,2025-07-11,277200,Credit Card,settled
P00001376,B00001257,2024-04-21,93000,Debit Card,settled
P00001377,B00001258,2025-12-19,52500,Points,settled
P00001378,B00001258,2026-01-09,-52500,Bank Transfer,refunded
P00001379,B00001259,2024-06-23,76800,Debit Card,settled
P00001380,B00001261,2025-02-03,403700,Points,settled
P00001381,B00001262,2026-02-22,55800,Bank Transfer,settled
P00001382,B00001263,2024-10-19,186526,Credit Card,settled
P00001383,B00001263,2024-10-14,87074,Debit Card,pending
P00001384,B00001264,2024-05-03,254400,Points,settled
P00001385,B00001265,2024-07-12,182000,Debit Card,settled
P00001386,B00001266,2024-09-14,593100,Bank Transfer,settled
P00001387,B00001267,2025-01-23,303100,Debit Card,settled
P00001388,B00001268,2024-06-06,30800,Debit Card,settled
P00001389,B00001269,2025-09-12,420000,Points,settled
P00001390,B00001270,2025-10-13,150300,Debit Card,settled
P00001391,B00001271,2026-03-02,92400,Debit Card,settled
P00001392,B00001273,2025-09-20,228600,Credit Card,settled
P00001393,B00001274,2024-09-13,368000,Points,settled
P00001394,B00001275,2025-06-12,219600,Debit Card,settled
P00001395,B00001276,2025-08-10,312000,Debit Card,settled
P00001396,B00001277,2025-09-28,302400,Points,settled
P00001397,B00001278,2025-06-08,74200,Credit Card,settled
P00001398,B00001280,2025-08-31,59600,Points,settled
P00001399,B00001281,2024-09-12,264600,Debit Card,settled
P00001400,B00001282,2025-12-15,202400,Points,settled
P00001401,B00001282,2026-02-02,-202400,Points,refunded
P00001402,B00001283,2025-10-04,79400,Bank Transfer,settled
P00001403,B00001284,2025-03-26,595000,Bank Transfer,settled
P00001404,B00001284,2025-04-07,-595000,Points,refunded
P00001405,B00001285,2025-09-08,130800,Credit Card,settled
P00001406,B00001285,2025-09-19,-20744,Bank Transfer,refunded
P00001407,B00001286,2025-12-17,68649,Debit Card,settled
P00001408,B00001286,2025-12-21,97751,Credit Card,pending
P00001409,B00001287,2024-02-19,205800,Credit Card,settled
P00001410,B00001288,2024-11-02,390500,Bank Transfer,settled
P00001411,B00001289,2025-05-21,94400,Debit Card,settled
P00001412,B00001290,2026-01-09,38400,Points,settled
P00001413,B00001291,2024-10-02,1134400,Points,settled
P00001414,B00001292,2025-08-24,52500,Bank Transfer,settled
P00001415,B00001293,2025-01-30,120000,Bank Transfer,settled
P00001416,B00001294,2025-02-01,311500,Points,settled
P00001417,B00001295,2024-07-13,289800,Points,settled
P00001418,B00001296,2025-08-27,124600,Bank Transfer,settled
P00001419,B00001297,2024-10-28,373600,Credit Card,settled
P00001420,B00001299,2025-06-08,84000,Bank Transfer,settled
P00001421,B00001300,2024-09-12,303800,Credit Card,settled
P00001422,B00001300,2024-10-18,-50290,Credit Card,refunded
P00001423,B00001301,2024-03-29,73000,Debit Card,settled
P00001424,B00001302,2025-09-16,717600,Points,settled
P00001425,B00001303,2024-07-28,118800,Credit Card,settled
P00001426,B00001304,2024-12-19,189200,Debit Card,settled
P00001427,B00001304,2025-01-15,-189200,Credit Card,refunded
P00001428,B00001305,2025-05-04,20200,Points,settled
P00001429,B00001306,2024-11-08,228600,Bank Transfer,settled
P00001430,B00001307,2025-01-27,127400,Credit Card,settled
P00001431,B00001308,2024-07-05,194000,Credit Card,settled
P00001432,B00001308,2024-08-17,-32648,Credit Card,refunded
P00001433,B00001309,2024-10-09,14500,Points,settled
P00001434,B00001310,2024-09-14,91000,Bank Transfer,settled
P00001435,B00001313,2025-08-04,147121,Bank Transfer,settled
P00001436,B00001313,2025-07-18,62979,Bank Transfer,pending
P00001437,B00001314,2025-04-27,865800,Credit Card,settled
P00001438,B00001315,2025-07-05,227500,Bank Transfer,settled
P00001439,B00001316,2026-02-28,2032800,Credit Card,settled
P00001440,B00001317,2025-05-25,89600,Credit Card,settled
P00001441,B00001318,2025-12-01,75200,Credit Card,settled
P00001442,B00001319,2025-05-13,45300,Bank Transfer,settled
P00001443,B00001320,2024-04-15,116000,Bank Transfer,settled
P00001444,B00001321,2025-04-25,134400,Debit Card,settled
P00001445,B00001322,2024-05-29,16800,Credit Card,settled
P00001446,B00001323,2024-09-13,205700,Bank Transfer,settled
P00001447,B00001324,2024-11-06,571898,Points,settled
P00001448,B00001324,2024-10-27,399702,Debit Card,pending
P00001449,B00001325,2025-03-02,17500,Credit Card,settled
P00001450,B00001326,2024-06-25,237600,Points,settled
P00001451,B00001327,2024-03-05,139700,Points,settled
P00001452,B00001328,2024-05-08,194700,Debit Card,settled
P00001453,B00001329,2024-03-10,143200,Debit Card,settled
P00001454,B00001330,2025-11-16,177750,Points,settled
P00001455,B00001330,2025-11-03,181450,Points,pending
P00001456,B00001331,2024-04-01,325500,Credit Card,settled
P00001457,B00001332,2025-10-15,28400,Debit Card,settled
P00001458,B00001333,2025-06-05,31400,Bank Transfer,settled
P00001459,B00001334,2025-07-09,123200,Debit Card,settled
P00001460,B00001335,2025-12-16,102400,Bank Transfer,settled
P00001461,B00001336,2025-04-01,164000,Debit Card,settled
P00001462,B00001337,2024-04-10,456000,Debit Card,settled
P00001463,B00001338,2025-01-23,46200,Points,settled
P00001464,B00001339,2024-01-28,80000,Debit Card,settled
P00001465,B00001340,2024-06-26,90900,Debit Card,settled
P00001466,B00001341,2025-09-08,19400,Debit Card,settled
P00001467,B00001342,2025-04-20,141000,Credit Card,settled
P00001468,B00001343,2025-07-26,76800,Bank Transfer,settled
P00001469,B00001344,2025-08-13,419400,Points,settled
P00001470,B00001345,2024-11-12,637000,Debit Card,settled
P00001471,B00001346,2024-12-28,43600,Points,settled
P00001472,B00001347,2025-03-17,16900,Points,settled
P00001473,B00001348,2025-07-05,261800,Points,settled
P00001474,B00001349,2025-12-03,805200,Points,settled
P00001475,B00001350,2025-10-20,142100,Debit Card,settled
P00001476,B00001350,2025-11-07,-142100,Points,refunded
P00001477,B00001351,2025-08-08,88000,Credit Card,settled
P00001478,B00001352,2025-06-27,320000,Debit Card,settled
P00001479,B00001353,2024-12-09,82500,Credit Card,settled
P00001480,B00001353,2025-01-11,-82500,Points,refunded
P00001481,B00001354,2024-01-02,227800,Bank Transfer,settled
P00001482,B00001355,2024-08-07,20200,Points,settled
P00001483,B00001356,2024-02-10,166500,Credit Card,settled
P00001484,B00001357,2025-10-28,299600,Points,settled
P00001485,B00001359,2024-10-28,62000,Debit Card,settled
P00001486,B00001360,2024-10-28,133400,Bank Transfer,settled
P00001487,B00001361,2024-11-22,17600,Debit Card,settled
P00001488,B00001362,2024-12-23,83625,Credit Card,settled
P00001489,B00001362,2024-12-20,62375,Credit Card,pending
P00001490,B00001363,2024-05-02,77540,Points,settled
P00001491,B00001363,2024-04-18,39760,Credit Card,pending
P00001492,B00001364,2025-08-03,593100,Debit Card,settled
P00001493,B00001364,2025-09-03,-593100,Bank Transfer,refunded
P00001494,B00001365,2024-01-11,104000,Credit Card,settled
P00001495,B00001366,2024-09-10,601654,Credit Card,settled
P00001496,B00001366,2024-10-07,748046,Debit Card,pending
P00001497,B00001367,2024-01-13,34800,Debit Card,settled
P00001498,B00001369,2024-11-19,1019200,Debit Card,settled
P00001499,B00001370,2025-11-20,210700,Debit Card,settled
P00001500,B00001371,2024-10-13,95400,Credit Card,settled
P00001501,B00001372,2025-12-01,88900,Points,settled
P00001502,B00001373,2026-01-07,505600,Points,settled
P00001503,B00001375,2024-06-09,70800,Debit Card,settled
P00001504,B00001376,2025-11-20,306600,Credit Card,settled
P00001505,B00001377,2026-02-07,63000,Credit Card,settled
P00001506,B00001378,2025-12-21,43998,Credit Card,settled
P00001507,B00001378,2026-01-12,29202,Bank Transfer,pending
P00001508,B00001379,2025-03-22,257500,Bank Transfer,settled
P00001509,B00001379,2025-04-26,-35109,Debit Card,refunded
P00001510,B00001380,2024-07-11,305873,Debit Card,settled
P00001511,B00001381,2026-01-15,180900,Points,settled
P00001512,B00001382,2024-02-16,61557,Credit Card,settled
P00001513,B00001383,2025-11-19,221607,Bank Transfer,settled
P00001514,B00001383,2025-11-13,93593,Bank Transfer,pending
P00001515,B00001384,2025-08-04,166500,Bank Transfer,settled
P00001516,B00001385,2024-04-05,541600,Points,settled
P00001517,B00001386,2024-10-19,108200,Debit Card,settled
P00001518,B00001387,2025-10-30,137900,Credit Card,settled
P00001519,B00001388,2024-01-31,200200,Credit Card,settled
P00001520,B00001389,2024-11-21,781900,Points,settled
P00001521,B00001390,2025-12-21,16000,Debit Card,settled
P00001522,B00001391,2024-04-13,44400,Points,settled
P00001523,B00001392,2024-05-09,160600,Debit Card,settled
P00001524,B00001393,2025-05-13,72000,Credit Card,settled
P00001525,B00001394,2024-05-26,36200,Debit Card,settled
P00001526,B00001394,2024-06-10,-8675,Bank Transfer,refunded
P00001527,B00001395,2024-01-25,45100,Points,settled
P00001528,B00001396,2024-06-19,146400,Credit Card,settled
P00001529,B00001396,2024-07-08,-146400,Points,refunded
P00001530,B00001397,2025-09-18,214500,Points,settled
P00001531,B00001398,2025-02-06,91000,Points,settled
P00001532,B00001399,2024-04-18,181600,Debit Card,settled
P00001533,B00001400,2025-05-28,669000,Bank Transfer,settled
P00001534,B00001400,2025-07-15,-669000,Bank Transfer,refunded
P00001535,B00001401,2024-08-07,66600,Bank Transfer,settled
P00001536,B00001401,2024-08-31,-18561,Points,refunded
P00001537,B00001402,2025-06-15,225400,Debit Card,settled
P00001538,B00001403,2025-11-30,85800,Points,settled
P00001539,B00001404,2025-10-02,1236600,Debit Card,settled
P00001540,B00001405,2026-01-31,193200,Points,settled
P00001541,B00001406,2024-12-11,388300,Points,settled
P00001542,B00001407,2025-06-20,38400,Points,settled
P00001543,B00001408,2025-06-20,86400,Credit Card,settled
P00001544,B00001409,2025-06-02,216600,Bank Transfer,settled
P00001545,B00001410,2025-04-15,167465,Debit Card,settled
P00001546,B00001411,2025-11-16,217800,Credit Card,settled
P00001547,B00001412,2025-05-08,223600,Bank Transfer,settled
P00001548,B00001413,2024-07-26,48300,Points,settled
P00001549,B00001414,2025-04-09,155700,Bank Transfer,settled
P00001550,B00001415,2025-12-13,193500,Points,settled
P00001551,B00001416,2024-07-18,147700,Debit Card,settled
P00001552,B00001417,2025-11-21,322000,Bank Transfer,settled
P00001553,B00001417,2025-12-20,-70074,Points,refunded
P00001554,B00001418,2025-03-31,308000,Debit Card,settled
P00001555,B00001419,2024-06-16,398959,Debit Card,settled
P00001556,B00001419,2024-05-30,162441,Bank Transfer,pending
P00001557,B00001420,2025-08-30,184200,Debit Card,settled
P00001558,B00001421,2026-02-01,144000,Bank Transfer,settled
P00001559,B00001421,2026-02-27,-144000,Credit Card,refunded
P00001560,B00001422,2025-10-13,200700,Bank Transfer,settled
P00001561,B00001423,2025-10-07,60300,Credit Card,settled
P00001562,B00001424,2024-04-01,143766,Credit Card,settled
P00001563,B00001424,2024-03-31,79234,Debit Card,pending
P00001564,B00001425,2024-05-06,148800,Credit Card,settled
P00001565,B00001425,2024-06-15,-148800,Debit Card,refunded
P00001566,B00001426,2025-09-04,39900,Debit Card,settled
P00001567,B00001427,2024-08-25,186725,Credit Card,settled
P00001568,B00001427,2024-08-26,87675,Debit Card,pending
P00001569,B00001428,2026-01-16,543600,Credit Card,settled
P00001570,B00001429,2024-12-20,102600,Debit Card,settled
P00001571,B00001430,2025-08-30,137000,Bank Transfer,settled
P00001572,B00001431,2025-07-20,488400,Debit Card,settled
P00001573,B00001432,2025-06-27,17500,Debit Card,settled
P00001574,B00001433,2024-05-20,183400,Bank Transfer,settled
P00001575,B00001434,2025-08-29,217100,Points,settled
P00001576,B00001435,2024-06-17,188400,Debit Card,settled
P00001577,B00001436,2024-06-08,169000,Debit Card,settled
P00001578,B00001437,2025-04-05,153900,Debit Card,settled
P00001579,B00001438,2025-10-17,55800,Credit Card,settled
P00001580,B00001439,2025-03-20,287000,Credit Card,settled
P00001581,B00001440,2025-09-08,56800,Credit Card,settled
P00001582,B00001441,2024-03-25,12900,Points,settled
P00001583,B00001442,2025-06-22,336000,Bank Transfer,settled
P00001584,B00001443,2024-08-10,158900,Debit Card,settled
P00001585,B00001445,2024-08-25,202800,Points,settled
P00001586,B00001445,2024-09-08,-202800,Points,refunded
P00001587,B00001446,2025-10-08,39000,Bank Transfer,settled
P00001588,B00001447,2024-06-24,242200,Bank Transfer,settled
P00001589,B00001448,2024-10-12,185900,Points,settled
P00001590,B00001449,2024-07-30,281400,Credit Card,settled
P00001591,B00001450,2025-07-22,369600,Bank Transfer,settled
P00001592,B00001450,2025-08-30,-369600,Points,refunded
P00001593,B00001451,2025-04-22,111500,Points,settled
P00001594,B00001452,2024-04-04,326400,Bank Transfer,settled
P00001595,B00001453,2025-01-26,400500,Points,settled
P00001596,B00001454,2025-05-02,967200,Bank Transfer,settled
P00001597,B00001455,2024-03-11,143200,Bank Transfer,settled
P00001598,B00001456,2025-01-04,619000,Debit Card,settled
P00001599,B00001457,2025-10-29,75200,Points,settled
P00001600,B00001458,2024-09-14,58200,Credit Card,settled
P00001601,B00001459,2025-07-29,132600,Debit Card,settled
P00001602,B00001460,2024-09-10,404100,Bank Transfer,settled
P00001603,B00001461,2024-08-11,61400,Points,settled
P00001604,B00001462,2025-03-03,129122,Debit Card,settled
P00001605,B00001463,2025-09-26,242000,Debit Card,settled
P00001606,B00001463,2025-10-15,-242000,Bank Transfer,refunded
P00001607,B00001464,2025-04-17,366400,Debit Card,settled
P00001608,B00001465,2024-10-05,214800,Debit Card,settled
P00001609,B00001466,2025-12-03,18500,Credit Card,settled
P00001610,B00001467,2025-11-09,197400,Debit Card,settled
P00001611,B00001468,2025-08-17,289900,Points,settled
P00001612,B00001469,2025-09-08,15500,Credit Card,settled
P00001613,B00001471,2024-07-03,212300,Credit Card,settled
P00001614,B00001472,2024-08-24,123200,Credit Card,settled
P00001615,B00001473,2025-08-03,167200,Credit Card,settled
P00001616,B00001474,2025-11-20,90400,Points,settled
P00001617,B00001475,2024-08-28,16300,Debit Card,settled
P00001618,B00001476,2024-09-23,226200,Credit Card,settled
P00001619,B00001476,2024-10-08,-53404,Debit Card,refunded
P00001620,B00001477,2026-02-09,123600,Points,settled
P00001621,B00001477,2026-03-15,-123600,Debit Card,refunded
P00001622,B00001478,2025-05-13,737800,Bank Transfer,settled
P00001623,B00001479,2024-11-21,107400,Points,settled
P00001624,B00001480,2024-12-18,241500,Points,settled
P00001625,B00001481,2025-01-05,141400,Points,settled
P00001626,B00001482,2024-12-12,30954,Debit Card,settled
P00001627,B00001482,2024-12-04,10046,Bank Transfer,pending
P00001628,B00001483,2024-08-06,128000,Debit Card,settled
P00001629,B00001484,2025-12-07,328491,Debit Card,settled
P00001630,B00001485,2025-03-27,147600,Bank Transfer,settled
P00001631,B00001486,2024-04-30,635600,Debit Card,settled
P00001632,B00001487,2024-06-25,23300,Debit Card,settled
P00001633,B00001487,2024-07-21,-5584,Credit Card,refunded
P00001634,B00001488,2025-11-09,249200,Debit Card,settled
P00001635,B00001489,2024-09-18,416900,Points,settled
P00001636,B00001490,2025-02-22,157200,Points,settled
P00001637,B00001491,2025-11-23,196000,Credit Card,settled
P00001638,B00001492,2024-08-31,21200,Points,settled
P00001639,B00001492,2024-09-09,-21200,Points,refunded
P00001640,B00001493,2026-01-03,149000,Debit Card,settled
P00001641,B00001493,2026-02-11,-149000,Debit Card,refunded
P00001642,B00001494,2025-10-10,179200,Points,settled
P00001643,B00001495,2025-02-19,230100,Debit Card,settled
P00001644,B00001496,2024-02-24,219500,Credit Card,settled
P00001645,B00001497,2025-06-04,123300,Points,settled
P00001646,B00001498,2024-06-08,160000,Debit Card,settled
P00001647,B00001498,2024-07-19,-18874,Bank Transfer,refunded
P00001648,B00001499,2024-08-29,395000,Credit Card,settled
P00001649,B00001500,2025-11-16,189200,Credit Card,settled
P00001650,B00001501,2024-03-30,90500,Debit Card,settled
P00001651,B00001502,2024-10-10,97300,Points,settled
P00001652,B00001503,2024-03-22,102400,Points,settled
P00001653,B00001504,2024-11-17,147756,Bank Transfer,settled
P00001654,B00001505,2024-05-04,496600,Debit Card,settled
P00001655,B00001505,2024-06-16,-496600,Credit Card,refunded
P00001656,B00001506,2026-02-23,266500,Points,settled
P00001657,B00001507,2025-08-28,150300,Credit Card,settled
P00001658,B00001508,2025-11-27,51900,Bank Transfer,settled
P00001659,B00001509,2026-03-09,71300,Credit Card,settled
P00001660,B00001510,2024-06-24,182000,Points,settled
P00001661,B00001511,2025-02-06,254800,Points,settled
P00001662,B00001512,2024-06-02,364800,Bank Transfer,settled
P00001663,B00001512,2024-07-09,-364800,Points,refunded
P00001664,B00001513,2025-07-02,13700,Bank Transfer,settled
P00001665,B00001514,2024-04-20,218400,Credit Card,settled
P00001666,B00001515,2024-11-01,129300,Debit Card,settled
P00001667,B00001516,2025-02-12,16700,Bank Transfer,settled
P00001668,B00001517,2025-12-13,53400,Debit Card,settled
P00001669,B00001518,2025-12-06,80200,Bank Transfer,settled
P00001670,B00001519,2025-12-08,149600,Credit Card,settled
P00001671,B00001520,2024-06-27,144900,Points,settled
P00001672,B00001521,2024-12-18,28400,Points,settled
P00001673,B00001522,2024-03-26,118800,Bank Transfer,settled
P00001674,B00001523,2026-02-13,180500,Credit Card,settled
P00001675,B00001524,2024-06-17,771100,Points,settled
P00001676,B00001525,2024-07-15,72800,Points,settled
P00001677,B00001526,2025-04-06,226200,Bank Transfer,settled
P00001678,B00001527,2024-06-03,62100,Points,settled
P00001679,B00001528,2025-03-23,115500,Points,settled
P00001680,B00001529,2024-10-04,116000,Debit Card,settled
P00001681,B00001530,2024-03-18,48400,Bank Transfer,settled
P00001682,B00001531,2025-11-06,138000,Credit Card,settled
P00001683,B00001532,2024-08-06,165200,Debit Card,settled
P00001684,B00001533,2024-04-02,207200,Debit Card,settled
P00001685,B00001534,2025-05-16,253600,Points,settled
P00001686,B00001535,2024-02-02,130500,Bank Transfer,settled
P00001687,B00001536,2024-04-27,279200,Points,settled
P00001688,B00001536,2024-05-20,-279200,Debit Card,refunded
P00001689,B00001537,2025-11-27,37200,Debit Card,settled
P00001690,B00001538,2024-10-31,244800,Credit Card,settled
P00001691,B00001539,2025-10-07,355200,Bank Transfer,settled
P00001692,B00001540,2025-11-12,754000,Debit Card,settled
P00001693,B00001541,2024-06-01,247200,Credit Card,settled
P00001694,B00001542,2024-12-13,92400,Debit Card,settled
P00001695,B00001543,2025-01-12,116500,Points,settled
P00001696,B00001544,2025-07-15,60000,Bank Transfer,settled
P00001697,B00001545,2025-12-29,261600,Bank Transfer,settled
P00001698,B00001546,2025-12-31,222000,Points,settled
P00001699,B00001546,2026-02-14,-222000,Debit Card,refunded
P00001700,B00001547,2024-05-04,46800,Points,settled
P00001701,B00001548,2025-07-27,545400,Debit Card,settled
P00001702,B00001549,2023-12-24,106400,Bank Transfer,settled
P00001703,B00001550,2025-03-15,83000,Points,settled
P00001704,B00001551,2024-10-01,566300,Credit Card,settled
P00001705,B00001552,2025-03-15,59900,Credit Card,settled
P00001706,B00001553,2025-09-07,154800,Bank Transfer,settled
P00001707,B00001555,2024-12-20,153900,Credit Card,settled
P00001708,B00001556,2026-01-24,802000,Bank Transfer,settled
P00001709,B00001557,2025-06-23,111900,Debit Card,settled
P00001710,B00001558,2025-12-02,53400,Debit Card,settled
P00001711,B00001559,2025-12-14,156130,Points,settled
P00001712,B00001560,2024-07-21,162900,Bank Transfer,settled
P00001713,B00001561,2026-01-25,93200,Bank Transfer,settled
P00001714,B00001562,2025-02-03,206100,Debit Card,settled
P00001715,B00001563,2025-10-17,492700,Bank Transfer,settled
P00001716,B00001564,2025-11-18,460000,Debit Card,settled
P00001717,B00001565,2025-07-15,155000,Points,settled
P00001718,B00001566,2025-09-14,194700,Credit Card,settled
P00001719,B00001566,2025-10-24,-42091,Points,refunded
P00001720,B00001567,2025-06-14,942200,Points,settled
P00001721,B00001568,2025-01-21,205000,Debit Card,settled
P00001722,B00001569,2024-12-06,127800,Points,settled
P00001723,B00001570,2025-11-17,62700,Credit Card,settled
P00001724,B00001571,2025-08-12,303800,Points,settled
P00001725,B00001572,2024-04-01,196000,Debit Card,settled
P00001726,B00001573,2025-12-07,786000,Points,settled
P00001727,B00001574,2024-08-23,96000,Debit Card,settled
P00001728,B00001575,2024-05-14,523600,Points,settled
P00001729,B00001576,2026-03-18,90500,Bank Transfer,settled
P00001730,B00001577,2025-12-28,224900,Points,settled
P00001731,B00001578,2025-08-22,252000,Debit Card,settled
P00001732,B00001579,2024-10-30,102900,Points,settled
P00001733,B00001580,2024-04-16,277200,Credit Card,settled
P00001734,B00001581,2026-04-16,54000,Debit Card,settled
P00001735,B00001582,2025-01-30,424800,Debit Card,settled
P00001736,B00001583,2024-05-20,87600,Debit Card,settled
P00001737,B00001584,2026-01-04,114800,Points,settled
P00001738,B00001585,2024-04-27,23800,Credit Card,settled
P00001739,B00001586,2024-11-16,230100,Debit Card,settled
P00001740,B00001587,2024-06-27,414700,Debit Card,settled
P00001741,B00001587,2024-08-22,-122012,Bank Transfer,refunded
P00001742,B00001588,2026-01-05,231000,Credit Card,settled
P00001743,B00001589,2025-03-03,18100,Debit Card,settled
P00001744,B00001590,2026-01-12,84000,Points,settled
P00001745,B00001591,2025-12-15,23000,Points,settled
P00001746,B00001592,2024-07-04,82155,Debit Card,settled
P00001747,B00001592,2024-07-09,61045,Credit Card,pending
P00001748,B00001593,2024-06-20,82000,Bank Transfer,settled
P00001749,B00001594,2025-07-22,154400,Bank Transfer,settled
P00001750,B00001595,2024-11-16,1933100,Debit Card,settled
P00001751,B00001596,2024-01-15,371200,Bank Transfer,settled
P00001752,B00001596,2024-03-04,-371200,Bank Transfer,refunded
P00001753,B00001597,2024-04-03,200000,Credit Card,settled
P00001754,B00001598,2025-10-04,98500,Bank Transfer,settled
P00001755,B00001599,2026-01-26,856800,Bank Transfer,settled
P00001756,B00001600,2024-08-15,102800,Points,settled
P00001757,B00001601,2024-06-20,170300,Debit Card,settled
P00001758,B00001602,2024-10-03,226800,Points,settled
P00001759,B00001603,2024-03-26,330600,Credit Card,settled
P00001760,B00001604,2024-11-13,58401,Debit Card,settled
P00001761,B00001604,2024-12-01,44099,Debit Card,pending
P00001762,B00001605,2024-02-21,274400,Credit Card,settled
P00001763,B00001606,2024-03-14,261300,Bank Transfer,settled
P00001764,B00001607,2024-06-26,182400,Bank Transfer,settled
P00001765,B00001608,2025-10-24,228900,Credit Card,settled
P00001766,B00001609,2025-07-03,130400,Bank Transfer,settled
P00001767,B00001610,2025-02-11,501439,Credit Card,settled
P00001768,B00001611,2024-12-23,190300,Debit Card,settled
P00001769,B00001612,2024-07-03,370400,Bank Transfer,settled
P00001770,B00001613,2026-03-31,147000,Debit Card,settled
P00001771,B00001614,2024-07-08,32000,Debit Card,settled
P00001772,B00001615,2024-12-03,238000,Points,settled
P00001773,B00001616,2024-06-11,175000,Points,settled
P00001774,B00001617,2024-03-10,464800,Points,settled
P00001775,B00001618,2024-04-28,272400,Points,settled
P00001776,B00001619,2025-04-29,68000,Debit Card,settled
P00001777,B00001620,2025-02-14,114000,Points,settled
P00001778,B00001622,2025-05-21,229000,Points,settled
P00001779,B00001623,2025-11-03,828000,Credit Card,settled
P00001780,B00001624,2025-03-07,176800,Credit Card,settled
P00001781,B00001625,2024-09-14,179300,Bank Transfer,settled
P00001782,B00001625,2024-10-21,-179300,Bank Transfer,refunded
P00001783,B00001626,2025-07-24,96800,Credit Card,settled
P00001784,B00001627,2026-02-22,156300,Credit Card,settled
P00001785,B00001628,2025-12-05,16500,Bank Transfer,settled
P00001786,B00001629,2024-11-24,35800,Debit Card,settled
P00001787,B00001630,2025-02-14,172800,Credit Card,settled
P00001788,B00001631,2024-06-01,238400,Bank Transfer,settled
P00001789,B00001632,2025-07-16,181500,Points,settled
P00001790,B00001633,2025-03-04,240800,Bank Transfer,settled
P00001791,B00001634,2024-07-18,1121000,Credit Card,settled
P00001792,B00001635,2024-09-28,17700,Bank Transfer,settled
P00001793,B00001636,2024-10-04,165000,Credit Card,settled
P00001794,B00001637,2025-12-05,200000,Debit Card,settled
P00001795,B00001638,2025-11-10,447600,Bank Transfer,settled
P00001796,B00001639,2024-08-29,414700,Bank Transfer,settled
P00001797,B00001640,2025-04-19,196900,Credit Card,settled
P00001798,B00001640,2025-05-29,-196900,Points,refunded
P00001799,B00001641,2025-07-31,585000,Credit Card,settled
P00001800,B00001642,2025-07-02,14000,Debit Card,settled
P00001801,B00001643,2024-08-31,60300,Bank Transfer,settled
P00001802,B00001644,2025-08-10,108800,Bank Transfer,settled
P00001803,B00001645,2025-07-23,63000,Bank Transfer,settled
P00001804,B00001645,2025-08-02,-63000,Bank Transfer,refunded
P00001805,B00001646,2025-06-15,41623,Bank Transfer,settled
P00001806,B00001646,2025-06-12,52777,Bank Transfer,pending
P00001807,B00001647,2025-08-21,117600,Credit Card,settled
P00001808,B00001649,2025-11-14,36289,Points,settled
P00001809,B00001649,2025-10-30,26511,Bank Transfer,pending
P00001810,B00001650,2025-07-29,90000,Points,settled
P00001811,B00001651,2024-04-23,69000,Credit Card,settled
P00001812,B00001652,2024-10-20,249600,Credit Card,settled
P00001813,B00001653,2024-04-01,527000,Points,settled
P00001814,B00001654,2025-12-05,97166,Bank Transfer,settled
P00001815,B00001654,2025-12-16,108634,Debit Card,pending
P00001816,B00001655,2024-12-31,34500,Bank Transfer,settled
P00001817,B00001656,2025-02-09,106800,Points,settled
P00001818,B00001656,2025-02-15,-106800,Debit Card,refunded
P00001819,B00001657,2024-11-19,66000,Debit Card,settled
P00001820,B00001658,2024-07-10,124600,Credit Card,settled
P00001821,B00001659,2024-08-02,42648,Bank Transfer,settled
P00001822,B00001659,2024-08-10,47952,Debit Card,pending
P00001823,B00001660,2025-08-02,240800,Credit Card,settled
P00001824,B00001661,2024-02-28,396900,Credit Card,settled
P00001825,B00001662,2025-10-15,106400,Points,settled
P00001826,B00001663,2025-04-11,504000,Credit Card,settled
P00001827,B00001664,2024-07-27,178500,Points,settled
P00001828,B00001665,2024-04-01,96000,Bank Transfer,settled
P00001829,B00001666,2025-12-17,142200,Bank Transfer,settled
P00001830,B00001667,2026-02-07,176800,Points,settled
P00001831,B00001668,2025-10-07,47700,Credit Card,settled
P00001832,B00001669,2024-08-14,68000,Debit Card,settled
P00001833,B00001670,2025-12-18,117000,Debit Card,settled
P00001834,B00001671,2025-07-10,204000,Credit Card,settled
P00001835,B00001672,2025-12-03,171600,Bank Transfer,settled
P00001836,B00001673,2025-06-17,115800,Credit Card,settled
P00001837,B00001674,2025-05-08,86033,Credit Card,settled
P00001838,B00001674,2025-04-24,28567,Points,pending
P00001839,B00001675,2024-11-25,76000,Points,settled
P00001840,B00001676,2025-09-20,67800,Bank Transfer,settled
P00001841,B00001679,2024-09-03,845900,Credit Card,settled
P00001842,B00001680,2025-06-19,625800,Points,settled
P00001843,B00001681,2025-02-04,250600,Debit Card,settled
P00001844,B00001682,2024-08-22,57348,Bank Transfer,settled
P00001845,B00001682,2024-08-09,27052,Points,pending
P00001846,B00001683,2024-09-14,181500,Points,settled
P00001847,B00001684,2024-05-26,733600,Debit Card,settled
P00001848,B00001685,2024-08-03,301874,Points,settled
P00001849,B00001686,2025-01-05,298200,Credit Card,settled
P00001850,B00001687,2024-11-30,380400,Debit Card,settled
P00001851,B00001688,2025-01-16,84610,Credit Card,settled
P00001852,B00001688,2024-12-26,44190,Credit Card,pending
P00001853,B00001689,2024-03-29,75600,Debit Card,settled
P00001854,B00001690,2025-10-21,144800,Credit Card,settled
P00001855,B00001691,2025-02-03,182400,Debit Card,settled
P00001856,B00001692,2025-09-23,127800,Points,settled
P00001857,B00001693,2024-05-22,189000,Debit Card,settled
P00001858,B00001694,2025-03-19,24100,Credit Card,settled
P00001859,B00001695,2026-01-14,138600,Debit Card,settled
P00001860,B00001696,2024-06-11,576000,Bank Transfer,settled
P00001861,B00001697,2025-12-15,92400,Debit Card,settled
P00001862,B00001698,2025-02-26,176000,Debit Card,settled
P00001863,B00001699,2025-03-26,80400,Debit Card,settled
P00001864,B00001699,2025-03-31,-80400,Points,refunded
P00001865,B00001700,2024-08-22,209300,Bank Transfer,settled
P00001866,B00001701,2025-12-08,156100,Credit Card,settled
P00001867,B00001702,2025-01-22,97000,Points,settled
P00001868,B00001703,2025-07-08,79800,Bank Transfer,settled
P00001869,B00001704,2025-03-17,18100,Credit Card,settled
P00001870,B00001705,2024-07-25,254194,Credit Card,settled
P00001871,B00001706,2025-11-30,172000,Bank Transfer,settled
P00001872,B00001707,2024-11-07,366000,Credit Card,settled
P00001873,B00001708,2025-10-14,211200,Debit Card,settled
P00001874,B00001709,2026-01-02,80400,Bank Transfer,settled
P00001875,B00001710,2025-11-30,317800,Debit Card,settled
P00001876,B00001711,2024-08-17,169200,Points,settled
P00001877,B00001712,2024-04-28,386400,Credit Card,settled
P00001878,B00001713,2024-12-21,153600,Debit Card,settled
P00001879,B00001713,2025-01-29,-153600,Bank Transfer,refunded
P00001880,B00001714,2026-03-11,1054200,Debit Card,settled
P00001881,B00001715,2024-04-04,334500,Credit Card,settled
P00001882,B00001715,2024-05-03,-48879,Debit Card,refunded
P00001883,B00001716,2024-06-13,204000,Debit Card,settled
P00001884,B00001717,2024-05-30,182600,Points,settled
P00001885,B00001718,2024-04-17,345600,Debit Card,settled
P00001886,B00001719,2025-04-29,69200,Bank Transfer,settled
P00001887,B00001720,2025-06-19,844800,Points,settled
P00001888,B00001721,2025-06-10,989800,Points,settled
P00001889,B00001721,2025-07-27,-989800,Bank Transfer,refunded
P00001890,B00001722,2024-08-14,116900,Credit Card,settled
P00001891,B00001724,2025-05-27,188000,Points,settled
P00001892,B00001725,2025-06-11,114000,Bank Transfer,settled
P00001893,B00001726,2024-10-22,252200,Credit Card,settled
P00001894,B00001727,2025-02-26,260000,Credit Card,settled
P00001895,B00001727,2025-04-20,-53330,Credit Card,refunded
P00001896,B00001728,2026-02-14,48300,Debit Card,settled
P00001897,B00001729,2024-01-07,64600,Points,settled
P00001898,B00001730,2025-04-24,151800,Credit Card,settled
P00001899,B00001731,2024-01-26,1823900,Points,settled
P00001900,B00001732,2026-03-04,145000,Bank Transfer,settled
P00001901,B00001733,2024-11-20,558600,Bank Transfer,settled
P00001902,B00001734,2024-09-11,260700,Points,settled
P00001903,B00001735,2025-05-01,247800,Debit Card,settled
P00001904,B00001736,2025-05-24,227700,Bank Transfer,settled
P00001905,B00001737,2025-06-12,76200,Debit Card,settled
P00001906,B00001738,2025-05-22,241200,Credit Card,settled
P00001907,B00001739,2025-07-15,127400,Credit Card,settled
P00001908,B00001740,2024-08-27,210040,Credit Card,settled
P00001909,B00001741,2024-12-21,98400,Credit Card,settled
P00001910,B00001741,2025-01-25,-10295,Debit Card,refunded
P00001911,B00001742,2025-09-27,539500,Debit Card,settled
P00001912,B00001743,2024-11-24,88800,Bank Transfer,settled
P00001913,B00001744,2025-05-23,107100,Debit Card,settled
P00001914,B00001745,2024-12-11,34370,Bank Transfer,settled
P00001915,B00001745,2024-12-03,45130,Credit Card,pending
P00001916,B00001746,2025-02-02,212300,Credit Card,settled
P00001917,B00001747,2024-10-30,220800,Debit Card,settled
P00001918,B00001748,2024-09-29,123200,Points,settled
P00001919,B00001749,2025-05-14,90800,Credit Card,settled
P00001920,B00001750,2024-12-10,249600,Points,settled
P00001921,B00001751,2025-01-15,156000,Credit Card,settled
P00001922,B00001751,2025-02-06,-156000,Debit Card,refunded
P00001923,B00001752,2025-03-10,128400,Bank Transfer,settled
P00001924,B00001753,2025-05-04,165600,Bank Transfer,settled
P00001925,B00001754,2024-09-19,116000,Debit Card,settled
P00001926,B00001754,2024-11-10,-116000,Points,refunded
P00001927,B00001755,2025-03-03,217800,Credit Card,settled
P00001928,B00001756,2025-06-04,249200,Debit Card,settled
P00001929,B00001757,2025-03-26,74800,Bank Transfer,settled
P00001930,B00001758,2025-05-08,122400,Debit Card,settled
P00001931,B00001759,2024-04-25,66600,Credit Card,settled
P00001932,B00001760,2024-02-21,188000,Bank Transfer,settled
P00001933,B00001761,2026-02-26,279200,Credit Card,settled
P00001934,B00001762,2025-11-22,125600,Credit Card,settled
P00001935,B00001763,2024-01-21,67200,Debit Card,settled
P00001936,B00001764,2025-03-14,81800,Points,settled
P00001937,B00001765,2025-06-28,135000,Bank Transfer,settled
P00001938,B00001766,2024-07-14,156700,Credit Card,settled
P00001939,B00001767,2024-11-13,29084,Bank Transfer,settled
P00001940,B00001767,2024-11-27,16816,Bank Transfer,pending
P00001941,B00001768,2025-05-18,152000,Credit Card,settled
P00001942,B00001769,2024-07-19,500500,Points,settled
P00001943,B00001770,2025-06-08,248400,Points,settled
P00001944,B00001771,2024-06-09,467774,Points,settled
P00001945,B00001772,2024-10-06,95200,Bank Transfer,settled
P00001946,B00001773,2025-01-03,42582,Credit Card,settled
P00001947,B00001773,2024-12-20,32618,Points,pending
P00001948,B00001774,2025-10-06,459200,Bank Transfer,settled
P00001949,B00001775,2025-10-27,292600,Credit Card,settled
P00001950,B00001775,2025-11-30,-72963,Points,refunded
P00001951,B00001776,2024-08-28,35200,Credit Card,settled
P00001952,B00001776,2024-10-11,-35200,Points,refunded
P00001953,B00001777,2025-05-17,144000,Credit Card,settled
P00001954,B00001778,2025-05-29,443000,Points,settled
P00001955,B00001779,2024-05-08,142400,Credit Card,settled
P00001956,B00001779,2024-06-10,-24377,Points,refunded
P00001957,B00001780,2026-02-02,376600,Bank Transfer,settled
P00001958,B00001781,2025-02-17,121100,Debit Card,settled
P00001959,B00001781,2025-04-07,-121100,Credit Card,refunded
P00001960,B00001782,2024-07-25,51200,Debit Card,settled
P00001961,B00001783,2024-11-29,282000,Bank Transfer,settled
P00001962,B00001784,2025-02-03,339000,Bank Transfer,settled
P00001963,B00001785,2024-11-07,538981,Debit Card,settled
P00001964,B00001785,2024-11-03,135019,Bank Transfer,pending
P00001965,B00001786,2024-09-30,254800,Points,settled
P00001966,B00001786,2024-11-11,-254800,Debit Card,refunded
P00001967,B00001787,2024-09-20,52000,Bank Transfer,settled
P00001968,B00001788,2024-10-25,75200,Points,settled
P00001969,B00001789,2024-04-19,177000,Bank Transfer,settled
P00001970,B00001790,2025-12-06,113400,Points,settled
P00001971,B00001790,2026-01-16,-113400,Credit Card,refunded
P00001972,B00001791,2025-05-09,114100,Credit Card,settled
P00001973,B00001792,2025-11-03,251900,Credit Card,settled
P00001974,B00001793,2025-04-17,269000,Debit Card,settled
P00001975,B00001794,2024-08-22,236500,Points,settled
P00001976,B00001795,2025-07-24,201300,Credit Card,settled
P00001977,B00001796,2025-09-13,204000,Bank Transfer,settled
P00001978,B00001797,2024-08-15,327600,Bank Transfer,settled
P00001979,B00001798,2025-09-19,14000,Debit Card,settled
P00001980,B00001799,2024-10-15,122500,Credit Card,settled
P00001981,B00001800,2024-05-27,151800,Bank Transfer,settled
P00001982,B00001801,2026-01-30,178200,Points,settled
P00001983,B00001802,2024-03-25,252000,Points,settled
P00001984,B00001803,2024-12-25,146400,Bank Transfer,settled
P00001985,B00001804,2024-01-31,195000,Credit Card,settled
P00001986,B00001805,2024-03-11,161600,Bank Transfer,settled
P00001987,B00001806,2024-11-12,492000,Bank Transfer,settled
P00001988,B00001807,2025-06-17,722400,Bank Transfer,settled
P00001989,B00001808,2024-11-14,214200,Points,settled
P00001990,B00001808,2024-12-10,-214200,Points,refunded
P00001991,B00001809,2024-12-10,333900,Bank Transfer,settled
P00001992,B00001810,2025-12-25,105000,Bank Transfer,settled
P00001993,B00001811,2025-04-02,609000,Debit Card,settled
P00001994,B00001812,2026-02-05,182000,Bank Transfer,settled
P00001995,B00001813,2026-02-20,300300,Debit Card,settled
P00001996,B00001813,2026-03-20,-34314,Bank Transfer,refunded
P00001997,B00001814,2024-04-24,139300,Debit Card,settled
P00001998,B00001815,2024-12-11,185900,Debit Card,settled
P00001999,B00001816,2025-07-21,252200,Points,settled
P00002000,B00001817,2024-10-08,198000,Credit Card,settled
P00002001,B00001818,2025-02-24,179300,Credit Card,settled
P00002002,B00001818,2025-04-07,-179300,Bank Transfer,refunded
P00002003,B00001819,2025-03-09,150700,Points,settled
P00002004,B00001820,2025-03-16,205500,Bank Transfer,settled
P00002005,B00001821,2025-01-12,1117200,Points,settled
P00002006,B00001822,2024-04-19,123200,Credit Card,settled
P00002007,B00001823,2026-01-24,82000,Credit Card,settled
P00002008,B00001824,2025-06-19,171933,Bank Transfer,settled
P00002009,B00001826,2024-05-12,309000,Points,settled
P00002010,B00001827,2025-07-30,443000,Debit Card,settled
P00002011,B00001828,2025-04-07,36000,Points,settled
P00002012,B00001828,2025-04-14,-36000,Bank Transfer,refunded
P00002013,B00001829,2026-02-03,509600,Debit Card,settled
P00002014,B00001830,2024-12-22,118800,Debit Card,settled
P00002015,B00001831,2025-01-16,22800,Credit Card,settled
P00002016,B00001832,2024-05-14,105000,Bank Transfer,settled
P00002017,B00001833,2024-10-29,379000,Credit Card,settled
P00002018,B00001834,2024-11-24,87192,Points,settled
P00002019,B00001834,2024-11-17,42408,Points,pending
P00002020,B00001835,2024-11-09,127800,Points,settled
P00002021,B00001836,2025-01-24,742000,Bank Transfer,settled
P00002022,B00001837,2024-05-23,180000,Points,settled
P00002023,B00001838,2025-03-04,196800,Bank Transfer,settled
P00002024,B00001838,2025-04-13,-196800,Credit Card,refunded
P00002025,B00001839,2024-09-07,89800,Bank Transfer,settled
P00002026,B00001840,2025-03-04,271200,Debit Card,settled
P00002027,B00001841,2024-08-15,239400,Bank Transfer,settled
P00002028,B00001842,2024-07-28,72000,Credit Card,settled
P00002029,B00001843,2025-08-13,388300,Bank Transfer,settled
P00002030,B00001844,2024-09-01,189000,Credit Card,settled
P00002031,B00001844,2024-10-16,-189000,Bank Transfer,refunded
P00002032,B00001845,2024-02-18,146800,Credit Card,settled
P00002033,B00001846,2024-08-15,109500,Debit Card,settled
P00002034,B00001847,2025-03-12,487300,Debit Card,settled
P00002035,B00001848,2024-06-25,20400,Points,settled
P00002036,B00001849,2025-04-05,199200,Bank Transfer,settled
P00002037,B00001850,2025-08-24,36800,Bank Transfer,settled
P00002038,B00001851,2024-04-29,238200,Credit Card,settled
P00002039,B00001852,2025-06-04,271200,Credit Card,settled
P00002040,B00001852,2025-07-08,-271200,Credit Card,refunded
P00002041,B00001853,2025-10-17,63483,Points,settled
P00002042,B00001853,2025-10-03,55917,Debit Card,pending
P00002043,B00001855,2025-10-25,107663,Points,settled
P00002044,B00001855,2025-10-13,27437,Bank Transfer,pending
P00002045,B00001856,2025-07-13,81000,Bank Transfer,settled
P00002046,B00001857,2025-08-17,108500,Bank Transfer,settled
P00002047,B00001858,2024-11-08,478200,Debit Card,settled
P00002048,B00001859,2025-08-16,232400,Points,settled
P00002049,B00001860,2025-04-01,737000,Credit Card,settled
P00002050,B00001860,2025-05-06,-737000,Debit Card,refunded
P00002051,B00001861,2025-07-17,143100,Points,settled
P00002052,B00001862,2025-03-20,201000,Bank Transfer,settled
P00002053,B00001863,2024-08-06,147200,Points,settled
P00002054,B00001865,2025-11-06,213200,Bank Transfer,settled
P00002055,B00001866,2025-04-04,32000,Debit Card,settled
P00002056,B00001867,2024-06-18,28200,Debit Card,settled
P00002057,B00001868,2025-07-20,237900,Points,settled
P00002058,B00001869,2024-10-26,510400,Debit Card,settled
P00002059,B00001869,2024-12-03,-79070,Credit Card,refunded
P00002060,B00001870,2025-06-30,77200,Credit Card,settled
P00002061,B00001871,2025-06-10,12173,Points,settled
P00002062,B00001871,2025-06-01,8327,Points,pending
P00002063,B00001872,2025-06-10,718800,Bank Transfer,settled
P00002064,B00001873,2025-03-27,16000,Debit Card,settled
P00002065,B00001874,2025-01-28,53138,Points,settled
P00002066,B00001875,2024-02-06,170100,Credit Card,settled
P00002067,B00001876,2024-08-01,383900,Credit Card,settled
P00002068,B00001877,2024-08-24,442000,Points,settled
P00002069,B00001878,2025-11-25,15400,Bank Transfer,settled
P00002070,B00001880,2024-04-27,502600,Points,settled
P00002071,B00001881,2024-04-24,97200,Debit Card,settled
P00002072,B00001882,2025-05-12,46200,Bank Transfer,settled
P00002073,B00001883,2025-03-26,373200,Bank Transfer,settled
P00002074,B00001884,2026-02-18,443000,Credit Card,settled
P00002075,B00001885,2025-09-23,68000,Points,settled
P00002076,B00001886,2025-10-11,376200,Bank Transfer,settled
P00002077,B00001887,2025-08-24,14300,Credit Card,settled
P00002078,B00001888,2024-04-14,34600,Credit Card,settled
P00002079,B00001889,2024-11-22,15900,Points,settled
P00002080,B00001889,2024-12-22,-15900,Credit Card,refunded
P00002081,B00001890,2026-01-03,518700,Points,settled
P00002082,B00001891,2025-03-14,117000,Bank Transfer,settled
P00002083,B00001892,2024-07-26,27874,Bank Transfer,settled
P00002084,B00001892,2024-07-09,25326,Points,pending
P00002085,B00001893,2026-04-11,192000,Credit Card,settled
P00002086,B00001894,2025-06-17,222000,Points,settled
P00002087,B00001896,2025-07-13,380062,Bank Transfer,settled
P00002088,B00001897,2025-01-23,37200,Bank Transfer,settled
P00002089,B00001898,2025-12-13,77500,Bank Transfer,settled
P00002090,B00001899,2026-01-14,408100,Bank Transfer,settled
P00002091,B00001899,2026-01-22,451000,Credit Card,pending
P00002092,B00001900,2025-09-14,338400,Points,settled
P00002093,B00001901,2024-05-12,58800,Credit Card,settled
P00002094,B00001902,2024-11-25,62919,Credit Card,settled
P00002095,B00001902,2024-10-26,44181,Points,pending
P00002096,B00001903,2025-08-10,179400,Credit Card,settled
P00002097,B00001904,2024-06-07,95000,Points,settled
P00002098,B00001905,2025-11-28,288400,Credit Card,settled
P00002099,B00001906,2025-01-29,444400,Points,settled
P00002100,B00001907,2025-02-27,1587300,Bank Transfer,settled
P00002101,B00001908,2025-07-04,201021,Debit Card,settled
P00002102,B00001909,2025-01-08,92421,Points,settled
P00002103,B00001909,2024-12-30,132979,Bank Transfer,pending
P00002104,B00001910,2024-08-26,1751100,Credit Card,settled
P00002105,B00001911,2024-05-05,87500,Credit Card,settled
P00002106,B00001912,2024-04-20,144000,Credit Card,settled
P00002107,B00001913,2025-04-18,427200,Points,settled
P00002108,B00001914,2024-06-19,182400,Bank Transfer,settled
P00002109,B00001915,2024-09-10,239200,Credit Card,settled
P00002110,B00001916,2026-01-24,898800,Points,settled
P00002111,B00001917,2024-07-20,339597,Bank Transfer,settled
P00002112,B00001917,2024-07-11,88403,Credit Card,pending
P00002113,B00001918,2024-04-05,234500,Bank Transfer,settled
P00002114,B00001920,2025-06-12,31400,Bank Transfer,settled
P00002115,B00001921,2025-05-09,144900,Bank Transfer,settled
P00002116,B00001922,2025-07-19,199000,Points,settled
P00002117,B00001923,2024-10-28,2030000,Points,settled
P00002118,B00001924,2025-06-02,73125,Debit Card,settled
P00002119,B00001924,2025-06-09,56875,Points,pending
P00002120,B00001925,2024-03-17,376000,Credit Card,settled
P00002121,B00001926,2024-06-30,173200,Bank Transfer,settled
P00002122,B00001927,2026-04-05,46400,Debit Card,settled
P00002123,B00001928,2025-03-01,57600,Credit Card,settled
P00002124,B00001929,2024-02-12,257400,Points,settled
P00002125,B00001929,2024-03-19,-257400,Debit Card,refunded
P00002126,B00001930,2024-01-29,59700,Points,settled
P00002127,B00001931,2025-03-18,19100,Points,settled
P00002128,B00001932,2025-09-03,45140,Points,settled
P00002129,B00001932,2025-09-09,24460,Debit Card,pending
P00002130,B00001933,2025-09-22,148000,Bank Transfer,settled
P00002131,B00001933,2025-11-01,-148000,Bank Transfer,refunded
P00002132,B00001934,2024-06-06,165000,Credit Card,settled
P00002133,B00001935,2025-12-05,45000,Credit Card,settled
P00002134,B00001936,2025-01-18,33400,Bank Transfer,settled
P00002135,B00001937,2025-02-01,193200,Bank Transfer,settled
P00002136,B00001938,2025-02-01,149546,Credit Card,settled
P00002137,B00001939,2024-08-24,134000,Bank Transfer,settled
P00002138,B00001940,2024-07-07,175200,Credit Card,settled
P00002139,B00001941,2025-09-19,152800,Credit Card,settled
P00002140,B00001942,2024-07-18,382800,Bank Transfer,settled
P00002141,B00001944,2024-04-15,289800,Points,settled
P00002142,B00001945,2024-07-14,299500,Points,settled
P00002143,B00001946,2025-08-12,216000,Points,settled
P00002144,B00001947,2025-05-17,221000,Points,settled
P00002145,B00001948,2025-02-07,28222,Debit Card,settled
P00002146,B00001948,2025-02-08,9578,Debit Card,pending
P00002147,B00001949,2025-10-29,61500,Bank Transfer,settled
P00002148,B00001950,2025-06-05,50400,Debit Card,settled
P00002149,B00001951,2024-09-09,170300,Credit Card,settled
P00002150,B00001952,2024-07-22,65800,Bank Transfer,settled
P00002151,B00001953,2025-10-23,211500,Bank Transfer,settled
P00002152,B00001954,2025-10-16,246400,Points,settled
P00002153,B00001955,2025-08-20,248300,Points,settled
P00002154,B00001956,2024-08-11,156000,Points,settled
P00002155,B00001957,2025-05-23,177528,Debit Card,settled
P00002156,B00001958,2024-08-12,397936,Debit Card,settled
P00002157,B00001958,2024-08-17,113264,Debit Card,pending
P00002158,B00001959,2024-11-22,312200,Points,settled
P00002159,B00001959,2024-12-22,-52871,Debit Card,refunded
P00002160,B00001960,2024-07-17,94800,Credit Card,settled
P00002161,B00001961,2024-07-24,66300,Debit Card,settled
P00002162,B00001962,2024-09-24,141000,Credit Card,settled
P00002163,B00001963,2025-01-28,98400,Bank Transfer,settled
P00002164,B00001963,2025-03-07,-98400,Debit Card,refunded
P00002165,B00001964,2024-11-02,27800,Credit Card,settled
P00002166,B00001965,2024-07-05,170000,Bank Transfer,settled
P00002167,B00001965,2024-08-14,-170000,Bank Transfer,refunded
P00002168,B00001966,2025-05-06,268200,Points,settled
P00002169,B00001967,2025-10-18,64000,Bank Transfer,settled
P00002170,B00001968,2024-04-19,527800,Bank Transfer,settled
P00002171,B00001969,2026-02-03,113400,Credit Card,settled
P00002172,B00001970,2024-02-05,17800,Debit Card,settled
P00002173,B00001972,2024-06-14,150300,Credit Card,settled
P00002174,B00001973,2025-02-07,273700,Points,settled
P00002175,B00001974,2025-12-08,92400,Bank Transfer,settled
P00002176,B00001975,2024-11-16,362400,Bank Transfer,settled
P00002177,B00001976,2025-11-21,77600,Points,settled
P00002178,B00001977,2024-06-03,177300,Bank Transfer,settled
P00002179,B00001978,2024-08-18,214400,Credit Card,settled
P00002180,B00001979,2025-01-29,200400,Credit Card,settled
P00002181,B00001980,2026-02-15,178400,Debit Card,settled
P00002182,B00001981,2024-06-26,253400,Credit Card,settled
P00002183,B00001982,2025-12-21,356400,Points,settled
P00002184,B00001983,2024-07-11,172800,Credit Card,settled
P00002185,B00001984,2024-08-04,72000,Points,settled
P00002186,B00001985,2024-12-25,226800,Points,settled
P00002187,B00001986,2025-02-13,60178,Points,settled
P00002188,B00001986,2025-02-19,56722,Points,pending
P00002189,B00001987,2024-05-25,109200,Credit Card,settled
P00002190,B00001988,2024-05-03,401400,Bank Transfer,settled
P00002191,B00001989,2025-09-16,208000,Bank Transfer,settled
P00002192,B00001990,2024-08-28,161500,Debit Card,settled
P00002193,B00001991,2024-11-29,15900,Points,settled
P00002194,B00001992,2024-12-22,29200,Points,settled
P00002195,B00001993,2025-11-09,194400,Points,settled
P00002196,B00001994,2025-06-09,166500,Bank Transfer,settled
P00002197,B00001994,2025-07-16,-166500,Debit Card,refunded
P00002198,B00001995,2025-09-29,47600,Bank Transfer,settled
P00002199,B00001996,2025-10-20,78000,Points,settled
P00002200,B00001997,2025-06-15,68000,Bank Transfer,settled
P00002201,B00001998,2025-05-09,1516900,Debit Card,settled
P00002202,B00001999,2025-11-21,200000,Debit Card,settled
P00002203,B00002000,2024-10-19,165000,Points,settled
P00002204,B00002001,2025-06-30,118800,Points,settled
P00002205,B00002002,2024-08-02,62400,Points,settled
P00002206,B00002003,2025-05-01,206800,Credit Card,settled
P00002207,B00002004,2024-02-02,240218,Bank Transfer,settled
P00002208,B00002005,2024-11-04,13500,Credit Card,settled
P00002209,B00002006,2024-10-17,35800,Points,settled
P00002210,B00002007,2025-12-25,212500,Debit Card,settled
P00002211,B00002007,2026-02-07,-212500,Credit Card,refunded
P00002212,B00002008,2024-09-24,308800,Points,settled
P00002213,B00002009,2025-05-01,277600,Debit Card,settled
P00002214,B00002010,2026-04-13,59100,Bank Transfer,settled
P00002215,B00002010,2026-04-28,-59100,Points,refunded
P00002216,B00002011,2024-09-10,292000,Bank Transfer,settled
P00002217,B00002012,2025-10-19,511200,Bank Transfer,settled
P00002218,B00002013,2024-06-16,56400,Bank Transfer,settled
P00002219,B00002014,2025-09-18,135000,Bank Transfer,settled
P00002220,B00002015,2024-09-12,236500,Bank Transfer,settled
P00002221,B00002015,2024-10-25,-42453,Debit Card,refunded
P00002222,B00002016,2025-12-29,40211,Credit Card,settled
P00002223,B00002018,2024-08-14,39400,Points,settled
P00002224,B00002019,2026-03-01,535803,Bank Transfer,settled
P00002225,B00002020,2026-03-13,468997,Credit Card,settled
P00002226,B00002021,2025-07-20,51600,Credit Card,settled
P00002227,B00002022,2026-01-01,129600,Debit Card,settled
P00002228,B00002023,2025-11-05,32400,Debit Card,settled
P00002229,B00002024,2024-09-09,239049,Bank Transfer,settled
P00002230,B00002024,2024-09-03,242751,Debit Card,pending
P00002231,B00002026,2024-08-18,44600,Credit Card,settled
P00002232,B00002027,2025-01-11,255600,Debit Card,settled
P00002233,B00002028,2024-03-15,109329,Debit Card,settled
P00002234,B00002029,2025-03-03,199200,Debit Card,settled
P00002235,B00002030,2025-10-30,115200,Points,settled
P00002236,B00002030,2025-12-04,-115200,Bank Transfer,refunded
P00002237,B00002031,2024-06-26,213600,Points,settled
P00002238,B00002032,2025-04-11,432800,Debit Card,settled
P00002239,B00002032,2025-05-16,-432800,Credit Card,refunded
P00002240,B00002034,2025-05-24,1048600,Debit Card,settled
P00002241,B00002035,2025-04-02,874900,Points,settled
P00002242,B00002036,2025-09-07,154500,Debit Card,settled
P00002243,B00002037,2025-12-06,219062,Credit Card,settled
P00002244,B00002038,2026-01-12,42000,Debit Card,settled
P00002245,B00002039,2025-12-20,61392,Points,settled
P00002246,B00002039,2025-12-29,32208,Debit Card,pending
P00002247,B00002040,2024-09-07,186300,Points,settled
P00002248,B00002041,2025-12-04,23000,Points,settled
P00002249,B00002042,2025-04-12,34700,Credit Card,settled
P00002250,B00002043,2025-06-03,183600,Credit Card,settled
P00002251,B00002044,2026-02-08,86400,Debit Card,settled
P00002252,B00002045,2025-11-05,22800,Debit Card,settled
P00002253,B00002046,2026-03-29,139215,Credit Card,settled
P00002254,B00002046,2026-03-12,151185,Credit Card,pending
P00002255,B00002047,2024-12-20,398700,Points,settled
P00002256,B00002048,2025-09-14,77980,Credit Card,settled
P00002257,B00002048,2025-09-12,25120,Credit Card,pending
P00002258,B00002049,2024-05-25,1152000,Bank Transfer,settled
P00002259,B00002050,2025-02-13,112000,Credit Card,settled
P00002260,B00002051,2024-07-26,115764,Credit Card,settled
P00002261,B00002051,2024-08-13,102636,Credit Card,pending
P00002262,B00002052,2025-07-23,31600,Debit Card,settled
P00002263,B00002052,2025-08-23,-31600,Points,refunded
P00002264,B00002053,2024-03-07,174600,Debit Card,settled
P00002265,B00002054,2024-06-30,85000,Points,settled
P00002266,B00002055,2024-06-18,748800,Bank Transfer,settled
P00002267,B00002056,2025-12-16,219800,Points,settled
P00002268,B00002057,2025-07-27,191400,Bank Transfer,settled
P00002269,B00002057,2025-08-29,-51664,Points,refunded
P00002270,B00002058,2024-10-03,1807400,Points,settled
P00002271,B00002059,2024-09-19,200200,Debit Card,settled
P00002272,B00002060,2025-07-22,211200,Bank Transfer,settled
P00002273,B00002061,2024-12-16,173800,Bank Transfer,settled
P00002274,B00002062,2024-04-11,1604400,Points,settled
P00002275,B00002063,2026-01-27,62000,Debit Card,settled
P00002276,B00002064,2025-07-14,117000,Bank Transfer,settled
P00002277,B00002065,2024-08-09,1432600,Points,settled
P00002278,B00002066,2024-12-24,164800,Points,settled
P00002279,B00002067,2025-02-27,18000,Debit Card,settled
P00002280,B00002068,2024-09-24,60000,Points,settled
P00002281,B00002069,2025-08-02,218900,Points,settled
P00002282,B00002070,2024-07-11,49800,Bank Transfer,settled
P00002283,B00002071,2026-01-18,189157,Credit Card,settled
P00002284,B00002072,2025-01-13,16400,Debit Card,settled
P00002285,B00002073,2025-10-30,214000,Points,settled
P00002286,B00002075,2024-03-11,712800,Debit Card,settled
P00002287,B00002076,2024-10-06,192000,Credit Card,settled
P00002288,B00002077,2026-03-12,70000,Debit Card,settled
P00002289,B00002078,2025-04-26,57000,Debit Card,settled
P00002290,B00002078,2025-06-04,-57000,Points,refunded
P00002291,B00002080,2024-08-02,117772,Credit Card,settled
P00002292,B00002081,2025-04-17,123300,Credit Card,settled
P00002293,B00002082,2026-03-02,404500,Bank Transfer,settled
P00002294,B00002083,2024-09-25,172000,Credit Card,settled
P00002295,B00002084,2025-07-23,196000,Debit Card,settled
P00002296,B00002085,2025-02-20,25400,Credit Card,settled
P00002297,B00002086,2024-04-15,91200,Credit Card,settled
P00002298,B00002086,2024-05-01,-26802,Points,refunded
P00002299,B00002087,2024-09-20,1430000,Credit Card,settled
P00002300,B00002088,2025-09-21,147971,Credit Card,settled
P00002301,B00002089,2025-01-05,17600,Bank Transfer,settled
P00002302,B00002090,2025-03-24,128800,Bank Transfer,settled
P00002303,B00002090,2025-05-01,-128800,Credit Card,refunded
P00002304,B00002091,2024-04-19,129600,Bank Transfer,settled
P00002305,B00002092,2025-09-06,138000,Credit Card,settled
P00002306,B00002093,2025-04-25,380000,Debit Card,settled
P00002307,B00002094,2025-06-28,110500,Debit Card,settled
P00002308,B00002095,2024-06-02,486200,Credit Card,settled
P00002309,B00002096,2025-12-25,298400,Points,settled
P00002310,B00002097,2025-07-30,80400,Bank Transfer,settled
P00002311,B00002099,2025-12-18,145600,Bank Transfer,settled
P00002312,B00002101,2025-05-02,484400,Credit Card,settled
P00002313,B00002102,2025-08-25,84800,Credit Card,settled
P00002314,B00002105,2024-05-20,484400,Points,settled
P00002315,B00002106,2025-09-02,1047200,Credit Card,settled
P00002316,B00002107,2025-07-06,90726,Points,settled
P00002317,B00002107,2025-07-13,68574,Points,pending
P00002318,B00002108,2025-01-16,368500,Debit Card,settled
P00002319,B00002109,2025-10-17,106500,Bank Transfer,settled
P00002320,B00002110,2024-01-28,133200,Points,settled
P00002321,B00002111,2024-04-01,109900,Points,settled
P00002322,B00002112,2024-11-19,80000,Bank Transfer,settled
P00002323,B00002113,2025-11-25,916500,Bank Transfer,settled
P00002324,B00002114,2024-05-28,271700,Points,settled
P00002325,B00002115,2025-03-06,209400,Debit Card,settled
P00002326,B00002116,2024-05-08,22900,Points,settled
P00002327,B00002117,2025-10-05,126700,Bank Transfer,settled
P00002328,B00002118,2024-03-17,88800,Credit Card,settled
P00002329,B00002119,2024-02-14,218400,Points,settled
P00002330,B00002120,2024-12-06,155200,Points,settled
P00002331,B00002121,2025-03-27,202800,Bank Transfer,settled
P00002332,B00002122,2024-06-23,247500,Credit Card,settled
P00002333,B00002123,2025-03-10,132000,Debit Card,settled
P00002334,B00002124,2025-02-02,91200,Points,settled
P00002335,B00002125,2025-07-03,6928,Bank Transfer,settled
P00002336,B00002125,2025-07-02,9272,Points,pending
P00002337,B00002126,2025-04-09,23900,Points,settled
P00002338,B00002126,2025-04-21,-23900,Debit Card,refunded
P00002339,B00002127,2025-11-28,76000,Points,settled
P00002340,B00002127,2026-01-08,-76000,Debit Card,refunded
P00002341,B00002128,2025-11-30,233800,Bank Transfer,settled
P00002342,B00002129,2024-03-20,1911000,Points,settled
P00002343,B00002131,2024-05-17,271600,Debit Card,settled
P00002344,B00002132,2025-09-07,144800,Points,settled
P00002345,B00002133,2025-02-14,54981,Points,settled
P00002346,B00002133,2025-02-07,48819,Credit Card,pending
P00002347,B00002134,2025-02-05,34800,Debit Card,settled
P00002348,B00002135,2025-08-29,128112,Credit Card,settled
P00002349,B00002135,2025-09-06,70788,Bank Transfer,pending
P00002350,B00002136,2024-05-30,90000,Points,settled
P00002351,B00002137,2024-06-07,21800,Debit Card,settled
P00002352,B00002138,2024-03-16,205200,Bank Transfer,settled
P00002353,B00002139,2024-02-27,391200,Bank Transfer,settled
P00002354,B00002140,2024-04-23,755300,Credit Card,settled
P00002355,B00002141,2024-09-26,201500,Debit Card,settled
P00002356,B00002142,2024-04-03,180800,Credit Card,settled
P00002357,B00002143,2024-07-27,46000,Credit Card,settled
P00002358,B00002144,2024-06-09,63200,Debit Card,settled
P00002359,B00002146,2025-11-29,184000,Points,settled
P00002360,B00002147,2024-05-12,200400,Bank Transfer,settled
P00002361,B00002148,2024-03-31,140400,Bank Transfer,settled
P00002362,B00002149,2024-07-04,233800,Credit Card,settled
P00002363,B00002150,2025-06-16,147500,Points,settled
P00002364,B00002151,2025-02-19,235000,Debit Card,settled
P00002365,B00002151,2025-03-24,-235000,Debit Card,refunded
P00002366,B00002152,2024-06-28,105973,Points,settled
P00002367,B00002152,2024-07-07,142627,Debit Card,pending
P00002368,B00002153,2025-03-17,313200,Debit Card,settled
P00002369,B00002154,2024-04-02,138000,Bank Transfer,settled
P00002370,B00002155,2025-01-11,291200,Debit Card,settled
P00002371,B00002156,2024-10-04,156000,Debit Card,settled
P00002372,B00002157,2024-12-16,32600,Points,settled
P00002373,B00002157,2024-12-06,31400,Credit Card,pending
P00002374,B00002158,2024-05-13,135800,Credit Card,settled
P00002375,B00002159,2024-03-15,44400,Credit Card,settled
P00002376,B00002161,2025-09-30,210700,Bank Transfer,settled
P00002377,B00002162,2025-06-12,102200,Points,settled
P00002378,B00002163,2024-08-21,530400,Points,settled
P00002379,B00002164,2024-04-05,47600,Debit Card,settled
P00002380,B00002165,2025-08-05,209000,Points,settled
P00002381,B00002166,2026-01-26,287000,Bank Transfer,settled
P00002382,B00002167,2025-04-20,97800,Debit Card,settled
P00002383,B00002168,2025-08-14,319200,Points,settled
P00002384,B00002169,2025-09-19,271200,Points,settled
P00002385,B00002170,2026-02-15,653800,Credit Card,settled
P00002386,B00002171,2024-05-21,144000,Debit Card,settled
P00002387,B00002172,2026-01-01,150300,Credit Card,settled
P00002388,B00002173,2025-07-11,121800,Debit Card,settled
P00002389,B00002174,2024-12-31,86846,Bank Transfer,settled
P00002390,B00002174,2025-01-07,30654,Debit Card,pending
P00002391,B00002175,2024-10-12,131700,Credit Card,settled
P00002392,B00002176,2025-06-13,105000,Debit Card,settled
P00002393,B00002178,2025-02-22,37800,Debit Card,settled
P00002394,B00002180,2025-03-16,72600,Points,settled
P00002395,B00002181,2025-11-23,30600,Credit Card,settled
P00002396,B00002181,2025-12-08,-30600,Debit Card,refunded
P00002397,B00002182,2025-08-13,157000,Debit Card,settled
P00002398,B00002183,2025-03-05,289800,Debit Card,settled
P00002399,B00002184,2024-03-16,38200,Points,settled
P00002400,B00002186,2024-08-14,459600,Points,settled
P00002401,B00002187,2026-02-26,183000,Credit Card,settled
P00002402,B00002188,2024-05-25,195000,Bank Transfer,settled
P00002403,B00002189,2024-03-21,880600,Bank Transfer,settled
P00002404,B00002190,2024-08-23,737000,Credit Card,settled
P00002405,B00002191,2025-05-02,99600,Bank Transfer,settled
P00002406,B00002192,2025-10-22,22400,Debit Card,settled
P00002407,B00002193,2024-08-28,75357,Points,settled
P00002408,B00002194,2024-06-26,199800,Credit Card,settled
P00002409,B00002195,2025-11-12,260000,Debit Card,settled
P00002410,B00002196,2024-10-16,87500,Credit Card,settled
P00002411,B00002197,2025-11-01,529100,Points,settled
P00002412,B00002198,2026-02-11,113500,Debit Card,settled
P00002413,B00002199,2024-03-16,162800,Bank Transfer,settled
P00002414,B00002199,2024-04-06,-35898,Debit Card,refunded
P00002415,B00002200,2024-10-30,187200,Debit Card,settled
P00002416,B00002200,2024-11-16,-187200,Credit Card,refunded
P00002417,B00002202,2024-02-04,136500,Points,settled
P00002418,B00002203,2025-05-08,151600,Bank Transfer,settled
P00002419,B00002204,2024-01-21,162000,Bank Transfer,settled
P00002420,B00002205,2025-04-23,80400,Credit Card,settled
P00002421,B00002206,2024-12-13,106200,Debit Card,settled
P00002422,B00002207,2024-03-22,138600,Bank Transfer,settled
P00002423,B00002208,2026-03-21,65400,Credit Card,settled
P00002424,B00002209,2025-08-31,15000,Debit Card,settled
P00002425,B00002209,2025-09-08,-1568,Points,refunded
P00002426,B00002210,2025-10-27,234749,Points,settled
P00002427,B00002211,2025-09-24,152000,Credit Card,settled
P00002428,B00002212,2024-11-12,1064700,Points,settled
P00002429,B00002213,2024-11-28,202867,Points,settled
P00002430,B00002213,2024-12-20,263333,Bank Transfer,pending
P00002431,B00002214,2025-09-24,188500,Points,settled
P00002432,B00002215,2024-03-27,92100,Bank Transfer,settled
P00002433,B00002216,2025-01-07,92400,Credit Card,settled
P00002434,B00002217,2025-01-27,270200,Points,settled
P00002435,B00002218,2024-12-25,253500,Credit Card,settled
P00002436,B00002219,2024-12-14,265200,Credit Card,settled
P00002437,B00002219,2025-01-19,-55758,Credit Card,refunded
P00002438,B00002220,2025-08-29,74400,Credit Card,settled
P00002439,B00002221,2025-02-26,30200,Credit Card,settled
P00002440,B00002222,2025-02-03,322800,Credit Card,settled
P00002441,B00002222,2025-03-07,-322800,Bank Transfer,refunded
P00002442,B00002223,2025-04-20,393900,Points,settled
P00002443,B00002224,2025-12-24,33400,Debit Card,settled
P00002444,B00002225,2024-12-26,577803,Debit Card,settled
P00002445,B00002226,2024-12-21,69300,Debit Card,settled
P00002446,B00002227,2025-07-03,140400,Credit Card,settled
P00002447,B00002228,2024-07-20,19600,Points,settled
P00002448,B00002230,2026-01-09,342610,Debit Card,settled
P00002449,B00002230,2025-12-12,225390,Points,pending
P00002450,B00002231,2025-11-29,176000,Credit Card,settled
P00002451,B00002232,2025-10-18,366800,Debit Card,settled
P00002452,B00002233,2024-02-13,29600,Bank Transfer,settled
P00002453,B00002234,2025-09-21,76800,Bank Transfer,settled
P00002454,B00002235,2025-11-25,113400,Credit Card,settled
P00002455,B00002236,2024-10-11,63805,Points,settled
P00002456,B00002236,2024-10-25,54495,Debit Card,pending
P00002457,B00002238,2024-10-01,193700,Debit Card,settled
P00002458,B00002239,2025-06-12,1134000,Bank Transfer,settled
P00002459,B00002240,2025-02-21,465000,Points,settled
P00002460,B00002242,2024-06-07,114000,Credit Card,settled
P00002461,B00002243,2024-06-23,53100,Credit Card,settled
P00002462,B00002244,2025-01-07,451500,Credit Card,settled
P00002463,B00002244,2025-02-16,-451500,Debit Card,refunded
P00002464,B00002246,2024-07-27,181784,Debit Card,settled
P00002465,B00002246,2024-07-17,175816,Bank Transfer,pending
P00002466,B00002247,2025-10-31,187200,Points,settled
P00002467,B00002248,2024-10-27,306800,Points,settled
P00002468,B00002249,2025-06-13,138600,Debit Card,settled
P00002469,B00002250,2025-12-17,185900,Bank Transfer,settled
P00002470,B00002251,2024-12-17,995400,Bank Transfer,settled
P00002471,B00002252,2024-12-26,139800,Credit Card,settled
P00002472,B00002253,2025-02-08,297000,Points,settled
P00002473,B00002253,2025-03-02,-55918,Points,refunded
P00002474,B00002254,2025-08-19,107500,Points,settled
P00002475,B00002255,2025-03-23,81000,Credit Card,settled
P00002476,B00002256,2024-12-19,105000,Bank Transfer,settled
P00002477,B00002257,2025-03-27,188800,Credit Card,settled
P00002478,B00002258,2024-11-29,230000,Credit Card,settled
P00002479,B00002259,2025-11-10,82400,Points,settled
P00002480,B00002261,2025-07-31,96000,Credit Card,settled
P00002481,B00002262,2024-07-03,25182,Debit Card,settled
P00002482,B00002262,2024-06-12,36918,Bank Transfer,pending
P00002483,B00002263,2025-09-15,90500,Points,settled
P00002484,B00002264,2024-03-10,144800,Credit Card,settled
P00002485,B00002265,2026-01-03,68100,Debit Card,settled
P00002486,B00002266,2024-07-03,115368,Points,settled
P00002487,B00002266,2024-06-20,52132,Credit Card,pending
P00002488,B00002267,2024-05-13,100500,Debit Card,settled
P00002489,B00002268,2024-12-21,215100,Bank Transfer,settled
P00002490,B00002269,2024-05-10,265300,Debit Card,settled
P00002491,B00002270,2024-04-11,182400,Bank Transfer,settled
P00002492,B00002270,2024-05-06,-38394,Credit Card,refunded
P00002493,B00002271,2024-05-14,738400,Points,settled
P00002494,B00002272,2025-06-05,223000,Points,settled
P00002495,B00002273,2024-12-30,512200,Points,settled
P00002496,B00002274,2025-11-07,38300,Credit Card,settled
P00002497,B00002275,2025-01-19,16900,Debit Card,settled
P00002498,B00002276,2024-01-12,66700,Points,settled
P00002499,B00002277,2025-12-24,1225000,Points,settled
P00002500,B00002278,2025-11-24,140000,Debit Card,settled
P00002501,B00002279,2025-12-01,18700,Bank Transfer,settled
P00002502,B00002280,2025-11-09,385800,Credit Card,settled
P00002503,B00002281,2025-10-04,1995000,Credit Card,settled
P00002504,B00002282,2025-01-08,150300,Bank Transfer,settled
P00002505,B00002283,2025-06-27,604000,Points,settled
P00002506,B00002285,2025-02-11,292000,Credit Card,settled
P00002507,B00002286,2025-01-02,108600,Points,settled
P00002508,B00002287,2024-12-23,565600,Credit Card,settled
P00002509,B00002288,2024-05-07,124000,Debit Card,settled
P00002510,B00002290,2024-05-25,76500,Credit Card,settled
P00002511,B00002291,2025-03-28,180000,Points,settled
P00002512,B00002293,2024-09-16,111600,Credit Card,settled
P00002513,B00002294,2025-06-29,16700,Bank Transfer,settled
P00002514,B00002295,2025-11-27,80800,Debit Card,settled
P00002515,B00002296,2025-01-31,804418,Points,settled
P00002516,B00002297,2025-06-12,143100,Credit Card,settled
P00002517,B00002298,2025-06-14,136000,Bank Transfer,settled
P00002518,B00002299,2024-10-15,450100,Points,settled
P00002519,B00002300,2025-11-17,155324,Bank Transfer,settled
P00002520,B00002301,2024-01-11,61417,Bank Transfer,settled
P00002521,B00002301,2024-01-27,31083,Debit Card,pending
P00002522,B00002302,2024-01-30,135200,Bank Transfer,settled
P00002523,B00002303,2025-06-29,226800,Bank Transfer,settled
P00002524,B00002304,2024-08-07,229900,Debit Card,settled
P00002525,B00002306,2024-08-12,151300,Bank Transfer,settled
P00002526,B00002307,2025-05-23,205700,Points,settled
P00002527,B00002308,2024-09-05,157300,Debit Card,settled
P00002528,B00002308,2024-10-05,-157300,Credit Card,refunded
P00002529,B00002309,2024-04-24,946800,Credit Card,settled
P00002530,B00002309,2024-06-17,-946800,Debit Card,refunded
P00002531,B00002310,2025-01-05,167500,Debit Card,settled
P00002532,B00002311,2024-12-25,256800,Debit Card,settled
P00002533,B00002312,2024-07-09,343000,Bank Transfer,settled
P00002534,B00002313,2025-09-12,281816,Bank Transfer,settled
P00002535,B00002314,2025-05-17,71200,Credit Card,settled
P00002536,B00002315,2025-08-15,42754,Bank Transfer,settled
P00002537,B00002315,2025-08-11,61346,Bank Transfer,pending
P00002538,B00002316,2025-07-31,132400,Bank Transfer,settled
P00002539,B00002317,2025-06-25,84000,Points,settled
P00002540,B00002318,2024-10-31,98420,Bank Transfer,settled
P00002541,B00002318,2024-11-08,31580,Points,pending
P00002542,B00002319,2024-06-03,204600,Debit Card,settled
P00002543,B00002320,2025-05-11,175200,Points,settled
P00002544,B00002321,2024-10-09,151000,Points,settled
P00002545,B00002322,2024-11-25,111600,Points,settled
P00002546,B00002323,2025-12-10,45267,Credit Card,settled
P00002547,B00002323,2025-12-13,34733,Bank Transfer,pending
P00002548,B00002324,2024-03-29,162900,Points,settled
P00002549,B00002325,2025-09-17,189988,Points,settled
P00002550,B00002326,2025-08-16,77400,Debit Card,settled
P00002551,B00002327,2024-08-05,17800,Debit Card,settled
P00002552,B00002328,2025-09-02,212700,Debit Card,settled
P00002553,B00002329,2025-10-17,214200,Points,settled
P00002554,B00002330,2024-03-16,86000,Bank Transfer,settled
P00002555,B00002331,2024-12-17,271600,Points,settled
P00002556,B00002332,2025-01-17,78600,Bank Transfer,settled
P00002557,B00002333,2025-02-22,86500,Credit Card,settled
P00002558,B00002334,2025-02-27,228800,Points,settled
P00002559,B00002335,2025-05-10,258700,Debit Card,settled
P00002560,B00002336,2026-01-15,205700,Debit Card,settled
P00002561,B00002338,2024-09-12,118645,Points,settled
P00002562,B00002338,2024-09-07,58355,Points,pending
P00002563,B00002339,2024-06-15,137400,Bank Transfer,settled
P00002564,B00002340,2025-06-08,62400,Bank Transfer,settled
P00002565,B00002341,2024-11-07,265200,Debit Card,settled
P00002566,B00002342,2025-08-16,1228000,Credit Card,settled
P00002567,B00002343,2024-12-02,158400,Points,settled
P00002568,B00002344,2024-11-01,334400,Credit Card,settled
P00002569,B00002345,2025-05-11,13700,Points,settled
P00002570,B00002346,2024-07-03,35800,Debit Card,settled
P00002571,B00002347,2024-03-10,274400,Credit Card,settled
P00002572,B00002349,2024-03-19,65600,Points,settled
P00002573,B00002350,2024-09-01,160000,Points,settled
P00002574,B00002351,2025-04-20,36800,Credit Card,settled
P00002575,B00002353,2024-07-03,125300,Debit Card,settled
P00002576,B00002354,2025-01-22,98216,Points,settled
P00002577,B00002354,2025-02-06,86284,Debit Card,pending
P00002578,B00002355,2024-08-16,56400,Credit Card,settled
P00002579,B00002356,2024-11-06,638400,Credit Card,settled
P00002580,B00002357,2025-05-15,201600,Bank Transfer,settled
P00002581,B00002358,2024-02-23,454000,Points,settled
P00002582,B00002359,2024-04-07,189600,Debit Card,settled
P00002583,B00002360,2024-05-30,430100,Bank Transfer,settled
P00002584,B00002361,2024-11-19,167700,Bank Transfer,settled
P00002585,B00002362,2025-12-22,195300,Credit Card,settled
P00002586,B00002362,2026-01-16,-34208,Bank Transfer,refunded
P00002587,B00002363,2026-03-06,256100,Bank Transfer,settled
P00002588,B00002363,2026-04-21,-42719,Credit Card,refunded
P00002589,B00002364,2024-02-29,96000,Debit Card,settled
P00002590,B00002364,2024-04-10,-96000,Credit Card,refunded
P00002591,B00002365,2024-09-05,218400,Credit Card,settled
P00002592,B00002365,2024-09-26,-218400,Credit Card,refunded
P00002593,B00002366,2025-10-20,38000,Credit Card,settled
P00002594,B00002367,2025-05-15,45900,Points,settled
P00002595,B00002368,2024-04-23,151562,Points,settled
P00002596,B00002369,2024-12-12,128900,Debit Card,settled
P00002597,B00002369,2025-01-10,-128900,Credit Card,refunded
P00002598,B00002370,2025-03-20,1064000,Debit Card,settled
P00002599,B00002371,2024-06-05,360800,Credit Card,settled
P00002600,B00002372,2025-06-17,180900,Bank Transfer,settled
P00002601,B00002373,2025-11-06,136000,Credit Card,settled
P00002602,B00002374,2025-08-12,53913,Debit Card,settled
P00002603,B00002375,2024-04-22,219700,Points,settled
P00002604,B00002376,2024-08-25,200078,Credit Card,settled
P00002605,B00002377,2025-11-26,163900,Debit Card,settled
P00002606,B00002378,2025-12-18,175500,Bank Transfer,settled
P00002607,B00002379,2025-07-10,179300,Debit Card,settled
P00002608,B00002380,2024-11-21,141600,Debit Card,settled
P00002609,B00002381,2025-10-22,200700,Points,settled
P00002610,B00002382,2024-10-08,31000,Bank Transfer,settled
P00002611,B00002383,2024-10-31,147000,Bank Transfer,settled
P00002612,B00002384,2025-06-06,178875,Credit Card,settled
P00002613,B00002385,2025-12-19,33400,Bank Transfer,settled
P00002614,B00002386,2025-10-16,43400,Credit Card,settled
P00002615,B00002387,2024-07-15,71100,Credit Card,settled
P00002616,B00002387,2024-08-14,-7156,Bank Transfer,refunded
P00002617,B00002388,2026-01-02,119100,Debit Card,settled
P00002618,B00002389,2025-04-27,75000,Credit Card,settled
P00002619,B00002390,2025-09-18,41000,Credit Card,settled
P00002620,B00002391,2024-03-30,62700,Bank Transfer,settled
P00002621,B00002392,2024-12-22,42600,Bank Transfer,settled
P00002622,B00002393,2025-03-21,315700,Points,settled
P00002623,B00002394,2024-12-02,316268,Bank Transfer,settled
P00002624,B00002394,2024-12-06,164932,Bank Transfer,pending
P00002625,B00002395,2024-03-22,25170,Bank Transfer,settled
P00002626,B00002395,2024-03-25,14630,Points,pending
P00002627,B00002396,2024-10-01,231600,Bank Transfer,settled
P00002628,B00002397,2025-07-27,121800,Credit Card,settled
P00002629,B00002398,2025-02-06,120600,Debit Card,settled
P00002630,B00002399,2024-05-16,31600,Debit Card,settled
P00002631,B00002400,2025-07-29,1747200,Points,settled
P00002632,B00002402,2025-04-18,250900,Points,settled
P00002633,B00002403,2025-06-02,61922,Bank Transfer,settled
P00002634,B00002403,2025-05-16,82078,Bank Transfer,pending
P00002635,B00002404,2024-11-10,62100,Debit Card,settled
P00002636,B00002405,2025-01-27,44700,Debit Card,settled
P00002637,B00002406,2026-04-03,60400,Debit Card,settled
P00002638,B00002407,2025-04-21,558000,Credit Card,settled
P00002639,B00002408,2026-02-11,78400,Debit Card,settled
P00002640,B00002409,2026-01-16,160000,Bank Transfer,settled
P00002641,B00002410,2025-01-14,235200,Debit Card,settled
P00002642,B00002411,2025-05-24,111300,Credit Card,settled
P00002643,B00002412,2025-01-20,280800,Credit Card,settled
P00002644,B00002414,2025-06-25,103800,Credit Card,settled
P00002645,B00002414,2025-07-20,-103800,Credit Card,refunded
P00002646,B00002415,2024-06-12,76000,Credit Card,settled
P00002647,B00002416,2024-07-07,261274,Bank Transfer,settled
P00002648,B00002416,2024-07-12,87426,Points,pending
P00002649,B00002417,2024-04-25,34267,Credit Card,settled
P00002650,B00002417,2024-04-17,11033,Bank Transfer,pending
P00002651,B00002418,2024-03-12,180000,Credit Card,settled
P00002652,B00002419,2024-01-24,201600,Debit Card,settled
P00002653,B00002420,2026-01-23,16100,Points,settled
P00002654,B00002421,2024-11-28,192000,Bank Transfer,settled
P00002655,B00002422,2024-09-18,216000,Credit Card,settled
P00002656,B00002423,2024-03-23,81500,Debit Card,settled
P00002657,B00002424,2026-02-03,120300,Points,settled
P00002658,B00002424,2026-03-16,-23199,Credit Card,refunded
P00002659,B00002425,2025-10-27,364800,Bank Transfer,settled
P00002660,B00002426,2025-07-13,34400,Debit Card,settled
P00002661,B00002427,2024-02-20,75956,Points,settled
P00002662,B00002427,2024-02-29,29044,Bank Transfer,pending
P00002663,B00002428,2024-03-12,433000,Bank Transfer,settled
P00002664,B00002429,2025-09-29,241000,Credit Card,settled
P00002665,B00002430,2025-09-28,219700,Debit Card,settled
P00002666,B00002431,2024-01-14,46600,Debit Card,settled
P00002667,B00002432,2025-11-12,206400,Points,settled
P00002668,B00002433,2025-12-27,160000,Debit Card,settled
P00002669,B00002434,2024-03-28,275600,Points,settled
P00002670,B00002435,2024-11-21,36951,Bank Transfer,settled
P00002671,B00002435,2024-12-25,35249,Points,pending
P00002672,B00002436,2024-10-11,328986,Points,settled
P00002673,B00002437,2024-06-22,102400,Bank Transfer,settled
P00002674,B00002438,2024-06-26,222600,Bank Transfer,settled
P00002675,B00002439,2026-01-26,23900,Debit Card,settled
P00002676,B00002440,2025-04-28,273000,Points,settled
P00002677,B00002441,2024-08-29,259000,Debit Card,settled
P00002678,B00002442,2024-02-23,93600,Points,settled
P00002679,B00002443,2025-12-23,60400,Bank Transfer,settled
P00002680,B00002444,2024-04-02,46200,Credit Card,settled
P00002681,B00002445,2024-06-24,183700,Bank Transfer,settled
P00002682,B00002446,2024-06-18,176800,Bank Transfer,settled
P00002683,B00002446,2024-07-17,-176800,Points,refunded
P00002684,B00002447,2025-01-16,74000,Debit Card,settled
P00002685,B00002448,2025-06-26,342000,Debit Card,settled
P00002686,B00002449,2024-11-17,107400,Credit Card,settled
P00002687,B00002450,2025-08-07,188100,Bank Transfer,settled
P00002688,B00002451,2025-01-12,190000,Points,settled
P00002689,B00002452,2024-12-28,117744,Bank Transfer,settled
P00002690,B00002452,2025-01-07,35256,Points,pending
P00002691,B00002453,2024-09-27,111025,Credit Card,settled
P00002692,B00002453,2024-09-09,37775,Debit Card,pending
P00002693,B00002454,2024-09-25,144000,Credit Card,settled
P00002694,B00002455,2024-08-16,419854,Points,settled
P00002695,B00002456,2024-03-16,52800,Debit Card,settled
P00002696,B00002457,2024-10-27,51000,Bank Transfer,settled
P00002697,B00002457,2024-11-17,-51000,Points,refunded
P00002698,B00002458,2025-11-17,867600,Debit Card,settled
P00002699,B00002459,2025-08-21,305200,Debit Card,settled
P00002700,B00002460,2025-01-13,12160,Points,settled
P00002701,B00002460,2025-02-02,8440,Bank Transfer,pending
P00002702,B00002461,2025-02-23,146300,Credit Card,settled
P00002703,B00002462,2025-09-20,195000,Debit Card,settled
P00002704,B00002463,2025-06-22,130900,Debit Card,settled
P00002705,B00002464,2025-04-18,506400,Credit Card,settled
P00002706,B00002465,2024-02-03,87448,Points,settled
P00002707,B00002465,2024-01-25,46952,Bank Transfer,pending
P00002708,B00002466,2025-02-04,62000,Points,settled
P00002709,B00002467,2025-06-29,151600,Points,settled
P00002710,B00002467,2025-08-01,-151600,Bank Transfer,refunded
P00002711,B00002468,2024-05-18,279500,Debit Card,settled
P00002712,B00002469,2024-04-08,60900,Bank Transfer,settled
P00002713,B00002470,2026-01-31,130000,Points,settled
P00002714,B00002471,2025-06-15,168000,Points,settled
P00002715,B00002471,2025-07-23,-168000,Bank Transfer,refunded
P00002716,B00002472,2024-10-06,285600,Points,settled
P00002717,B00002473,2025-05-29,213600,Bank Transfer,settled
P00002718,B00002474,2024-10-20,69600,Bank Transfer,settled
P00002719,B00002475,2024-04-25,229000,Bank Transfer,settled
P00002720,B00002476,2025-02-27,87157,Points,settled
P00002721,B00002476,2025-02-19,109743,Credit Card,pending
P00002722,B00002477,2025-05-07,403200,Points,settled
P00002723,B00002478,2024-04-04,410300,Credit Card,settled
P00002724,B00002479,2025-09-25,138184,Credit Card,settled
P00002725,B00002480,2026-01-03,1421978,Bank Transfer,settled
P00002726,B00002481,2025-12-01,52800,Points,settled
P00002727,B00002482,2024-10-31,285600,Points,settled
P00002728,B00002483,2024-08-21,15300,Bank Transfer,settled
P00002729,B00002484,2025-03-26,15411,Debit Card,settled
P00002730,B00002484,2025-03-18,4689,Credit Card,pending
P00002731,B00002485,2024-10-14,816200,Bank Transfer,settled
P00002732,B00002487,2025-06-02,124600,Bank Transfer,settled
P00002733,B00002488,2025-06-17,101500,Debit Card,settled
P00002734,B00002489,2024-07-03,433200,Bank Transfer,settled
P00002735,B00002490,2025-07-03,212000,Debit Card,settled
P00002736,B00002491,2025-10-25,142200,Debit Card,settled
P00002737,B00002492,2025-09-20,455000,Debit Card,settled
P00002738,B00002493,2024-02-14,238800,Credit Card,settled
P00002739,B00002494,2025-12-31,104300,Credit Card,settled
P00002740,B00002495,2025-12-14,604000,Points,settled
P00002741,B00002496,2025-06-05,13600,Points,settled
P00002742,B00002497,2024-05-20,122400,Points,settled
P00002743,B00002498,2024-10-08,47700,Points,settled
P00002744,B00002499,2025-06-24,173800,Debit Card,settled
P00002745,B00002500,2024-09-23,9984,Credit Card,settled
P00002746,B00002500,2024-09-28,10116,Credit Card,pending
P00002747,B00002501,2024-03-02,120000,Bank Transfer,settled
P00002748,B00002502,2024-04-12,66130,Credit Card,settled
P00002749,B00002503,2024-10-12,179876,Debit Card,settled
P00002750,B00002504,2026-04-17,193000,Debit Card,settled
P00002751,B00002505,2025-12-04,171000,Bank Transfer,settled
P00002752,B00002507,2024-06-01,67111,Debit Card,settled
P00002753,B00002507,2024-07-02,92889,Credit Card,pending
P00002754,B00002508,2025-02-14,541321,Credit Card,settled
P00002755,B00002509,2025-10-13,177000,Bank Transfer,settled
P00002756,B00002510,2024-05-30,85800,Debit Card,settled
P00002757,B00002510,2024-06-12,-14634,Debit Card,refunded
P00002758,B00002511,2024-12-02,159300,Bank Transfer,settled
P00002759,B00002512,2024-02-21,70500,Debit Card,settled
P00002760,B00002513,2024-06-01,193000,Credit Card,settled
P00002761,B00002514,2025-09-13,141600,Debit Card,settled
P00002762,B00002515,2025-11-10,122400,Points,settled
P00002763,B00002516,2025-11-11,47400,Debit Card,settled
P00002764,B00002517,2025-09-24,39300,Debit Card,settled
P00002765,B00002518,2025-08-04,145600,Debit Card,settled
P00002766,B00002519,2024-11-05,264600,Credit Card,settled
P00002767,B00002520,2025-02-23,74400,Debit Card,settled
P00002768,B00002521,2024-07-08,42100,Credit Card,settled
P00002769,B00002522,2025-01-01,59600,Credit Card,settled
P00002770,B00002523,2024-03-31,13800,Debit Card,settled
P00002771,B00002523,2024-04-10,-13800,Debit Card,refunded
P00002772,B00002524,2025-09-20,230065,Debit Card,settled
P00002773,B00002524,2025-08-30,253935,Credit Card,pending
P00002774,B00002525,2026-01-06,55200,Points,settled
P00002775,B00002526,2025-08-28,33600,Bank Transfer,settled
P00002776,B00002527,2026-01-09,150635,Bank Transfer,settled
P00002777,B00002527,2026-01-23,95765,Points,pending
P00002778,B00002528,2025-01-12,96400,Credit Card,settled
P00002779,B00002529,2025-12-11,237600,Credit Card,settled
P00002780,B00002530,2025-06-16,122400,Credit Card,settled
P00002781,B00002531,2024-10-20,102600,Debit Card,settled
P00002782,B00002532,2024-04-22,180600,Credit Card,settled
P00002783,B00002533,2025-10-20,62400,Debit Card,settled
P00002784,B00002534,2026-02-05,97000,Debit Card,settled
P00002785,B00002535,2024-10-27,216700,Debit Card,settled
P00002786,B00002536,2025-03-29,168000,Debit Card,settled
P00002787,B00002537,2025-04-05,218400,Points,settled
P00002788,B00002538,2024-06-14,717600,Points,settled
P00002789,B00002539,2025-04-23,454800,Points,settled
P00002790,B00002540,2024-08-12,91500,Points,settled
P00002791,B00002541,2026-02-04,555200,Credit Card,settled
P00002792,B00002542,2025-08-15,370000,Debit Card,settled
P00002793,B00002543,2025-07-17,169200,Debit Card,settled
P00002794,B00002544,2025-11-28,69200,Debit Card,settled
P00002795,B00002545,2024-08-14,296100,Debit Card,settled
P00002796,B00002546,2025-12-31,173800,Points,settled
P00002797,B00002547,2025-12-13,91000,Credit Card,settled
P00002798,B00002548,2024-12-20,299000,Points,settled
P00002799,B00002549,2024-08-04,243600,Credit Card,settled
P00002800,B00002550,2025-07-02,95200,Points,settled
P00002801,B00002551,2024-09-06,10879,Bank Transfer,settled
P00002802,B00002551,2024-09-01,6721,Debit Card,pending
P00002803,B00002552,2026-01-14,23000,Debit Card,settled
P00002804,B00002553,2025-05-02,52800,Points,settled
P00002805,B00002554,2024-07-31,279600,Points,settled
P00002806,B00002555,2025-07-11,516600,Bank Transfer,settled
P00002807,B00002556,2024-08-17,123200,Bank Transfer,settled
P00002808,B00002557,2024-01-31,269100,Points,settled
P00002809,B00002558,2024-11-27,107400,Bank Transfer,settled
P00002810,B00002559,2024-02-21,518100,Bank Transfer,settled
P00002811,B00002560,2023-12-28,513600,Debit Card,settled
P00002812,B00002561,2025-10-25,74000,Credit Card,settled
P00002813,B00002562,2025-06-24,137600,Credit Card,settled
P00002814,B00002563,2025-01-16,338400,Points,settled
P00002815,B00002564,2024-09-08,256300,Bank Transfer,settled
P00002816,B00002565,2024-11-05,187000,Bank Transfer,settled
P00002817,B00002566,2025-03-18,105600,Credit Card,settled
P00002818,B00002568,2025-07-01,103134,Bank Transfer,settled
P00002819,B00002568,2025-07-05,75866,Debit Card,pending
P00002820,B00002569,2026-01-20,49800,Points,settled
P00002821,B00002571,2024-11-12,143100,Bank Transfer,settled
P00002822,B00002572,2025-04-27,151000,Credit Card,settled
P00002823,B00002573,2025-05-15,97200,Debit Card,settled
P00002824,B00002574,2024-05-27,267400,Credit Card,settled
P00002825,B00002575,2024-12-23,219800,Debit Card,settled
P00002826,B00002576,2024-11-02,190800,Bank Transfer,settled
P00002827,B00002577,2025-05-17,294500,Credit Card,settled
P00002828,B00002578,2024-09-27,399300,Credit Card,settled
P00002829,B00002578,2024-11-14,-399300,Bank Transfer,refunded
P00002830,B00002579,2025-12-10,103000,Bank Transfer,settled
P00002831,B00002580,2025-06-29,244400,Credit Card,settled
P00002832,B00002581,2024-11-30,85000,Debit Card,settled
P00002833,B00002581,2024-12-15,-85000,Bank Transfer,refunded
P00002834,B00002582,2025-06-05,72300,Debit Card,settled
P00002835,B00002583,2024-06-10,64000,Points,settled
P00002836,B00002584,2024-12-11,235581,Credit Card,settled
P00002837,B00002584,2024-12-04,318019,Bank Transfer,pending
P00002838,B00002585,2025-02-09,23400,Credit Card,settled
P00002839,B00002585,2025-03-19,-2720,Credit Card,refunded
P00002840,B00002586,2025-11-17,325500,Credit Card,settled
P00002841,B00002587,2025-12-01,78000,Bank Transfer,settled
P00002842,B00002588,2024-10-31,160500,Debit Card,settled
P00002843,B00002589,2024-05-28,84000,Points,settled
P00002844,B00002590,2024-11-20,936000,Bank Transfer,settled
P00002845,B00002591,2025-11-05,300600,Credit Card,settled
P00002846,B00002592,2026-01-12,44400,Bank Transfer,settled
P00002847,B00002593,2024-06-23,244800,Points,settled
P00002848,B00002593,2024-08-05,-244800,Bank Transfer,refunded
P00002849,B00002594,2024-04-22,128000,Points,settled
P00002850,B00002595,2025-11-12,38600,Bank Transfer,settled
P00002851,B00002596,2025-01-07,100200,Credit Card,settled
P00002852,B00002597,2025-04-08,302900,Debit Card,settled
P00002853,B00002598,2025-10-23,93000,Debit Card,settled
P00002854,B00002599,2024-09-11,92000,Points,settled
P00002855,B00002600,2025-09-03,51900,Bank Transfer,settled
P00002856,B00002601,2024-04-15,101500,Bank Transfer,settled
P00002857,B00002601,2024-04-19,-101500,Debit Card,refunded
P00002858,B00002602,2025-03-31,83200,Credit Card,settled
P00002859,B00002603,2024-03-17,228800,Points,settled
P00002860,B00002604,2025-12-04,933000,Credit Card,settled
P00002861,B00002605,2024-06-23,261300,Credit Card,settled
P00002862,B00002606,2024-05-07,209000,Debit Card,settled
P00002863,B00002607,2025-07-10,280800,Points,settled
P00002864,B00002608,2025-03-19,1619800,Debit Card,settled
P00002865,B00002609,2025-02-19,464800,Debit Card,settled
P00002866,B00002610,2025-01-24,156400,Credit Card,settled
P00002867,B00002611,2025-07-05,181200,Points,settled
P00002868,B00002612,2024-07-29,319842,Debit Card,settled
P00002869,B00002613,2025-06-28,904400,Points,settled
P00002870,B00002614,2024-02-02,173200,Debit Card,settled
P00002871,B00002615,2025-09-23,119700,Bank Transfer,settled
P00002872,B00002616,2025-02-13,216000,Bank Transfer,settled
P00002873,B00002617,2025-08-25,24000,Points,settled
P00002874,B00002617,2025-09-08,-6618,Bank Transfer,refunded
P00002875,B00002618,2024-05-04,164000,Points,settled
P00002876,B00002619,2026-02-09,55200,Credit Card,settled
P00002877,B00002620,2025-06-03,252000,Credit Card,settled
P00002878,B00002621,2024-04-08,59186,Debit Card,settled
P00002879,B00002621,2024-04-19,50414,Bank Transfer,pending
P00002880,B00002622,2026-04-28,847000,Bank Transfer,settled
P00002881,B00002623,2025-06-24,115500,Bank Transfer,settled
P00002882,B00002624,2025-05-05,804000,Bank Transfer,settled
P00002883,B00002625,2025-02-20,63400,Debit Card,settled
P00002884,B00002626,2024-05-20,55420,Bank Transfer,settled
P00002885,B00002627,2025-08-10,165600,Credit Card,settled
P00002886,B00002628,2024-08-09,237600,Credit Card,settled
P00002887,B00002628,2024-09-11,-32334,Bank Transfer,refunded
P00002888,B00002629,2025-05-22,126700,Credit Card,settled
P00002889,B00002630,2024-10-06,487300,Points,settled
P00002890,B00002631,2025-03-12,85200,Debit Card,settled
P00002891,B00002632,2024-04-14,380500,Debit Card,settled
P00002892,B00002633,2024-09-10,172000,Bank Transfer,settled
P00002893,B00002634,2025-09-05,310700,Bank Transfer,settled
P00002894,B00002635,2024-04-30,126600,Credit Card,settled
P00002895,B00002636,2025-11-15,100800,Credit Card,settled
P00002896,B00002636,2025-12-19,-100800,Debit Card,refunded
P00002897,B00002637,2024-11-13,24000,Credit Card,settled
P00002898,B00002638,2025-03-02,262800,Debit Card,settled
P00002899,B00002639,2025-04-12,292600,Credit Card,settled
P00002900,B00002640,2024-04-20,280800,Credit Card,settled
P00002901,B00002641,2025-10-17,77600,Bank Transfer,settled
P00002902,B00002641,2025-12-02,-77600,Points,refunded
P00002903,B00002642,2024-05-05,257600,Debit Card,settled
P00002904,B00002643,2025-12-03,117447,Bank Transfer,settled
P00002905,B00002643,2025-12-02,142153,Debit Card,pending
P00002906,B00002644,2025-06-19,516600,Points,settled
P00002907,B00002645,2026-04-21,719000,Debit Card,settled
P00002908,B00002646,2026-01-01,604500,Credit Card,settled
P00002909,B00002647,2025-12-15,13500,Points,settled
P00002910,B00002648,2025-12-08,78000,Credit Card,settled
P00002911,B00002649,2025-11-16,446600,Debit Card,settled
P00002912,B00002650,2025-03-02,113400,Bank Transfer,settled
P00002913,B00002651,2025-09-22,120800,Points,settled
P00002914,B00002653,2025-05-20,34843,Points,settled
P00002915,B00002654,2024-05-11,16600,Credit Card,settled
P00002916,B00002655,2024-01-03,20500,Bank Transfer,settled
P00002917,B00002655,2024-01-30,-20500,Points,refunded
P00002918,B00002656,2025-06-16,176143,Credit Card,settled
P00002919,B00002657,2025-09-08,137600,Bank Transfer,settled
P00002920,B00002657,2025-10-14,-137600,Bank Transfer,refunded
P00002921,B00002658,2025-10-27,160800,Credit Card,settled
P00002922,B00002659,2025-12-22,363600,Points,settled
P00002923,B00002661,2024-03-29,75200,Debit Card,settled
P00002924,B00002662,2025-03-22,118800,Credit Card,settled
P00002925,B00002663,2024-09-24,15300,Debit Card,settled
P00002926,B00002664,2025-07-07,22700,Debit Card,settled
P00002927,B00002665,2025-07-24,102228,Debit Card,settled
P00002928,B00002665,2025-08-19,104172,Credit Card,pending
P00002929,B00002666,2024-06-29,205800,Bank Transfer,settled
P00002930,B00002667,2025-03-16,380000,Bank Transfer,settled
P00002931,B00002668,2025-02-03,270000,Bank Transfer,settled
P00002932,B00002668,2025-03-13,-270000,Points,refunded
P00002933,B00002669,2026-01-06,277200,Points,settled
P00002934,B00002670,2024-04-23,145600,Credit Card,settled
P00002935,B00002671,2024-08-01,204400,Points,settled
P00002936,B00002672,2025-02-08,205200,Debit Card,settled
P00002937,B00002673,2024-12-18,464294,Debit Card,settled
P00002938,B00002674,2024-10-31,485100,Credit Card,settled
P00002939,B00002674,2024-11-26,-485100,Points,refunded
P00002940,B00002675,2025-04-06,937767,Credit Card,settled
P00002941,B00002676,2024-11-24,386100,Credit Card,settled
P00002942,B00002677,2025-09-15,84400,Credit Card,settled
P00002943,B00002677,2025-09-28,-84400,Debit Card,refunded
P00002944,B00002678,2024-07-23,137700,Debit Card,settled
P00002945,B00002679,2025-02-01,93600,Bank Transfer,settled
P00002946,B00002680,2025-11-26,202800,Debit Card,settled
P00002947,B00002681,2024-04-22,140700,Bank Transfer,settled
P00002948,B00002682,2025-10-02,786800,Debit Card,settled
P00002949,B00002683,2025-11-11,131600,Credit Card,settled
P00002950,B00002684,2025-09-05,17100,Points,settled
P00002951,B00002685,2025-06-03,84400,Debit Card,settled
P00002952,B00002686,2024-05-17,130200,Bank Transfer,settled
P00002953,B00002687,2024-03-04,228800,Credit Card,settled
P00002954,B00002687,2024-03-27,-228800,Credit Card,refunded
P00002955,B00002688,2024-03-21,1521600,Credit Card,settled
P00002956,B00002689,2024-06-06,76000,Debit Card,settled
P00002957,B00002690,2025-03-31,136631,Credit Card,settled
P00002958,B00002690,2025-04-18,48169,Bank Transfer,pending
P00002959,B00002691,2024-09-27,158800,Points,settled
P00002960,B00002692,2026-01-25,258700,Credit Card,settled
P00002961,B00002693,2024-11-10,103800,Points,settled
P00002962,B00002694,2024-03-11,769000,Debit Card,settled
P00002963,B00002695,2024-04-21,396500,Debit Card,settled
P00002964,B00002696,2025-06-18,225484,Points,settled
P00002965,B00002697,2024-03-07,157000,Debit Card,settled
P00002966,B00002699,2025-03-16,102500,Credit Card,settled
P00002967,B00002700,2025-10-22,284200,Bank Transfer,settled
P00002968,B00002701,2026-01-01,189000,Debit Card,settled
P00002969,B00002702,2025-09-02,140800,Points,settled
P00002970,B00002704,2026-02-19,304800,Points,settled
P00002971,B00002705,2024-06-11,374000,Credit Card,settled
P00002972,B00002706,2025-08-06,57300,Credit Card,settled
P00002973,B00002707,2024-05-29,20700,Points,settled
P00002974,B00002708,2024-10-21,204000,Credit Card,settled
P00002975,B00002709,2024-10-14,463000,Debit Card,settled
P00002976,B00002710,2025-02-15,422100,Debit Card,settled
P00002977,B00002711,2024-11-23,247000,Points,settled
P00002978,B00002712,2024-03-03,224900,Bank Transfer,settled
P00002979,B00002713,2025-09-28,149600,Credit Card,settled
P00002980,B00002714,2025-10-09,439600,Points,settled
P00002981,B00002715,2025-11-23,55064,Points,settled
P00002982,B00002715,2025-11-20,36536,Credit Card,pending
P00002983,B00002716,2025-08-15,135800,Credit Card,settled
P00002984,B00002717,2025-04-06,125000,Debit Card,settled
P00002985,B00002718,2024-09-10,151305,Points,settled
P00002986,B00002718,2024-09-07,173495,Bank Transfer,pending
P00002987,B00002719,2025-03-27,130200,Debit Card,settled
P00002988,B00002720,2025-03-29,13600,Bank Transfer,settled
P00002989,B00002721,2024-10-07,205400,Bank Transfer,settled
P00002990,B00002721,2024-10-25,-22631,Points,refunded
P00002991,B00002722,2025-10-02,295200,Debit Card,settled
P00002992,B00002723,2024-12-06,226800,Debit Card,settled
P00002993,B00002723,2025-01-01,-226800,Points,refunded
P00002994,B00002724,2025-03-17,236600,Credit Card,settled
P00002995,B00002725,2025-12-09,102600,Bank Transfer,settled
P00002996,B00002726,2024-06-13,360000,Credit Card,settled
P00002997,B00002726,2024-06-26,-360000,Bank Transfer,refunded
P00002998,B00002727,2025-05-09,110400,Points,settled
P00002999,B00002728,2025-04-12,1230000,Debit Card,settled
P00003000,B00002729,2025-12-21,69600,Debit Card,settled
P00003001,B00002730,2025-02-02,502800,Bank Transfer,settled
P00003002,B00002731,2024-06-23,124600,Debit Card,settled
P00003003,B00002732,2025-05-22,19500,Points,settled
P00003004,B00002733,2026-02-10,1617000,Points,settled
P00003005,B00002734,2025-01-08,21900,Bank Transfer,settled
P00003006,B00002734,2025-01-21,-2688,Bank Transfer,refunded
P00003007,B00002735,2024-05-06,325163,Points,settled
P00003008,B00002736,2025-07-11,411300,Debit Card,settled
P00003009,B00002737,2025-03-01,225060,Points,settled
P00003010,B00002738,2024-08-13,85200,Debit Card,settled
P00003011,B00002739,2025-09-15,211400,Credit Card,settled
P00003012,B00002740,2025-06-13,123000,Credit Card,settled
P00003013,B00002741,2025-01-07,323400,Points,settled
P00003014,B00002742,2025-06-05,35600,Bank Transfer,settled
P00003015,B00002743,2024-12-19,237900,Credit Card,settled
P00003016,B00002744,2025-03-24,97507,Points,settled
P00003017,B00002744,2025-03-28,49493,Credit Card,pending
P00003018,B00002745,2025-07-20,218000,Bank Transfer,settled
P00003019,B00002746,2024-05-15,17800,Credit Card,settled
P00003020,B00002747,2025-08-22,614600,Debit Card,settled
P00003021,B00002748,2025-05-09,72947,Points,settled
P00003022,B00002748,2025-05-09,24053,Bank Transfer,pending
P00003023,B00002749,2026-02-20,240000,Bank Transfer,settled
P00003024,B00002750,2024-08-11,55400,Bank Transfer,settled
P00003025,B00002751,2024-07-10,114800,Bank Transfer,settled
P00003026,B00002752,2024-11-09,165600,Points,settled
P00003027,B00002753,2024-10-10,133500,Points,settled
P00003028,B00002754,2025-02-26,158400,Bank Transfer,settled
P00003029,B00002754,2025-04-03,-158400,Points,refunded
P00003030,B00002755,2025-06-13,232000,Debit Card,settled
P00003031,B00002756,2025-03-04,492300,Debit Card,settled
P00003032,B00002757,2025-05-31,208800,Debit Card,settled
P00003033,B00002758,2025-12-28,472000,Credit Card,settled
P00003034,B00002759,2024-01-24,186200,Credit Card,settled
P00003035,B00002760,2024-11-09,97238,Credit Card,settled
P00003036,B00002760,2024-10-26,50762,Debit Card,pending
P00003037,B00002761,2024-07-24,159300,Points,settled
P00003038,B00002762,2025-05-31,201300,Bank Transfer,settled
P00003039,B00002763,2025-08-09,112000,Debit Card,settled
P00003040,B00002764,2024-12-24,124179,Debit Card,settled
P00003041,B00002764,2024-12-25,83821,Points,pending
P00003042,B00002765,2024-02-29,77600,Bank Transfer,settled
P00003043,B00002766,2025-02-18,204300,Bank Transfer,settled
P00003044,B00002767,2024-12-20,418200,Bank Transfer,settled
P00003045,B00002768,2025-10-15,499200,Debit Card,settled
P00003046,B00002769,2024-07-10,294000,Points,settled
P00003047,B00002769,2024-08-05,-294000,Credit Card,refunded
P00003048,B00002770,2024-10-27,217700,Bank Transfer,settled
P00003049,B00002771,2024-02-24,219600,Credit Card,settled
P00003050,B00002771,2024-04-23,-219600,Bank Transfer,refunded
P00003051,B00002772,2025-03-14,269500,Points,settled
P00003052,B00002773,2025-06-22,206800,Credit Card,settled
P00003053,B00002774,2024-09-05,221200,Bank Transfer,settled
P00003054,B00002775,2024-04-28,160800,Credit Card,settled
P00003055,B00002776,2025-08-29,63600,Points,settled
P00003056,B00002777,2025-06-29,338800,Credit Card,settled
P00003057,B00002778,2024-11-05,95200,Points,settled
P00003058,B00002779,2025-10-14,136800,Credit Card,settled
P00003059,B00002780,2024-05-09,211200,Points,settled
P00003060,B00002781,2025-05-14,161068,Credit Card,settled
P00003061,B00002781,2025-04-25,69032,Bank Transfer,pending
P00003062,B00002782,2025-08-14,314600,Bank Transfer,settled
P00003063,B00002783,2025-06-07,787967,Points,settled
P00003064,B00002784,2025-01-24,275790,Points,settled
P00003065,B00002785,2025-10-09,216700,Bank Transfer,settled
P00003066,B00002786,2025-12-02,235300,Debit Card,settled
P00003067,B00002787,2024-08-29,95400,Credit Card,settled
P00003068,B00002788,2025-10-15,327600,Points,settled
P00003069,B00002789,2025-05-12,52200,Points,settled
P00003070,B00002790,2025-01-18,85500,Credit Card,settled
P00003071,B00002790,2025-02-09,-20407,Bank Transfer,refunded
P00003072,B00002791,2023-12-26,192500,Points,settled
P00003073,B00002792,2025-03-10,57600,Points,settled
P00003074,B00002793,2024-05-13,104500,Credit Card,settled
P00003075,B00002794,2025-09-28,55800,Credit Card,settled
P00003076,B00002795,2025-11-18,289900,Bank Transfer,settled
P00003077,B00002796,2025-09-06,174400,Bank Transfer,settled
P00003078,B00002797,2025-11-30,481600,Debit Card,settled
P00003079,B00002798,2025-08-21,466800,Bank Transfer,settled
P00003080,B00002799,2025-10-31,59087,Points,settled
P00003081,B00002799,2025-10-16,21913,Bank Transfer,pending
P00003082,B00002800,2025-05-29,510900,Points,settled
P00003083,B00002801,2024-09-17,207200,Points,settled
P00003084,B00002802,2025-06-30,51900,Debit Card,settled
P00003085,B00002803,2024-11-09,653400,Points,settled
P00003086,B00002804,2025-08-21,152900,Debit Card,settled
P00003087,B00002805,2025-10-05,457600,Points,settled
P00003088,B00002806,2025-01-27,167000,Bank Transfer,settled
P00003089,B00002807,2025-11-23,589000,Debit Card,settled
P00003090,B00002808,2025-06-09,118400,Bank Transfer,settled
P00003091,B00002809,2024-06-15,747600,Bank Transfer,settled
P00003092,B00002810,2024-07-12,91200,Bank Transfer,settled
P00003093,B00002810,2024-08-24,-91200,Bank Transfer,refunded
P00003094,B00002811,2025-01-16,109200,Bank Transfer,settled
P00003095,B00002812,2024-09-24,92800,Bank Transfer,settled
P00003096,B00002813,2026-02-12,604000,Debit Card,settled
P00003097,B00002814,2024-03-14,147200,Debit Card,settled
P00003098,B00002815,2025-03-28,16200,Points,settled
P00003099,B00002816,2025-07-23,1321000,Bank Transfer,settled
P00003100,B00002817,2025-05-31,41700,Credit Card,settled
P00003101,B00002818,2025-12-17,112700,Bank Transfer,settled
P00003102,B00002819,2024-05-10,113600,Debit Card,settled
P00003103,B00002820,2025-11-06,529200,Points,settled
P00003104,B00002821,2026-02-14,221000,Debit Card,settled
P00003105,B00002822,2025-11-23,102000,Debit Card,settled
P00003106,B00002823,2024-11-06,353600,Debit Card,settled
P00003107,B00002824,2024-05-28,180000,Debit Card,settled
P00003108,B00002825,2024-08-10,124600,Credit Card,settled
P00003109,B00002826,2025-03-27,183000,Points,settled
P00003110,B00002826,2025-04-18,-31106,Bank Transfer,refunded
P00003111,B00002827,2026-03-01,140800,Credit Card,settled
P00003112,B00002828,2025-01-15,146400,Credit Card,settled
P00003113,B00002830,2024-03-16,243100,Points,settled
P00003114,B00002831,2024-11-24,335500,Credit Card,settled
P00003115,B00002832,2024-07-22,102336,Debit Card,settled
P00003116,B00002832,2024-07-24,82464,Points,pending
P00003117,B00002833,2024-11-17,96995,Credit Card,settled
P00003118,B00002833,2024-11-28,88905,Credit Card,pending
P00003119,B00002834,2024-06-12,583700,Points,settled
P00003120,B00002835,2024-03-15,140400,Points,settled
P00003121,B00002836,2024-05-23,36300,Debit Card,settled
P00003122,B00002837,2024-08-24,549238,Bank Transfer,settled
P00003123,B00002837,2024-08-14,567262,Credit Card,pending
P00003124,B00002838,2024-03-02,123200,Points,settled
P00003125,B00002839,2024-09-15,37800,Bank Transfer,settled
P00003126,B00002840,2024-11-28,17400,Debit Card,settled
P00003127,B00002841,2025-05-21,123900,Points,settled
P00003128,B00002841,2025-06-14,-123900,Points,refunded
P00003129,B00002842,2025-02-02,168000,Bank Transfer,settled
P00003130,B00002844,2025-08-21,144900,Bank Transfer,settled
P00003131,B00002845,2025-07-12,157500,Bank Transfer,settled
P00003132,B00002846,2024-08-17,54900,Debit Card,settled
P00003133,B00002847,2024-08-02,158400,Bank Transfer,settled
P00003134,B00002848,2025-02-13,118800,Credit Card,settled
P00003135,B00002849,2025-02-05,86000,Debit Card,settled
P00003136,B00002850,2024-10-09,164100,Bank Transfer,settled
P00003137,B00002851,2025-10-26,261800,Debit Card,settled
P00003138,B00002852,2025-10-07,247000,Points,settled
P00003139,B00002852,2025-11-11,-247000,Bank Transfer,refunded
P00003140,B00002853,2025-12-19,63600,Debit Card,settled
P00003141,B00002854,2026-03-22,262000,Debit Card,settled
P00003142,B00002855,2026-02-13,184800,Debit Card,settled
P00003143,B00002856,2025-09-14,161100,Credit Card,settled
P00003144,B00002857,2024-11-05,107200,Credit Card,settled
P00003145,B00002858,2024-02-26,236600,Points,settled
P00003146,B00002859,2025-03-10,137600,Debit Card,settled
P00003147,B00002859,2025-03-27,-137600,Credit Card,refunded
P00003148,B00002860,2025-03-19,35800,Credit Card,settled
P00003149,B00002861,2024-03-06,1306000,Points,settled
P00003150,B00002862,2025-04-16,79000,Points,settled
P00003151,B00002862,2025-05-24,-79000,Points,refunded
P00003152,B00002863,2025-03-24,91942,Bank Transfer,settled
P00003153,B00002863,2025-04-15,107058,Debit Card,pending
P00003154,B00002864,2025-11-04,722700,Debit Card,settled
P00003155,B00002865,2025-07-14,333000,Debit Card,settled
P00003156,B00002867,2025-10-02,167400,Points,settled
P00003157,B00002868,2025-04-04,120400,Credit Card,settled
P00003158,B00002869,2025-08-12,138600,Debit Card,settled
P00003159,B00002870,2024-06-15,188000,Credit Card,settled
P00003160,B00002871,2025-09-23,52663,Bank Transfer,settled
P00003161,B00002871,2025-09-21,25837,Credit Card,pending
P00003162,B00002872,2025-01-29,146300,Debit Card,settled
P00003163,B00002873,2024-05-26,1020600,Bank Transfer,settled
P00003164,B00002874,2024-06-09,169400,Bank Transfer,settled
P00003165,B00002875,2025-11-26,141600,Debit Card,settled
P00003166,B00002876,2025-10-09,131400,Credit Card,settled
P00003167,B00002877,2024-01-20,100000,Bank Transfer,settled
P00003168,B00002878,2025-07-09,86800,Bank Transfer,settled
P00003169,B00002879,2025-08-10,175500,Debit Card,settled
P00003170,B00002880,2024-04-07,88000,Bank Transfer,settled
P00003171,B00002881,2026-02-22,78400,Credit Card,settled
P00003172,B00002882,2025-02-07,235200,Credit Card,settled
P00003173,B00002883,2025-05-19,31200,Points,settled
P00003174,B00002885,2024-09-14,15800,Bank Transfer,settled
P00003175,B00002886,2026-04-08,263200,Debit Card,settled
P00003176,B00002887,2026-04-07,68200,Points,settled
P00003177,B00002888,2024-11-13,19400,Points,settled
P00003178,B00002889,2024-10-02,895700,Debit Card,settled
P00003179,B00002890,2024-06-05,213470,Bank Transfer,settled
P00003180,B00002890,2024-05-29,272330,Credit Card,pending
P00003181,B00002891,2024-04-25,784781,Debit Card,settled
P00003182,B00002892,2025-12-20,215600,Points,settled
P00003183,B00002894,2024-12-29,70400,Credit Card,settled
P00003184,B00002895,2024-09-14,186000,Credit Card,settled
P00003185,B00002896,2024-10-05,22000,Bank Transfer,settled
P00003186,B00002897,2025-07-14,247200,Credit Card,settled
P00003187,B00002898,2025-03-07,214200,Bank Transfer,settled
P00003188,B00002900,2025-09-02,240000,Debit Card,settled
P00003189,B00002901,2024-06-03,79838,Debit Card,settled
P00003190,B00002901,2024-06-19,85162,Points,pending
P00003191,B00002902,2026-02-17,320600,Points,settled
P00003192,B00002902,2026-03-26,-320600,Bank Transfer,refunded
P00003193,B00002903,2025-08-01,165600,Debit Card,settled
P00003194,B00002904,2024-05-29,156000,Points,settled
P00003195,B00002904,2024-06-18,-156000,Bank Transfer,refunded
P00003196,B00002906,2025-02-06,505372,Points,settled
P00003197,B00002907,2025-06-08,86986,Debit Card,settled
P00003198,B00002908,2026-02-21,233200,Credit Card,settled
P00003199,B00002909,2024-11-27,485800,Debit Card,settled
P00003200,B00002910,2025-09-14,286000,Debit Card,settled
P00003201,B00002911,2024-03-05,96000,Credit Card,settled
P00003202,B00002912,2025-03-20,17300,Debit Card,settled
P00003203,B00002913,2024-12-07,202800,Bank Transfer,settled
P00003204,B00002914,2025-07-06,34200,Bank Transfer,settled
P00003205,B00002915,2025-07-16,411200,Debit Card,settled
P00003206,B00002916,2024-06-22,60400,Bank Transfer,settled
P00003207,B00002917,2024-12-08,135200,Debit Card,settled
P00003208,B00002918,2024-05-20,473200,Points,settled
P00003209,B00002919,2026-01-13,163800,Credit Card,settled
P00003210,B00002919,2026-03-05,-39922,Bank Transfer,refunded
P00003211,B00002920,2024-10-14,177600,Points,settled
P00003212,B00002921,2025-11-19,9676,Debit Card,settled
P00003213,B00002921,2025-10-29,9124,Points,pending
P00003214,B00002922,2024-11-23,214800,Bank Transfer,settled
P00003215,B00002922,2024-12-14,-214800,Points,refunded
P00003216,B00002924,2024-09-20,487386,Bank Transfer,settled
P00003217,B00002925,2024-06-09,435000,Bank Transfer,settled
P00003218,B00002926,2026-03-07,396900,Bank Transfer,settled
P00003219,B00002927,2025-04-23,444000,Credit Card,settled
P00003220,B00002928,2025-01-21,174000,Credit Card,settled
P00003221,B00002929,2025-07-09,89600,Bank Transfer,settled
P00003222,B00002930,2024-01-19,89500,Points,settled
P00003223,B00002931,2025-10-19,123200,Debit Card,settled
P00003224,B00002932,2024-12-21,167300,Credit Card,settled
P00003225,B00002933,2024-07-23,196000,Bank Transfer,settled
P00003226,B00002934,2024-12-12,630400,Bank Transfer,settled
P00003227,B00002935,2025-12-08,179074,Debit Card,settled
P00003228,B00002936,2024-03-15,111600,Points,settled
P00003229,B00002937,2024-11-16,106000,Debit Card,settled
P00003230,B00002938,2025-12-24,234000,Credit Card,settled
P00003231,B00002939,2025-10-25,1032000,Bank Transfer,settled
P00003232,B00002940,2024-08-29,262800,Debit Card,settled
P00003233,B00002941,2025-09-14,52000,Points,settled
P00003234,B00002942,2025-09-08,94000,Credit Card,settled
P00003235,B00002943,2024-08-01,256200,Points,settled
P00003236,B00002944,2025-05-25,238000,Points,settled
P00003237,B00002945,2025-06-01,646400,Credit Card,settled
P00003238,B00002946,2025-12-29,88800,Bank Transfer,settled
P00003239,B00002947,2025-04-15,79200,Bank Transfer,settled
P00003240,B00002948,2025-03-13,89215,Debit Card,settled
P00003241,B00002948,2025-02-20,77985,Points,pending
P00003242,B00002949,2026-01-06,273231,Bank Transfer,settled
P00003243,B00002949,2025-12-12,182769,Points,pending
P00003244,B00002950,2025-06-10,186000,Bank Transfer,settled
P00003245,B00002951,2024-10-09,143400,Debit Card,settled
P00003246,B00002952,2024-09-14,79500,Points,settled
P00003247,B00002953,2024-05-06,611800,Credit Card,settled
P00003248,B00002954,2024-04-17,143000,Debit Card,settled
P00003249,B00002955,2024-01-19,261600,Bank Transfer,settled
P00003250,B00002956,2024-06-12,286300,Bank Transfer,settled
P00003251,B00002957,2024-03-16,174600,Bank Transfer,settled
P00003252,B00002958,2024-05-05,158400,Points,settled
P00003253,B00002959,2024-10-06,78800,Bank Transfer,settled
P00003254,B00002960,2025-08-20,81500,Credit Card,settled
P00003255,B00002961,2024-10-05,109600,Credit Card,settled
P00003256,B00002962,2025-01-10,51900,Debit Card,settled
P00003257,B00002963,2025-07-11,231600,Credit Card,settled
P00003258,B00002964,2024-08-10,131200,Credit Card,settled
P00003259,B00002964,2024-09-14,-131200,Points,refunded
P00003260,B00002965,2025-12-12,159600,Credit Card,settled
P00003261,B00002966,2024-06-04,13500,Debit Card,settled
P00003262,B00002967,2025-05-14,37600,Bank Transfer,settled
P00003263,B00002968,2024-04-29,77200,Debit Card,settled
P00003264,B00002969,2024-05-04,204000,Points,settled
P00003265,B00002969,2024-06-22,-204000,Credit Card,refunded
P00003266,B00002970,2025-03-29,182400,Credit Card,settled
P00003267,B00002971,2025-03-06,72981,Credit Card,settled
P00003268,B00002971,2025-02-18,20619,Points,pending
P00003269,B00002972,2024-12-26,235200,Bank Transfer,settled
P00003270,B00002972,2025-02-09,-235200,Bank Transfer,refunded
P00003271,B00002973,2025-04-11,86977,Credit Card,settled
P00003272,B00002976,2024-05-31,118800,Credit Card,settled
P00003273,B00002977,2025-06-01,182500,Credit Card,settled
P00003274,B00002978,2024-06-28,199800,Points,settled
P00003275,B00002979,2025-10-08,390500,Points,settled
P00003276,B00002980,2024-10-16,280800,Debit Card,settled
P00003277,B00002981,2024-03-26,165600,Points,settled
P00003278,B00002982,2025-01-08,643000,Credit Card,settled
P00003279,B00002983,2026-01-11,25600,Bank Transfer,settled
P00003280,B00002984,2025-11-14,402600,Points,settled
P00003281,B00002985,2025-07-20,22700,Credit Card,settled
P00003282,B00002986,2024-09-05,618500,Points,settled
P00003283,B00002987,2024-07-19,27800,Bank Transfer,settled
P00003284,B00002988,2024-06-06,42000,Points,settled
P00003285,B00002989,2024-06-06,283500,Bank Transfer,settled
P00003286,B00002990,2025-07-14,44400,Debit Card,settled
P00003287,B00002991,2025-06-21,56700,Credit Card,settled
P00003288,B00002993,2024-05-09,241200,Debit Card,settled
P00003289,B00002994,2024-12-16,98700,Bank Transfer,settled
P00003290,B00002995,2025-04-25,96000,Points,settled
P00003291,B00002996,2026-01-25,368000,Bank Transfer,settled
P00003292,B00002997,2025-08-26,34500,Credit Card,settled
P00003293,B00002998,2025-08-15,16900,Bank Transfer,settled
P00003294,B00002999,2025-01-24,276300,Debit Card,settled
P00003295,B00003000,2024-04-28,43100,Bank Transfer,settled
P00003296,B00003001,2024-11-06,114300,Debit Card,settled
P00003297,B00003002,2025-01-21,74400,Credit Card,settled
P00003298,B00003003,2025-04-05,78800,Bank Transfer,settled
P00003299,B00003004,2024-07-31,120600,Debit Card,settled
P00003300,B00003005,2026-01-19,146000,Debit Card,settled
P00003301,B00003006,2026-02-19,109200,Points,settled
P00003302,B00003006,2026-03-30,-109200,Debit Card,refunded
P00003303,B00003007,2024-09-20,62000,Points,settled
P00003304,B00003008,2024-09-01,59600,Debit Card,settled
P00003305,B00003009,2024-08-28,95500,Bank Transfer,settled
P00003306,B00003010,2024-12-23,196300,Points,settled
P00003307,B00003011,2024-09-06,352000,Debit Card,settled
P00003308,B00003012,2024-06-19,185000,Points,settled
P00003309,B00003013,2025-06-20,105000,Debit Card,settled
P00003310,B00003014,2025-11-06,138600,Debit Card,settled
P00003311,B00003015,2024-06-29,208800,Debit Card,settled
P00003312,B00003016,2026-01-29,129000,Debit Card,settled
P00003313,B00003017,2024-08-25,496100,Points,settled
P00003314,B00003018,2024-06-13,39300,Points,settled
P00003315,B00003019,2024-06-11,111200,Points,settled
P00003316,B00003020,2024-08-25,364500,Points,settled
P00003317,B00003021,2025-07-10,93600,Points,settled
P00003318,B00003022,2026-01-21,259200,Bank Transfer,settled
P00003319,B00003023,2025-07-16,525000,Debit Card,settled
P00003320,B00003024,2025-08-03,23300,Debit Card,settled
P00003321,B00003024,2025-09-12,-23300,Debit Card,refunded
P00003322,B00003025,2024-08-04,292000,Debit Card,settled
P00003323,B00003026,2024-07-17,121600,Credit Card,settled
P00003324,B00003027,2025-07-11,702000,Points,settled
P00003325,B00003028,2025-12-11,120800,Bank Transfer,settled
P00003326,B00003029,2025-04-11,51000,Points,settled
P00003327,B00003030,2024-01-22,705000,Points,settled
P00003328,B00003031,2025-10-02,261300,Bank Transfer,settled
P00003329,B00003032,2024-09-08,562800,Credit Card,settled
P00003330,B00003033,2026-02-18,88600,Credit Card,settled
P00003331,B00003034,2024-04-06,268800,Credit Card,settled
P00003332,B00003035,2024-01-05,188000,Bank Transfer,settled
P00003333,B00003036,2024-05-28,689400,Debit Card,settled
P00003334,B00003037,2024-11-24,502150,Credit Card,settled
P00003335,B00003038,2025-03-21,273000,Points,settled
P00003336,B00003039,2025-05-20,139736,Debit Card,settled
P00003337,B00003040,2024-10-10,140591,Credit Card,settled
P00003338,B00003040,2024-10-08,69409,Debit Card,pending
P00003339,B00003041,2024-04-07,138600,Points,settled
P00003340,B00003042,2025-09-06,109200,Debit Card,settled
P00003341,B00003043,2024-08-13,817700,Debit Card,settled
P00003342,B00003044,2024-11-08,370700,Bank Transfer,settled
P00003343,B00003045,2026-03-02,259200,Debit Card,settled
P00003344,B00003046,2025-11-04,130500,Credit Card,settled
P00003345,B00003047,2025-10-31,119200,Credit Card,settled
P00003346,B00003048,2024-06-26,49500,Bank Transfer,settled
P00003347,B00003049,2025-11-22,136000,Debit Card,settled
P00003348,B00003050,2025-01-07,244200,Credit Card,settled
P00003349,B00003050,2025-02-05,-244200,Credit Card,refunded
P00003350,B00003051,2025-09-27,145000,Bank Transfer,settled
P00003351,B00003052,2024-05-05,189000,Credit Card,settled
P00003352,B00003053,2024-10-22,219700,Credit Card,settled
P00003353,B00003054,2025-03-17,175000,Debit Card,settled
P00003354,B00003055,2026-03-27,658000,Credit Card,settled
P00003355,B00003056,2025-08-19,531700,Debit Card,settled
P00003356,B00003056,2025-09-17,-531700,Points,refunded
P00003357,B00003057,2024-07-18,159300,Bank Transfer,settled
P00003358,B00003058,2024-07-30,269100,Bank Transfer,settled
P00003359,B00003059,2025-05-17,109200,Credit Card,settled
P00003360,B00003059,2025-06-15,-20660,Bank Transfer,refunded
P00003361,B00003060,2024-05-01,187600,Credit Card,settled
P00003362,B00003061,2025-08-18,216000,Credit Card,settled
P00003363,B00003062,2024-05-20,70400,Bank Transfer,settled
P00003364,B00003063,2025-10-02,113700,Bank Transfer,settled
P00003365,B00003064,2024-08-08,159169,Debit Card,settled
P00003366,B00003064,2024-08-26,182831,Points,pending
P00003367,B00003065,2025-05-26,140400,Points,settled
P00003368,B00003066,2025-11-27,53100,Points,settled
P00003369,B00003067,2025-07-02,147600,Debit Card,settled
P00003370,B00003068,2024-07-14,177100,Bank Transfer,settled
P00003371,B00003069,2024-05-12,299528,Bank Transfer,settled
P00003372,B00003070,2024-01-21,249900,Bank Transfer,settled
P00003373,B00003071,2025-11-06,120000,Credit Card,settled
P00003374,B00003072,2024-05-15,300300,Credit Card,settled
P00003375,B00003073,2024-12-25,529200,Debit Card,settled
P00003376,B00003074,2025-06-27,698500,Credit Card,settled
P00003377,B00003075,2024-04-08,144900,Credit Card,settled
P00003378,B00003076,2025-10-19,525000,Points,settled
P00003379,B00003077,2025-04-30,14700,Debit Card,settled
P00003380,B00003078,2025-01-28,135200,Points,settled
P00003381,B00003079,2025-08-31,903520,Credit Card,settled
P00003382,B00003080,2024-11-05,337400,Points,settled
P00003383,B00003081,2024-04-12,270200,Debit Card,settled
P00003384,B00003081,2024-05-10,-270200,Debit Card,refunded
P00003385,B00003082,2026-01-24,614600,Credit Card,settled
P00003386,B00003083,2025-10-27,379200,Debit Card,settled
P00003387,B00003084,2024-06-21,208800,Credit Card,settled
P00003388,B00003085,2024-09-19,292500,Debit Card,settled
P00003389,B00003086,2026-02-11,35600,Points,settled
P00003390,B00003087,2025-06-05,178869,Points,settled
P00003391,B00003087,2025-06-28,143131,Debit Card,pending
P00003392,B00003088,2025-06-09,236600,Debit Card,settled
P00003393,B00003089,2025-11-26,320000,Credit Card,settled
P00003394,B00003090,2024-05-23,205400,Debit Card,settled
P00003395,B00003091,2025-06-19,67500,Debit Card,settled
P00003396,B00003091,2025-06-28,-67500,Bank Transfer,refunded
P00003397,B00003093,2026-03-04,145600,Debit Card,settled
P00003398,B00003094,2024-09-30,241200,Credit Card,settled
P00003399,B00003095,2025-10-07,310700,Bank Transfer,settled
P00003400,B00003096,2025-05-23,14300,Bank Transfer,settled
P00003401,B00003097,2024-09-27,262800,Bank Transfer,settled
P00003402,B00003098,2025-06-02,51200,Credit Card,settled
P00003403,B00003099,2024-09-02,115000,Points,settled
P00003404,B00003100,2024-04-26,391683,Credit Card,settled
P00003405,B00003101,2024-08-26,181500,Points,settled
P00003406,B00003102,2025-01-22,331800,Bank Transfer,settled
P00003407,B00003103,2025-08-31,267600,Credit Card,settled
P00003408,B00003104,2025-08-15,19200,Credit Card,settled
P00003409,B00003105,2026-02-26,189000,Points,settled
P00003410,B00003106,2024-08-18,335284,Points,settled
P00003411,B00003107,2025-10-31,349800,Credit Card,settled
P00003412,B00003108,2025-11-06,152000,Debit Card,settled
P00003413,B00003109,2025-10-01,180000,Credit Card,settled
P00003414,B00003110,2025-01-24,238000,Points,settled
P00003415,B00003110,2025-03-23,-238000,Bank Transfer,refunded
P00003416,B00003111,2025-09-23,164415,Points,settled
P00003417,B00003112,2024-02-17,44000,Points,settled
P00003418,B00003113,2025-09-25,200700,Debit Card,settled
P00003419,B00003114,2024-11-26,302400,Credit Card,settled
P00003420,B00003115,2026-01-18,49979,Bank Transfer,settled
P00003421,B00003116,2024-01-27,237900,Credit Card,settled
P00003422,B00003117,2026-02-05,71500,Credit Card,settled
P00003423,B00003118,2026-01-02,197458,Credit Card,settled
P00003424,B00003118,2026-01-18,124542,Debit Card,pending
P00003425,B00003119,2024-12-27,270200,Debit Card,settled
P00003426,B00003119,2025-01-22,-270200,Credit Card,refunded
P00003427,B00003120,2026-02-25,92400,Credit Card,settled
P00003428,B00003121,2024-04-23,395000,Bank Transfer,settled
P00003429,B00003122,2024-11-30,135800,Bank Transfer,settled
P00003430,B00003123,2025-06-06,1002400,Bank Transfer,settled
P00003431,B00003124,2025-03-01,624600,Points,settled
P00003432,B00003125,2024-12-04,65600,Bank Transfer,settled
P00003433,B00003126,2026-01-04,83600,Debit Card,settled
P00003434,B00003127,2025-02-06,103500,Credit Card,settled
P00003435,B00003128,2024-07-29,91000,Bank Transfer,settled
P00003436,B00003129,2024-10-19,227500,Points,settled
P00003437,B00003130,2024-02-19,189900,Points,settled
P00003438,B00003131,2025-11-03,219000,Credit Card,settled
P00003439,B00003132,2024-07-29,911400,Debit Card,settled
P00003440,B00003133,2024-10-22,358000,Debit Card,settled
P00003441,B00003134,2025-05-11,36400,Credit Card,settled
P00003442,B00003135,2025-04-28,869000,Bank Transfer,settled
P00003443,B00003136,2024-02-29,58200,Debit Card,settled
P00003444,B00003137,2024-08-01,320800,Debit Card,settled
P00003445,B00003138,2024-05-31,178800,Bank Transfer,settled
P00003446,B00003139,2024-01-18,45600,Bank Transfer,settled
P00003447,B00003140,2024-08-21,61300,Credit Card,settled
P00003448,B00003141,2025-03-29,150300,Credit Card,settled
P00003449,B00003142,2025-05-26,1408000,Bank Transfer,settled
P00003450,B00003143,2025-02-15,123200,Credit Card,settled
P00003451,B00003143,2025-03-06,-123200,Bank Transfer,refunded
P00003452,B00003144,2024-06-23,619200,Debit Card,settled
P00003453,B00003145,2024-10-18,291600,Points,settled
P00003454,B00003146,2024-08-07,267400,Credit Card,settled
P00003455,B00003147,2025-05-24,292000,Bank Transfer,settled
P00003456,B00003148,2025-08-18,369600,Points,settled
P00003457,B00003149,2025-10-21,188000,Credit Card,settled
P00003458,B00003149,2025-11-11,-188000,Debit Card,refunded
P00003459,B00003150,2025-10-06,111000,Points,settled
P00003460,B00003151,2025-10-08,182000,Debit Card,settled
P00003461,B00003152,2025-12-05,40200,Bank Transfer,settled
P00003462,B00003154,2025-12-15,128800,Debit Card,settled
P00003463,B00003155,2025-06-01,72800,Credit Card,settled
P00003464,B00003156,2024-04-07,392400,Credit Card,settled
P00003465,B00003157,2024-06-19,155200,Bank Transfer,settled
P00003466,B00003158,2025-06-25,98500,Bank Transfer,settled
P00003467,B00003159,2025-07-25,242400,Debit Card,settled
P00003468,B00003159,2025-08-03,-242400,Credit Card,refunded
P00003469,B00003160,2024-05-24,307200,Credit Card,settled
P00003470,B00003161,2024-05-23,375500,Points,settled
P00003471,B00003162,2025-05-14,575900,Credit Card,settled
P00003472,B00003163,2025-12-02,80800,Debit Card,settled
P00003473,B00003164,2025-03-20,136800,Credit Card,settled
P00003474,B00003165,2025-07-29,167400,Credit Card,settled
P00003475,B00003166,2024-07-29,175200,Points,settled
P00003476,B00003167,2024-10-25,199200,Points,settled
P00003477,B00003168,2024-03-17,204000,Debit Card,settled
P00003478,B00003169,2025-07-31,171238,Points,settled
P00003479,B00003169,2025-08-22,46562,Credit Card,pending
P00003480,B00003170,2025-09-12,149829,Points,settled
P00003481,B00003171,2025-02-21,499800,Debit Card,settled
P00003482,B00003172,2024-01-14,171600,Debit Card,settled
P00003483,B00003173,2025-04-05,337400,Bank Transfer,settled
P00003484,B00003175,2024-04-11,792400,Points,settled
P00003485,B00003176,2025-04-08,172000,Points,settled
P00003486,B00003177,2025-07-20,518000,Bank Transfer,settled
P00003487,B00003178,2025-08-11,207000,Debit Card,settled
P00003488,B00003179,2024-06-14,261300,Debit Card,settled
P00003489,B00003180,2024-03-28,305950,Credit Card,settled
P00003490,B00003181,2024-10-25,220800,Credit Card,settled
P00003491,B00003182,2025-10-13,132300,Credit Card,settled
P00003492,B00003183,2025-07-20,76400,Debit Card,settled
P00003493,B00003184,2026-01-21,108745,Bank Transfer,settled
P00003494,B00003184,2026-01-16,84955,Bank Transfer,pending
P00003495,B00003185,2025-10-01,137700,Bank Transfer,settled
P00003496,B00003186,2024-09-10,238800,Points,settled
P00003497,B00003187,2024-05-21,96000,Bank Transfer,settled
P00003498,B00003188,2026-03-04,16533,Bank Transfer,settled
P00003499,B00003188,2026-03-05,13267,Bank Transfer,pending
P00003500,B00003189,2024-03-11,199800,Debit Card,settled
P00003501,B00003190,2025-10-22,181945,Points,settled
P00003502,B00003191,2024-10-22,70500,Bank Transfer,settled
P00003503,B00003191,2024-11-14,-70500,Debit Card,refunded
P00003504,B00003192,2024-11-24,153600,Bank Transfer,settled
P00003505,B00003193,2024-06-08,91600,Credit Card,settled
P00003506,B00003194,2025-09-28,158100,Debit Card,settled
P00003507,B00003194,2025-10-13,-158100,Credit Card,refunded
P00003508,B00003195,2024-10-24,64400,Debit Card,settled
P00003509,B00003196,2025-03-07,68400,Debit Card,settled
P00003510,B00003197,2024-12-25,32298,Debit Card,settled
P00003511,B00003197,2024-12-16,34802,Points,pending
P00003512,B00003198,2026-01-06,128800,Credit Card,settled
P00003513,B00003199,2024-10-25,239600,Credit Card,settled
P00003514,B00003200,2024-11-10,132000,Points,settled
P00003515,B00003201,2025-07-16,214500,Credit Card,settled
P00003516,B00003201,2025-08-20,-58862,Points,refunded
P00003517,B00003202,2024-08-03,19000,Bank Transfer,settled
P00003518,B00003203,2025-05-22,20400,Bank Transfer,settled
P00003519,B00003204,2025-08-01,276900,Points,settled
P00003520,B00003205,2025-05-09,356800,Points,settled
P00003521,B00003206,2024-01-26,110700,Credit Card,settled
P00003522,B00003207,2024-12-08,150036,Bank Transfer,settled
P00003523,B00003208,2025-06-12,60300,Debit Card,settled
P00003524,B00003209,2024-04-25,21141,Bank Transfer,settled
P00003525,B00003209,2024-05-02,18859,Points,pending
P00003526,B00003210,2024-05-08,169800,Bank Transfer,settled
P00003527,B00003211,2025-11-17,88200,Debit Card,settled
P00003528,B00003212,2024-09-08,149200,Bank Transfer,settled
P00003529,B00003214,2025-03-22,35989,Debit Card,settled
P00003530,B00003215,2024-08-12,1365100,Debit Card,settled
P00003531,B00003216,2025-01-19,98000,Debit Card,settled
P00003532,B00003217,2024-08-06,221000,Debit Card,settled
P00003533,B00003218,2026-02-09,287000,Debit Card,settled
P00003534,B00003219,2025-07-08,204000,Credit Card,settled
P00003535,B00003220,2026-03-29,495900,Bank Transfer,settled
P00003536,B00003221,2024-04-21,211858,Debit Card,settled
P00003537,B00003222,2024-01-18,35400,Bank Transfer,settled
P00003538,B00003222,2024-02-08,-35400,Credit Card,refunded
P00003539,B00003223,2024-05-17,127892,Points,settled
P00003540,B00003224,2025-08-03,309400,Debit Card,settled
P00003541,B00003225,2025-12-24,547300,Bank Transfer,settled
P00003542,B00003226,2025-05-26,289200,Debit Card,settled
P00003543,B00003227,2024-06-03,165600,Credit Card,settled
P00003544,B00003228,2024-09-08,474600,Points,settled
P00003545,B00003229,2025-07-18,285600,Points,settled
P00003546,B00003231,2024-11-17,249600,Credit Card,settled
P00003547,B00003232,2025-05-26,69600,Debit Card,settled
P00003548,B00003232,2025-06-18,-69600,Debit Card,refunded
P00003549,B00003233,2024-09-04,192500,Credit Card,settled
P00003550,B00003234,2025-04-01,60000,Debit Card,settled
P00003551,B00003235,2025-05-06,110600,Points,settled
P00003552,B00003236,2025-11-29,214200,Credit Card,settled
P00003553,B00003237,2024-08-11,50819,Points,settled
P00003554,B00003238,2025-08-13,32300,Debit Card,settled
P00003555,B00003239,2024-12-15,33341,Points,settled
P00003556,B00003240,2024-09-20,142200,Points,settled
P00003557,B00003241,2024-07-07,36400,Bank Transfer,settled
P00003558,B00003242,2025-06-07,39658,Points,settled
P00003559,B00003242,2025-05-26,35442,Credit Card,pending
P00003560,B00003243,2025-12-01,249700,Bank Transfer,settled
P00003561,B00003244,2024-11-13,246400,Credit Card,settled
P00003562,B00003245,2024-07-24,197600,Bank Transfer,settled
P00003563,B00003246,2025-06-16,117000,Debit Card,settled
P00003564,B00003247,2024-05-05,1291903,Bank Transfer,settled
P00003565,B00003247,2024-06-06,799797,Credit Card,pending
P00003566,B00003248,2025-12-13,15773,Points,settled
P00003567,B00003248,2025-12-23,21427,Debit Card,pending
P00003568,B00003250,2024-12-19,109800,Credit Card,settled
P00003569,B00003251,2025-04-06,111300,Points,settled
P00003570,B00003252,2024-12-30,126900,Debit Card,settled
P00003571,B00003253,2025-09-11,250600,Credit Card,settled
P00003572,B00003254,2024-08-09,215600,Bank Transfer,settled
P00003573,B00003255,2026-01-19,40400,Debit Card,settled
P00003574,B00003256,2024-07-09,159600,Debit Card,settled
P00003575,B00003257,2024-05-21,171611,Debit Card,settled
P00003576,B00003257,2024-05-29,70189,Credit Card,pending
P00003577,B00003258,2026-01-29,673400,Debit Card,settled
P00003578,B00003259,2024-09-04,80000,Bank Transfer,settled
P00003579,B00003259,2024-10-09,-80000,Debit Card,refunded
P00003580,B00003260,2025-05-05,157500,Bank Transfer,settled
P00003581,B00003261,2024-07-23,127400,Bank Transfer,settled
P00003582,B00003262,2025-08-15,158400,Debit Card,settled
P00003583,B00003263,2024-04-12,488400,Credit Card,settled
P00003584,B00003264,2024-10-14,144800,Bank Transfer,settled
P00003585,B00003265,2024-07-15,129600,Bank Transfer,settled
P00003586,B00003266,2026-01-21,93000,Credit Card,settled
P00003587,B00003267,2025-06-22,101000,Debit Card,settled
P00003588,B00003268,2024-09-23,645633,Credit Card,settled
P00003589,B00003269,2025-04-08,78400,Credit Card,settled
P00003590,B00003270,2024-04-02,44400,Debit Card,settled
P00003591,B00003271,2024-11-18,88800,Points,settled
P00003592,B00003272,2025-07-15,125000,Credit Card,settled
P00003593,B00003273,2025-12-05,100000,Debit Card,settled
P00003594,B00003274,2024-12-24,36800,Points,settled
P00003595,B00003275,2025-11-21,123300,Bank Transfer,settled
P00003596,B00003276,2025-07-25,77400,Credit Card,settled
P00003597,B00003277,2025-05-30,47100,Credit Card,settled
P00003598,B00003278,2024-03-20,273280,Points,settled
P00003599,B00003279,2025-02-12,48200,Credit Card,settled
P00003600,B00003280,2025-12-25,125700,Points,settled
P00003601,B00003281,2025-01-27,109500,Points,settled
P00003602,B00003282,2025-03-06,33000,Bank Transfer,settled
P00003603,B00003283,2025-10-27,30935,Bank Transfer,settled
P00003604,B00003283,2025-11-15,40565,Points,pending
P00003605,B00003284,2024-08-06,151900,Credit Card,settled
P00003606,B00003284,2024-09-07,-41779,Points,refunded
P00003607,B00003285,2024-08-25,386000,Credit Card,settled
P00003608,B00003286,2025-07-05,45600,Credit Card,settled
P00003609,B00003287,2025-03-31,598500,Debit Card,settled
P00003610,B00003288,2025-11-01,60818,Points,settled
P00003611,B00003288,2025-11-01,16582,Debit Card,pending
P00003612,B00003289,2025-03-20,540000,Points,settled
P00003613,B00003290,2025-02-21,150700,Bank Transfer,settled
P00003614,B00003291,2025-11-28,23500,Debit Card,settled
P00003615,B00003292,2024-05-11,228000,Points,settled
P00003616,B00003293,2026-01-14,65600,Credit Card,settled
P00003617,B00003294,2025-11-25,40392,Debit Card,settled
P00003618,B00003294,2025-11-28,48608,Credit Card,pending
P00003619,B00003295,2025-05-16,606000,Points,settled
P00003620,B00003296,2025-01-16,57000,Points,settled
P00003621,B00003297,2025-06-16,212300,Debit Card,settled
P00003622,B00003298,2024-11-13,249200,Bank Transfer,settled
P00003623,B00003299,2026-02-06,76000,Points,settled
P00003624,B00003300,2024-05-06,19204,Bank Transfer,settled
P00003625,B00003300,2024-05-01,15996,Debit Card,pending
P00003626,B00003301,2024-07-21,178685,Credit Card,settled
P00003627,B00003302,2025-03-23,418800,Credit Card,settled
P00003628,B00003303,2024-07-17,230800,Bank Transfer,settled
P00003629,B00003304,2025-09-16,148000,Points,settled
P00003630,B00003305,2025-01-06,196900,Credit Card,settled
P00003631,B00003306,2024-04-22,235300,Bank Transfer,settled
P00003632,B00003308,2025-01-12,538000,Debit Card,settled
P00003633,B00003309,2026-02-25,94000,Bank Transfer,settled
P00003634,B00003310,2025-03-19,198000,Points,settled
P00003635,B00003311,2024-11-23,213200,Debit Card,settled
P00003636,B00003312,2024-02-09,152388,Bank Transfer,settled
P00003637,B00003312,2024-02-04,122112,Debit Card,pending
P00003638,B00003313,2026-02-13,238800,Debit Card,settled
P00003639,B00003314,2024-05-06,48300,Bank Transfer,settled
P00003640,B00003315,2025-11-11,181500,Bank Transfer,settled
P00003641,B00003316,2024-10-14,162000,Debit Card,settled
P00003642,B00003317,2024-05-20,176000,Debit Card,settled
P00003643,B00003317,2024-06-13,-176000,Bank Transfer,refunded
P00003644,B00003318,2025-04-30,1052392,Bank Transfer,settled
P00003645,B00003319,2025-07-29,74000,Credit Card,settled
P00003646,B00003320,2024-10-24,638400,Points,settled
P00003647,B00003321,2024-09-24,116000,Bank Transfer,settled
P00003648,B00003322,2025-08-23,258700,Points,settled
P00003649,B00003323,2024-07-06,52200,Credit Card,settled
P00003650,B00003324,2024-10-17,267800,Debit Card,settled
P00003651,B00003325,2024-04-09,233800,Debit Card,settled
P00003652,B00003325,2024-06-02,-29019,Bank Transfer,refunded
P00003653,B00003326,2024-06-01,83000,Credit Card,settled
P00003654,B00003327,2024-09-03,377300,Credit Card,settled
P00003655,B00003328,2024-08-12,653400,Bank Transfer,settled
P00003656,B00003330,2024-08-30,102200,Points,settled
P00003657,B00003331,2024-07-09,290400,Credit Card,settled
P00003658,B00003332,2025-09-11,103000,Debit Card,settled
P00003659,B00003333,2024-09-04,57300,Debit Card,settled
P00003660,B00003333,2024-10-10,-16572,Credit Card,refunded
P00003661,B00003334,2024-07-02,77400,Credit Card,settled
P00003662,B00003335,2024-04-02,83500,Points,settled
P00003663,B00003336,2025-08-12,455000,Debit Card,settled
P00003664,B00003338,2025-12-20,186600,Credit Card,settled
P00003665,B00003338,2026-01-29,-186600,Bank Transfer,refunded
P00003666,B00003339,2024-12-09,296100,Credit Card,settled
P00003667,B00003340,2025-09-10,385000,Debit Card,settled
P00003668,B00003341,2024-11-24,748800,Debit Card,settled
P00003669,B00003342,2025-02-25,108600,Credit Card,settled
P00003670,B00003343,2025-03-30,126000,Credit Card,settled
P00003671,B00003344,2024-05-05,90000,Bank Transfer,settled
P00003672,B00003345,2024-05-17,160300,Bank Transfer,settled
P00003673,B00003346,2026-02-19,424529,Credit Card,settled
P00003674,B00003346,2026-02-09,195671,Credit Card,pending
P00003675,B00003347,2026-02-02,20927,Bank Transfer,settled
P00003676,B00003348,2025-04-24,105600,Debit Card,settled
P00003677,B00003349,2026-01-17,13300,Bank Transfer,settled
P00003678,B00003350,2025-02-06,198000,Credit Card,settled
P00003679,B00003351,2026-01-31,201600,Debit Card,settled
P00003680,B00003352,2024-08-02,1431600,Credit Card,settled
P00003681,B00003353,2024-03-20,289900,Bank Transfer,settled
P00003682,B00003354,2025-07-08,90921,Credit Card,settled
P00003683,B00003355,2024-08-19,142400,Credit Card,settled
P00003684,B00003356,2026-02-03,195300,Bank Transfer,settled
P00003685,B00003357,2025-04-01,19900,Credit Card,settled
P00003686,B00003358,2025-09-07,30600,Bank Transfer,settled
P00003687,B00003359,2025-09-04,212100,Debit Card,settled
P00003688,B00003360,2025-11-09,159500,Credit Card,settled
P00003689,B00003360,2025-12-04,-46061,Credit Card,refunded
P00003690,B00003361,2024-07-23,216000,Credit Card,settled
P00003691,B00003362,2025-10-14,227500,Points,settled
P00003692,B00003363,2025-10-01,206400,Credit Card,settled
P00003693,B00003364,2025-10-20,278400,Points,settled
P00003694,B00003365,2025-12-03,52860,Debit Card,settled
P00003695,B00003365,2025-12-22,52740,Credit Card,pending
P00003696,B00003366,2025-02-20,203000,Debit Card,settled
P00003697,B00003367,2024-07-21,57000,Points,settled
P00003698,B00003367,2024-08-01,-57000,Credit Card,refunded
P00003699,B00003368,2024-03-24,77112,Points,settled
P00003700,B00003369,2025-03-05,293800,Points,settled
P00003701,B00003370,2025-02-17,466700,Credit Card,settled
P00003702,B00003371,2025-10-15,129600,Points,settled
P00003703,B00003372,2025-10-08,190800,Bank Transfer,settled
P00003704,B00003373,2025-05-21,23718,Debit Card,settled
P00003705,B00003373,2025-05-13,13082,Points,pending
P00003706,B00003374,2024-08-30,29600,Points,settled
P00003707,B00003374,2024-09-15,-7499,Bank Transfer,refunded
P00003708,B00003375,2025-06-11,804100,Debit Card,settled
P00003709,B00003376,2024-12-13,175500,Points,settled
P00003710,B00003377,2025-06-16,313600,Bank Transfer,settled
P00003711,B00003377,2025-07-06,-313600,Debit Card,refunded
P00003712,B00003378,2024-03-28,204300,Credit Card,settled
P00003713,B00003379,2024-09-27,73600,Points,settled
P00003714,B00003380,2024-07-22,118300,Bank Transfer,settled
P00003715,B00003381,2026-04-17,261100,Points,settled
P00003716,B00003382,2024-12-22,509300,Bank Transfer,settled
P00003717,B00003383,2025-02-13,216600,Bank Transfer,settled
P00003718,B00003384,2024-09-11,148000,Debit Card,settled
P00003719,B00003385,2025-03-05,195000,Debit Card,settled
P00003720,B00003386,2025-07-04,178400,Credit Card,settled
P00003721,B00003387,2024-09-23,167000,Debit Card,settled
P00003722,B00003388,2025-11-17,144000,Points,settled
P00003723,B00003389,2025-02-08,27527,Bank Transfer,settled
P00003724,B00003389,2025-02-06,20073,Bank Transfer,pending
P00003725,B00003390,2025-08-29,306900,Bank Transfer,settled
P00003726,B00003391,2024-09-26,145200,Credit Card,settled
P00003727,B00003392,2025-01-25,47100,Credit Card,settled
P00003728,B00003393,2024-03-19,315000,Points,settled
P00003729,B00003394,2025-08-31,187200,Credit Card,settled
P00003730,B00003394,2025-09-29,-187200,Debit Card,refunded
P00003731,B00003395,2024-05-24,78800,Debit Card,settled
P00003732,B00003396,2024-09-25,316400,Points,settled
P00003733,B00003397,2024-12-03,21608,Credit Card,settled
P00003734,B00003397,2024-11-23,11392,Points,pending
P00003735,B00003398,2024-04-11,390900,Debit Card,settled
P00003736,B00003399,2025-12-20,257367,Points,settled
P00003737,B00003400,2025-06-19,184800,Bank Transfer,settled
P00003738,B00003401,2025-07-23,200500,Bank Transfer,settled
P00003739,B00003401,2025-09-01,-200500,Debit Card,refunded
P00003740,B00003402,2026-02-27,262500,Points,settled
P00003741,B00003403,2024-08-26,277600,Debit Card,settled
P00003742,B00003404,2026-01-23,789600,Debit Card,settled
P00003743,B00003405,2024-09-21,159600,Bank Transfer,settled
P00003744,B00003405,2024-10-17,-23837,Bank Transfer,refunded
P00003745,B00003406,2025-10-13,134100,Points,settled
P00003746,B00003407,2026-01-05,434838,Debit Card,settled
P00003747,B00003408,2025-08-19,179919,Debit Card,settled
P00003748,B00003408,2025-08-03,152481,Bank Transfer,pending
P00003749,B00003409,2025-12-11,93715,Credit Card,settled
P00003750,B00003409,2025-12-03,105385,Bank Transfer,pending
P00003751,B00003410,2025-02-07,109200,Credit Card,settled
P00003752,B00003411,2024-12-17,45000,Points,settled
P00003753,B00003412,2025-02-21,780503,Points,settled
P00003754,B00003413,2025-10-22,38000,Points,settled
P00003755,B00003414,2025-08-22,218400,Debit Card,settled
P00003756,B00003414,2025-10-05,-218400,Bank Transfer,refunded
P00003757,B00003415,2025-06-17,1734700,Points,settled
P00003758,B00003416,2025-08-22,173000,Bank Transfer,settled
P00003759,B00003417,2024-04-24,221000,Debit Card,settled
P00003760,B00003418,2024-04-13,84600,Credit Card,settled
P00003761,B00003419,2024-03-18,61541,Bank Transfer,settled
P00003762,B00003419,2024-03-13,65659,Debit Card,pending
P00003763,B00003420,2024-07-10,919800,Credit Card,settled
P00003764,B00003421,2026-01-28,184000,Points,settled
P00003765,B00003422,2025-04-11,105600,Bank Transfer,settled
P00003766,B00003423,2025-02-17,737100,Points,settled
P00003767,B00003424,2025-01-10,227000,Debit Card,settled
P00003768,B00003425,2025-07-29,157171,Debit Card,settled
P00003769,B00003425,2025-07-24,91429,Credit Card,pending
P00003770,B00003426,2024-10-03,447700,Credit Card,settled
P00003771,B00003427,2024-09-08,47200,Debit Card,settled
P00003772,B00003428,2024-05-24,46300,Points,settled
P00003773,B00003429,2024-05-06,1459700,Credit Card,settled
P00003774,B00003430,2025-01-10,93100,Debit Card,settled
P00003775,B00003431,2025-06-14,87600,Debit Card,settled
P00003776,B00003431,2025-07-16,-87600,Credit Card,refunded
P00003777,B00003432,2025-10-09,1072622,Credit Card,settled
P00003778,B00003432,2025-10-22,1098778,Points,pending
P00003779,B00003434,2023-12-30,302900,Points,settled
P00003780,B00003435,2026-01-21,181600,Credit Card,settled
P00003781,B00003436,2024-11-02,1643400,Debit Card,settled
P00003782,B00003437,2026-01-22,1442000,Credit Card,settled
P00003783,B00003438,2025-01-03,646800,Credit Card,settled
P00003784,B00003439,2024-10-21,135800,Credit Card,settled
P00003785,B00003440,2025-11-29,805000,Points,settled
P00003786,B00003441,2024-09-07,77000,Bank Transfer,settled
P00003787,B00003442,2024-12-31,363600,Debit Card,settled
P00003788,B00003443,2024-06-05,896400,Debit Card,settled
P00003789,B00003444,2025-06-01,68400,Bank Transfer,settled
P00003790,B00003445,2024-11-27,438217,Bank Transfer,settled
P00003791,B00003446,2025-12-14,259600,Debit Card,settled
P00003792,B00003447,2025-02-21,223200,Points,settled
P00003793,B00003448,2025-11-01,41000,Bank Transfer,settled
P00003794,B00003449,2025-11-30,153000,Debit Card,settled
P00003795,B00003449,2026-01-09,-153000,Points,refunded
P00003796,B00003450,2024-12-21,152600,Debit Card,settled
P00003797,B00003451,2025-06-09,281400,Debit Card,settled
P00003798,B00003452,2024-11-24,89000,Bank Transfer,settled
P00003799,B00003453,2025-08-21,606200,Debit Card,settled
P00003800,B00003454,2024-09-25,57900,Points,settled
P00003801,B00003455,2025-08-05,273000,Bank Transfer,settled
P00003802,B00003456,2025-09-23,1488000,Debit Card,settled
P00003803,B00003457,2024-11-07,190500,Credit Card,settled
P00003804,B00003458,2025-04-26,113400,Bank Transfer,settled
P00003805,B00003459,2024-09-04,92000,Credit Card,settled
P00003806,B00003460,2024-07-21,17100,Bank Transfer,settled
P00003807,B00003461,2025-10-30,194847,Debit Card,settled
P00003808,B00003461,2025-11-25,52953,Credit Card,pending
P00003809,B00003463,2024-11-13,30800,Points,settled
P00003810,B00003464,2024-07-29,129000,Points,settled
P00003811,B00003465,2024-04-17,46400,Bank Transfer,settled
P00003812,B00003466,2024-08-30,353100,Credit Card,settled
P00003813,B00003467,2026-01-20,195800,Credit Card,settled
P00003814,B00003468,2025-09-01,63600,Debit Card,settled
P00003815,B00003468,2025-10-16,-63600,Credit Card,refunded
P00003816,B00003469,2025-02-07,41100,Bank Transfer,settled
P00003817,B00003470,2025-03-12,274300,Bank Transfer,settled
P00003818,B00003471,2024-07-03,546000,Bank Transfer,settled
P00003819,B00003472,2024-11-07,75600,Points,settled
P00003820,B00003473,2025-08-30,33200,Points,settled
P00003821,B00003474,2025-08-24,68000,Credit Card,settled
P00003822,B00003475,2024-08-14,138400,Points,settled
P00003823,B00003476,2025-12-10,279600,Bank Transfer,settled
P00003824,B00003477,2025-05-18,68600,Credit Card,settled
P00003825,B00003478,2025-01-29,273600,Bank Transfer,settled
P00003826,B00003479,2024-12-30,95635,Debit Card,settled
P00003827,B00003479,2025-01-10,40265,Bank Transfer,pending
P00003828,B00003480,2024-02-17,47700,Debit Card,settled
P00003829,B00003480,2024-03-05,-47700,Bank Transfer,refunded
P00003830,B00003481,2024-07-01,79000,Bank Transfer,settled
P00003831,B00003482,2024-07-27,217000,Credit Card,settled
P00003832,B00003483,2025-09-10,238700,Bank Transfer,settled
P00003833,B00003483,2025-10-09,-238700,Debit Card,refunded
P00003834,B00003484,2024-03-22,186000,Points,settled
P00003835,B00003485,2025-03-06,215200,Credit Card,settled
P00003836,B00003487,2025-08-16,57500,Debit Card,settled
P00003837,B00003488,2025-12-28,407400,Points,settled
P00003838,B00003490,2024-07-28,196900,Debit Card,settled
P00003839,B00003490,2024-08-20,-196900,Debit Card,refunded
P00003840,B00003491,2025-01-25,330300,Bank Transfer,settled
P00003841,B00003492,2026-01-07,152600,Debit Card,settled
P00003842,B00003493,2024-05-20,155500,Points,settled
P00003843,B00003494,2025-12-08,287000,Bank Transfer,settled
P00003844,B00003495,2024-08-18,215600,Debit Card,settled
P00003845,B00003496,2025-04-29,234500,Credit Card,settled
P00003846,B00003497,2025-02-05,229600,Credit Card,settled
P00003847,B00003498,2024-08-05,416000,Debit Card,settled
P00003848,B00003498,2024-09-01,-416000,Debit Card,refunded
P00003849,B00003499,2024-11-13,41726,Bank Transfer,settled
P00003850,B00003499,2024-11-19,54274,Debit Card,pending
P00003851,B00003500,2025-10-15,268800,Debit Card,settled
P00003852,B00003501,2024-10-07,532000,Points,settled
P00003853,B00003502,2025-05-22,588600,Debit Card,settled
P00003854,B00003503,2025-10-23,225600,Credit Card,settled
P00003855,B00003504,2024-10-01,247500,Debit Card,settled
P00003856,B00003505,2025-07-27,304000,Debit Card,settled
P00003857,B00003506,2025-12-02,198000,Credit Card,settled
P00003858,B00003507,2025-11-24,35400,Credit Card,settled
P00003859,B00003508,2024-09-18,188000,Bank Transfer,settled
P00003860,B00003509,2025-09-23,43200,Debit Card,settled
P00003861,B00003510,2025-01-03,66600,Points,settled
P00003862,B00003511,2025-12-14,282000,Bank Transfer,settled
P00003863,B00003512,2024-09-12,188000,Bank Transfer,settled
P00003864,B00003513,2025-03-04,113564,Debit Card,settled
P00003865,B00003513,2025-02-15,57636,Credit Card,pending
P00003866,B00003514,2025-03-30,445200,Bank Transfer,settled
P00003867,B00003515,2025-05-23,248491,Points,settled
P00003868,B00003516,2024-05-23,126000,Bank Transfer,settled
P00003869,B00003517,2024-10-24,182600,Credit Card,settled
P00003870,B00003518,2026-03-28,83000,Points,settled
P00003871,B00003519,2026-01-23,58700,Bank Transfer,settled
P00003872,B00003520,2025-08-26,78000,Credit Card,settled
P00003873,B00003522,2024-12-07,239200,Debit Card,settled
P00003874,B00003523,2024-12-08,31600,Points,settled
P00003875,B00003524,2025-12-12,266400,Bank Transfer,settled
P00003876,B00003525,2025-12-05,227500,Debit Card,settled
P00003877,B00003526,2025-04-16,47000,Bank Transfer,settled
P00003878,B00003527,2025-06-14,17400,Points,settled
P00003879,B00003529,2025-09-19,299600,Credit Card,settled
P00003880,B00003529,2025-11-02,-55496,Credit Card,refunded
P00003881,B00003530,2024-05-30,1061779,Points,settled
P00003882,B00003530,2024-05-11,766021,Points,pending
P00003883,B00003531,2025-11-29,45900,Bank Transfer,settled
P00003884,B00003532,2025-01-27,72800,Debit Card,settled
P00003885,B00003533,2025-01-18,285600,Bank Transfer,settled
P00003886,B00003534,2024-03-09,162900,Debit Card,settled
P00003887,B00003535,2024-11-08,798000,Points,settled
P00003888,B00003536,2025-07-12,648900,Debit Card,settled
P00003889,B00003537,2025-02-24,119700,Bank Transfer,settled
P00003890,B00003537,2025-04-11,-119700,Bank Transfer,refunded
P00003891,B00003538,2025-04-13,17000,Points,settled
P00003892,B00003539,2025-07-06,45300,Debit Card,settled
P00003893,B00003540,2024-10-16,30000,Points,settled
P00003894,B00003541,2025-06-23,23800,Credit Card,settled
P00003895,B00003542,2025-05-03,473200,Points,settled
P00003896,B00003543,2025-05-11,206800,Debit Card,settled
P00003897,B00003544,2024-05-11,195600,Debit Card,settled
P00003898,B00003545,2024-06-11,186000,Bank Transfer,settled
P00003899,B00003546,2025-07-18,223200,Bank Transfer,settled
P00003900,B00003547,2026-03-11,118000,Debit Card,settled
P00003901,B00003548,2025-09-21,384500,Debit Card,settled
P00003902,B00003549,2024-04-14,22400,Credit Card,settled
P00003903,B00003550,2024-06-17,212300,Credit Card,settled
P00003904,B00003551,2024-09-16,33400,Debit Card,settled
P00003905,B00003552,2025-02-22,348700,Debit Card,settled
P00003906,B00003553,2025-08-16,998900,Points,settled
P00003907,B00003554,2025-04-16,227500,Debit Card,settled
P00003908,B00003555,2026-01-18,46200,Credit Card,settled
P00003909,B00003556,2025-10-02,103500,Points,settled
P00003910,B00003557,2025-11-04,70000,Debit Card,settled
P00003911,B00003558,2025-02-27,309400,Points,settled
P00003912,B00003559,2024-07-02,137700,Bank Transfer,settled
P00003913,B00003560,2025-11-08,69000,Points,settled
P00003914,B00003561,2025-12-29,166400,Debit Card,settled
P00003915,B00003562,2024-03-09,78500,Debit Card,settled
P00003916,B00003563,2025-09-28,495600,Points,settled
P00003917,B00003563,2025-10-31,-495600,Credit Card,refunded
P00003918,B00003564,2024-09-04,202800,Debit Card,settled
P00003919,B00003565,2025-03-05,114800,Bank Transfer,settled
P00003920,B00003565,2025-04-08,-114800,Bank Transfer,refunded
P00003921,B00003566,2025-12-22,247200,Credit Card,settled
P00003922,B00003567,2025-05-11,270200,Points,settled
P00003923,B00003568,2025-07-10,641000,Points,settled
P00003924,B00003568,2025-07-15,-641000,Bank Transfer,refunded
P00003925,B00003569,2024-03-21,148000,Bank Transfer,settled
P00003926,B00003570,2024-09-03,277200,Points,settled
P00003927,B00003571,2025-07-03,546593,Debit Card,settled
P00003928,B00003572,2024-05-18,106500,Debit Card,settled
P00003929,B00003573,2025-07-08,53100,Points,settled
P00003930,B00003574,2024-12-23,183200,Bank Transfer,settled
P00003931,B00003575,2025-07-28,322400,Points,settled
P00003932,B00003576,2025-12-19,198000,Credit Card,settled
P00003933,B00003577,2024-06-01,224400,Debit Card,settled
P00003934,B00003578,2025-12-11,105200,Credit Card,settled
P00003935,B00003578,2026-01-08,-17299,Points,refunded
P00003936,B00003580,2024-04-14,50564,Bank Transfer,settled
P00003937,B00003580,2024-04-05,55936,Credit Card,pending
P00003938,B00003582,2025-04-18,843420,Credit Card,settled
P00003939,B00003582,2025-04-20,217780,Bank Transfer,pending
P00003940,B00003583,2024-09-30,207000,Bank Transfer,settled
P00003941,B00003584,2024-05-09,133000,Bank Transfer,settled
P00003942,B00003585,2025-06-27,70300,Bank Transfer,settled
P00003943,B00003586,2024-10-25,364000,Bank Transfer,settled
P00003944,B00003586,2024-11-25,-364000,Bank Transfer,refunded
P00003945,B00003587,2025-06-22,718000,Points,settled
P00003946,B00003588,2024-06-20,200700,Debit Card,settled
P00003947,B00003589,2024-07-08,69600,Credit Card,settled
P00003948,B00003590,2025-03-07,152800,Debit Card,settled
P00003949,B00003591,2025-06-12,180300,Credit Card,settled
P00003950,B00003592,2024-05-13,81500,Bank Transfer,settled
P00003951,B00003593,2026-03-04,231000,Credit Card,settled
P00003952,B00003594,2024-04-29,50167,Points,settled
P00003953,B00003594,2024-04-18,68233,Bank Transfer,pending
P00003954,B00003595,2024-09-08,86400,Debit Card,settled
P00003955,B00003596,2025-09-02,66500,Debit Card,settled
P00003956,B00003597,2024-09-16,329600,Points,settled
P00003957,B00003598,2026-01-08,250800,Bank Transfer,settled
P00003958,B00003599,2024-06-28,231000,Points,settled
P00003959,B00003600,2026-02-05,256100,Points,settled
P00003960,B00003601,2024-11-24,75300,Points,settled
P00003961,B00003602,2025-06-24,235300,Points,settled
P00003962,B00003603,2025-09-23,234000,Credit Card,settled
P00003963,B00003604,2025-06-22,164000,Points,settled
P00003964,B00003605,2024-05-21,163000,Debit Card,settled
P00003965,B00003606,2024-08-13,138400,Bank Transfer,settled
P00003966,B00003607,2024-11-28,170400,Points,settled
P00003967,B00003608,2024-06-29,19600,Debit Card,settled
P00003968,B00003609,2025-09-13,216000,Bank Transfer,settled
P00003969,B00003610,2025-10-08,466800,Debit Card,settled
P00003970,B00003611,2025-08-17,105000,Bank Transfer,settled
P00003971,B00003612,2024-12-02,147400,Debit Card,settled
P00003972,B00003613,2026-01-09,628600,Debit Card,settled
P00003973,B00003614,2025-01-04,82105,Points,settled
P00003974,B00003615,2025-05-25,70200,Credit Card,settled
P00003975,B00003616,2025-09-27,459200,Bank Transfer,settled
P00003976,B00003617,2025-10-20,394900,Points,settled
P00003977,B00003618,2025-03-25,1104600,Credit Card,settled
P00003978,B00003619,2024-02-20,633600,Credit Card,settled
P00003979,B00003620,2025-05-17,207000,Bank Transfer,settled
P00003980,B00003620,2025-06-25,-61840,Credit Card,refunded
P00003981,B00003621,2025-05-13,268800,Debit Card,settled
P00003982,B00003623,2025-01-25,61600,Bank Transfer,settled
P00003983,B00003624,2025-01-06,877800,Points,settled
P00003984,B00003625,2024-05-05,103200,Bank Transfer,settled
P00003985,B00003626,2024-10-18,64726,Points,settled
P00003986,B00003626,2024-11-02,44474,Points,pending
P00003987,B00003627,2024-12-28,283400,Bank Transfer,settled
P00003988,B00003628,2025-10-10,162562,Debit Card,settled
P00003989,B00003629,2024-08-17,17039,Debit Card,settled
P00003990,B00003629,2024-07-30,10161,Credit Card,pending
P00003991,B00003630,2024-08-23,42600,Points,settled
P00003992,B00003631,2024-10-14,327639,Bank Transfer,settled
P00003993,B00003632,2025-10-27,184000,Credit Card,settled
P00003994,B00003633,2025-07-21,204100,Bank Transfer,settled
P00003995,B00003634,2025-07-03,183300,Credit Card,settled
P00003996,B00003636,2025-04-12,35000,Points,settled
P00003997,B00003637,2024-08-06,241800,Points,settled
P00003998,B00003638,2024-06-29,363000,Points,settled
P00003999,B00003639,2024-08-30,412000,Credit Card,settled
P00004000,B00003640,2025-09-15,159000,Debit Card,settled
P00004001,B00003641,2025-04-12,205200,Points,settled
P00004002,B00003642,2024-07-18,98400,Points,settled
P00004003,B00003643,2026-01-29,17200,Credit Card,settled
P00004004,B00003644,2025-09-24,263400,Credit Card,settled
P00004005,B00003645,2024-04-27,226800,Credit Card,settled
P00004006,B00003645,2024-06-06,-226800,Credit Card,refunded
P00004007,B00003646,2025-04-08,97443,Points,settled
P00004008,B00003646,2025-03-10,72157,Credit Card,pending
P00004009,B00003647,2024-10-29,92400,Debit Card,settled
P00004010,B00003648,2024-08-17,662000,Points,settled
P00004011,B00003649,2025-09-26,144000,Debit Card,settled
P00004012,B00003649,2025-11-07,-144000,Bank Transfer,refunded
P00004013,B00003650,2025-05-23,355000,Debit Card,settled
P00004014,B00003651,2024-08-17,166100,Debit Card,settled
P00004015,B00003652,2026-01-02,191400,Bank Transfer,settled
P00004016,B00003654,2025-11-13,134400,Debit Card,settled
P00004017,B00003655,2025-12-08,184800,Credit Card,settled
P00004018,B00003656,2025-03-18,801000,Bank Transfer,settled
P00004019,B00003657,2025-11-18,35000,Points,settled
P00004020,B00003658,2025-08-02,105700,Bank Transfer,settled
P00004021,B00003659,2024-11-28,173800,Bank Transfer,settled
P00004022,B00003660,2024-12-03,67200,Debit Card,settled
P00004023,B00003660,2024-12-23,-10828,Bank Transfer,refunded
P00004024,B00003661,2024-08-16,258700,Bank Transfer,settled
P00004025,B00003662,2024-11-25,152400,Credit Card,settled
P00004026,B00003663,2026-01-20,468246,Credit Card,settled
P00004027,B00003663,2026-01-11,394954,Debit Card,pending
P00004028,B00003664,2024-09-29,166500,Credit Card,settled
P00004029,B00003665,2025-01-04,453600,Credit Card,settled
P00004030,B00003666,2024-02-21,161700,Debit Card,settled
P00004031,B00003667,2025-08-21,47400,Points,settled
P00004032,B00003668,2025-05-23,252000,Bank Transfer,settled
P00004033,B00003669,2024-04-10,48000,Credit Card,settled
P00004034,B00003670,2024-05-27,56800,Points,settled
P00004035,B00003671,2025-12-02,462600,Bank Transfer,settled
P00004036,B00003672,2025-10-31,332516,Debit Card,settled
P00004037,B00003672,2025-10-08,201784,Bank Transfer,pending
P00004038,B00003673,2025-11-10,45900,Points,settled
P00004039,B00003674,2025-02-05,411000,Points,settled
P00004040,B00003675,2024-08-17,174000,Bank Transfer,settled
P00004041,B00003676,2025-11-12,219800,Credit Card,settled
P00004042,B00003677,2025-02-19,525600,Credit Card,settled
P00004043,B00003678,2025-11-18,94800,Bank Transfer,settled
P00004044,B00003679,2024-11-26,151200,Bank Transfer,settled
P00004045,B00003679,2025-01-08,-151200,Credit Card,refunded
P00004046,B00003680,2025-10-25,425100,Bank Transfer,settled
P00004047,B00003681,2025-03-31,273000,Points,settled
P00004048,B00003681,2025-04-27,-273000,Bank Transfer,refunded
P00004049,B00003682,2024-05-18,64000,Credit Card,settled
P00004050,B00003683,2024-07-04,239800,Bank Transfer,settled
P00004051,B00003684,2024-09-16,62400,Bank Transfer,settled
P00004052,B00003685,2024-06-13,17900,Debit Card,settled
P00004053,B00003686,2025-08-10,288400,Credit Card,settled
P00004054,B00003687,2025-07-20,29800,Credit Card,settled
P00004055,B00003688,2025-07-02,119200,Credit Card,settled
P00004056,B00003690,2025-06-28,331200,Bank Transfer,settled
P00004057,B00003692,2025-10-22,137400,Bank Transfer,settled
P00004058,B00003692,2025-11-24,-27382,Debit Card,refunded
P00004059,B00003693,2024-09-03,116200,Credit Card,settled
P00004060,B00003694,2025-05-07,116900,Points,settled
P00004061,B00003695,2025-11-20,34489,Bank Transfer,settled
P00004062,B00003695,2025-10-25,41911,Credit Card,pending
P00004063,B00003696,2025-05-26,238800,Debit Card,settled
P00004064,B00003697,2024-05-06,121500,Points,settled
P00004065,B00003698,2024-07-11,83200,Debit Card,settled
P00004066,B00003698,2024-08-18,-83200,Debit Card,refunded
P00004067,B00003699,2024-09-19,270400,Debit Card,settled
P00004068,B00003700,2024-05-24,64400,Points,settled
P00004069,B00003701,2024-10-26,120400,Points,settled
P00004070,B00003702,2025-04-17,409200,Points,settled
P00004071,B00003704,2024-04-01,205400,Points,settled
P00004072,B00003705,2025-05-27,236400,Bank Transfer,settled
P00004073,B00003706,2026-01-26,179269,Bank Transfer,settled
P00004074,B00003706,2026-01-28,232931,Debit Card,pending
P00004075,B00003707,2025-02-15,324100,Debit Card,settled
P00004076,B00003708,2025-07-20,160600,Bank Transfer,settled
P00004077,B00003709,2024-06-15,130680,Bank Transfer,settled
P00004078,B00003709,2024-07-02,184920,Debit Card,pending
P00004079,B00003710,2024-10-14,904800,Points,settled
P00004080,B00003711,2024-07-28,380760,Bank Transfer,settled
P00004081,B00003711,2024-07-17,206040,Points,pending
P00004082,B00003713,2024-06-16,136500,Credit Card,settled
P00004083,B00003714,2026-01-26,133700,Bank Transfer,settled
P00004084,B00003715,2025-04-19,103800,Credit Card,settled
P00004085,B00003716,2025-04-02,315000,Points,settled
P00004086,B00003717,2025-09-09,664047,Points,settled
P00004087,B00003718,2025-04-28,110400,Credit Card,settled
P00004088,B00003719,2025-10-27,329700,Bank Transfer,settled
P00004089,B00003720,2026-02-26,47310,Debit Card,settled
P00004090,B00003720,2026-02-25,47690,Credit Card,pending
P00004091,B00003721,2024-11-17,218400,Bank Transfer,settled
P00004092,B00003722,2024-10-11,26032,Points,settled
P00004093,B00003722,2024-10-04,19168,Debit Card,pending
P00004094,B00003723,2025-12-12,471395,Credit Card,settled
P00004095,B00003725,2026-02-06,93672,Credit Card,settled
P00004096,B00003725,2026-02-08,27428,Bank Transfer,pending
P00004097,B00003726,2025-05-16,65500,Points,settled
P00004098,B00003726,2025-05-30,-65500,Debit Card,refunded
P00004099,B00003727,2025-04-13,712800,Credit Card,settled
P00004100,B00003728,2025-07-24,16800,Bank Transfer,settled
P00004101,B00003729,2024-07-16,1381200,Bank Transfer,settled
P00004102,B00003730,2025-02-02,221000,Points,settled
P00004103,B00003731,2026-01-08,24606,Credit Card,settled
P00004104,B00003732,2025-04-15,201500,Bank Transfer,settled
P00004105,B00003733,2025-04-09,79200,Bank Transfer,settled
P00004106,B00003734,2025-02-04,144800,Bank Transfer,settled
P00004107,B00003735,2025-01-28,239000,Points,settled
P00004108,B00003736,2026-02-03,13200,Points,settled
P00004109,B00003737,2024-11-02,404000,Debit Card,settled
P00004110,B00003738,2025-08-23,231000,Debit Card,settled
P00004111,B00003739,2025-10-23,200400,Debit Card,settled
P00004112,B00003740,2025-12-18,174000,Debit Card,settled
P00004113,B00003741,2025-03-16,344500,Debit Card,settled
P00004114,B00003742,2024-05-12,141400,Credit Card,settled
P00004115,B00003743,2025-07-16,312800,Credit Card,settled
P00004116,B00003744,2025-02-27,95758,Bank Transfer,settled
P00004117,B00003744,2025-03-10,99242,Points,pending
P00004118,B00003745,2024-07-12,34800,Points,settled
P00004119,B00003746,2025-07-18,224900,Bank Transfer,settled
P00004120,B00003747,2024-08-03,113600,Bank Transfer,settled
P00004121,B00003748,2026-01-24,193000,Credit Card,settled
P00004122,B00003749,2025-04-30,748000,Credit Card,settled
P00004123,B00003750,2025-09-14,81000,Debit Card,settled
P00004124,B00003751,2025-01-13,181000,Points,settled
P00004125,B00003752,2025-04-09,1020600,Debit Card,settled
P00004126,B00003753,2024-01-30,341600,Points,settled
P00004127,B00003754,2025-11-14,111000,Credit Card,settled
P00004128,B00003755,2024-08-19,14629,Bank Transfer,settled
P00004129,B00003755,2024-09-06,4571,Bank Transfer,pending
P00004130,B00003756,2025-11-12,246400,Debit Card,settled
P00004131,B00003756,2025-12-18,-246400,Credit Card,refunded
P00004132,B00003757,2025-01-18,45000,Points,settled
P00004133,B00003758,2024-11-08,41000,Bank Transfer,settled
P00004134,B00003759,2024-09-25,61600,Credit Card,settled
P00004135,B00003760,2025-04-01,245700,Points,settled
P00004136,B00003761,2025-10-16,166500,Debit Card,settled
P00004137,B00003762,2025-12-18,21800,Bank Transfer,settled
P00004138,B00003763,2024-10-29,14500,Points,settled
P00004139,B00003764,2026-01-26,36200,Points,settled
P00004140,B00003765,2024-05-11,76800,Bank Transfer,settled
P00004141,B00003766,2024-04-09,133700,Credit Card,settled
P00004142,B00003766,2024-05-11,-22998,Bank Transfer,refunded
P00004143,B00003767,2025-07-08,225000,Points,settled
P00004144,B00003767,2025-08-07,-225000,Debit Card,refunded
P00004145,B00003768,2024-05-07,66400,Credit Card,settled
P00004146,B00003769,2025-06-17,206700,Debit Card,settled
P00004147,B00003770,2025-08-29,47400,Credit Card,settled
P00004148,B00003771,2025-07-19,178239,Bank Transfer,settled
P00004149,B00003771,2025-07-30,69961,Debit Card,pending
P00004150,B00003772,2024-12-14,111000,Credit Card,settled
P00004151,B00003772,2025-01-01,-111000,Credit Card,refunded
P00004152,B00003773,2025-10-29,431400,Credit Card,settled
P00004153,B00003774,2026-02-10,560400,Points,settled
P00004154,B00003775,2024-07-08,401500,Bank Transfer,settled
P00004155,B00003776,2026-01-13,115800,Points,settled
P00004156,B00003777,2025-08-27,90180,Points,settled
P00004157,B00003777,2025-09-13,43620,Points,pending
P00004158,B00003778,2025-12-16,17300,Credit Card,settled
P00004159,B00003779,2025-04-13,363600,Debit Card,settled
P00004160,B00003780,2026-01-17,636300,Debit Card,settled
P00004161,B00003781,2024-07-29,155800,Bank Transfer,settled
P00004162,B00003782,2025-04-17,266400,Credit Card,settled
P00004163,B00003784,2026-03-17,249600,Credit Card,settled
P00004164,B00003785,2024-07-21,201300,Points,settled
P00004165,B00003786,2024-09-23,118800,Bank Transfer,settled
P00004166,B00003787,2024-09-12,143100,Points,settled
P00004167,B00003788,2024-12-21,79600,Credit Card,settled
P00004168,B00003789,2024-10-12,346800,Credit Card,settled
P00004169,B00003789,2024-11-24,-346800,Bank Transfer,refunded
P00004170,B00003790,2024-03-12,19825,Bank Transfer,settled
P00004171,B00003791,2026-02-02,133200,Points,settled
P00004172,B00003792,2024-07-11,129302,Bank Transfer,settled
P00004173,B00003792,2024-07-10,104498,Debit Card,pending
P00004174,B00003793,2024-04-25,163257,Bank Transfer,settled
P00004175,B00003794,2024-02-08,191400,Points,settled
P00004176,B00003795,2025-07-21,253400,Debit Card,settled
P00004177,B00003796,2025-12-11,72564,Bank Transfer,settled
P00004178,B00003796,2026-01-06,63636,Debit Card,pending
P00004179,B00003797,2024-07-24,595618,Points,settled
P00004180,B00003798,2024-04-27,482900,Credit Card,settled
P00004181,B00003799,2026-02-06,57900,Credit Card,settled
P00004182,B00003800,2024-05-08,720000,Bank Transfer,settled
P00004183,B00003801,2024-03-20,52500,Bank Transfer,settled
P00004184,B00003802,2024-08-29,215600,Debit Card,settled
P00004185,B00003803,2024-12-20,193000,Bank Transfer,settled
P00004186,B00003804,2025-04-26,129500,Debit Card,settled
P00004187,B00003805,2026-02-11,114400,Bank Transfer,settled
P00004188,B00003806,2025-01-01,557700,Points,settled
P00004189,B00003807,2024-06-17,46439,Debit Card,settled
P00004190,B00003808,2024-10-19,185000,Debit Card,settled
P00004191,B00003808,2024-10-29,-185000,Points,refunded
P00004192,B00003809,2025-05-26,31400,Debit Card,settled
P00004193,B00003810,2024-09-30,649800,Debit Card,settled
P00004194,B00003811,2024-04-23,189600,Credit Card,settled
P00004195,B00003812,2024-05-30,199100,Points,settled
P00004196,B00003813,2025-11-24,189200,Debit Card,settled
P00004197,B00003814,2025-03-23,89000,Credit Card,settled
P00004198,B00003815,2025-10-01,86400,Points,settled
P00004199,B00003816,2024-04-13,182400,Credit Card,settled
P00004200,B00003817,2025-08-17,31000,Debit Card,settled
P00004201,B00003818,2024-08-05,185900,Debit Card,settled
P00004202,B00003819,2025-11-06,9786,Debit Card,settled
P00004203,B00003819,2025-11-09,6314,Debit Card,pending
P00004204,B00003820,2024-02-26,360900,Bank Transfer,settled
P00004205,B00003820,2024-03-20,-360900,Bank Transfer,refunded
P00004206,B00003821,2024-03-03,441600,Points,settled
P00004207,B00003822,2025-03-08,222300,Debit Card,settled
P00004208,B00003823,2025-10-01,17400,Debit Card,settled
P00004209,B00003824,2024-12-23,52800,Bank Transfer,settled
P00004210,B00003825,2025-03-15,1124200,Credit Card,settled
P00004211,B00003826,2024-11-28,1907100,Credit Card,settled
P00004212,B00003828,2024-12-17,27301,Points,settled
P00004213,B00003828,2024-12-04,25799,Bank Transfer,pending
P00004214,B00003830,2025-02-22,100448,Credit Card,settled
P00004215,B00003830,2025-02-26,145952,Debit Card,pending
P00004216,B00003831,2025-01-13,117300,Credit Card,settled
P00004217,B00003832,2025-12-22,195000,Bank Transfer,settled
P00004218,B00003833,2025-04-23,135000,Points,settled
P00004219,B00003834,2024-05-13,48900,Bank Transfer,settled
P00004220,B00003835,2024-11-07,304200,Bank Transfer,settled
P00004221,B00003835,2024-12-17,-304200,Points,refunded
P00004222,B00003836,2025-12-19,25888,Debit Card,settled
P00004223,B00003836,2026-01-06,37712,Credit Card,pending
P00004224,B00003837,2025-11-26,288800,Debit Card,settled
P00004225,B00003838,2024-09-13,185900,Bank Transfer,settled
P00004226,B00003839,2025-08-17,274800,Debit Card,settled
P00004227,B00003840,2025-04-28,139700,Bank Transfer,settled
P00004228,B00003841,2025-05-30,95200,Points,settled
P00004229,B00003842,2025-08-17,77000,Debit Card,settled
P00004230,B00003843,2024-08-09,99000,Bank Transfer,settled
P00004231,B00003843,2024-08-29,-99000,Points,refunded
P00004232,B00003844,2025-11-14,292000,Points,settled
P00004233,B00003844,2025-11-27,-292000,Credit Card,refunded
P00004234,B00003845,2024-08-06,55500,Credit Card,settled
P00004235,B00003845,2024-09-15,-55500,Credit Card,refunded
P00004236,B00003846,2024-07-09,80569,Points,settled
P00004237,B00003846,2024-07-12,68431,Points,pending
P00004238,B00003847,2024-10-12,75500,Debit Card,settled
P00004239,B00003848,2025-01-20,156100,Bank Transfer,settled
P00004240,B00003849,2024-08-15,774600,Points,settled
P00004241,B00003849,2024-10-07,-774600,Credit Card,refunded
P00004242,B00003850,2024-03-08,58500,Bank Transfer,settled
P00004243,B00003851,2026-02-09,41700,Debit Card,settled
P00004244,B00003852,2024-10-31,138600,Points,settled
P00004245,B00003853,2025-06-10,60300,Debit Card,settled
P00004246,B00003854,2024-07-11,439000,Bank Transfer,settled
P00004247,B00003855,2025-05-25,75600,Bank Transfer,settled
P00004248,B00003856,2025-09-28,157200,Credit Card,settled
P00004249,B00003857,2024-09-29,311800,Points,settled
P00004250,B00003858,2024-03-31,971833,Bank Transfer,settled
P00004251,B00003859,2025-09-04,176000,Credit Card,settled
P00004252,B00003860,2025-04-10,638400,Bank Transfer,settled
P00004253,B00003861,2025-12-11,41821,Credit Card,settled
P00004254,B00003861,2025-11-25,37379,Debit Card,pending
P00004255,B00003862,2025-02-26,91000,Bank Transfer,settled
P00004256,B00003863,2025-07-21,218200,Bank Transfer,settled
P00004257,B00003866,2024-06-10,443300,Credit Card,settled
P00004258,B00003866,2024-06-25,-89490,Bank Transfer,refunded
P00004259,B00003867,2025-12-21,112800,Points,settled
P00004260,B00003868,2025-06-01,162800,Credit Card,settled
P00004261,B00003869,2024-09-02,300000,Bank Transfer,settled
P00004262,B00003870,2024-02-27,144900,Debit Card,settled
P00004263,B00003871,2024-08-09,175500,Bank Transfer,settled
P00004264,B00003872,2024-04-09,68700,Bank Transfer,settled
P00004265,B00003873,2025-11-05,66400,Credit Card,settled
P00004266,B00003874,2025-04-08,218400,Credit Card,settled
P00004267,B00003875,2025-08-01,245700,Debit Card,settled
P00004268,B00003876,2024-03-24,114600,Points,settled
P00004269,B00003877,2026-03-10,30921,Debit Card,settled
P00004270,B00003877,2026-02-20,8679,Credit Card,pending
P00004271,B00003878,2024-05-05,261300,Credit Card,settled
P00004272,B00003880,2025-03-31,186400,Points,settled
P00004273,B00003881,2025-04-01,113382,Debit Card,settled
P00004274,B00003882,2025-09-12,201300,Points,settled
P00004275,B00003883,2024-08-06,661200,Debit Card,settled
P00004276,B00003884,2025-09-03,95000,Debit Card,settled
P00004277,B00003885,2024-05-26,177000,Credit Card,settled
P00004278,B00003886,2025-09-18,284200,Bank Transfer,settled
P00004279,B00003887,2024-08-09,91500,Points,settled
P00004280,B00003888,2025-01-28,23500,Points,settled
P00004281,B00003889,2025-12-11,28200,Debit Card,settled
P00004282,B00003889,2025-12-22,-28200,Debit Card,refunded
P00004283,B00003890,2025-12-24,580803,Points,settled
P00004284,B00003890,2026-01-01,415297,Debit Card,pending
P00004285,B00003891,2024-12-21,145800,Credit Card,settled
P00004286,B00003892,2025-06-27,215600,Credit Card,settled
P00004287,B00003893,2025-07-06,393300,Points,settled
P00004288,B00003894,2024-01-26,217200,Credit Card,settled
P00004289,B00003895,2024-09-20,246400,Credit Card,settled
P00004290,B00003896,2025-02-07,80000,Debit Card,settled
P00004291,B00003897,2024-09-04,269100,Bank Transfer,settled
P00004292,B00003898,2024-05-16,68800,Points,settled
P00004293,B00003899,2025-12-02,13300,Bank Transfer,settled
P00004294,B00003900,2024-03-17,134000,Bank Transfer,settled
P00004295,B00003901,2024-05-22,96565,Bank Transfer,settled
P00004296,B00003901,2024-05-02,55235,Credit Card,pending
P00004297,B00003902,2024-04-28,535067,Debit Card,settled
P00004298,B00003903,2024-01-15,33600,Bank Transfer,settled
P00004299,B00003903,2024-02-22,-33600,Points,refunded
P00004300,B00003904,2026-01-29,559200,Debit Card,settled
P00004301,B00003905,2024-11-01,274300,Points,settled
P00004302,B00003906,2025-05-11,204300,Debit Card,settled
P00004303,B00003906,2025-06-15,-204300,Credit Card,refunded
P00004304,B00003907,2026-02-02,76500,Bank Transfer,settled
P00004305,B00003908,2024-07-22,187000,Bank Transfer,settled
P00004306,B00003909,2026-01-15,915200,Debit Card,settled
P00004307,B00003910,2025-11-18,299200,Credit Card,settled
P00004308,B00003911,2025-08-24,647200,Credit Card,settled
P00004309,B00003912,2025-12-06,347200,Bank Transfer,settled
P00004310,B00003913,2024-08-31,29400,Credit Card,settled
P00004311,B00003914,2025-02-19,67600,Credit Card,settled
P00004312,B00003915,2025-03-30,273000,Points,settled
P00004313,B00003916,2025-10-24,193600,Debit Card,settled
P00004314,B00003917,2024-11-20,128400,Points,settled
P00004315,B00003918,2024-05-21,94550,Debit Card,settled
P00004316,B00003918,2024-05-21,43150,Credit Card,pending
P00004317,B00003919,2025-11-04,22100,Bank Transfer,settled
P00004318,B00003920,2026-01-30,67600,Debit Card,settled
P00004319,B00003921,2024-12-17,184500,Points,settled
P00004320,B00003922,2024-12-28,186000,Debit Card,settled
P00004321,B00003922,2025-02-07,-186000,Bank Transfer,refunded
P00004322,B00003923,2025-02-22,538516,Points,settled
P00004323,B00003923,2025-03-08,770984,Debit Card,pending
P00004324,B00003924,2024-11-26,1585200,Bank Transfer,settled
P00004325,B00003925,2024-03-25,177600,Points,settled
P00004326,B00003925,2024-05-05,-177600,Debit Card,refunded
P00004327,B00003926,2024-06-09,31200,Bank Transfer,settled
P00004328,B00003927,2024-02-14,211000,Credit Card,settled
P00004329,B00003928,2025-01-25,157000,Debit Card,settled
P00004330,B00003928,2025-02-14,-157000,Points,refunded
P00004331,B00003929,2025-04-14,301000,Debit Card,settled
P00004332,B00003930,2025-04-03,108500,Bank Transfer,settled
P00004333,B00003931,2024-12-26,103800,Credit Card,settled
P00004334,B00003932,2025-11-03,130400,Debit Card,settled
P00004335,B00003933,2025-12-13,517600,Bank Transfer,settled
P00004336,B00003934,2025-02-17,1061000,Points,settled
P00004337,B00003935,2024-07-17,269100,Points,settled
P00004338,B00003935,2024-08-29,-269100,Bank Transfer,refunded
P00004339,B00003936,2024-04-03,230000,Points,settled
P00004340,B00003937,2024-11-29,294000,Debit Card,settled
P00004341,B00003939,2024-03-09,165000,Points,settled
P00004342,B00003940,2026-01-03,84600,Credit Card,settled
P00004343,B00003941,2025-12-01,23100,Debit Card,settled
P00004344,B00003942,2025-09-11,364000,Points,settled
P00004345,B00003943,2024-04-17,291267,Credit Card,settled
P00004346,B00003943,2024-05-12,159933,Debit Card,pending
P00004347,B00003944,2024-05-06,121800,Debit Card,settled
P00004348,B00003945,2024-02-16,1471400,Debit Card,settled
P00004349,B00003945,2024-03-11,-1471400,Points,refunded
P00004350,B00003946,2026-02-23,145385,Bank Transfer,settled
P00004351,B00003947,2025-03-27,140000,Bank Transfer,settled
P00004352,B00003948,2024-01-01,301000,Points,settled
P00004353,B00003948,2024-02-19,-301000,Bank Transfer,refunded
P00004354,B00003949,2024-10-22,315142,Debit Card,settled
P00004355,B00003950,2024-09-14,137600,Points,settled
P00004356,B00003951,2024-03-21,163268,Debit Card,settled
P00004357,B00003951,2024-03-14,200332,Points,pending
P00004358,B00003952,2025-10-23,85000,Debit Card,settled
P00004359,B00003952,2025-11-06,-19416,Bank Transfer,refunded
P00004360,B00003953,2026-01-06,16500,Debit Card,settled
P00004361,B00003954,2025-07-26,70800,Credit Card,settled
P00004362,B00003955,2024-04-20,180900,Debit Card,settled
P00004363,B00003956,2025-01-25,23000,Credit Card,settled
P00004364,B00003956,2025-01-28,-23000,Credit Card,refunded
P00004365,B00003957,2024-12-30,514800,Debit Card,settled
P00004366,B00003958,2025-06-06,111000,Points,settled
P00004367,B00003959,2025-05-13,242200,Debit Card,settled
P00004368,B00003960,2025-12-28,152800,Bank Transfer,settled
P00004369,B00003961,2024-07-12,100500,Points,settled
P00004370,B00003962,2025-03-30,166092,Debit Card,settled
P00004371,B00003963,2025-11-23,234000,Credit Card,settled
P00004372,B00003964,2025-02-05,1283700,Bank Transfer,settled
P00004373,B00003965,2024-12-27,152000,Debit Card,settled
P00004374,B00003965,2025-01-10,-43647,Credit Card,refunded
P00004375,B00003966,2024-05-09,32600,Credit Card,settled
P00004376,B00003967,2025-09-07,65600,Credit Card,settled
P00004377,B00003968,2024-02-17,295100,Credit Card,settled
P00004378,B00003969,2024-12-25,21800,Credit Card,settled
P00004379,B00003970,2024-05-30,49200,Bank Transfer,settled
P00004380,B00003971,2024-12-20,120600,Debit Card,settled
P00004381,B00003972,2024-12-22,69800,Debit Card,settled
P00004382,B00003973,2025-08-24,79600,Points,settled
P00004383,B00003974,2024-03-11,124600,Points,settled
P00004384,B00003975,2025-11-28,298688,Points,settled
P00004385,B00003975,2025-12-03,132112,Bank Transfer,pending
P00004386,B00003976,2025-05-08,525600,Points,settled
P00004387,B00003977,2024-11-25,187200,Debit Card,settled
P00004388,B00003978,2025-02-02,17500,Credit Card,settled
P00004389,B00003978,2025-02-20,-17500,Debit Card,refunded
P00004390,B00003979,2024-05-07,84000,Credit Card,settled
P00004391,B00003980,2025-02-04,572000,Debit Card,settled
P00004392,B00003981,2025-10-26,83000,Bank Transfer,settled
P00004393,B00003982,2025-01-03,32800,Points,settled
P00004394,B00003983,2024-07-12,151000,Credit Card,settled
P00004395,B00003984,2024-08-07,518400,Debit Card,settled
P00004396,B00003985,2026-01-06,108600,Points,settled
P00004397,B00003986,2025-03-12,172000,Credit Card,settled
P00004398,B00003987,2025-09-10,165000,Points,settled
P00004399,B00003988,2024-12-26,45600,Debit Card,settled
P00004400,B00003989,2024-04-22,1561300,Credit Card,settled
P00004401,B00003990,2025-07-14,225600,Bank Transfer,settled
P00004402,B00003991,2024-01-08,185000,Points,settled
P00004403,B00003992,2025-10-02,480200,Points,settled
P00004404,B00003993,2024-11-21,408600,Bank Transfer,settled
P00004405,B00003994,2024-08-21,261600,Credit Card,settled
P00004406,B00003995,2025-09-05,309400,Bank Transfer,settled
P00004407,B00003995,2025-10-02,-45514,Credit Card,refunded
P00004408,B00003996,2024-08-12,19700,Debit Card,settled
P00004409,B00003997,2025-08-28,191400,Bank Transfer,settled
P00004410,B00003998,2024-07-16,19200,Bank Transfer,settled
P00004411,B00003999,2024-05-10,142400,Credit Card,settled
P00004412,B00004000,2024-09-22,196800,Debit Card,settled
P00004413,B00004001,2025-06-19,140700,Bank Transfer,settled
P00004414,B00004002,2024-06-16,194600,Bank Transfer,settled
P00004415,B00004003,2025-03-08,137200,Debit Card,settled
P00004416,B00004004,2024-06-25,170700,Credit Card,settled
P00004417,B00004005,2024-12-21,415800,Bank Transfer,settled
P00004418,B00004006,2024-12-07,76500,Bank Transfer,settled
P00004419,B00004007,2025-09-09,196900,Credit Card,settled
P00004420,B00004008,2024-03-21,362700,Credit Card,settled
P00004421,B00004008,2024-05-02,-362700,Points,refunded
P00004422,B00004009,2025-03-30,259200,Points,settled
P00004423,B00004010,2025-10-23,159200,Debit Card,settled
P00004424,B00004011,2024-05-13,595800,Debit Card,settled
P00004425,B00004012,2025-01-14,232100,Bank Transfer,settled
P00004426,B00004013,2024-07-17,448000,Credit Card,settled
P00004427,B00004014,2025-11-17,240500,Debit Card,settled
P00004428,B00004015,2025-01-15,89600,Credit Card,settled
P00004429,B00004016,2024-01-29,66800,Bank Transfer,settled
P00004430,B00004017,2025-09-19,325800,Credit Card,settled
P00004431,B00004017,2025-10-20,-325800,Credit Card,refunded
P00004432,B00004018,2025-06-16,722400,Bank Transfer,settled
P00004433,B00004020,2025-12-18,391300,Bank Transfer,settled
P00004434,B00004021,2025-12-08,716000,Bank Transfer,settled
P00004435,B00004022,2025-10-06,666678,Bank Transfer,settled
P00004436,B00004022,2025-10-29,257622,Points,pending
P00004437,B00004023,2024-06-13,503800,Bank Transfer,settled
P00004438,B00004024,2024-08-01,91500,Points,settled
P00004439,B00004025,2024-12-07,52400,Credit Card,settled
P00004440,B00004026,2026-01-03,103200,Bank Transfer,settled
P00004441,B00004027,2024-08-26,259700,Bank Transfer,settled
P00004442,B00004028,2025-09-23,75700,Bank Transfer,settled
P00004443,B00004029,2025-04-01,680500,Credit Card,settled
P00004444,B00004030,2025-12-28,189823,Credit Card,settled
P00004445,B00004030,2025-12-06,148977,Bank Transfer,pending
P00004446,B00004031,2024-07-02,65500,Points,settled
P00004447,B00004032,2024-06-22,297000,Debit Card,settled
P00004448,B00004032,2024-07-14,-297000,Points,refunded
P00004449,B00004033,2025-04-18,22600,Credit Card,settled
P00004450,B00004034,2025-08-06,124000,Credit Card,settled
P00004451,B00004035,2025-07-05,215000,Bank Transfer,settled
P00004452,B00004036,2025-01-04,1173000,Credit Card,settled
P00004453,B00004037,2026-02-12,173800,Points,settled
P00004454,B00004038,2025-03-03,449200,Debit Card,settled
P00004455,B00004039,2025-04-19,32200,Points,settled
P00004456,B00004040,2025-11-14,1799200,Bank Transfer,settled
P00004457,B00004041,2025-05-10,1354100,Credit Card,settled
P00004458,B00004042,2025-08-20,126600,Debit Card,settled
P00004459,B00004043,2025-10-15,263200,Points,settled
P00004460,B00004044,2025-06-03,211200,Bank Transfer,settled
P00004461,B00004045,2025-06-16,184800,Points,settled
P00004462,B00004046,2024-04-19,236600,Points,settled
P00004463,B00004047,2024-11-15,154000,Debit Card,settled
P00004464,B00004048,2024-06-03,96000,Points,settled
P00004465,B00004049,2025-07-15,88800,Bank Transfer,settled
P00004466,B00004051,2024-05-02,143152,Bank Transfer,settled
P00004467,B00004052,2024-11-26,261800,Bank Transfer,settled
P00004468,B00004053,2025-02-21,57200,Credit Card,settled
P00004469,B00004054,2024-04-08,16700,Bank Transfer,settled
P00004470,B00004055,2024-12-29,60600,Points,settled
P00004471,B00004056,2024-12-22,222000,Debit Card,settled
P00004472,B00004057,2024-05-24,61000,Points,settled
P00004473,B00004057,2024-06-29,-14541,Points,refunded
P00004474,B00004058,2024-07-08,60188,Points,settled
P00004475,B00004060,2024-02-29,47800,Credit Card,settled
P00004476,B00004061,2024-09-21,18100,Credit Card,settled
P00004477,B00004062,2024-04-20,106375,Points,settled
P00004478,B00004062,2024-04-25,96425,Points,pending
P00004479,B00004063,2025-11-03,162000,Debit Card,settled
P00004480,B00004064,2024-01-27,80714,Points,settled
P00004481,B00004064,2024-01-23,116686,Points,pending
P00004482,B00004065,2024-09-23,955200,Debit Card,settled
P00004483,B00004066,2024-09-05,176128,Bank Transfer,settled
P00004484,B00004067,2024-07-02,51600,Bank Transfer,settled
P00004485,B00004068,2025-07-28,562900,Credit Card,settled
P00004486,B00004069,2025-02-14,51300,Debit Card,settled
P00004487,B00004070,2024-12-04,171184,Bank Transfer,settled
P00004488,B00004071,2024-08-23,259800,Points,settled
P00004489,B00004072,2024-08-01,1296000,Bank Transfer,settled
P00004490,B00004073,2025-05-31,75200,Debit Card,settled
P00004491,B00004074,2025-09-11,282000,Bank Transfer,settled
P00004492,B00004075,2025-06-16,96000,Points,settled
P00004493,B00004076,2025-05-13,135000,Bank Transfer,settled
P00004494,B00004077,2024-06-13,961800,Bank Transfer,settled
P00004495,B00004078,2024-11-08,134400,Bank Transfer,settled
P00004496,B00004079,2024-03-20,202000,Debit Card,settled
P00004497,B00004080,2025-02-28,74400,Debit Card,settled
P00004498,B00004081,2025-04-23,92400,Points,settled
P00004499,B00004082,2025-03-02,241200,Bank Transfer,settled
P00004500,B00004083,2024-07-12,96800,Points,settled
P00004501,B00004084,2025-04-15,104500,Bank Transfer,settled
P00004502,B00004086,2025-02-08,22700,Debit Card,settled
P00004503,B00004087,2024-08-16,184500,Points,settled
P00004504,B00004087,2024-09-03,-184500,Credit Card,refunded
P00004505,B00004088,2025-03-04,220800,Debit Card,settled
P00004506,B00004089,2024-06-03,653800,Bank Transfer,settled
P00004507,B00004090,2026-01-16,73050,Points,settled
P00004508,B00004090,2026-02-01,53550,Credit Card,pending
P00004509,B00004091,2025-09-02,93616,Bank Transfer,settled
P00004510,B00004091,2025-08-07,86984,Bank Transfer,pending
P00004511,B00004092,2024-09-16,202400,Credit Card,settled
P00004512,B00004093,2024-06-05,211000,Points,settled
P00004513,B00004094,2025-01-29,334400,Points,settled
P00004514,B00004095,2024-07-17,263400,Points,settled
P00004515,B00004095,2024-08-27,-263400,Points,refunded
P00004516,B00004096,2025-04-23,142954,Points,settled
P00004517,B00004098,2024-11-09,159200,Bank Transfer,settled
P00004518,B00004099,2024-03-14,103600,Credit Card,settled
P00004519,B00004100,2024-10-02,21900,Points,settled
P00004520,B00004101,2026-02-05,202000,Credit Card,settled
P00004521,B00004102,2025-02-07,176400,Points,settled
P00004522,B00004103,2026-01-11,109200,Bank Transfer,settled
P00004523,B00004104,2025-12-31,37800,Credit Card,settled
P00004524,B00004106,2026-01-02,140000,Credit Card,settled
P00004525,B00004107,2024-03-22,580400,Debit Card,settled
P00004526,B00004109,2026-03-10,188500,Debit Card,settled
P00004527,B00004110,2025-10-21,421400,Debit Card,settled
P00004528,B00004111,2024-08-28,127200,Points,settled
P00004529,B00004112,2025-09-06,50400,Debit Card,settled
P00004530,B00004113,2024-10-27,96900,Bank Transfer,settled
P00004531,B00004114,2025-06-27,157500,Debit Card,settled
P00004532,B00004115,2024-07-30,54600,Credit Card,settled
P00004533,B00004116,2025-02-20,237206,Credit Card,settled
P00004534,B00004117,2024-12-09,156800,Bank Transfer,settled
P00004535,B00004117,2024-12-25,-44159,Debit Card,refunded
P00004536,B00004118,2025-04-17,17500,Points,settled
P00004537,B00004119,2024-03-31,236094,Points,settled
P00004538,B00004120,2025-07-03,102740,Debit Card,settled
P00004539,B00004120,2025-07-03,92260,Bank Transfer,pending
P00004540,B00004121,2025-08-21,65859,Points,settled
P00004541,B00004122,2025-04-03,224200,Points,settled
P00004542,B00004122,2025-05-23,-224200,Points,refunded
P00004543,B00004123,2025-11-03,63600,Debit Card,settled
P00004544,B00004124,2024-05-12,618800,Bank Transfer,settled
P00004545,B00004125,2025-06-09,139800,Credit Card,settled
P00004546,B00004126,2025-03-27,213400,Bank Transfer,settled
P00004547,B00004127,2024-11-11,514800,Points,settled
P00004548,B00004128,2026-01-18,612300,Credit Card,settled
P00004549,B00004129,2024-07-03,57600,Bank Transfer,settled
P00004550,B00004130,2024-07-27,180000,Debit Card,settled
P00004551,B00004131,2024-09-09,182000,Points,settled
P00004552,B00004131,2024-09-26,-182000,Credit Card,refunded
P00004553,B00004132,2024-11-08,221200,Points,settled
P00004554,B00004134,2025-08-13,26600,Bank Transfer,settled
P00004555,B00004135,2024-05-29,96120,Points,settled
P00004556,B00004135,2024-05-30,140280,Points,pending
P00004557,B00004136,2025-12-28,1836800,Debit Card,settled
P00004558,B00004137,2024-09-18,72800,Bank Transfer,settled
P00004559,B00004138,2025-05-15,77200,Points,settled
P00004560,B00004139,2025-02-16,525200,Points,settled
P00004561,B00004140,2024-06-01,288000,Points,settled
P00004562,B00004141,2024-11-30,386100,Credit Card,settled
P00004563,B00004142,2024-08-19,291600,Points,settled
P00004564,B00004143,2024-08-19,31200,Bank Transfer,settled
P00004565,B00004144,2026-01-26,1777200,Debit Card,settled
P00004566,B00004144,2026-02-16,-1777200,Bank Transfer,refunded
P00004567,B00004145,2025-05-07,15600,Debit Card,settled
P00004568,B00004146,2025-05-31,1541000,Bank Transfer,settled
P00004569,B00004147,2024-03-15,148000,Debit Card,settled
P00004570,B00004148,2024-08-23,941200,Debit Card,settled
P00004571,B00004149,2026-02-09,409500,Bank Transfer,settled
P00004572,B00004150,2025-07-04,88890,Bank Transfer,settled
P00004573,B00004150,2025-07-17,107310,Debit Card,pending
P00004574,B00004151,2025-09-01,196900,Debit Card,settled
P00004575,B00004152,2025-12-09,103500,Points,settled
P00004576,B00004153,2025-06-18,157500,Bank Transfer,settled
P00004577,B00004154,2024-02-29,1938000,Credit Card,settled
P00004578,B00004155,2025-04-13,179000,Credit Card,settled
P00004579,B00004156,2025-04-19,54000,Points,settled
P00004580,B00004157,2024-08-10,217000,Debit Card,settled
P00004581,B00004158,2025-04-29,87600,Bank Transfer,settled
P00004582,B00004159,2024-10-25,114100,Points,settled
P00004583,B00004160,2024-07-28,254800,Points,settled
P00004584,B00004161,2024-06-19,107800,Bank Transfer,settled
P00004585,B00004162,2025-10-09,148400,Bank Transfer,settled
P00004586,B00004163,2025-02-05,115500,Credit Card,settled
P00004587,B00004164,2025-11-27,58000,Credit Card,settled
P00004588,B00004165,2026-01-18,14660,Bank Transfer,settled
P00004589,B00004165,2026-02-05,19740,Points,pending
P00004590,B00004166,2025-06-30,1082000,Bank Transfer,settled
P00004591,B00004168,2024-05-02,113400,Bank Transfer,settled
P00004592,B00004169,2024-05-26,181500,Points,settled
P00004593,B00004170,2025-03-17,99000,Bank Transfer,settled
P00004594,B00004171,2025-07-01,144000,Points,settled
P00004595,B00004172,2025-03-06,132300,Bank Transfer,settled
P00004596,B00004173,2024-04-24,104400,Credit Card,settled
P00004597,B00004174,2025-11-10,232400,Debit Card,settled
P00004598,B00004175,2024-05-07,167349,Debit Card,settled
P00004599,B00004176,2024-11-23,80500,Debit Card,settled
P00004600,B00004177,2024-02-19,110100,Points,settled
P00004601,B00004178,2026-02-27,40000,Credit Card,settled
P00004602,B00004179,2024-07-12,32400,Bank Transfer,settled
P00004603,B00004180,2025-04-25,157000,Debit Card,settled
P00004604,B00004181,2024-05-22,119743,Credit Card,settled
P00004605,B00004181,2024-05-31,111657,Debit Card,pending
P00004606,B00004182,2024-11-19,13229,Debit Card,settled
P00004607,B00004182,2024-11-25,16971,Credit Card,pending
P00004608,B00004183,2025-06-27,59100,Points,settled
P00004609,B00004184,2024-12-06,502800,Points,settled
P00004610,B00004185,2025-06-03,158200,Debit Card,settled
P00004611,B00004186,2026-01-13,15800,Bank Transfer,settled
P00004612,B00004187,2025-09-30,214000,Credit Card,settled
P00004613,B00004188,2024-10-08,175028,Debit Card,settled
P00004614,B00004188,2024-11-07,260572,Points,pending
P00004615,B00004190,2025-05-24,69900,Bank Transfer,settled
P00004616,B00004192,2025-04-11,23000,Points,settled
P00004617,B00004193,2025-02-08,180400,Bank Transfer,settled
P00004618,B00004194,2024-04-02,104000,Points,settled
P00004619,B00004195,2025-02-13,64800,Debit Card,settled
P00004620,B00004196,2024-08-10,77165,Credit Card,settled
P00004621,B00004196,2024-08-26,79435,Points,pending
P00004622,B00004197,2024-11-08,46800,Debit Card,settled
P00004623,B00004197,2024-11-21,-46800,Debit Card,refunded
P00004624,B00004198,2024-08-04,17700,Credit Card,settled
P00004625,B00004199,2024-09-18,130499,Bank Transfer,settled
P00004626,B00004199,2024-09-26,43301,Points,pending
P00004627,B00004200,2024-06-26,116400,Bank Transfer,settled
P00004628,B00004201,2025-07-22,124200,Bank Transfer,settled
P00004629,B00004202,2024-06-14,121100,Bank Transfer,settled
P00004630,B00004203,2024-10-29,163492,Credit Card,settled
P00004631,B00004203,2024-10-26,118508,Bank Transfer,pending
P00004632,B00004204,2025-04-21,73600,Debit Card,settled
P00004633,B00004204,2025-05-10,-73600,Points,refunded
P00004634,B00004205,2025-06-26,161700,Points,settled
P00004635,B00004205,2025-08-07,-27684,Bank Transfer,refunded
P00004636,B00004206,2025-08-17,270600,Points,settled
P00004637,B00004207,2024-12-08,589293,Points,settled
P00004638,B00004208,2024-03-14,115693,Credit Card,settled
P00004639,B00004209,2025-12-16,13645,Credit Card,settled
P00004640,B00004209,2025-11-15,17755,Points,pending
P00004641,B00004210,2025-10-19,42500,Points,settled
P00004642,B00004211,2025-02-10,120000,Points,settled
P00004643,B00004212,2025-03-04,231600,Points,settled
P00004644,B00004213,2025-11-23,40500,Bank Transfer,settled
P00004645,B00004214,2024-04-30,175200,Bank Transfer,settled
P00004646,B00004215,2024-05-15,93300,Debit Card,settled
P00004647,B00004216,2025-09-19,297500,Debit Card,settled
P00004648,B00004217,2025-03-24,64800,Credit Card,settled
P00004649,B00004218,2024-07-19,259000,Points,settled
P00004650,B00004219,2024-07-20,327600,Credit Card,settled
P00004651,B00004220,2024-11-30,211000,Bank Transfer,settled
P00004652,B00004221,2024-10-31,151200,Credit Card,settled
P00004653,B00004221,2024-12-19,-35862,Credit Card,refunded
P00004654,B00004222,2024-06-08,42300,Bank Transfer,settled
P00004655,B00004223,2024-03-14,110122,Credit Card,settled
P00004656,B00004223,2024-03-28,29878,Debit Card,pending
P00004657,B00004224,2025-05-22,38800,Bank Transfer,settled
P00004658,B00004225,2025-01-10,274800,Debit Card,settled
P00004659,B00004226,2024-11-14,338700,Debit Card,settled
P00004660,B00004227,2024-11-30,488800,Debit Card,settled
P00004661,B00004228,2025-12-11,469200,Bank Transfer,settled
P00004662,B00004230,2024-05-08,221400,Debit Card,settled
P00004663,B00004231,2026-01-02,86000,Debit Card,settled
P00004664,B00004232,2024-12-15,225600,Debit Card,settled
P00004665,B00004233,2025-08-28,172700,Credit Card,settled
P00004666,B00004234,2024-05-30,186300,Credit Card,settled
P00004667,B00004235,2025-04-28,216700,Points,settled
P00004668,B00004236,2025-05-10,210600,Debit Card,settled
P00004669,B00004238,2024-02-26,158000,Debit Card,settled
P00004670,B00004239,2024-11-14,90500,Debit Card,settled
P00004671,B00004240,2024-07-06,72000,Credit Card,settled
P00004672,B00004241,2026-02-06,445200,Points,settled
P00004673,B00004241,2026-03-09,-445200,Points,refunded
P00004674,B00004242,2025-07-11,29200,Credit Card,settled
P00004675,B00004242,2025-07-29,-5220,Points,refunded
P00004676,B00004243,2025-09-23,217800,Bank Transfer,settled
P00004677,B00004244,2025-01-24,211900,Debit Card,settled
P00004678,B00004245,2024-12-26,116700,Points,settled
P00004679,B00004246,2025-01-18,257400,Credit Card,settled
P00004680,B00004247,2024-10-26,31800,Points,settled
P00004681,B00004248,2024-06-22,95400,Debit Card,settled
P00004682,B00004249,2025-05-30,121300,Debit Card,settled
P00004683,B00004250,2025-01-21,146700,Bank Transfer,settled
P00004684,B00004251,2024-04-11,17148,Credit Card,settled
P00004685,B00004251,2024-04-05,18452,Debit Card,pending
P00004686,B00004252,2025-03-15,1378246,Points,settled
P00004687,B00004253,2025-03-11,207200,Credit Card,settled
P00004688,B00004253,2025-05-11,-207200,Points,refunded
P00004689,B00004254,2025-10-23,100500,Credit Card,settled
P00004690,B00004255,2025-10-25,260000,Bank Transfer,settled
P00004691,B00004256,2025-09-24,18800,Points,settled
P00004692,B00004257,2026-02-26,979300,Debit Card,settled
P00004693,B00004258,2025-07-24,238400,Bank Transfer,settled
P00004694,B00004259,2024-12-03,215800,Bank Transfer,settled
P00004695,B00004260,2024-08-31,540400,Debit Card,settled
P00004696,B00004261,2024-06-20,20600,Bank Transfer,settled
P00004697,B00004262,2024-09-24,265200,Points,settled
P00004698,B00004263,2024-03-29,96967,Points,settled
P00004699,B00004263,2024-03-16,130033,Bank Transfer,pending
P00004700,B00004265,2024-10-21,42600,Debit Card,settled
P00004701,B00004266,2024-10-27,42200,Points,settled
P00004702,B00004267,2024-04-13,714000,Points,settled
P00004703,B00004268,2025-05-26,206800,Debit Card,settled
P00004704,B00004269,2025-07-31,175500,Credit Card,settled
P00004705,B00004269,2025-09-02,-24933,Credit Card,refunded
P00004706,B00004270,2025-12-16,10652,Bank Transfer,settled
P00004707,B00004270,2025-12-13,3748,Debit Card,pending
P00004708,B00004271,2024-10-07,16700,Debit Card,settled
P00004709,B00004271,2024-11-02,-16700,Bank Transfer,refunded
P00004710,B00004272,2024-06-25,134400,Debit Card,settled
P00004711,B00004273,2025-07-01,26800,Debit Card,settled
P00004712,B00004274,2024-09-16,78500,Debit Card,settled
P00004713,B00004275,2024-05-14,303200,Credit Card,settled
P00004714,B00004276,2025-06-23,47400,Bank Transfer,settled
P00004715,B00004277,2024-02-20,1446000,Bank Transfer,settled
P00004716,B00004278,2025-02-24,20063,Credit Card,settled
P00004717,B00004278,2025-02-17,17937,Bank Transfer,pending
P00004718,B00004279,2024-11-21,228000,Credit Card,settled
P00004719,B00004281,2025-02-10,66000,Bank Transfer,settled
P00004720,B00004282,2026-03-12,39200,Bank Transfer,settled
P00004721,B00004283,2025-03-19,128000,Debit Card,settled
P00004722,B00004284,2024-09-17,121100,Debit Card,settled
P00004723,B00004285,2025-06-28,203500,Credit Card,settled
P00004724,B00004286,2026-01-23,346500,Credit Card,settled
P00004725,B00004287,2024-06-25,182000,Bank Transfer,settled
P00004726,B00004288,2024-09-20,48400,Bank Transfer,settled
P00004727,B00004289,2024-06-08,153600,Points,settled
P00004728,B00004290,2024-07-23,143000,Credit Card,settled
P00004729,B00004291,2024-05-16,117600,Debit Card,settled
P00004730,B00004292,2024-06-13,447700,Credit Card,settled
P00004731,B00004293,2025-02-12,372000,Points,settled
P00004732,B00004294,2025-06-12,138300,Bank Transfer,settled
P00004733,B00004295,2025-01-01,72000,Credit Card,settled
P00004734,B00004296,2024-04-12,139500,Bank Transfer,settled
P00004735,B00004297,2025-12-05,250800,Debit Card,settled
P00004736,B00004298,2025-04-15,288800,Points,settled
P00004737,B00004299,2025-12-18,417200,Credit Card,settled
P00004738,B00004299,2026-01-11,-72328,Bank Transfer,refunded
P00004739,B00004300,2024-02-21,70800,Debit Card,settled
P00004740,B00004300,2024-03-07,-70800,Points,refunded
P00004741,B00004301,2025-08-15,70400,Credit Card,settled
P00004742,B00004302,2024-04-10,25600,Points,settled
P00004743,B00004303,2024-11-05,231000,Points,settled
P00004744,B00004304,2024-09-07,66800,Points,settled
P00004745,B00004305,2026-02-06,466200,Credit Card,settled
P00004746,B00004306,2024-11-20,139470,Points,settled
P00004747,B00004306,2024-10-28,63930,Credit Card,pending
P00004748,B00004307,2024-11-10,52148,Credit Card,settled
P00004749,B00004307,2024-11-02,62152,Points,pending
P00004750,B00004308,2024-08-08,78600,Credit Card,settled
P00004751,B00004309,2024-04-20,261000,Points,settled
P00004752,B00004310,2024-04-15,178541,Debit Card,settled
P00004753,B00004311,2024-05-31,538000,Points,settled
P00004754,B00004312,2026-01-26,43745,Credit Card,settled
P00004755,B00004312,2026-02-01,37055,Credit Card,pending
P00004756,B00004313,2024-08-10,221100,Bank Transfer,settled
P00004757,B00004314,2024-02-23,427700,Bank Transfer,settled
P00004758,B00004315,2024-07-04,19200,Points,settled
P00004759,B00004316,2025-05-28,36271,Debit Card,settled
P00004760,B00004316,2025-05-08,20129,Bank Transfer,pending
P00004761,B00004317,2024-08-16,67200,Bank Transfer,settled
P00004762,B00004317,2024-09-23,-10501,Debit Card,refunded
P00004763,B00004318,2024-06-08,122500,Bank Transfer,settled
P00004764,B00004318,2024-06-17,-122500,Debit Card,refunded
P00004765,B00004319,2025-12-08,195600,Points,settled
P00004766,B00004319,2026-01-04,-195600,Credit Card,refunded
P00004767,B00004320,2025-02-28,266000,Points,settled
P00004768,B00004321,2025-03-25,187000,Points,settled
P00004769,B00004322,2024-12-03,88447,Points,settled
P00004770,B00004322,2024-12-04,23553,Credit Card,pending
P00004771,B00004323,2024-08-15,285600,Credit Card,settled
P00004772,B00004324,2024-10-31,75600,Debit Card,settled
P00004773,B00004325,2024-10-27,59400,Debit Card,settled
P00004774,B00004325,2024-11-18,-59400,Points,refunded
P00004775,B00004326,2024-08-15,17800,Points,settled
P00004776,B00004327,2024-12-09,377000,Points,settled
P00004777,B00004328,2024-09-26,219661,Points,settled
P00004778,B00004328,2024-09-15,265139,Points,pending
P00004779,B00004329,2024-11-10,134400,Bank Transfer,settled
P00004780,B00004330,2025-08-05,92800,Points,settled
P00004781,B00004331,2025-11-11,45300,Points,settled
P00004782,B00004332,2025-06-04,29400,Credit Card,settled
P00004783,B00004333,2025-02-06,140000,Points,settled
P00004784,B00004334,2025-02-12,327600,Debit Card,settled
P00004785,B00004335,2025-11-28,266400,Bank Transfer,settled
P00004786,B00004336,2024-11-17,119400,Credit Card,settled
P00004787,B00004337,2024-05-24,208000,Points,settled
P00004788,B00004338,2025-04-26,177300,Credit Card,settled
P00004789,B00004339,2025-05-17,124800,Debit Card,settled
P00004790,B00004340,2024-09-25,54900,Bank Transfer,settled
P00004791,B00004341,2025-09-17,136200,Bank Transfer,settled
P00004792,B00004342,2025-01-15,129000,Debit Card,settled
P00004793,B00004343,2025-11-29,49500,Debit Card,settled
P00004794,B00004344,2025-01-10,252400,Bank Transfer,settled
P00004795,B00004345,2024-03-16,183000,Credit Card,settled
P00004796,B00004346,2025-05-28,233200,Points,settled
P00004797,B00004347,2024-09-18,45000,Debit Card,settled
P00004798,B00004348,2024-11-27,502800,Points,settled
P00004799,B00004349,2025-06-26,432900,Bank Transfer,settled
P00004800,B00004350,2026-01-04,554400,Bank Transfer,settled
P00004801,B00004351,2024-01-02,810000,Debit Card,settled
P00004802,B00004352,2025-10-17,389500,Points,settled
P00004803,B00004353,2026-01-11,68200,Credit Card,settled
P00004804,B00004354,2025-09-23,1171000,Points,settled
P00004805,B00004355,2026-01-24,266400,Debit Card,settled
P00004806,B00004356,2025-10-18,274400,Credit Card,settled
P00004807,B00004357,2025-09-13,178100,Debit Card,settled
P00004808,B00004358,2025-12-06,435500,Bank Transfer,settled
P00004809,B00004359,2025-04-17,213200,Bank Transfer,settled
P00004810,B00004360,2024-09-08,364700,Points,settled
P00004811,B00004361,2024-04-05,327235,Credit Card,settled
P00004812,B00004361,2024-04-01,96665,Credit Card,pending
P00004813,B00004362,2024-08-07,427000,Points,settled
P00004814,B00004363,2024-07-22,52200,Debit Card,settled
P00004815,B00004364,2024-11-15,179000,Bank Transfer,settled
P00004816,B00004364,2024-12-04,-179000,Bank Transfer,refunded
P00004817,B00004365,2026-01-17,751200,Bank Transfer,settled
P00004818,B00004366,2025-01-23,13800,Bank Transfer,settled
P00004819,B00004367,2025-08-09,235000,Credit Card,settled
P00004820,B00004368,2024-09-10,599200,Debit Card,settled
P00004821,B00004369,2026-03-26,215400,Debit Card,settled
P00004822,B00004370,2025-08-23,132300,Bank Transfer,settled
P00004823,B00004371,2024-10-21,63900,Bank Transfer,settled
P00004824,B00004372,2024-12-20,128700,Credit Card,settled
P00004825,B00004374,2026-01-01,119000,Bank Transfer,settled
P00004826,B00004375,2024-05-03,130645,Debit Card,settled
P00004827,B00004375,2024-05-09,41255,Credit Card,pending
P00004828,B00004376,2024-04-14,174000,Points,settled
P00004829,B00004377,2025-05-17,1509000,Credit Card,settled
P00004830,B00004378,2025-04-29,186200,Points,settled
P00004831,B00004379,2025-01-23,179100,Debit Card,settled
P00004832,B00004380,2024-09-08,744500,Debit Card,settled
P00004833,B00004381,2025-11-21,267400,Points,settled
P00004834,B00004382,2024-06-26,1013600,Debit Card,settled
P00004835,B00004383,2024-04-29,287000,Points,settled
P00004836,B00004385,2024-10-25,239419,Points,settled
P00004837,B00004386,2025-06-22,17900,Bank Transfer,settled
P00004838,B00004387,2024-03-25,108500,Points,settled
P00004839,B00004388,2024-08-15,302400,Points,settled
P00004840,B00004389,2025-07-21,104357,Bank Transfer,settled
P00004841,B00004389,2025-06-23,118843,Debit Card,pending
P00004842,B00004390,2024-05-11,418600,Points,settled
P00004843,B00004391,2026-01-28,239400,Debit Card,settled
P00004844,B00004392,2024-02-13,16200,Bank Transfer,settled
P00004845,B00004393,2024-12-11,125200,Points,settled
P00004846,B00004394,2024-02-29,112000,Points,settled
P00004847,B00004395,2025-10-07,232500,Credit Card,settled
P00004848,B00004396,2024-03-29,224986,Debit Card,settled
P00004849,B00004397,2024-02-22,101400,Debit Card,settled
P00004850,B00004398,2024-03-29,224000,Points,settled
P00004851,B00004399,2025-08-29,225500,Debit Card,settled
P00004852,B00004400,2024-02-21,40200,Debit Card,settled
P00004853,B00004402,2026-03-08,198900,Debit Card,settled
P00004854,B00004403,2024-12-08,214200,Debit Card,settled
P00004855,B00004404,2024-09-24,260700,Points,settled
P00004856,B00004405,2025-01-18,174600,Bank Transfer,settled
P00004857,B00004406,2025-03-01,607100,Credit Card,settled
P00004858,B00004407,2025-05-05,19600,Points,settled
P00004859,B00004408,2025-10-24,399000,Credit Card,settled
P00004860,B00004409,2025-01-16,673000,Bank Transfer,settled
P00004861,B00004410,2025-05-21,204300,Points,settled
P00004862,B00004410,2025-06-14,-204300,Credit Card,refunded
P00004863,B00004411,2025-10-01,133600,Debit Card,settled
P00004864,B00004412,2025-08-28,163100,Debit Card,settled
P00004865,B00004413,2025-07-24,176211,Points,settled
P00004866,B00004413,2025-08-10,220889,Debit Card,pending
P00004867,B00004414,2025-12-13,203500,Points,settled
P00004868,B00004415,2024-04-03,15600,Points,settled
P00004869,B00004416,2024-09-03,261300,Debit Card,settled
P00004870,B00004417,2024-04-21,230635,Credit Card,settled
P00004871,B00004418,2025-04-24,140700,Credit Card,settled
P00004872,B00004419,2024-10-24,132934,Credit Card,settled
P00004873,B00004419,2024-10-31,107566,Credit Card,pending
P00004874,B00004420,2026-02-27,116900,Bank Transfer,settled
P00004875,B00004421,2025-09-22,219700,Credit Card,settled
P00004876,B00004422,2025-12-30,120000,Credit Card,settled
P00004877,B00004423,2025-04-23,176400,Points,settled
P00004878,B00004424,2026-01-25,812400,Points,settled
P00004879,B00004425,2024-11-21,207600,Credit Card,settled
P00004880,B00004426,2025-03-27,283500,Debit Card,settled
P00004881,B00004427,2024-05-26,17400,Debit Card,settled
P00004882,B00004428,2024-11-14,66000,Debit Card,settled
P00004883,B00004429,2025-07-05,944400,Bank Transfer,settled
P00004884,B00004431,2024-03-01,292500,Points,settled
P00004885,B00004432,2025-12-28,179300,Credit Card,settled
P00004886,B00004433,2026-02-13,321600,Credit Card,settled
P00004887,B00004433,2026-03-18,-321600,Bank Transfer,refunded
P00004888,B00004434,2024-08-16,74800,Debit Card,settled
P00004889,B00004435,2025-03-05,46500,Debit Card,settled
P00004890,B00004436,2026-03-06,115000,Bank Transfer,settled
P00004891,B00004437,2024-05-29,156000,Debit Card,settled
P00004892,B00004438,2025-02-18,172000,Bank Transfer,settled
P00004893,B00004439,2024-04-24,67206,Points,settled
P00004894,B00004440,2025-09-06,71000,Points,settled
P00004895,B00004441,2025-11-12,90600,Debit Card,settled
P00004896,B00004443,2025-11-26,172800,Debit Card,settled
P00004897,B00004444,2024-10-20,37000,Debit Card,settled
P00004898,B00004445,2025-12-30,224400,Bank Transfer,settled
P00004899,B00004446,2024-06-09,129600,Debit Card,settled
P00004900,B00004447,2025-08-06,188000,Points,settled
P00004901,B00004448,2025-08-05,38200,Points,settled
P00004902,B00004449,2025-10-08,105000,Bank Transfer,settled
P00004903,B00004449,2025-10-21,-14452,Credit Card,refunded
P00004904,B00004450,2024-10-14,320400,Debit Card,settled
P00004905,B00004451,2024-03-09,99557,Debit Card,settled
P00004906,B00004451,2024-02-11,147043,Points,pending
P00004907,B00004452,2026-01-05,72500,Bank Transfer,settled
P00004908,B00004453,2025-10-31,352800,Bank Transfer,settled
P00004909,B00004454,2024-07-11,312800,Credit Card,settled
P00004910,B00004455,2024-05-31,192000,Credit Card,settled
P00004911,B00004456,2025-03-03,195800,Bank Transfer,settled
P00004912,B00004457,2025-01-07,581000,Credit Card,settled
P00004913,B00004458,2024-10-31,138000,Credit Card,settled
P00004914,B00004458,2024-12-06,-138000,Bank Transfer,refunded
P00004915,B00004459,2026-02-01,38100,Debit Card,settled
P00004916,B00004460,2025-12-21,432000,Debit Card,settled
P00004917,B00004461,2025-04-20,87500,Points,settled
P00004918,B00004462,2026-03-03,304000,Credit Card,settled
P00004919,B00004463,2024-07-16,260400,Bank Transfer,settled
P00004920,B00004464,2025-07-14,79300,Bank Transfer,settled
P00004921,B00004464,2025-08-01,-79300,Credit Card,refunded
P00004922,B00004465,2024-10-25,93078,Credit Card,settled
P00004923,B00004465,2024-10-30,26322,Points,pending
P00004924,B00004466,2024-10-05,52000,Points,settled
P00004925,B00004467,2025-08-03,240900,Debit Card,settled
P00004926,B00004469,2025-12-23,124800,Bank Transfer,settled
P00004927,B00004470,2025-07-04,117600,Debit Card,settled
P00004928,B00004470,2025-08-17,-117600,Bank Transfer,refunded
P00004929,B00004471,2025-10-08,324900,Debit Card,settled
P00004930,B00004472,2024-08-01,30600,Credit Card,settled
P00004931,B00004473,2024-08-17,204000,Bank Transfer,settled
P00004932,B00004473,2024-09-03,-204000,Debit Card,refunded
P00004933,B00004475,2024-02-22,115056,Bank Transfer,settled
P00004934,B00004475,2024-02-26,117744,Credit Card,pending
P00004935,B00004476,2025-12-26,25600,Credit Card,settled
P00004936,B00004477,2025-08-21,198000,Credit Card,settled
P00004937,B00004478,2024-11-12,202400,Debit Card,settled
P00004938,B00004479,2025-06-12,64200,Points,settled
P00004939,B00004480,2025-08-08,785000,Credit Card,settled
P00004940,B00004481,2025-03-30,737800,Bank Transfer,settled
P00004941,B00004482,2025-09-15,201000,Points,settled
P00004942,B00004483,2024-06-16,120500,Bank Transfer,settled
P00004943,B00004484,2025-07-03,56400,Debit Card,settled
P00004944,B00004486,2025-05-31,172822,Credit Card,settled
P00004945,B00004487,2025-06-03,240900,Bank Transfer,settled
P00004946,B00004488,2025-01-09,451200,Bank Transfer,settled
P00004947,B00004489,2024-03-21,54800,Points,settled
P00004948,B00004490,2025-11-06,83000,Debit Card,settled
P00004949,B00004490,2025-11-25,-83000,Points,refunded
P00004950,B00004491,2024-02-23,956400,Bank Transfer,settled
P00004951,B00004492,2025-02-19,394800,Bank Transfer,settled
P00004952,B00004493,2025-11-27,376800,Debit Card,settled
P00004953,B00004494,2025-01-24,56585,Debit Card,settled
P00004954,B00004494,2025-02-04,32415,Points,pending
P00004955,B00004495,2024-10-10,163800,Bank Transfer,settled
P00004956,B00004496,2025-01-07,108983,Points,settled
P00004957,B00004496,2025-01-24,99017,Credit Card,pending
P00004958,B00004497,2024-10-11,176400,Debit Card,settled
P00004959,B00004498,2024-05-28,127234,Points,settled
P00004960,B00004499,2025-07-10,213781,Points,settled
P00004961,B00004499,2025-06-05,102219,Points,pending
P00004962,B00004500,2025-06-26,184400,Credit Card,settled
P00004963,B00004501,2025-12-11,23500,Bank Transfer,settled
P00004964,B00004501,2026-01-03,-3431,Debit Card,refunded
P00004965,B00004502,2025-02-24,225200,Debit Card,settled
P00004966,B00004503,2025-09-06,156000,Debit Card,settled
P00004967,B00004504,2024-06-11,33000,Credit Card,settled
P00004968,B00004505,2025-07-18,869000,Bank Transfer,settled
P00004969,B00004506,2025-12-06,310800,Points,settled
P00004970,B00004507,2025-01-27,192179,Bank Transfer,settled
P00004971,B00004508,2024-05-21,368800,Points,settled
P00004972,B00004509,2025-05-20,90000,Credit Card,settled
P00004973,B00004510,2024-06-20,103200,Bank Transfer,settled
P00004974,B00004511,2025-08-16,80500,Points,settled
P00004975,B00004512,2024-12-12,265100,Points,settled
P00004976,B00004513,2024-04-26,112000,Credit Card,settled
P00004977,B00004514,2026-02-05,451200,Credit Card,settled
P00004978,B00004515,2024-10-29,16600,Debit Card,settled
P00004979,B00004516,2025-05-25,87000,Debit Card,settled
P00004980,B00004517,2025-06-02,152000,Debit Card,settled
P00004981,B00004518,2025-07-06,411000,Points,settled
P00004982,B00004519,2024-07-06,55800,Debit Card,settled
P00004983,B00004520,2024-11-11,128000,Debit Card,settled
P00004984,B00004521,2025-05-30,14900,Bank Transfer,settled
P00004985,B00004521,2025-06-13,-14900,Bank Transfer,refunded
P00004986,B00004522,2024-06-17,958100,Points,settled
P00004987,B00004523,2025-03-26,188000,Points,settled
P00004988,B00004523,2025-05-05,-188000,Points,refunded
P00004989,B00004524,2025-03-08,26800,Debit Card,settled
P00004990,B00004524,2025-04-18,-26800,Bank Transfer,refunded
P00004991,B00004525,2026-03-08,106800,Bank Transfer,settled
P00004992,B00004526,2025-02-09,75200,Credit Card,settled
P00004993,B00004527,2025-05-08,80000,Bank Transfer,settled
P00004994,B00004528,2024-06-19,183200,Points,settled
P00004995,B00004529,2024-06-30,222600,Points,settled
P00004996,B00004530,2024-07-27,90300,Debit Card,settled
P00004997,B00004531,2025-02-07,23000,Credit Card,settled
P00004998,B00004532,2024-04-19,120600,Points,settled
P00004999,B00004533,2024-11-15,279600,Points,settled
P00005000,B00004534,2024-07-10,1918800,Points,settled
P00005001,B00004535,2024-11-14,206800,Bank Transfer,settled
P00005002,B00004536,2024-12-29,619750,Debit Card,settled
P00005003,B00004537,2025-05-19,20400,Debit Card,settled
P00005004,B00004538,2025-11-18,192000,Bank Transfer,settled
P00005005,B00004540,2024-01-21,139200,Debit Card,settled
P00005006,B00004541,2025-06-07,271600,Bank Transfer,settled
P00005007,B00004542,2025-11-20,39600,Credit Card,settled
P00005008,B00004543,2024-09-14,200400,Points,settled
P00005009,B00004544,2024-04-09,240900,Debit Card,settled
P00005010,B00004545,2024-10-25,50799,Debit Card,settled
P00005011,B00004545,2024-11-13,19101,Bank Transfer,pending
P00005012,B00004546,2025-06-26,77400,Debit Card,settled
P00005013,B00004547,2025-09-18,173700,Debit Card,settled
P00005014,B00004548,2025-10-25,186000,Bank Transfer,settled
P00005015,B00004549,2024-05-31,80400,Bank Transfer,settled
P00005016,B00004550,2026-03-02,77698,Points,settled
P00005017,B00004550,2026-03-26,71902,Credit Card,pending
P00005018,B00004551,2024-03-12,307300,Credit Card,settled
P00005019,B00004552,2025-02-14,114438,Credit Card,settled
P00005020,B00004552,2025-02-27,131562,Bank Transfer,pending
P00005021,B00004553,2025-01-31,61800,Debit Card,settled
P00005022,B00004555,2025-08-09,256100,Credit Card,settled
P00005023,B00004556,2025-01-26,17800,Points,settled
P00005024,B00004557,2024-09-23,182600,Credit Card,settled
P00005025,B00004558,2025-01-19,89700,Debit Card,settled
P00005026,B00004559,2024-06-12,170400,Bank Transfer,settled
P00005027,B00004560,2024-10-11,297700,Bank Transfer,settled
P00005028,B00004561,2026-03-25,180000,Credit Card,settled
P00005029,B00004562,2025-02-12,79200,Points,settled
P00005030,B00004563,2025-03-15,268800,Debit Card,settled
P00005031,B00004564,2025-11-07,449800,Credit Card,settled
P00005032,B00004565,2024-10-10,178500,Points,settled
P00005033,B00004566,2025-07-10,313200,Debit Card,settled
P00005034,B00004567,2025-04-12,21200,Points,settled
P00005035,B00004568,2025-06-13,125200,Credit Card,settled
P00005036,B00004569,2025-01-20,321200,Debit Card,settled
P00005037,B00004570,2026-01-14,162900,Debit Card,settled
P00005038,B00004571,2025-09-23,83468,Credit Card,settled
P00005039,B00004571,2025-09-22,111532,Points,pending
P00005040,B00004572,2024-06-24,39000,Debit Card,settled
P00005041,B00004573,2025-01-25,113500,Points,settled
P00005042,B00004574,2024-08-28,47600,Points,settled
P00005043,B00004575,2025-06-03,70420,Bank Transfer,settled
P00005044,B00004575,2025-06-10,59980,Points,pending
P00005045,B00004576,2025-11-06,67500,Bank Transfer,settled
P00005046,B00004577,2025-02-02,278600,Bank Transfer,settled
P00005047,B00004577,2025-03-13,-32221,Credit Card,refunded
P00005048,B00004578,2025-05-26,59800,Bank Transfer,settled
P00005049,B00004579,2024-09-09,17900,Debit Card,settled
P00005050,B00004580,2024-10-11,189000,Bank Transfer,settled
P00005051,B00004582,2025-02-24,114300,Points,settled
P00005052,B00004583,2026-01-09,112200,Points,settled
P00005053,B00004584,2024-09-24,150000,Debit Card,settled
P00005054,B00004585,2025-10-03,233000,Credit Card,settled
P00005055,B00004586,2024-12-30,101000,Points,settled
P00005056,B00004587,2025-02-01,1003500,Debit Card,settled
P00005057,B00004588,2025-04-24,198900,Credit Card,settled
P00005058,B00004589,2024-09-30,249600,Points,settled
P00005059,B00004590,2025-06-09,330000,Points,settled
P00005060,B00004591,2024-09-01,450000,Bank Transfer,settled
P00005061,B00004592,2025-06-05,36400,Credit Card,settled
P00005062,B00004592,2025-06-29,-36400,Points,refunded
P00005063,B00004593,2025-08-14,40400,Points,settled
P00005064,B00004594,2024-08-07,170500,Debit Card,settled
P00005065,B00004595,2025-01-07,230400,Bank Transfer,settled
P00005066,B00004596,2025-11-15,97200,Bank Transfer,settled
P00005067,B00004597,2024-09-14,118800,Debit Card,settled
P00005068,B00004598,2026-01-14,46561,Bank Transfer,settled
P00005069,B00004599,2025-12-27,845834,Debit Card,settled
P00005070,B00004599,2025-12-16,266966,Bank Transfer,pending
P00005071,B00004600,2025-08-16,143753,Bank Transfer,settled
P00005072,B00004600,2025-08-06,37047,Debit Card,pending
P00005073,B00004601,2025-05-16,240500,Bank Transfer,settled
P00005074,B00004602,2024-12-10,1746000,Debit Card,settled
P00005075,B00004603,2024-09-16,211200,Debit Card,settled
P00005076,B00004604,2025-04-04,1460000,Debit Card,settled
P00005077,B00004605,2025-05-14,161700,Points,settled
P00005078,B00004606,2024-02-26,209000,Debit Card,settled
P00005079,B00004607,2026-01-30,352747,Points,settled
P00005080,B00004608,2025-07-24,84720,Bank Transfer,settled
P00005081,B00004608,2025-07-14,115480,Credit Card,pending
P00005082,B00004609,2024-09-23,171000,Points,settled
P00005083,B00004610,2025-10-16,23673,Debit Card,settled
P00005084,B00004611,2025-02-24,29851,Points,settled
P00005085,B00004611,2025-03-23,15949,Debit Card,pending
P00005086,B00004612,2024-05-01,80200,Points,settled
P00005087,B00004613,2024-05-25,301600,Points,settled
P00005088,B00004614,2024-10-06,1312566,Credit Card,settled
P00005089,B00004614,2024-10-09,437434,Credit Card,pending
P00005090,B00004615,2024-10-03,120600,Bank Transfer,settled
P00005091,B00004616,2024-02-01,322800,Points,settled
P00005092,B00004617,2025-03-18,370200,Bank Transfer,settled
P00005093,B00004618,2024-07-04,164400,Debit Card,settled
P00005094,B00004619,2026-01-01,275100,Bank Transfer,settled
P00005095,B00004620,2025-03-29,773000,Bank Transfer,settled
P00005096,B00004621,2025-11-18,377500,Credit Card,settled
P00005097,B00004622,2025-07-13,204400,Credit Card,settled
P00005098,B00004623,2025-12-19,299600,Credit Card,settled
P00005099,B00004624,2025-05-27,126539,Credit Card,settled
P00005100,B00004624,2025-05-07,58261,Points,pending
P00005101,B00004625,2024-11-30,17500,Debit Card,settled
P00005102,B00004626,2025-12-14,355000,Debit Card,settled
P00005103,B00004627,2024-04-05,66600,Points,settled
P00005104,B00004627,2024-05-01,23400,Bank Transfer,pending
P00005105,B00004628,2025-07-19,135200,Credit Card,settled
P00005106,B00004628,2025-08-23,-135200,Debit Card,refunded
P00005107,B00004630,2024-10-09,107200,Points,settled
P00005108,B00004631,2024-08-27,362400,Bank Transfer,settled
P00005109,B00004632,2025-07-10,201600,Credit Card,settled
P00005110,B00004633,2024-04-08,516600,Bank Transfer,settled
P00005111,B00004634,2024-09-18,115200,Debit Card,settled
P00005112,B00004634,2024-10-21,-22544,Bank Transfer,refunded
P00005113,B00004635,2024-02-05,128700,Credit Card,settled
P00005114,B00004636,2025-05-31,616000,Debit Card,settled
P00005115,B00004637,2025-11-08,34300,Points,settled
P00005116,B00004638,2025-08-28,1246500,Credit Card,settled
P00005117,B00004639,2024-11-11,62100,Points,settled
P00005118,B00004640,2024-11-14,108500,Credit Card,settled
P00005119,B00004641,2026-01-10,517200,Debit Card,settled
P00005120,B00004642,2025-04-24,118936,Credit Card,settled
P00005121,B00004642,2025-05-05,94264,Bank Transfer,pending
P00005122,B00004643,2025-09-29,197000,Bank Transfer,settled
P00005123,B00004644,2024-08-28,232700,Points,settled
P00005124,B00004645,2025-02-12,278600,Credit Card,settled
P00005125,B00004647,2024-06-08,1212000,Credit Card,settled
P00005126,B00004648,2026-03-22,386400,Bank Transfer,settled
P00005127,B00004649,2024-08-05,177100,Debit Card,settled
P00005128,B00004650,2024-06-29,748000,Credit Card,settled
P00005129,B00004651,2025-07-28,124600,Credit Card,settled
P00005130,B00004652,2025-09-25,62600,Points,settled
P00005131,B00004653,2024-12-17,30900,Bank Transfer,settled
P00005132,B00004653,2024-11-30,8500,Points,pending
P00005133,B00004654,2024-10-15,578906,Debit Card,settled
P00005134,B00004655,2024-06-25,63300,Points,settled
P00005135,B00004656,2024-05-13,75200,Points,settled
P00005136,B00004657,2026-03-15,773300,Credit Card,settled
P00005137,B00004658,2024-01-03,136800,Bank Transfer,settled
P00005138,B00004659,2024-09-03,143400,Bank Transfer,settled
P00005139,B00004660,2024-11-09,226100,Debit Card,settled
P00005140,B00004661,2024-07-24,112800,Points,settled
P00005141,B00004662,2025-07-19,198000,Debit Card,settled
P00005142,B00004663,2024-04-02,178200,Debit Card,settled
P00005143,B00004664,2026-02-10,45000,Credit Card,settled
P00005144,B00004665,2025-09-05,801900,Bank Transfer,settled
P00005145,B00004666,2025-08-07,101400,Credit Card,settled
P00005146,B00004666,2025-08-31,-19304,Points,refunded
P00005147,B00004667,2024-11-13,116900,Bank Transfer,settled
P00005148,B00004668,2025-09-06,332200,Bank Transfer,settled
P00005149,B00004669,2024-11-19,134000,Points,settled
P00005150,B00004670,2025-03-10,184000,Bank Transfer,settled
P00005151,B00004671,2025-10-04,399000,Debit Card,settled
P00005152,B00004672,2025-03-10,170400,Points,settled
P00005153,B00004672,2025-03-27,-47134,Bank Transfer,refunded
P00005154,B00004673,2025-09-09,263500,Credit Card,settled
P00005155,B00004674,2024-05-07,235200,Credit Card,settled
P00005156,B00004675,2025-01-07,205800,Bank Transfer,settled
P00005157,B00004676,2025-08-09,1742000,Credit Card,settled
P00005158,B00004677,2025-04-18,1151100,Credit Card,settled
P00005159,B00004678,2024-11-17,248300,Points,settled
P00005160,B00004679,2024-08-04,339500,Credit Card,settled
P00005161,B00004680,2025-01-31,187600,Points,settled
P00005162,B00004681,2025-01-07,265200,Bank Transfer,settled
P00005163,B00004682,2025-02-12,48000,Points,settled
P00005164,B00004682,2025-03-12,-48000,Bank Transfer,refunded
P00005165,B00004683,2024-04-30,375600,Points,settled
P00005166,B00004684,2025-07-19,38400,Debit Card,settled
P00005167,B00004685,2024-10-18,33200,Debit Card,settled
P00005168,B00004686,2024-09-25,312000,Bank Transfer,settled
P00005169,B00004687,2024-11-30,182400,Debit Card,settled
P00005170,B00004688,2025-03-29,57300,Bank Transfer,settled
P00005171,B00004689,2025-04-02,376000,Bank Transfer,settled
P00005172,B00004689,2025-05-17,-376000,Points,refunded
P00005173,B00004690,2024-07-07,115800,Points,settled
P00005174,B00004691,2025-07-05,39490,Bank Transfer,settled
P00005175,B00004692,2025-09-10,211200,Points,settled
P00005176,B00004693,2024-05-25,590200,Debit Card,settled
P00005177,B00004694,2025-09-30,287600,Points,settled
P00005178,B00004695,2024-07-20,214000,Points,settled
P00005179,B00004696,2025-04-26,177600,Bank Transfer,settled
P00005180,B00004697,2025-09-25,254100,Bank Transfer,settled
P00005181,B00004698,2024-02-14,1314900,Credit Card,settled
P00005182,B00004699,2024-10-24,182600,Bank Transfer,settled
P00005183,B00004700,2024-05-04,441600,Debit Card,settled
P00005184,B00004701,2024-10-31,49500,Credit Card,settled
P00005185,B00004702,2024-06-12,269600,Debit Card,settled
P00005186,B00004703,2024-01-10,89600,Bank Transfer,settled
P00005187,B00004703,2024-02-13,-19216,Bank Transfer,refunded
P00005188,B00004704,2023-12-21,468000,Debit Card,settled
P00005189,B00004705,2024-02-22,135000,Credit Card,settled
P00005190,B00004706,2025-04-16,218800,Bank Transfer,settled
P00005191,B00004707,2024-07-05,288000,Bank Transfer,settled
P00005192,B00004708,2024-10-15,124800,Points,settled
P00005193,B00004709,2025-12-21,201600,Bank Transfer,settled
P00005194,B00004710,2025-07-08,274300,Credit Card,settled
P00005195,B00004711,2025-09-30,29000,Credit Card,settled
P00005196,B00004712,2025-06-07,853600,Debit Card,settled
P00005197,B00004712,2025-06-27,-853600,Points,refunded
P00005198,B00004713,2026-01-11,17300,Bank Transfer,settled
P00005199,B00004714,2025-04-22,874200,Bank Transfer,settled
P00005200,B00004715,2024-07-27,257400,Bank Transfer,settled
P00005201,B00004716,2024-03-07,151000,Credit Card,settled
P00005202,B00004717,2025-08-28,226800,Credit Card,settled
P00005203,B00004718,2024-07-27,188400,Bank Transfer,settled
P00005204,B00004719,2025-05-24,201300,Points,settled
P00005205,B00004720,2026-02-08,210600,Points,settled
P00005206,B00004721,2024-05-12,96744,Debit Card,settled
P00005207,B00004722,2025-10-13,115500,Credit Card,settled
P00005208,B00004723,2025-03-03,100000,Bank Transfer,settled
P00005209,B00004724,2024-05-07,204400,Bank Transfer,settled
P00005210,B00004725,2026-01-07,115881,Bank Transfer,settled
P00005211,B00004725,2026-01-23,138219,Bank Transfer,pending
P00005212,B00004726,2025-07-07,87600,Bank Transfer,settled
P00005213,B00004727,2024-09-14,70241,Debit Card,settled
P00005214,B00004727,2024-08-19,81759,Bank Transfer,pending
P00005215,B00004728,2024-12-06,1542000,Credit Card,settled
P00005216,B00004729,2024-08-05,565400,Bank Transfer,settled
P00005217,B00004730,2025-11-23,72500,Points,settled
P00005218,B00004730,2025-12-13,-12702,Points,refunded
P00005219,B00004731,2025-02-07,365200,Bank Transfer,settled
P00005220,B00004732,2025-04-14,171500,Bank Transfer,settled
P00005221,B00004733,2024-09-25,202129,Points,settled
P00005222,B00004733,2024-09-26,198271,Points,pending
P00005223,B00004734,2025-05-05,378000,Points,settled
P00005224,B00004735,2025-05-17,240300,Debit Card,settled
P00005225,B00004736,2026-01-04,45300,Bank Transfer,settled
P00005226,B00004737,2024-09-10,262800,Points,settled
P00005227,B00004738,2025-01-13,109200,Bank Transfer,settled
P00005228,B00004738,2025-02-15,-20271,Credit Card,refunded
P00005229,B00004740,2024-12-22,432900,Debit Card,settled
P00005230,B00004741,2024-07-21,160000,Points,settled
P00005231,B00004742,2025-04-28,335500,Debit Card,settled
P00005232,B00004743,2024-11-20,183600,Credit Card,settled
P00005233,B00004744,2024-07-17,141400,Bank Transfer,settled
P00005234,B00004745,2024-12-14,29400,Credit Card,settled
P00005235,B00004746,2025-12-24,419400,Credit Card,settled
P00005236,B00004747,2025-01-17,211900,Bank Transfer,settled
P00005237,B00004748,2026-01-18,15700,Bank Transfer,settled
P00005238,B00004749,2024-05-25,80400,Debit Card,settled
P00005239,B00004750,2024-05-16,157000,Debit Card,settled
P00005240,B00004751,2024-11-24,142200,Bank Transfer,settled
P00005241,B00004752,2024-02-18,635600,Bank Transfer,settled
P00005242,B00004753,2024-02-25,170000,Points,settled
P00005243,B00004755,2025-07-14,205400,Credit Card,settled
P00005244,B00004756,2025-06-04,161100,Credit Card,settled
P00005245,B00004757,2025-03-05,239400,Debit Card,settled
P00005246,B00004758,2025-03-25,224400,Credit Card,settled
P00005247,B00004759,2024-10-05,91600,Debit Card,settled
P00005248,B00004760,2024-10-21,179200,Bank Transfer,settled
P00005249,B00004761,2025-08-27,14100,Points,settled
P00005250,B00004762,2025-02-19,265200,Credit Card,settled
P00005251,B00004763,2025-09-17,12696,Bank Transfer,settled
P00005252,B00004763,2025-09-26,3304,Points,pending
P00005253,B00004764,2024-07-20,421200,Credit Card,settled
P00005254,B00004765,2025-12-25,68000,Bank Transfer,settled
P00005255,B00004766,2025-05-07,15500,Debit Card,settled
P00005256,B00004767,2025-09-01,17900,Points,settled
P00005257,B00004767,2025-10-15,-2146,Debit Card,refunded
P00005258,B00004768,2025-02-11,65600,Points,settled
P00005259,B00004769,2025-07-16,242000,Points,settled
P00005260,B00004770,2024-10-03,270000,Bank Transfer,settled
P00005261,B00004771,2024-09-13,189000,Credit Card,settled
P00005262,B00004772,2024-04-02,289900,Debit Card,settled
P00005263,B00004773,2025-07-11,469300,Bank Transfer,settled
P00005264,B00004774,2024-01-10,477400,Bank Transfer,settled
P00005265,B00004775,2025-11-13,89000,Bank Transfer,settled
P00005266,B00004776,2025-07-08,266200,Credit Card,settled
P00005267,B00004777,2024-08-02,42300,Points,settled
P00005268,B00004778,2026-01-04,222000,Points,settled
P00005269,B00004779,2024-05-19,182000,Points,settled
P00005270,B00004780,2025-03-11,253200,Debit Card,settled
P00005271,B00004781,2025-12-13,320400,Points,settled
P00005272,B00004782,2024-12-05,162900,Credit Card,settled
P00005273,B00004783,2025-09-22,1090600,Points,settled
P00005274,B00004784,2024-08-18,1062600,Points,settled
P00005275,B00004785,2024-02-04,82800,Debit Card,settled
P00005276,B00004785,2024-02-12,-10802,Bank Transfer,refunded
P00005277,B00004786,2025-10-09,244087,Credit Card,settled
P00005278,B00004786,2025-10-13,133913,Bank Transfer,pending
P00005279,B00004787,2025-04-30,239400,Points,settled
P00005280,B00004788,2024-04-22,277200,Credit Card,settled
P00005281,B00004789,2024-05-11,519300,Bank Transfer,settled
P00005282,B00004789,2024-05-28,-519300,Bank Transfer,refunded
P00005283,B00004790,2025-02-07,206100,Points,settled
P00005284,B00004791,2025-05-07,119400,Debit Card,settled
P00005285,B00004792,2024-07-14,301600,Bank Transfer,settled
P00005286,B00004793,2025-11-08,102000,Debit Card,settled
P00005287,B00004793,2025-12-10,-102000,Debit Card,refunded
P00005288,B00004795,2024-06-06,71700,Credit Card,settled
P00005289,B00004795,2024-07-26,-71700,Credit Card,refunded
P00005290,B00004796,2024-09-16,37200,Debit Card,settled
P00005291,B00004798,2024-06-16,52400,Bank Transfer,settled
P00005292,B00004799,2025-09-01,445500,Credit Card,settled
P00005293,B00004800,2026-03-29,177300,Credit Card,settled
P00005294,B00004801,2025-08-23,34200,Debit Card,settled
P00005295,B00004802,2025-12-05,32600,Credit Card,settled
P00005296,B00004803,2026-03-07,52025,Credit Card,settled
P00005297,B00004803,2026-03-17,33775,Points,pending
P00005298,B00004804,2024-06-13,46388,Debit Card,settled
P00005299,B00004804,2024-07-02,24612,Debit Card,pending
P00005300,B00004805,2024-07-20,911400,Credit Card,settled
P00005301,B00004806,2026-03-24,329100,Credit Card,settled
P00005302,B00004807,2024-05-12,196800,Debit Card,settled
P00005303,B00004808,2024-01-27,35800,Bank Transfer,settled
P00005304,B00004809,2024-10-23,124513,Points,settled
P00005305,B00004809,2024-11-19,115487,Credit Card,pending
P00005306,B00004810,2025-06-06,157600,Bank Transfer,settled
P00005307,B00004811,2025-04-24,357000,Points,settled
P00005308,B00004812,2024-08-01,76000,Bank Transfer,settled
P00005309,B00004813,2024-04-20,160800,Bank Transfer,settled
P00005310,B00004814,2024-01-15,492800,Points,settled
P00005311,B00004815,2025-04-16,229200,Bank Transfer,settled
P00005312,B00004816,2024-05-20,38919,Debit Card,settled
P00005313,B00004816,2024-04-26,12381,Credit Card,pending
P00005314,B00004817,2025-07-17,176858,Debit Card,settled
P00005315,B00004817,2025-07-27,116342,Points,pending
P00005316,B00004818,2024-01-24,526400,Points,settled
P00005317,B00004819,2024-05-20,127400,Credit Card,settled
P00005318,B00004820,2025-10-09,22400,Credit Card,settled
P00005319,B00004821,2025-05-19,1684800,Credit Card,settled
P00005320,B00004822,2024-08-01,145000,Credit Card,settled
P00005321,B00004822,2024-09-12,-145000,Bank Transfer,refunded
P00005322,B00004823,2024-08-11,413925,Bank Transfer,settled
P00005323,B00004824,2025-11-01,43833,Bank Transfer,settled
P00005324,B00004826,2025-09-08,326400,Points,settled
P00005325,B00004827,2024-05-08,351000,Debit Card,settled
P00005326,B00004828,2024-06-09,267400,Bank Transfer,settled
P00005327,B00004829,2026-02-24,826800,Points,settled
P00005328,B00004830,2024-09-18,187200,Bank Transfer,settled
P00005329,B00004831,2025-05-11,52500,Points,settled
P00005330,B00004832,2025-03-02,72800,Credit Card,settled
P00005331,B00004833,2025-05-13,170100,Debit Card,settled
P00005332,B00004834,2026-03-09,277200,Bank Transfer,settled
P00005333,B00004835,2025-12-18,17000,Credit Card,settled
P00005334,B00004836,2024-05-30,89200,Debit Card,settled
P00005335,B00004837,2024-04-29,165600,Points,settled
P00005336,B00004838,2024-04-27,122400,Points,settled
P00005337,B00004839,2024-02-15,98400,Points,settled
P00005338,B00004840,2025-08-27,216536,Points,settled
P00005339,B00004841,2025-02-13,281400,Bank Transfer,settled
P00005340,B00004842,2024-06-22,123200,Credit Card,settled
P00005341,B00004842,2024-07-25,-123200,Bank Transfer,refunded
P00005342,B00004843,2025-02-26,129600,Points,settled
P00005343,B00004844,2026-01-29,119000,Bank Transfer,settled
P00005344,B00004845,2025-06-10,119400,Points,settled
P00005345,B00004846,2024-06-07,158400,Credit Card,settled
P00005346,B00004847,2024-10-23,228200,Credit Card,settled
P00005347,B00004848,2024-10-20,96613,Debit Card,settled
P00005348,B00004849,2025-06-13,155100,Credit Card,settled
P00005349,B00004850,2024-04-21,45200,Points,settled
P00005350,B00004851,2025-11-25,131753,Points,settled
P00005351,B00004851,2025-12-22,179447,Debit Card,pending
P00005352,B00004852,2024-04-28,209000,Points,settled
P00005353,B00004853,2024-02-05,177300,Points,settled
P00005354,B00004854,2025-05-29,16300,Points,settled
P00005355,B00004855,2024-05-28,128000,Debit Card,settled
P00005356,B00004856,2024-07-19,77800,Bank Transfer,settled
P00005357,B00004857,2025-07-24,346161,Credit Card,settled
P00005358,B00004857,2025-07-15,106239,Points,pending
P00005359,B00004858,2024-11-09,178200,Credit Card,settled
P00005360,B00004859,2024-07-10,274400,Points,settled
P00005361,B00004860,2025-07-26,375000,Debit Card,settled
P00005362,B00004861,2026-01-11,215000,Credit Card,settled
P00005363,B00004862,2025-06-16,243400,Points,settled
P00005364,B00004862,2025-07-20,-243400,Credit Card,refunded
P00005365,B00004863,2025-05-16,406800,Points,settled
P00005366,B00004864,2025-02-11,231600,Debit Card,settled
P00005367,B00004865,2025-07-30,179892,Credit Card,settled
P00005368,B00004865,2025-07-13,115608,Points,pending
P00005369,B00004866,2025-03-30,216700,Points,settled
P00005370,B00004867,2024-02-09,262800,Credit Card,settled
P00005371,B00004867,2024-03-26,-262800,Debit Card,refunded
P00005372,B00004868,2025-08-22,109600,Bank Transfer,settled
P00005373,B00004869,2026-01-02,16200,Bank Transfer,settled
P00005374,B00004870,2025-05-03,666900,Points,settled
P00005375,B00004871,2025-03-26,102200,Credit Card,settled
P00005376,B00004872,2025-04-12,133000,Bank Transfer,settled
P00005377,B00004873,2024-10-30,113400,Credit Card,settled
P00005378,B00004874,2025-10-09,675000,Debit Card,settled
P00005379,B00004874,2025-11-04,-675000,Points,refunded
P00005380,B00004875,2025-08-18,82000,Debit Card,settled
P00005381,B00004876,2025-01-22,165000,Points,settled
P00005382,B00004877,2024-08-10,799425,Points,settled
P00005383,B00004878,2024-02-22,112400,Points,settled
P00005384,B00004879,2024-11-01,50700,Points,settled
P00005385,B00004880,2025-11-17,1761100,Credit Card,settled
P00005386,B00004881,2024-05-20,140400,Points,settled
P00005387,B00004882,2024-07-02,144000,Bank Transfer,settled
P00005388,B00004882,2024-08-25,-31888,Bank Transfer,refunded
P00005389,B00004883,2025-01-21,68100,Credit Card,settled
P00005390,B00004883,2025-01-29,-68100,Bank Transfer,refunded
P00005391,B00004884,2025-02-21,185900,Points,settled
P00005392,B00004885,2025-04-05,26000,Credit Card,settled
P00005393,B00004886,2025-06-15,163000,Credit Card,settled
P00005394,B00004887,2025-11-24,80800,Credit Card,settled
P00005395,B00004888,2025-07-30,708000,Debit Card,settled
P00005396,B00004889,2025-12-22,168800,Points,settled
P00005397,B00004890,2024-10-19,159200,Bank Transfer,settled
P00005398,B00004891,2024-09-27,37627,Bank Transfer,settled
P00005399,B00004891,2024-09-28,19673,Debit Card,pending
P00005400,B00004892,2025-12-09,63600,Debit Card,settled
P00005401,B00004893,2025-05-13,18700,Credit Card,settled
P00005402,B00004894,2025-01-08,484400,Bank Transfer,settled
P00005403,B00004895,2024-07-11,165600,Credit Card,settled
P00005404,B00004896,2024-10-05,124000,Bank Transfer,settled
P00005405,B00004896,2024-11-02,-124000,Bank Transfer,refunded
P00005406,B00004897,2025-08-01,63600,Debit Card,settled
P00005407,B00004898,2025-06-06,493900,Credit Card,settled
P00005408,B00004899,2024-05-13,819000,Bank Transfer,settled
P00005409,B00004900,2024-07-18,215600,Debit Card,settled
P00005410,B00004901,2026-01-15,98400,Debit Card,settled
P00005411,B00004902,2025-03-27,421400,Points,settled
P00005412,B00004903,2025-11-28,2076100,Points,settled
P00005413,B00004903,2025-12-23,-618310,Credit Card,refunded
P00005414,B00004905,2025-07-12,204000,Debit Card,settled
P00005415,B00004906,2025-11-05,547524,Debit Card,settled
P00005416,B00004907,2025-08-16,149800,Credit Card,settled
P00005417,B00004908,2024-07-23,79200,Points,settled
P00005418,B00004908,2024-09-02,-79200,Bank Transfer,refunded
P00005419,B00004909,2024-07-01,151200,Debit Card,settled
P00005420,B00004910,2025-10-02,184500,Debit Card,settled
P00005421,B00004911,2025-08-10,781300,Bank Transfer,settled
P00005422,B00004912,2025-01-06,157500,Bank Transfer,settled
P00005423,B00004913,2024-06-07,194831,Debit Card,settled
P00005424,B00004915,2025-01-15,276800,Points,settled
P00005425,B00004916,2026-02-18,62000,Debit Card,settled
P00005426,B00004917,2024-09-15,185600,Credit Card,settled
P00005427,B00004918,2024-08-05,310800,Bank Transfer,settled
P00005428,B00004919,2024-04-29,428928,Credit Card,settled
P00005429,B00004919,2024-05-24,109272,Credit Card,pending
P00005430,B00004920,2025-02-18,123820,Bank Transfer,settled
P00005431,B00004920,2025-02-28,111380,Debit Card,pending
P00005432,B00004921,2024-02-07,278600,Points,settled
P00005433,B00004922,2024-12-02,178800,Points,settled
P00005434,B00004923,2025-10-28,182400,Bank Transfer,settled
P00005435,B00004924,2025-02-19,212800,Credit Card,settled
P00005436,B00004925,2025-06-17,65600,Debit Card,settled
P00005437,B00004926,2025-12-14,102900,Points,settled
P00005438,B00004927,2025-08-17,30499,Debit Card,settled
P00005439,B00004928,2025-08-26,490100,Bank Transfer,settled
P00005440,B00004929,2024-07-30,1006600,Debit Card,settled
P00005441,B00004930,2025-05-15,90400,Credit Card,settled
P00005442,B00004931,2025-06-24,461400,Points,settled
P00005443,B00004932,2024-11-17,238800,Bank Transfer,settled
P00005444,B00004933,2025-06-22,194000,Debit Card,settled
P00005445,B00004934,2025-07-04,423000,Debit Card,settled
P00005446,B00004935,2024-06-23,155000,Credit Card,settled
P00005447,B00004936,2024-05-23,133200,Bank Transfer,settled
P00005448,B00004937,2025-12-24,1560900,Bank Transfer,settled
P00005449,B00004938,2025-08-11,58800,Debit Card,settled
P00005450,B00004939,2025-08-26,29800,Debit Card,settled
P00005451,B00004940,2025-11-24,490500,Debit Card,settled
P00005452,B00004941,2024-10-02,147000,Debit Card,settled
P00005453,B00004942,2024-02-15,34600,Bank Transfer,settled
P00005454,B00004943,2025-01-09,426000,Credit Card,settled
P00005455,B00004943,2025-02-14,-126023,Credit Card,refunded
P00005456,B00004944,2025-06-03,165600,Points,settled
P00005457,B00004945,2025-03-07,294000,Debit Card,settled
P00005458,B00004946,2026-03-16,373100,Debit Card,settled
P00005459,B00004947,2025-06-27,165000,Credit Card,settled
P00005460,B00004948,2024-07-12,420000,Points,settled
P00005461,B00004948,2024-08-09,-93425,Bank Transfer,refunded
P00005462,B00004950,2024-04-09,79200,Debit Card,settled
P00005463,B00004951,2025-03-05,100500,Credit Card,settled
P00005464,B00004952,2026-02-05,192000,Credit Card,settled
P00005465,B00004953,2024-02-02,111300,Credit Card,settled
P00005466,B00004954,2024-07-09,168000,Debit Card,settled
P00005467,B00004955,2025-01-01,82000,Credit Card,settled
P00005468,B00004957,2024-07-10,29400,Bank Transfer,settled
P00005469,B00004958,2025-08-29,126700,Credit Card,settled
P00005470,B00004959,2025-02-27,65334,Bank Transfer,settled
P00005471,B00004959,2025-02-22,79466,Debit Card,pending
P00005472,B00004960,2024-04-17,93300,Points,settled
P00005473,B00004961,2025-12-05,413000,Debit Card,settled
P00005474,B00004962,2025-09-06,476000,Debit Card,settled
P00005475,B00004962,2025-11-05,-476000,Debit Card,refunded
P00005476,B00004963,2024-10-16,35800,Debit Card,settled
P00005477,B00004963,2024-11-15,-6810,Debit Card,refunded
P00005478,B00004964,2025-08-22,178400,Debit Card,settled
P00005479,B00004965,2024-02-10,38000,Points,settled
P00005480,B00004966,2024-07-10,155000,Credit Card,settled
P00005481,B00004967,2025-04-11,106200,Credit Card,settled
P00005482,B00004967,2025-05-21,-106200,Points,refunded
P00005483,B00004968,2024-04-30,112500,Bank Transfer,settled
P00005484,B00004969,2025-12-10,79111,Credit Card,settled
P00005485,B00004969,2025-12-31,32189,Bank Transfer,pending
P00005486,B00004970,2024-06-26,36070,Points,settled
P00005487,B00004970,2024-06-16,35130,Credit Card,pending
P00005488,B00004971,2024-06-10,109800,Points,settled
P00005489,B00004972,2025-05-05,116400,Points,settled
P00005490,B00004973,2024-05-18,75200,Points,settled
P00005491,B00004974,2025-11-14,284400,Bank Transfer,settled
P00005492,B00004975,2025-11-08,46000,Points,settled
P00005493,B00004976,2024-10-09,310200,Debit Card,settled
P00005494,B00004977,2026-01-22,69200,Bank Transfer,settled
P00005495,B00004977,2026-02-14,-69200,Bank Transfer,refunded
P00005496,B00004978,2025-11-17,119000,Debit Card,settled
P00005497,B00004979,2025-01-19,504400,Points,settled
P00005498,B00004980,2025-05-12,44700,Bank Transfer,settled
P00005499,B00004981,2024-05-25,461700,Points,settled
P00005500,B00004982,2025-09-11,368700,Bank Transfer,settled
P00005501,B00004983,2026-02-27,810000,Debit Card,settled
P00005502,B00004983,2026-04-07,-810000,Debit Card,refunded
P00005503,B00004984,2025-07-24,298126,Credit Card,settled
P00005504,B00004984,2025-06-29,329074,Debit Card,pending
P00005505,B00004985,2025-11-03,323000,Bank Transfer,settled
P00005506,B00004986,2025-08-20,60000,Credit Card,settled
P00005507,B00004987,2025-01-08,190200,Credit Card,settled
P00005508,B00004988,2025-10-13,79600,Points,settled
P00005509,B00004989,2025-01-11,100100,Debit Card,settled
P00005510,B00004989,2025-01-20,-100100,Debit Card,refunded
P00005511,B00004990,2025-05-09,416700,Bank Transfer,settled
P00005512,B00004991,2024-09-20,59658,Bank Transfer,settled
P00005513,B00004991,2024-10-14,49542,Points,pending
P00005514,B00004992,2024-11-26,47438,Points,settled
P00005515,B00004993,2026-02-03,30747,Points,settled
P00005516,B00004993,2026-01-29,8253,Credit Card,pending
P00005517,B00004994,2024-05-25,234000,Credit Card,settled
P00005518,B00004995,2025-03-02,1576800,Points,settled
P00005519,B00004996,2024-10-28,169400,Debit Card,settled
P00005520,B00004998,2024-07-22,39000,Points,settled
P00005521,B00004999,2025-06-13,132000,Credit Card,settled
P00005522,B00005001,2026-02-10,43230,Debit Card,settled
P00005523,B00005001,2026-02-14,11970,Debit Card,pending
P00005524,B00005002,2024-11-02,228000,Points,settled
P00005525,B00005003,2025-01-06,423000,Points,settled
P00005526,B00005004,2024-11-10,315787,Debit Card,settled
P00005527,B00005004,2024-11-08,151213,Credit Card,pending
P00005528,B00005005,2025-10-20,96400,Points,settled
P00005529,B00005006,2024-11-02,110000,Debit Card,settled
P00005530,B00005007,2025-01-07,623700,Points,settled
P00005531,B00005008,2025-06-10,659400,Debit Card,settled
P00005532,B00005009,2024-09-06,234300,Credit Card,settled
P00005533,B00005010,2025-06-22,140000,Points,settled
P00005534,B00005011,2025-12-30,136500,Debit Card,settled
P00005535,B00005012,2025-04-15,144200,Credit Card,settled
P00005536,B00005013,2025-11-24,152400,Points,settled
P00005537,B00005014,2024-02-15,417600,Points,settled
P00005538,B00005015,2025-01-21,17900,Bank Transfer,settled
P00005539,B00005016,2024-10-13,18600,Points,settled
P00005540,B00005017,2025-07-28,142400,Credit Card,settled
P00005541,B00005018,2025-04-28,591178,Bank Transfer,settled
P00005542,B00005018,2025-05-27,348822,Credit Card,pending
P00005543,B00005019,2024-05-27,183500,Points,settled
P00005544,B00005020,2024-07-09,1339800,Points,settled
P00005545,B00005021,2024-07-04,376000,Points,settled
P00005546,B00005022,2024-12-08,239000,Points,settled
P00005547,B00005023,2024-04-24,114000,Credit Card,settled
P00005548,B00005024,2024-04-08,156000,Debit Card,settled
P00005549,B00005024,2024-04-26,-156000,Bank Transfer,refunded
P00005550,B00005025,2025-04-07,160000,Bank Transfer,settled
P00005551,B00005026,2024-09-29,72400,Debit Card,settled
P00005552,B00005027,2024-12-30,320600,Bank Transfer,settled
P00005553,B00005028,2024-07-13,55500,Bank Transfer,settled
P00005554,B00005029,2025-08-08,232800,Debit Card,settled
P00005555,B00005030,2025-01-12,115500,Bank Transfer,settled
P00005556,B00005031,2024-07-01,186000,Debit Card,settled
P00005557,B00005032,2024-06-03,70400,Credit Card,settled
P00005558,B00005032,2024-06-11,-70400,Bank Transfer,refunded
P00005559,B00005033,2026-03-25,1678800,Points,settled
P00005560,B00005034,2025-01-21,44700,Credit Card,settled
P00005561,B00005035,2024-05-20,40100,Points,settled
P00005562,B00005036,2024-03-24,256100,Debit Card,settled
P00005563,B00005037,2025-08-22,150500,Bank Transfer,settled
P00005564,B00005038,2025-12-20,384000,Bank Transfer,settled
P00005565,B00005038,2026-01-26,-85760,Bank Transfer,refunded
P00005566,B00005039,2024-06-22,228000,Bank Transfer,settled
P00005567,B00005040,2025-04-25,603400,Debit Card,settled
P00005568,B00005041,2025-08-06,15300,Points,settled
P00005569,B00005042,2025-10-22,177800,Credit Card,settled
P00005570,B00005043,2025-12-14,98000,Points,settled
P00005571,B00005044,2025-01-17,225000,Points,settled
P00005572,B00005045,2024-11-13,563200,Bank Transfer,settled
P00005573,B00005047,2026-01-21,85200,Bank Transfer,settled
P00005574,B00005048,2025-06-28,86500,Points,settled
P00005575,B00005049,2025-05-04,225400,Credit Card,settled
P00005576,B00005049,2025-06-04,-33650,Debit Card,refunded
P00005577,B00005050,2024-06-03,147200,Bank Transfer,settled
P00005578,B00005050,2024-06-17,-147200,Credit Card,refunded
P00005579,B00005051,2025-12-15,211200,Credit Card,settled
P00005580,B00005052,2025-01-24,89600,Points,settled
P00005581,B00005053,2024-06-07,38000,Points,settled
P00005582,B00005054,2025-02-23,57000,Credit Card,settled
P00005583,B00005055,2024-09-23,283200,Points,settled
P00005584,B00005056,2025-04-02,55800,Credit Card,settled
P00005585,B00005057,2024-05-08,152900,Debit Card,settled
P00005586,B00005058,2025-06-05,265200,Bank Transfer,settled
P00005587,B00005059,2025-09-30,156800,Credit Card,settled
P00005588,B00005060,2024-10-25,205400,Debit Card,settled
P00005589,B00005061,2024-07-10,44700,Debit Card,settled
P00005590,B00005062,2025-05-23,685000,Debit Card,settled
P00005591,B00005062,2025-06-23,-685000,Points,refunded
P00005592,B00005063,2025-05-26,142400,Bank Transfer,settled
P00005593,B00005064,2024-02-28,142800,Credit Card,settled
P00005594,B00005065,2026-03-14,104000,Credit Card,settled
P00005595,B00005066,2025-09-18,64554,Points,settled
P00005596,B00005066,2025-10-08,26646,Debit Card,pending
P00005597,B00005067,2025-04-23,572600,Debit Card,settled
P00005598,B00005068,2024-08-20,163326,Points,settled
P00005599,B00005068,2024-07-21,54474,Credit Card,pending
P00005600,B00005069,2025-01-12,304152,Bank Transfer,settled
P00005601,B00005070,2025-10-14,161700,Points,settled
P00005602,B00005072,2025-09-11,140400,Credit Card,settled
P00005603,B00005073,2025-09-08,141000,Points,settled
P00005604,B00005074,2025-05-18,31200,Debit Card,settled
P00005605,B00005075,2025-01-20,86400,Points,settled
P00005606,B00005076,2025-08-27,1009600,Debit Card,settled
P00005607,B00005077,2024-07-21,264600,Points,settled
P00005608,B00005078,2024-08-28,159200,Credit Card,settled
P00005609,B00005078,2024-09-24,-35398,Debit Card,refunded
P00005610,B00005079,2024-08-10,157639,Bank Transfer,settled
P00005611,B00005079,2024-08-03,61961,Bank Transfer,pending
P00005612,B00005080,2025-08-20,246000,Debit Card,settled
P00005613,B00005081,2024-11-03,230400,Bank Transfer,settled
P00005614,B00005082,2025-10-09,1125154,Credit Card,settled
P00005615,B00005082,2025-10-31,473846,Points,pending
P00005616,B00005083,2024-04-23,22574,Bank Transfer,settled
P00005617,B00005083,2024-05-18,27226,Debit Card,pending
P00005618,B00005084,2026-04-01,227000,Debit Card,settled
P00005619,B00005085,2025-08-03,145000,Points,settled
P00005620,B00005086,2024-05-12,240000,Credit Card,settled
P00005621,B00005087,2025-12-27,144000,Points,settled
P00005622,B00005088,2025-04-09,275100,Credit Card,settled
P00005623,B00005088,2025-05-27,-43822,Credit Card,refunded
P00005624,B00005090,2024-05-02,187200,Bank Transfer,settled
P00005625,B00005091,2024-09-22,812000,Points,settled
P00005626,B00005092,2024-05-10,160600,Debit Card,settled
P00005627,B00005093,2024-08-08,14200,Points,settled
P00005628,B00005094,2024-09-16,233200,Credit Card,settled
P00005629,B00005095,2024-05-31,161700,Debit Card,settled
P00005630,B00005096,2025-12-15,286200,Points,settled
P00005631,B00005097,2026-02-23,220000,Bank Transfer,settled
P00005632,B00005098,2025-01-16,150300,Credit Card,settled
P00005633,B00005099,2024-09-13,825302,Debit Card,settled
P00005634,B00005100,2024-06-19,309600,Debit Card,settled
P00005635,B00005101,2025-01-21,267400,Bank Transfer,settled
P00005636,B00005102,2024-07-15,13600,Bank Transfer,settled
P00005637,B00005102,2024-08-02,-3393,Bank Transfer,refunded
P00005638,B00005103,2026-01-19,209000,Bank Transfer,settled
P00005639,B00005104,2024-03-04,59700,Debit Card,settled
P00005640,B00005105,2025-05-02,282800,Bank Transfer,settled
P00005641,B00005106,2024-05-22,500500,Bank Transfer,settled
P00005642,B00005107,2025-10-22,308000,Credit Card,settled
P00005643,B00005108,2024-02-24,1862400,Points,settled
P00005644,B00005109,2025-10-18,138600,Debit Card,settled
P00005645,B00005110,2024-11-16,1437000,Credit Card,settled
P00005646,B00005111,2024-05-13,146400,Debit Card,settled
P00005647,B00005112,2025-10-09,80400,Credit Card,settled
P00005648,B00005113,2025-10-17,119000,Debit Card,settled
P00005649,B00005114,2024-06-04,312800,Debit Card,settled
P00005650,B00005115,2024-05-19,223300,Points,settled
P00005651,B00005116,2024-07-20,212179,Bank Transfer,settled
P00005652,B00005117,2024-08-16,236000,Bank Transfer,settled
P00005653,B00005118,2025-06-08,161600,Debit Card,settled
P00005654,B00005118,2025-07-03,-39289,Points,refunded
P00005655,B00005120,2025-09-07,153977,Debit Card,settled
P00005656,B00005120,2025-08-25,65723,Credit Card,pending
P00005657,B00005121,2025-11-28,204300,Credit Card,settled
P00005658,B00005122,2024-08-27,350400,Debit Card,settled
P00005659,B00005123,2025-07-09,39900,Points,settled
P00005660,B00005124,2024-09-28,127800,Bank Transfer,settled
P00005661,B00005125,2025-06-16,45800,Bank Transfer,settled
P00005662,B00005126,2024-08-29,276800,Points,settled
P00005663,B00005127,2025-12-02,83200,Bank Transfer,settled
P00005664,B00005128,2024-07-17,219000,Credit Card,settled
P00005665,B00005129,2024-11-01,72000,Bank Transfer,settled
P00005666,B00005130,2024-03-31,183400,Points,settled
P00005667,B00005131,2024-06-06,157200,Credit Card,settled
P00005668,B00005132,2025-03-03,96780,Debit Card,settled
P00005669,B00005132,2025-03-03,43220,Debit Card,pending
P00005670,B00005133,2026-02-11,80000,Bank Transfer,settled
P00005671,B00005133,2026-03-03,-80000,Credit Card,refunded
P00005672,B00005134,2025-01-26,109800,Points,settled
P00005673,B00005135,2025-02-14,180000,Bank Transfer,settled
P00005674,B00005136,2024-07-07,58500,Points,settled
P00005675,B00005137,2025-06-08,217000,Points,settled
P00005676,B00005138,2025-12-14,80200,Debit Card,settled
P00005677,B00005139,2024-08-18,207600,Bank Transfer,settled
P00005678,B00005140,2024-01-16,47700,Points,settled
P00005679,B00005141,2024-04-04,279500,Debit Card,settled
P00005680,B00005142,2025-08-31,212400,Credit Card,settled
P00005681,B00005143,2024-10-28,118200,Credit Card,settled
P00005682,B00005144,2025-07-13,186000,Credit Card,settled
P00005683,B00005145,2025-01-27,489500,Points,settled
P00005684,B00005146,2024-08-14,21460,Points,settled
P00005685,B00005146,2024-08-18,24740,Points,pending
P00005686,B00005147,2025-08-09,157200,Credit Card,settled
P00005687,B00005148,2025-11-06,19300,Credit Card,settled
P00005688,B00005149,2025-11-11,125600,Points,settled
P00005689,B00005150,2024-11-05,112200,Points,settled
P00005690,B00005150,2024-12-17,-112200,Points,refunded
P00005691,B00005151,2024-08-24,134700,Debit Card,settled
P00005692,B00005152,2024-04-18,116000,Bank Transfer,settled
P00005693,B00005153,2024-08-16,146400,Bank Transfer,settled
P00005694,B00005154,2024-12-04,115400,Debit Card,settled
P00005695,B00005155,2024-04-28,176000,Points,settled
P00005696,B00005156,2025-09-01,205000,Bank Transfer,settled
P00005697,B00005157,2025-04-19,193000,Bank Transfer,settled
P00005698,B00005158,2026-03-26,200200,Credit Card,settled
P00005699,B00005159,2025-07-25,275800,Points,settled
P00005700,B00005160,2025-01-25,16900,Credit Card,settled
P00005701,B00005161,2025-02-25,25600,Credit Card,settled
P00005702,B00005162,2024-06-03,187200,Points,settled
P00005703,B00005163,2026-01-04,229200,Credit Card,settled
P00005704,B00005164,2024-10-22,120900,Debit Card,settled
P00005705,B00005165,2024-03-28,204600,Bank Transfer,settled
P00005706,B00005166,2025-07-04,89100,Credit Card,settled
P00005707,B00005167,2025-11-09,231000,Points,settled
P00005708,B00005168,2024-02-12,145200,Bank Transfer,settled
P00005709,B00005169,2025-12-10,207700,Debit Card,settled
P00005710,B00005169,2025-12-15,210300,Points,pending
P00005711,B00005170,2024-05-23,144000,Credit Card,settled
P00005712,B00005171,2024-10-11,239000,Credit Card,settled
P00005713,B00005172,2024-06-05,34000,Debit Card,settled
P00005714,B00005172,2024-07-01,-34000,Bank Transfer,refunded
P00005715,B00005173,2024-03-03,112200,Points,settled
P00005716,B00005174,2025-09-01,104800,Debit Card,settled
P00005717,B00005175,2025-08-22,282100,Debit Card,settled
P00005718,B00005176,2024-02-11,67200,Bank Transfer,settled
P00005719,B00005177,2024-11-07,209700,Points,settled
P00005720,B00005178,2025-02-06,233600,Points,settled
P00005721,B00005179,2024-08-10,282100,Bank Transfer,settled
P00005722,B00005180,2024-07-13,78800,Bank Transfer,settled
P00005723,B00005181,2024-12-20,19800,Points,settled
P00005724,B00005182,2025-08-15,23400,Points,settled
P00005725,B00005183,2025-09-07,176000,Debit Card,settled
P00005726,B00005184,2024-03-21,25800,Bank Transfer,settled
P00005727,B00005185,2025-01-08,304500,Points,settled
P00005728,B00005186,2025-02-26,69800,Points,settled
P00005729,B00005187,2026-01-27,102200,Bank Transfer,settled
P00005730,B00005187,2026-03-17,-102200,Points,refunded
P00005731,B00005188,2026-01-08,104000,Bank Transfer,settled
P00005732,B00005190,2024-08-18,60600,Debit Card,settled
P00005733,B00005192,2024-09-20,1362000,Credit Card,settled
P00005734,B00005192,2024-10-19,-221569,Credit Card,refunded
P00005735,B00005193,2024-03-14,463200,Bank Transfer,settled
P00005736,B00005194,2024-06-12,88800,Bank Transfer,settled
P00005737,B00005195,2025-04-19,52800,Points,settled
P00005738,B00005196,2025-04-13,119700,Points,settled
P00005739,B00005197,2024-02-16,38400,Bank Transfer,settled
P00005740,B00005198,2025-07-26,244400,Credit Card,settled
P00005741,B00005199,2025-01-13,62400,Points,settled
P00005742,B00005200,2025-06-19,143000,Credit Card,settled
P00005743,B00005201,2024-09-23,33400,Credit Card,settled
P00005744,B00005202,2025-10-01,655200,Points,settled
P00005745,B00005203,2024-06-11,141400,Bank Transfer,settled
P00005746,B00005204,2025-08-05,63600,Points,settled
P00005747,B00005205,2025-10-17,65600,Points,settled
P00005748,B00005206,2024-08-25,166500,Points,settled
P00005749,B00005207,2025-11-01,131600,Points,settled
P00005750,B00005208,2024-11-11,182600,Credit Card,settled
P00005751,B00005209,2025-10-09,95466,Debit Card,settled
P00005752,B00005209,2025-10-18,116934,Credit Card,pending
P00005753,B00005210,2025-01-28,311200,Points,settled
P00005754,B00005211,2025-05-01,17900,Points,settled
P00005755,B00005211,2025-06-16,-5119,Debit Card,refunded
P00005756,B00005212,2026-02-26,830400,Debit Card,settled
P00005757,B00005213,2025-04-24,755191,Points,settled
P00005758,B00005214,2024-04-30,236802,Credit Card,settled
P00005759,B00005215,2024-08-08,192800,Points,settled
P00005760,B00005216,2024-08-06,289900,Points,settled
P00005761,B00005217,2024-10-06,156200,Credit Card,settled
P00005762,B00005219,2024-12-11,228200,Bank Transfer,settled
P00005763,B00005220,2025-12-21,106400,Bank Transfer,settled
P00005764,B00005221,2024-05-01,592049,Credit Card,settled
P00005765,B00005221,2024-04-04,249051,Debit Card,pending
P00005766,B00005222,2024-12-14,72000,Debit Card,settled
P00005767,B00005223,2025-12-10,124800,Bank Transfer,settled
P00005768,B00005224,2025-11-05,115500,Points,settled
P00005769,B00005225,2026-02-12,81200,Points,settled
P00005770,B00005226,2025-01-12,393300,Points,settled
P00005771,B00005226,2025-01-22,-81762,Points,refunded
P00005772,B00005227,2024-09-20,120400,Debit Card,settled
P00005773,B00005228,2025-12-17,67024,Bank Transfer,settled
P00005774,B00005228,2025-12-01,26976,Bank Transfer,pending
P00005775,B00005229,2025-04-15,115400,Points,settled
P00005776,B00005230,2026-01-30,17600,Credit Card,settled
P00005777,B00005231,2024-12-25,53900,Points,settled
P00005778,B00005232,2024-07-08,32200,Bank Transfer,settled
P00005779,B00005233,2024-06-20,141000,Bank Transfer,settled
P00005780,B00005234,2026-01-10,657000,Bank Transfer,settled
P00005781,B00005235,2024-07-18,119700,Points,settled
P00005782,B00005236,2026-03-11,176800,Credit Card,settled
P00005783,B00005237,2024-04-21,617200,Credit Card,settled
P00005784,B00005237,2024-05-28,-617200,Credit Card,refunded
P00005785,B00005238,2025-06-20,126000,Points,settled
P00005786,B00005239,2025-11-04,206563,Credit Card,settled
P00005787,B00005240,2025-05-09,122927,Bank Transfer,settled
P00005788,B00005240,2025-04-25,42673,Bank Transfer,pending
P00005789,B00005241,2024-12-27,459683,Credit Card,settled
P00005790,B00005242,2025-01-09,259600,Debit Card,settled
P00005791,B00005243,2026-02-01,87400,Points,settled
P00005792,B00005244,2024-06-23,15600,Credit Card,settled
P00005793,B00005245,2024-03-15,384300,Debit Card,settled
P00005794,B00005245,2024-05-01,-384300,Debit Card,refunded
P00005795,B00005246,2025-12-06,38200,Debit Card,settled
P00005796,B00005247,2024-07-02,213200,Debit Card,settled
P00005797,B00005248,2024-08-22,84000,Points,settled
P00005798,B00005249,2025-06-13,115800,Bank Transfer,settled
P00005799,B00005250,2024-03-09,63600,Bank Transfer,settled
P00005800,B00005251,2025-08-05,757400,Bank Transfer,settled
P00005801,B00005252,2025-06-13,88500,Bank Transfer,settled
P00005802,B00005253,2025-12-14,169200,Credit Card,settled
P00005803,B00005253,2025-12-24,-169200,Bank Transfer,refunded
P00005804,B00005254,2026-02-22,161000,Bank Transfer,settled
P00005805,B00005255,2024-09-07,646000,Debit Card,settled
P00005806,B00005256,2025-03-17,440400,Points,settled
P00005807,B00005257,2025-10-27,197400,Debit Card,settled
P00005808,B00005258,2025-09-26,939200,Debit Card,settled
P00005809,B00005259,2025-09-20,18600,Points,settled
P00005810,B00005260,2025-09-17,248600,Bank Transfer,settled
P00005811,B00005261,2024-09-09,577800,Debit Card,settled
P00005812,B00005262,2024-04-25,168000,Bank Transfer,settled
P00005813,B00005262,2024-05-22,-18363,Credit Card,refunded
P00005814,B00005263,2024-09-15,16700,Credit Card,settled
P00005815,B00005264,2024-09-21,160000,Points,settled
P00005816,B00005265,2025-08-07,43000,Bank Transfer,settled
P00005817,B00005266,2025-03-21,55890,Credit Card,settled
P00005818,B00005266,2025-04-03,48510,Debit Card,pending
P00005819,B00005267,2025-09-14,151800,Credit Card,settled
P00005820,B00005268,2024-09-23,445200,Points,settled
P00005821,B00005269,2024-08-26,270400,Points,settled
P00005822,B00005270,2025-08-01,955500,Points,settled
P00005823,B00005271,2025-04-22,88500,Bank Transfer,settled
P00005824,B00005272,2026-03-14,257400,Points,settled
P00005825,B00005273,2024-11-17,352000,Debit Card,settled
P00005826,B00005274,2025-12-07,201600,Bank Transfer,settled
P00005827,B00005275,2025-12-06,1022000,Points,settled
P00005828,B00005277,2024-06-21,278400,Credit Card,settled
P00005829,B00005278,2026-03-01,86345,Bank Transfer,settled
P00005830,B00005278,2026-03-08,100655,Bank Transfer,pending
P00005831,B00005279,2024-03-25,158000,Credit Card,settled
P00005832,B00005280,2025-02-12,70000,Points,settled
P00005833,B00005281,2024-12-14,38800,Debit Card,settled
P00005834,B00005282,2024-08-04,63900,Bank Transfer,settled
P00005835,B00005283,2025-05-15,76800,Bank Transfer,settled
P00005836,B00005284,2025-09-09,268800,Debit Card,settled
P00005837,B00005285,2024-04-18,391500,Points,settled
P00005838,B00005286,2026-01-09,149800,Credit Card,settled
P00005839,B00005287,2025-04-21,72500,Credit Card,settled
P00005840,B00005288,2024-10-31,318400,Points,settled
P00005841,B00005289,2025-06-18,265500,Points,settled
P00005842,B00005290,2024-09-02,1082200,Credit Card,settled
P00005843,B00005290,2024-09-19,-1082200,Bank Transfer,refunded
P00005844,B00005291,2025-05-09,132800,Bank Transfer,settled
P00005845,B00005292,2025-01-21,440700,Bank Transfer,settled
P00005846,B00005293,2026-01-22,126400,Credit Card,settled
P00005847,B00005294,2024-07-29,701800,Points,settled
P00005848,B00005295,2024-10-27,91500,Points,settled
P00005849,B00005296,2025-04-15,46605,Points,settled
P00005850,B00005296,2025-04-23,15795,Credit Card,pending
P00005851,B00005297,2025-06-07,214200,Points,settled
P00005852,B00005298,2024-12-26,641200,Debit Card,settled
P00005853,B00005299,2024-07-17,158400,Bank Transfer,settled
P00005854,B00005300,2024-11-24,281400,Bank Transfer,settled
P00005855,B00005301,2025-03-02,322500,Credit Card,settled
P00005856,B00005302,2025-02-25,97800,Credit Card,settled
P00005857,B00005303,2024-03-16,507200,Debit Card,settled
P00005858,B00005304,2024-09-06,60600,Bank Transfer,settled
P00005859,B00005305,2026-01-27,162800,Points,settled
P00005860,B00005306,2025-11-12,48000,Debit Card,settled
P00005861,B00005306,2025-11-26,-48000,Points,refunded
P00005862,B00005307,2025-02-11,109899,Credit Card,settled
P00005863,B00005308,2025-01-28,206100,Points,settled
P00005864,B00005309,2026-02-09,149600,Bank Transfer,settled
P00005865,B00005310,2024-04-28,174000,Debit Card,settled
P00005866,B00005310,2024-06-15,-174000,Credit Card,refunded
P00005867,B00005311,2025-04-07,954800,Points,settled
P00005868,B00005312,2024-02-07,189000,Debit Card,settled
P00005869,B00005313,2025-08-28,51200,Credit Card,settled
P00005870,B00005314,2025-05-30,242000,Debit Card,settled
P00005871,B00005314,2025-07-01,-242000,Debit Card,refunded
P00005872,B00005315,2025-10-30,89000,Bank Transfer,settled
P00005873,B00005316,2025-08-13,641300,Debit Card,settled
P00005874,B00005317,2024-04-24,207500,Credit Card,settled
P00005875,B00005318,2024-05-20,210000,Points,settled
P00005876,B00005319,2025-01-11,84400,Bank Transfer,settled
P00005877,B00005320,2025-11-11,375300,Debit Card,settled
P00005878,B00005321,2024-02-25,17200,Points,settled
P00005879,B00005321,2024-03-28,-17200,Points,refunded
P00005880,B00005322,2026-03-10,57588,Bank Transfer,settled
P00005881,B00005322,2026-03-03,58412,Points,pending
P00005882,B00005323,2024-09-25,51900,Points,settled
P00005883,B00005324,2024-01-03,355000,Bank Transfer,settled
P00005884,B00005325,2025-04-05,133000,Credit Card,settled
P00005885,B00005326,2024-02-13,165900,Debit Card,settled
P00005886,B00005327,2024-06-23,231600,Bank Transfer,settled
P00005887,B00005328,2025-08-30,201300,Points,settled
P00005888,B00005329,2024-07-17,85800,Debit Card,settled
P00005889,B00005330,2025-08-02,98500,Points,settled
P00005890,B00005330,2025-09-12,-21982,Debit Card,refunded
P00005891,B00005331,2025-10-21,127200,Credit Card,settled
P00005892,B00005331,2025-11-18,-127200,Credit Card,refunded
P00005893,B00005332,2025-03-18,105000,Credit Card,settled
P00005894,B00005333,2026-02-25,104000,Credit Card,settled
P00005895,B00005334,2025-10-20,60559,Debit Card,settled
P00005896,B00005334,2025-10-26,39941,Credit Card,pending
P00005897,B00005335,2024-06-15,91800,Bank Transfer,settled
P00005898,B00005336,2025-03-24,686442,Credit Card,settled
P00005899,B00005337,2026-01-16,876200,Bank Transfer,settled
P00005900,B00005338,2025-09-28,67500,Debit Card,settled
P00005901,B00005339,2025-04-11,92400,Bank Transfer,settled
P00005902,B00005340,2025-05-15,193200,Bank Transfer,settled
P00005903,B00005341,2025-04-04,94800,Points,settled
P00005904,B00005342,2025-12-17,30710,Credit Card,settled
P00005905,B00005342,2025-11-25,42090,Credit Card,pending
P00005906,B00005343,2024-09-07,74000,Credit Card,settled
P00005907,B00005344,2024-11-29,86000,Credit Card,settled
P00005908,B00005344,2025-01-05,-86000,Bank Transfer,refunded
P00005909,B00005345,2025-03-05,217700,Debit Card,settled
P00005910,B00005346,2025-12-15,91039,Bank Transfer,settled
P00005911,B00005346,2025-12-12,52961,Points,pending
P00005912,B00005347,2026-03-17,144900,Points,settled
P00005913,B00005348,2025-12-23,276800,Points,settled
P00005914,B00005349,2025-05-09,152000,Credit Card,settled
P00005915,B00005350,2025-10-25,137200,Debit Card,settled
P00005916,B00005350,2025-10-29,-36353,Points,refunded
P00005917,B00005351,2026-03-04,159600,Bank Transfer,settled
P00005918,B00005352,2024-12-01,296800,Debit Card,settled
P00005919,B00005353,2026-03-18,36000,Points,settled
P00005920,B00005354,2024-04-22,102000,Debit Card,settled
P00005921,B00005355,2024-10-25,1085000,Credit Card,settled
P00005922,B00005356,2024-06-03,758800,Bank Transfer,settled
P00005923,B00005357,2025-06-14,144800,Points,settled
P00005924,B00005358,2025-02-08,103105,Bank Transfer,settled
P00005925,B00005358,2025-02-07,70895,Debit Card,pending
P00005926,B00005359,2024-10-31,27200,Credit Card,settled
P00005927,B00005360,2024-08-24,1580700,Points,settled
P00005928,B00005361,2025-02-13,18200,Bank Transfer,settled
P00005929,B00005363,2024-11-04,183600,Debit Card,settled
P00005930,B00005364,2026-04-06,298400,Debit Card,settled
P00005931,B00005365,2025-11-02,20500,Debit Card,settled
P00005932,B00005366,2025-02-25,137700,Bank Transfer,settled
P00005933,B00005367,2024-03-31,249600,Points,settled
P00005934,B00005368,2024-04-04,95000,Bank Transfer,settled
P00005935,B00005369,2024-10-15,534400,Debit Card,settled
P00005936,B00005370,2025-03-08,160800,Points,settled
P00005937,B00005371,2025-01-03,279500,Bank Transfer,settled
P00005938,B00005372,2025-02-05,50465,Points,settled
P00005939,B00005372,2025-02-17,37535,Debit Card,pending
P00005940,B00005373,2024-07-06,13600,Bank Transfer,settled
P00005941,B00005374,2025-09-30,138400,Points,settled
P00005942,B00005375,2024-03-13,163100,Debit Card,settled
P00005943,B00005376,2025-01-23,171200,Bank Transfer,settled
P00005944,B00005377,2025-08-29,62400,Points,settled
P00005945,B00005378,2025-05-14,265200,Debit Card,settled
P00005946,B00005378,2025-05-18,-265200,Credit Card,refunded
P00005947,B00005379,2025-10-22,117600,Points,settled
P00005948,B00005380,2025-10-21,641200,Credit Card,settled
P00005949,B00005381,2024-05-20,257600,Debit Card,settled
P00005950,B00005382,2025-07-24,656700,Points,settled
P00005951,B00005383,2025-02-09,85400,Credit Card,settled
P00005952,B00005384,2026-02-19,293800,Points,settled
P00005953,B00005385,2025-08-11,212697,Credit Card,settled
P00005954,B00005386,2024-11-13,72300,Bank Transfer,settled
P00005955,B00005387,2025-10-01,203100,Debit Card,settled
P00005956,B00005388,2025-08-14,288900,Credit Card,settled
P00005957,B00005389,2025-04-16,176800,Debit Card,settled
P00005958,B00005391,2025-11-09,120500,Debit Card,settled
P00005959,B00005392,2025-09-26,232500,Bank Transfer,settled
P00005960,B00005393,2024-02-28,21600,Points,settled
P00005961,B00005394,2024-04-28,258500,Credit Card,settled
P00005962,B00005395,2025-08-15,232400,Credit Card,settled
P00005963,B00005396,2025-07-22,207900,Debit Card,settled
P00005964,B00005397,2024-12-23,171600,Credit Card,settled
P00005965,B00005398,2026-01-14,371700,Debit Card,settled
P00005966,B00005399,2025-02-04,98400,Bank Transfer,settled
P00005967,B00005400,2025-11-07,425100,Credit Card,settled
P00005968,B00005401,2024-05-09,254800,Bank Transfer,settled
P00005969,B00005402,2024-06-28,274200,Points,settled
P00005970,B00005403,2024-04-14,60900,Bank Transfer,settled
P00005971,B00005404,2024-02-26,129500,Debit Card,settled
P00005972,B00005404,2024-03-24,-129500,Credit Card,refunded
P00005973,B00005405,2024-06-08,302400,Bank Transfer,settled
P00005974,B00005406,2025-04-16,137200,Points,settled
P00005975,B00005407,2025-12-22,1042600,Credit Card,settled
P00005976,B00005408,2025-01-21,117600,Debit Card,settled
P00005977,B00005409,2025-08-01,107292,Credit Card,settled
P00005978,B00005409,2025-07-27,118108,Credit Card,pending
P00005979,B00005410,2024-02-08,187200,Bank Transfer,settled
P00005980,B00005411,2025-02-20,136800,Credit Card,settled
P00005981,B00005411,2025-03-20,-19420,Points,refunded
P00005982,B00005412,2025-12-01,211800,Debit Card,settled
P00005983,B00005413,2025-03-25,202400,Debit Card,settled
P00005984,B00005414,2025-08-26,114500,Points,settled
P00005985,B00005414,2025-09-20,-114500,Bank Transfer,refunded
P00005986,B00005415,2024-10-04,153000,Debit Card,settled
P00005987,B00005416,2025-04-17,79654,Credit Card,settled
P00005988,B00005416,2025-05-12,58246,Bank Transfer,pending
P00005989,B00005417,2024-03-05,27600,Points,settled
P00005990,B00005418,2025-03-14,117600,Credit Card,settled
P00005991,B00005419,2025-10-16,168300,Points,settled
P00005992,B00005420,2024-06-08,196800,Points,settled
P00005993,B00005421,2024-05-15,104400,Debit Card,settled
P00005994,B00005422,2025-07-31,60648,Bank Transfer,settled
P00005995,B00005422,2025-07-25,80952,Points,pending
P00005996,B00005423,2024-12-12,33500,Credit Card,settled
P00005997,B00005424,2024-08-29,250900,Points,settled
P00005998,B00005426,2024-07-12,505700,Debit Card,settled
P00005999,B00005427,2025-02-07,201500,Debit Card,settled
P00006000,B00005428,2025-07-30,543600,Credit Card,settled
P00006001,B00005429,2026-02-06,113400,Points,settled
P00006002,B00005430,2025-03-15,57900,Bank Transfer,settled
P00006003,B00005430,2025-04-24,-8780,Bank Transfer,refunded
P00006004,B00005431,2025-03-08,106590,Credit Card,settled
P00006005,B00005431,2025-03-07,42410,Debit Card,pending
P00006006,B00005432,2024-12-29,118000,Credit Card,settled
P00006007,B00005433,2025-07-22,70400,Bank Transfer,settled
P00006008,B00005434,2024-07-23,173800,Bank Transfer,settled
P00006009,B00005435,2025-05-06,62000,Credit Card,settled
P00006010,B00005435,2025-06-09,-62000,Credit Card,refunded
P00006011,B00005436,2024-07-10,1534800,Credit Card,settled
P00006012,B00005437,2025-12-31,48900,Debit Card,settled
P00006013,B00005438,2024-09-03,19100,Bank Transfer,settled
P00006014,B00005439,2025-06-23,99500,Bank Transfer,settled
P00006015,B00005440,2024-09-23,207000,Credit Card,settled
P00006016,B00005441,2025-05-03,216000,Debit Card,settled
P00006017,B00005442,2024-02-18,210600,Points,settled
P00006018,B00005443,2025-01-08,13600,Debit Card,settled
P00006019,B00005444,2025-09-20,326200,Credit Card,settled
P00006020,B00005445,2025-10-03,704000,Points,settled
P00006021,B00005445,2025-10-21,-704000,Points,refunded
P00006022,B00005446,2026-02-18,470400,Bank Transfer,settled
P00006023,B00005447,2025-07-15,128800,Debit Card,settled
P00006024,B00005447,2025-08-29,-20425,Bank Transfer,refunded
P00006025,B00005448,2025-05-02,244800,Debit Card,settled
P00006026,B00005449,2025-03-16,33200,Bank Transfer,settled
P00006027,B00005450,2025-05-31,235200,Debit Card,settled
P00006028,B00005451,2024-11-02,56400,Bank Transfer,settled
P00006029,B00005452,2025-03-05,612000,Debit Card,settled
P00006030,B00005452,2025-03-15,-612000,Credit Card,refunded
P00006031,B00005453,2024-12-16,125100,Debit Card,settled
P00006032,B00005454,2025-02-23,257400,Debit Card,settled
P00006033,B00005455,2025-11-30,476300,Debit Card,settled
P00006034,B00005456,2025-03-16,160200,Bank Transfer,settled
P00006035,B00005457,2024-04-15,1599600,Points,settled
P00006036,B00005458,2024-12-23,243100,Bank Transfer,settled
P00006037,B00005459,2025-08-26,174000,Bank Transfer,settled
P00006038,B00005460,2024-10-06,309600,Points,settled
P00006039,B00005462,2025-07-31,175500,Debit Card,settled
P00006040,B00005462,2025-08-27,-29381,Bank Transfer,refunded
P00006041,B00005463,2024-08-30,46600,Bank Transfer,settled
P00006042,B00005466,2025-11-27,35500,Debit Card,settled
P00006043,B00005468,2025-03-14,179000,Credit Card,settled
P00006044,B00005469,2024-05-04,114000,Debit Card,settled
P00006045,B00005470,2025-03-29,64000,Points,settled
P00006046,B00005471,2025-11-30,54900,Points,settled
P00006047,B00005472,2024-02-14,46200,Credit Card,settled
P00006048,B00005473,2025-03-30,190000,Debit Card,settled
P00006049,B00005474,2025-09-30,94000,Debit Card,settled
P00006050,B00005475,2025-07-12,157600,Points,settled
P00006051,B00005476,2024-07-14,131600,Credit Card,settled
P00006052,B00005477,2024-12-09,114300,Bank Transfer,settled
P00006053,B00005478,2024-11-01,180000,Credit Card,settled
P00006054,B00005479,2025-12-11,577500,Bank Transfer,settled
P00006055,B00005480,2025-06-26,233400,Bank Transfer,settled
P00006056,B00005481,2025-09-21,1304400,Credit Card,settled
P00006057,B00005482,2025-01-26,941969,Points,settled
P00006058,B00005483,2025-10-24,116600,Points,settled
P00006059,B00005484,2025-04-29,1650855,Credit Card,settled
P00006060,B00005485,2025-02-09,50700,Points,settled
P00006061,B00005486,2025-05-13,211200,Debit Card,settled
P00006062,B00005486,2025-06-24,-33250,Bank Transfer,refunded
P00006063,B00005487,2025-01-10,21300,Bank Transfer,settled
P00006064,B00005488,2024-07-10,30800,Points,settled
P00006065,B00005489,2024-03-29,154400,Debit Card,settled
P00006066,B00005490,2024-09-27,225500,Debit Card,settled
P00006067,B00005491,2024-03-18,969300,Debit Card,settled
P00006068,B00005492,2024-08-25,56800,Debit Card,settled
P00006069,B00005493,2025-10-14,253600,Bank Transfer,settled
P00006070,B00005494,2024-11-22,77300,Credit Card,settled
P00006071,B00005495,2025-12-11,60000,Credit Card,settled
P00006072,B00005496,2025-12-28,327000,Credit Card,settled
P00006073,B00005497,2025-06-03,327600,Points,settled
P00006074,B00005498,2024-03-15,189200,Bank Transfer,settled
P00006075,B00005499,2025-11-12,241800,Debit Card,settled
P00006076,B00005500,2024-12-30,164800,Points,settled
P00006077,B00005501,2024-02-17,332000,Credit Card,settled
P00006078,B00005503,2024-04-16,49200,Debit Card,settled
P00006079,B00005504,2025-03-29,102500,Debit Card,settled
P00006080,B00005505,2024-08-25,239000,Bank Transfer,settled
P00006081,B00005506,2025-11-28,732200,Bank Transfer,settled
P00006082,B00005507,2024-12-21,212800,Credit Card,settled
P00006083,B00005508,2025-10-27,177000,Debit Card,settled
P00006084,B00005508,2025-11-30,-19161,Debit Card,refunded
P00006085,B00005509,2025-07-31,90635,Points,settled
P00006086,B00005509,2025-07-28,79865,Credit Card,pending
P00006087,B00005511,2026-02-03,119700,Bank Transfer,settled
P00006088,B00005512,2025-05-12,124200,Credit Card,settled
P00006089,B00005513,2025-07-12,100200,Bank Transfer,settled
P00006090,B00005514,2025-02-20,68000,Debit Card,settled
P00006091,B00005515,2025-08-13,411400,Points,settled
P00006092,B00005516,2026-02-24,296800,Points,settled
P00006093,B00005517,2024-12-07,39000,Debit Card,settled
P00006094,B00005518,2024-03-12,90000,Points,settled
P00006095,B00005519,2025-05-03,192000,Bank Transfer,settled
P00006096,B00005520,2024-04-03,99400,Debit Card,settled
P00006097,B00005521,2024-11-07,38400,Points,settled
P00006098,B00005522,2025-09-04,294200,Credit Card,settled
P00006099,B00005523,2025-07-04,346000,Points,settled
P00006100,B00005524,2024-05-14,184800,Debit Card,settled
P00006101,B00005525,2024-12-29,154000,Points,settled
P00006102,B00005526,2024-03-17,229200,Points,settled
P00006103,B00005527,2024-03-04,553200,Debit Card,settled
P00006104,B00005528,2024-10-25,204000,Bank Transfer,settled
P00006105,B00005528,2024-11-22,-204000,Credit Card,refunded
P00006106,B00005529,2025-02-26,106800,Points,settled
P00006107,B00005529,2025-03-16,-106800,Debit Card,refunded
P00006108,B00005530,2025-11-18,71400,Points,settled
P00006109,B00005531,2025-11-09,47600,Credit Card,settled
P00006110,B00005532,2025-02-09,432000,Debit Card,settled
P00006111,B00005533,2024-10-19,99600,Bank Transfer,settled
P00006112,B00005534,2026-01-28,22600,Points,settled
P00006113,B00005535,2025-12-14,67835,Debit Card,settled
P00006114,B00005535,2025-12-20,19165,Points,pending
P00006115,B00005536,2025-04-12,331000,Debit Card,settled
P00006116,B00005537,2024-08-21,180900,Credit Card,settled
P00006117,B00005537,2024-09-12,-180900,Points,refunded
P00006118,B00005538,2025-12-04,97500,Points,settled
P00006119,B00005539,2025-03-05,38000,Credit Card,settled
P00006120,B00005540,2025-06-12,40500,Points,settled
P00006121,B00005540,2025-07-10,-40500,Credit Card,refunded
P00006122,B00005541,2024-05-05,573300,Debit Card,settled
P00006123,B00005542,2024-08-30,523200,Bank Transfer,settled
P00006124,B00005543,2025-07-19,17600,Credit Card,settled
P00006125,B00005544,2026-01-19,67600,Bank Transfer,settled
P00006126,B00005545,2024-09-18,64000,Debit Card,settled
P00006127,B00005546,2024-07-18,114600,Debit Card,settled
P00006128,B00005547,2025-01-25,228800,Credit Card,settled
P00006129,B00005548,2025-04-18,266000,Points,settled
P00006130,B00005549,2024-12-22,120400,Bank Transfer,settled
P00006131,B00005549,2025-01-11,-120400,Debit Card,refunded
P00006132,B00005550,2024-09-15,342000,Debit Card,settled
P00006133,B00005551,2025-10-28,160600,Points,settled
P00006134,B00005552,2024-11-14,162000,Debit Card,settled
P00006135,B00005552,2024-12-29,-162000,Credit Card,refunded
P00006136,B00005553,2025-01-16,960000,Debit Card,settled
P00006137,B00005554,2024-11-30,57900,Credit Card,settled
P00006138,B00005555,2025-05-16,596700,Credit Card,settled
P00006139,B00005556,2024-10-14,156400,Credit Card,settled
P00006140,B00005557,2025-03-15,194400,Credit Card,settled
P00006141,B00005558,2024-09-20,162000,Credit Card,settled
P00006142,B00005558,2024-09-28,-37221,Points,refunded
P00006143,B00005559,2025-10-22,221000,Debit Card,settled
P00006144,B00005560,2026-02-11,281400,Bank Transfer,settled
P00006145,B00005561,2024-01-18,124600,Debit Card,settled
P00006146,B00005562,2025-03-08,122400,Debit Card,settled
P00006147,B00005563,2025-03-08,33400,Points,settled
P00006148,B00005564,2025-08-18,212300,Points,settled
P00006149,B00005565,2024-07-24,790400,Debit Card,settled
P00006150,B00005566,2025-07-13,1081600,Bank Transfer,settled
P00006151,B00005567,2024-04-29,239600,Credit Card,settled
P00006152,B00005568,2024-08-31,334600,Bank Transfer,settled
P00006153,B00005569,2024-01-27,109324,Credit Card,settled
P00006154,B00005569,2024-01-07,71876,Debit Card,pending
P00006155,B00005570,2026-01-21,113400,Bank Transfer,settled
P00006156,B00005571,2025-12-23,14800,Points,settled
P00006157,B00005572,2024-12-15,136000,Credit Card,settled
P00006158,B00005573,2025-08-01,338800,Credit Card,settled
P00006159,B00005574,2024-02-26,516000,Debit Card,settled
P00006160,B00005575,2024-12-18,176000,Bank Transfer,settled
P00006161,B00005576,2025-10-23,16400,Credit Card,settled
P00006162,B00005577,2024-01-25,382200,Points,settled
P00006163,B00005578,2025-12-11,109200,Debit Card,settled
P00006164,B00005579,2025-07-18,891600,Bank Transfer,settled
P00006165,B00005580,2024-03-08,18400,Bank Transfer,settled
P00006166,B00005581,2024-08-31,45100,Points,settled
P00006167,B00005582,2024-11-12,339900,Bank Transfer,settled
P00006168,B00005582,2024-12-07,-61162,Bank Transfer,refunded
P00006169,B00005583,2024-02-09,325761,Points,settled
P00006170,B00005583,2024-01-28,95239,Debit Card,pending
P00006171,B00005584,2024-06-14,231000,Debit Card,settled
P00006172,B00005585,2025-10-02,147600,Credit Card,settled
P00006173,B00005585,2025-11-12,-32812,Debit Card,refunded
P00006174,B00005586,2024-04-14,291596,Debit Card,settled
P00006175,B00005587,2025-06-03,16300,Debit Card,settled
P00006176,B00005588,2024-07-27,111600,Credit Card,settled
P00006177,B00005589,2026-02-05,133578,Debit Card,settled
P00006178,B00005589,2026-02-14,93422,Points,pending
P00006179,B00005590,2025-02-15,194700,Debit Card,settled
P00006180,B00005591,2024-10-02,260000,Debit Card,settled
P00006181,B00005592,2024-11-19,137900,Debit Card,settled
P00006182,B00005593,2025-09-28,245000,Bank Transfer,settled
P00006183,B00005594,2024-08-29,188800,Points,settled
P00006184,B00005595,2025-10-16,112800,Bank Transfer,settled
P00006185,B00005596,2025-06-15,89400,Bank Transfer,settled
P00006186,B00005597,2024-05-26,181200,Debit Card,settled
P00006187,B00005599,2025-10-13,160200,Credit Card,settled
P00006188,B00005600,2024-11-03,193200,Bank Transfer,settled
P00006189,B00005601,2025-01-29,109200,Points,settled
P00006190,B00005602,2026-03-06,100808,Credit Card,settled
P00006191,B00005603,2025-01-01,254100,Points,settled
P00006192,B00005604,2025-09-30,203000,Debit Card,settled
P00006193,B00005605,2024-04-15,27400,Bank Transfer,settled
P00006194,B00005606,2024-10-18,141475,Credit Card,settled
P00006195,B00005606,2024-10-19,176225,Points,pending
P00006196,B00005607,2025-06-06,98405,Points,settled
P00006197,B00005608,2025-12-01,65200,Debit Card,settled
P00006198,B00005609,2024-05-31,40000,Credit Card,settled
P00006199,B00005610,2025-06-28,321300,Credit Card,settled
P00006200,B00005611,2026-01-01,51737,Debit Card,settled
P00006201,B00005612,2024-07-13,8357,Credit Card,settled
P00006202,B00005612,2024-08-06,10343,Debit Card,pending
P00006203,B00005613,2024-10-20,327035,Debit Card,settled
P00006204,B00005614,2025-03-08,737100,Debit Card,settled
P00006205,B00005615,2025-10-20,305200,Credit Card,settled
P00006206,B00005616,2025-04-10,321200,Points,settled
P00006207,B00005617,2024-09-05,210100,Credit Card,settled
P00006208,B00005618,2025-05-07,102000,Credit Card,settled
P00006209,B00005619,2024-02-06,63470,Points,settled
P00006210,B00005619,2024-02-05,18930,Debit Card,pending
P00006211,B00005620,2024-06-12,128000,Bank Transfer,settled
P00006212,B00005620,2024-06-19,-128000,Points,refunded
P00006213,B00005621,2024-12-29,102000,Credit Card,settled
P00006214,B00005622,2024-04-08,42900,Credit Card,settled
P00006215,B00005623,2024-06-26,153800,Credit Card,settled
P00006216,B00005624,2024-03-17,281400,Bank Transfer,settled
P00006217,B00005625,2024-05-14,213400,Debit Card,settled
P00006218,B00005626,2024-11-15,235200,Bank Transfer,settled
P00006219,B00005627,2025-06-02,62000,Bank Transfer,settled
P00006220,B00005628,2024-12-16,221000,Points,settled
P00006221,B00005629,2024-10-23,111000,Points,settled
P00006222,B00005630,2024-08-27,54370,Bank Transfer,settled
P00006223,B00005630,2024-08-30,66230,Credit Card,pending
P00006224,B00005631,2025-07-26,155100,Debit Card,settled
P00006225,B00005632,2024-10-29,685800,Debit Card,settled
P00006226,B00005633,2024-06-23,240000,Credit Card,settled
P00006227,B00005634,2024-10-21,411900,Credit Card,settled
P00006228,B00005635,2024-03-10,117000,Debit Card,settled
P00006229,B00005636,2024-04-07,160000,Points,settled
P00006230,B00005637,2026-01-08,735700,Bank Transfer,settled
P00006231,B00005638,2025-11-28,188800,Points,settled
P00006232,B00005639,2025-04-10,309400,Points,settled
P00006233,B00005640,2024-07-03,566400,Bank Transfer,settled
P00006234,B00005641,2026-02-02,61200,Credit Card,settled
P00006235,B00005642,2025-11-22,153600,Debit Card,settled
P00006236,B00005643,2025-02-28,352800,Bank Transfer,settled
P00006237,B00005644,2025-01-11,61200,Debit Card,settled
P00006238,B00005645,2025-01-22,155700,Points,settled
P00006239,B00005646,2025-12-28,66953,Bank Transfer,settled
P00006240,B00005646,2025-12-08,85047,Bank Transfer,pending
P00006241,B00005647,2026-01-15,179100,Bank Transfer,settled
P00006242,B00005648,2025-09-25,1128400,Credit Card,settled
P00006243,B00005649,2025-09-05,426800,Points,settled
P00006244,B00005650,2025-08-01,1135000,Debit Card,settled
P00006245,B00005650,2025-09-03,-1135000,Bank Transfer,refunded
P00006246,B00005651,2025-07-23,21200,Credit Card,settled
P00006247,B00005652,2025-06-12,38900,Points,settled
P00006248,B00005653,2025-03-12,364000,Credit Card,settled
P00006249,B00005654,2024-07-22,32900,Points,settled
P00006250,B00005655,2024-05-25,83000,Bank Transfer,settled
P00006251,B00005656,2025-10-15,254800,Debit Card,settled
P00006252,B00005658,2025-06-05,132400,Credit Card,settled
P00006253,B00005659,2024-12-21,39200,Bank Transfer,settled
P00006254,B00005660,2026-01-22,66500,Credit Card,settled
P00006255,B00005661,2024-08-26,233800,Bank Transfer,settled
P00006256,B00005662,2025-11-01,308400,Debit Card,settled
P00006257,B00005663,2025-10-19,161100,Bank Transfer,settled
P00006258,B00005664,2024-02-01,144900,Debit Card,settled
P00006259,B00005665,2025-01-25,144000,Bank Transfer,settled
P00006260,B00005666,2025-10-27,83400,Bank Transfer,settled
P00006261,B00005667,2026-03-09,107800,Debit Card,settled
P00006262,B00005668,2025-06-01,69600,Credit Card,settled
P00006263,B00005669,2025-09-15,120400,Points,settled
P00006264,B00005670,2024-09-19,500400,Credit Card,settled
P00006265,B00005671,2025-02-24,442400,Points,settled
P00006266,B00005672,2025-10-07,37000,Debit Card,settled
P00006267,B00005673,2024-09-15,84000,Bank Transfer,settled
P00006268,B00005674,2025-11-01,42000,Debit Card,settled
P00006269,B00005675,2024-02-21,35000,Points,settled
P00006270,B00005676,2024-04-22,62800,Credit Card,settled
P00006271,B00005677,2024-08-17,93500,Points,settled
P00006272,B00005678,2024-06-10,45000,Debit Card,settled
P00006273,B00005679,2025-09-26,584000,Debit Card,settled
P00006274,B00005680,2024-07-02,221100,Bank Transfer,settled
P00006275,B00005681,2024-12-20,68000,Bank Transfer,settled
P00006276,B00005682,2024-09-12,146400,Points,settled
P00006277,B00005683,2024-10-11,2238600,Bank Transfer,settled
P00006278,B00005684,2024-11-26,22800,Debit Card,settled
P00006279,B00005685,2025-05-27,29200,Points,settled
P00006280,B00005686,2025-06-03,227700,Points,settled
P00006281,B00005687,2024-11-05,159000,Points,settled
P00006282,B00005688,2025-07-31,74208,Credit Card,settled
P00006283,B00005688,2025-07-14,104592,Bank Transfer,pending
P00006284,B00005689,2024-12-20,80800,Credit Card,settled
P00006285,B00005690,2024-06-23,41400,Points,settled
P00006286,B00005691,2025-01-03,15100,Bank Transfer,settled
P00006287,B00005692,2025-08-11,214418,Credit Card,settled
P00006288,B00005692,2025-08-06,155182,Points,pending
P00006289,B00005693,2024-07-17,234500,Points,settled
P00006290,B00005694,2024-04-21,95400,Debit Card,settled
P00006291,B00005695,2025-08-23,192000,Debit Card,settled
P00006292,B00005696,2025-05-07,2121000,Credit Card,settled
P00006293,B00005697,2025-04-15,973000,Points,settled
P00006294,B00005698,2025-10-07,176800,Bank Transfer,settled
P00006295,B00005699,2025-09-16,528300,Debit Card,settled
P00006296,B00005700,2024-01-31,240500,Credit Card,settled
P00006297,B00005701,2025-02-11,328000,Credit Card,settled
P00006298,B00005702,2024-12-12,140700,Credit Card,settled
P00006299,B00005703,2025-11-13,252000,Credit Card,settled
P00006300,B00005704,2024-04-18,167180,Bank Transfer,settled
P00006301,B00005704,2024-04-26,42820,Points,pending
P00006302,B00005705,2024-09-09,40000,Bank Transfer,settled
P00006303,B00005706,2024-11-12,321000,Points,settled
P00006304,B00005707,2024-05-11,237600,Credit Card,settled
P00006305,B00005708,2024-06-05,54900,Points,settled
P00006306,B00005710,2024-02-26,135600,Bank Transfer,settled
P00006307,B00005712,2024-04-08,77000,Bank Transfer,settled
P00006308,B00005713,2024-08-07,107000,Bank Transfer,settled
P00006309,B00005714,2024-09-25,211200,Debit Card,settled
P00006310,B00005715,2024-02-29,117900,Points,settled
P00006311,B00005716,2025-06-02,204300,Points,settled
P00006312,B00005717,2025-11-12,445000,Points,settled
P00006313,B00005718,2025-08-25,261694,Points,settled
P00006314,B00005719,2026-01-14,16300,Debit Card,settled
P00006315,B00005720,2024-07-08,121401,Credit Card,settled
P00006316,B00005721,2025-02-21,101000,Debit Card,settled
P00006317,B00005722,2025-12-14,256800,Credit Card,settled
P00006318,B00005722,2026-01-15,-71224,Credit Card,refunded
P00006319,B00005723,2024-05-20,1296900,Debit Card,settled
P00006320,B00005724,2024-08-15,137600,Points,settled
P00006321,B00005725,2024-08-29,383400,Points,settled
P00006322,B00005726,2024-08-30,312200,Credit Card,settled
P00006323,B00005727,2025-06-24,949200,Debit Card,settled
P00006324,B00005728,2025-08-08,35787,Bank Transfer,settled
P00006325,B00005728,2025-08-04,47713,Points,pending
P00006326,B00005729,2025-07-07,89700,Credit Card,settled
P00006327,B00005730,2025-11-28,278600,Debit Card,settled
P00006328,B00005731,2025-04-29,19200,Points,settled
P00006329,B00005732,2025-04-22,61200,Bank Transfer,settled
P00006330,B00005733,2026-01-22,205400,Points,settled
P00006331,B00005734,2025-11-22,222000,Credit Card,settled
P00006332,B00005735,2024-04-30,433200,Debit Card,settled
P00006333,B00005736,2025-05-03,176000,Bank Transfer,settled
P00006334,B00005737,2024-12-11,92500,Bank Transfer,settled
P00006335,B00005738,2024-12-30,303000,Bank Transfer,settled
P00006336,B00005739,2025-11-28,543200,Bank Transfer,settled
P00006337,B00005740,2025-02-01,1266100,Debit Card,settled
P00006338,B00005741,2025-09-19,266000,Points,settled
P00006339,B00005742,2024-05-20,247200,Credit Card,settled
P00006340,B00005742,2024-06-12,-72301,Bank Transfer,refunded
P00006341,B00005743,2025-12-14,96500,Bank Transfer,settled
P00006342,B00005744,2025-11-21,61200,Points,settled
P00006343,B00005745,2025-03-24,129600,Credit Card,settled
P00006344,B00005746,2025-11-16,62000,Points,settled
P00006345,B00005747,2024-09-04,115500,Credit Card,settled
P00006346,B00005747,2024-10-15,-115500,Debit Card,refunded
P00006347,B00005748,2024-05-23,627690,Points,settled
P00006348,B00005749,2024-10-20,51300,Credit Card,settled
P00006349,B00005750,2024-05-25,119500,Debit Card,settled
P00006350,B00005751,2026-01-03,57600,Bank Transfer,settled
P00006351,B00005752,2024-07-11,127129,Debit Card,settled
P00006352,B00005752,2024-07-13,68871,Debit Card,pending
P00006353,B00005753,2025-06-28,715200,Points,settled
P00006354,B00005755,2024-11-05,156000,Points,settled
P00006355,B00005756,2025-01-16,81200,Debit Card,settled
P00006356,B00005757,2025-02-03,84800,Debit Card,settled
P00006357,B00005758,2024-11-16,111000,Bank Transfer,settled
P00006358,B00005759,2026-01-09,115200,Points,settled
P00006359,B00005760,2025-10-10,150500,Points,settled
P00006360,B00005761,2025-09-18,43800,Points,settled
P00006361,B00005762,2024-10-02,327600,Credit Card,settled
P00006362,B00005763,2025-08-30,196000,Points,settled
P00006363,B00005763,2025-09-26,-196000,Credit Card,refunded
P00006364,B00005764,2025-07-25,198444,Bank Transfer,settled
P00006365,B00005764,2025-07-22,61956,Bank Transfer,pending
P00006366,B00005765,2025-07-19,19800,Credit Card,settled
P00006367,B00005766,2025-07-11,148800,Debit Card,settled
P00006368,B00005767,2025-01-28,63209,Credit Card,settled
P00006369,B00005767,2025-02-02,22791,Bank Transfer,pending
P00006370,B00005768,2025-05-27,18200,Credit Card,settled
P00006371,B00005769,2024-11-19,129600,Bank Transfer,settled
P00006372,B00005770,2025-10-25,1425342,Credit Card,settled
P00006373,B00005771,2025-10-13,173000,Bank Transfer,settled
P00006374,B00005772,2024-08-09,201600,Debit Card,settled
P00006375,B00005773,2026-01-16,205800,Debit Card,settled
P00006376,B00005774,2024-09-01,150000,Bank Transfer,settled
P00006377,B00005775,2024-05-13,138600,Points,settled
P00006378,B00005777,2025-08-17,227500,Bank Transfer,settled
P00006379,B00005777,2025-09-16,-227500,Bank Transfer,refunded
P00006380,B00005778,2025-01-13,152900,Credit Card,settled
P00006381,B00005779,2024-10-09,206400,Credit Card,settled
P00006382,B00005780,2025-06-19,29000,Debit Card,settled
P00006383,B00005781,2024-09-25,70500,Points,settled
P00006384,B00005782,2025-10-10,226800,Credit Card,settled
P00006385,B00005783,2025-01-28,507100,Credit Card,settled
P00006386,B00005784,2024-04-06,260400,Credit Card,settled
P00006387,B00005785,2024-12-29,180000,Credit Card,settled
P00006388,B00005786,2024-08-11,156000,Points,settled
P00006389,B00005786,2024-09-29,-44224,Debit Card,refunded
P00006390,B00005787,2025-07-28,191604,Bank Transfer,settled
P00006391,B00005788,2024-12-03,733200,Points,settled
P00006392,B00005789,2025-11-30,155400,Debit Card,settled
P00006393,B00005790,2024-10-14,13900,Debit Card,settled
P00006394,B00005791,2024-09-27,142200,Credit Card,settled
P00006395,B00005792,2025-02-10,226800,Credit Card,settled
P00006396,B00005793,2024-10-17,209000,Debit Card,settled
P00006397,B00005794,2024-04-15,54900,Bank Transfer,settled
P00006398,B00005794,2024-05-07,-7537,Debit Card,refunded
P00006399,B00005795,2025-05-20,120300,Bank Transfer,settled
P00006400,B00005796,2024-07-30,289600,Bank Transfer,settled
P00006401,B00005797,2025-03-15,583800,Debit Card,settled
P00006402,B00005798,2025-01-06,837200,Debit Card,settled
P00006403,B00005799,2024-11-12,38000,Bank Transfer,settled
P00006404,B00005800,2025-01-03,46200,Credit Card,settled
P00006405,B00005801,2025-05-14,251200,Points,settled
P00006406,B00005802,2025-05-26,60300,Bank Transfer,settled
P00006407,B00005803,2024-11-29,103000,Debit Card,settled
P00006408,B00005803,2024-12-04,-103000,Points,refunded
P00006409,B00005804,2024-07-08,162000,Debit Card,settled
P00006410,B00005805,2024-06-23,227000,Bank Transfer,settled
P00006411,B00005806,2024-03-26,235200,Debit Card,settled
P00006412,B00005807,2026-02-14,166400,Bank Transfer,settled
P00006413,B00005808,2024-08-17,220000,Credit Card,settled
P00006414,B00005809,2025-09-12,41700,Credit Card,settled
P00006415,B00005810,2025-06-18,712000,Debit Card,settled
P00006416,B00005812,2025-05-08,19700,Debit Card,settled
P00006417,B00005813,2025-08-02,247800,Bank Transfer,settled
P00006418,B00005814,2025-11-01,278600,Credit Card,settled
P00006419,B00005815,2024-04-16,133600,Credit Card,settled
P00006420,B00005816,2026-01-06,333500,Bank Transfer,settled
P00006421,B00005817,2025-04-09,211200,Credit Card,settled
P00006422,B00005818,2025-07-27,73276,Credit Card,settled
P00006423,B00005818,2025-07-23,94724,Points,pending
P00006424,B00005819,2025-03-22,200000,Debit Card,settled
P00006425,B00005820,2025-09-29,191700,Bank Transfer,settled
P00006426,B00005820,2025-10-18,-191700,Credit Card,refunded
P00006427,B00005821,2024-03-05,178500,Points,settled
P00006428,B00005822,2025-11-02,170000,Debit Card,settled
P00006429,B00005823,2025-08-10,572600,Debit Card,settled
P00006430,B00005824,2025-10-02,130400,Debit Card,settled
P00006431,B00005825,2024-03-13,79123,Debit Card,settled
P00006432,B00005826,2024-04-09,95900,Points,settled
P00006433,B00005827,2025-12-01,86500,Debit Card,settled
P00006434,B00005828,2024-11-19,533000,Points,settled
P00006435,B00005829,2024-08-28,273600,Bank Transfer,settled
P00006436,B00005830,2025-06-05,19400,Points,settled
P00006437,B00005832,2025-03-30,186000,Credit Card,settled
P00006438,B00005833,2024-01-25,171000,Points,settled
P00006439,B00005833,2024-03-11,-171000,Credit Card,refunded
P00006440,B00005834,2024-06-22,82200,Credit Card,settled
P00006441,B00005835,2025-08-27,143520,Points,settled
P00006442,B00005836,2024-09-03,392700,Points,settled
P00006443,B00005837,2025-07-19,322800,Credit Card,settled
P00006444,B00005838,2024-11-03,210600,Bank Transfer,settled
P00006445,B00005839,2024-09-12,1189800,Credit Card,settled
P00006446,B00005839,2024-10-26,-224211,Points,refunded
P00006447,B00005840,2024-04-08,224900,Credit Card,settled
P00006448,B00005841,2024-12-09,40400,Bank Transfer,settled
P00006449,B00005842,2024-08-10,39655,Debit Card,settled
P00006450,B00005842,2024-07-22,55745,Points,pending
P00006451,B00005843,2025-08-23,167000,Points,settled
P00006452,B00005844,2024-09-15,855600,Points,settled
P00006453,B00005845,2024-05-23,118300,Debit Card,settled
P00006454,B00005846,2024-01-29,104000,Debit Card,settled
P00006455,B00005847,2024-03-23,132300,Debit Card,settled
P00006456,B00005848,2024-03-21,174307,Credit Card,settled
P00006457,B00005849,2025-05-26,31100,Bank Transfer,settled
P00006458,B00005850,2025-02-14,159031,Debit Card,settled
P00006459,B00005850,2025-02-19,142569,Credit Card,pending
P00006460,B00005851,2025-09-15,179400,Credit Card,settled
P00006461,B00005852,2025-04-30,100200,Debit Card,settled
P00006462,B00005853,2024-06-16,345298,Bank Transfer,settled
P00006463,B00005853,2024-06-30,309902,Points,pending
P00006464,B00005854,2024-04-04,429600,Debit Card,settled
P00006465,B00005855,2024-10-07,457800,Points,settled
P00006466,B00005856,2025-04-22,421200,Credit Card,settled
P00006467,B00005857,2024-05-02,57600,Debit Card,settled
P00006468,B00005858,2024-06-20,135000,Points,settled
P00006469,B00005859,2024-06-07,814200,Credit Card,settled
P00006470,B00005860,2025-02-03,16550,Points,settled
P00006471,B00005860,2025-01-17,22450,Bank Transfer,pending
P00006472,B00005862,2025-11-13,77000,Credit Card,settled
P00006473,B00005863,2025-12-19,351200,Points,settled
P00006474,B00005864,2025-03-14,712800,Bank Transfer,settled
P00006475,B00005865,2024-09-01,382800,Debit Card,settled
P00006476,B00005866,2025-09-09,73093,Credit Card,settled
P00006477,B00005866,2025-09-18,63707,Debit Card,pending
P00006478,B00005867,2025-12-23,46500,Points,settled
P00006479,B00005868,2025-02-07,19000,Credit Card,settled
P00006480,B00005868,2025-02-21,-2732,Debit Card,refunded
P00006481,B00005869,2024-07-30,190800,Points,settled
P00006482,B00005869,2024-08-24,-190800,Bank Transfer,refunded
P00006483,B00005870,2025-03-27,474000,Debit Card,settled
P00006484,B00005871,2024-09-15,848400,Bank Transfer,settled
P00006485,B00005871,2024-11-01,-848400,Points,refunded
P00006486,B00005872,2024-11-26,978900,Credit Card,settled
P00006487,B00005873,2024-03-08,52000,Bank Transfer,settled
P00006488,B00005874,2024-03-02,35000,Debit Card,settled
P00006489,B00005875,2024-07-31,79000,Credit Card,settled
P00006490,B00005876,2025-10-24,91200,Debit Card,settled
P00006491,B00005877,2024-05-08,17800,Debit Card,settled
P00006492,B00005877,2024-06-07,-17800,Credit Card,refunded
P00006493,B00005878,2026-01-25,167750,Points,settled
P00006494,B00005878,2026-02-21,48250,Credit Card,pending
P00006495,B00005879,2024-12-08,185000,Credit Card,settled
P00006496,B00005880,2024-03-26,347000,Bank Transfer,settled
P00006497,B00005881,2024-03-07,106257,Points,settled
P00006498,B00005881,2024-02-27,29743,Credit Card,pending
P00006499,B00005882,2025-10-13,904800,Credit Card,settled
P00006500,B00005883,2025-04-13,111043,Debit Card,settled
P00006501,B00005883,2025-04-23,150757,Bank Transfer,pending
P00006502,B00005884,2024-09-07,1109700,Points,settled
P00006503,B00005885,2024-08-22,36600,Debit Card,settled
P00006504,B00005885,2024-09-11,-36600,Credit Card,refunded
P00006505,B00005887,2025-05-08,166400,Points,settled
P00006506,B00005888,2024-11-09,551575,Credit Card,settled
P00006507,B00005888,2024-10-23,150425,Debit Card,pending
P00006508,B00005889,2024-03-24,109800,Points,settled
P00006509,B00005890,2025-06-08,239200,Debit Card,settled
P00006510,B00005891,2024-05-12,341000,Debit Card,settled
P00006511,B00005892,2025-05-23,100168,Points,settled
P00006512,B00005892,2025-05-17,46132,Bank Transfer,pending
P00006513,B00005893,2025-09-17,37300,Bank Transfer,settled
P00006514,B00005894,2025-01-24,225600,Bank Transfer,settled
P00006515,B00005895,2025-11-08,253400,Debit Card,settled
P00006516,B00005896,2024-02-12,322400,Bank Transfer,settled
P00006517,B00005897,2024-08-23,102981,Points,settled
P00006518,B00005897,2024-08-23,92319,Credit Card,pending
P00006519,B00005898,2025-01-22,33200,Points,settled
P00006520,B00005899,2024-12-29,625000,Debit Card,settled
P00006521,B00005900,2025-07-14,170000,Bank Transfer,settled
P00006522,B00005901,2025-07-14,37400,Points,settled
P00006523,B00005902,2024-11-05,153600,Points,settled
P00006524,B00005903,2024-11-11,47400,Points,settled
P00006525,B00005904,2025-01-28,327600,Bank Transfer,settled
P00006526,B00005905,2024-05-17,84000,Debit Card,settled
P00006527,B00005906,2025-01-18,43200,Debit Card,settled
P00006528,B00005907,2025-08-29,74500,Debit Card,settled
P00006529,B00005908,2025-06-14,293300,Debit Card,settled
P00006530,B00005909,2025-05-22,269100,Debit Card,settled
P00006531,B00005910,2025-12-31,561600,Credit Card,settled
P00006532,B00005911,2025-05-30,137900,Credit Card,settled
P00006533,B00005912,2025-04-09,184800,Credit Card,settled
P00006534,B00005913,2024-10-19,82500,Credit Card,settled
P00006535,B00005915,2025-09-01,133200,Debit Card,settled
P00006536,B00005915,2025-10-04,-133200,Bank Transfer,refunded
P00006537,B00005916,2024-04-08,70400,Credit Card,settled
P00006538,B00005917,2026-04-06,313800,Points,settled
P00006539,B00005918,2024-12-02,873400,Debit Card,settled
P00006540,B00005919,2024-03-08,117500,Debit Card,settled
P00006541,B00005920,2025-03-13,122941,Points,settled
P00006542,B00005921,2025-05-25,495000,Debit Card,settled
P00006543,B00005922,2025-12-19,676000,Bank Transfer,settled
P00006544,B00005923,2024-09-10,168000,Bank Transfer,settled
P00006545,B00005924,2025-03-24,508200,Bank Transfer,settled
P00006546,B00005925,2024-08-25,56000,Debit Card,settled
P00006547,B00005926,2025-08-01,12800,Debit Card,settled
P00006548,B00005927,2025-05-17,134400,Credit Card,settled
P00006549,B00005928,2024-10-12,525200,Bank Transfer,settled
P00006550,B00005929,2025-09-04,201600,Points,settled
P00006551,B00005930,2024-12-26,22500,Debit Card,settled
P00006552,B00005931,2025-04-15,117279,Bank Transfer,settled
P00006553,B00005931,2025-04-11,36721,Points,pending
P00006554,B00005932,2025-01-18,169200,Credit Card,settled
P00006555,B00005933,2025-10-01,110400,Points,settled
P00006556,B00005934,2024-06-14,161100,Debit Card,settled
P00006557,B00005935,2024-12-30,182000,Debit Card,settled
P00006558,B00005936,2025-10-08,237000,Bank Transfer,settled
P00006559,B00005937,2025-01-16,37400,Credit Card,settled
P00006560,B00005938,2025-07-29,403200,Debit Card,settled
P00006561,B00005939,2024-10-09,115200,Bank Transfer,settled
P00006562,B00005940,2025-02-28,33800,Debit Card,settled
P00006563,B00005941,2026-03-21,212400,Debit Card,settled
P00006564,B00005942,2025-11-21,543400,Bank Transfer,settled
P00006565,B00005943,2024-03-19,44600,Bank Transfer,settled
P00006566,B00005944,2025-11-25,156600,Bank Transfer,settled
P00006567,B00005945,2025-05-02,39900,Credit Card,settled
P00006568,B00005946,2025-04-15,203400,Debit Card,settled
P00006569,B00005947,2024-05-13,342400,Bank Transfer,settled
P00006570,B00005948,2025-01-01,92400,Debit Card,settled
P00006571,B00005949,2024-11-16,434400,Debit Card,settled
P00006572,B00005950,2024-07-15,121545,Credit Card,settled
P00006573,B00005951,2025-11-12,100800,Bank Transfer,settled
P00006574,B00005952,2024-07-22,497900,Debit Card,settled
P00006575,B00005954,2025-12-04,323000,Bank Transfer,settled
P00006576,B00005955,2025-09-13,445500,Bank Transfer,settled
P00006577,B00005956,2025-09-22,289800,Points,settled
P00006578,B00005957,2025-05-07,211200,Debit Card,settled
P00006579,B00005958,2025-05-24,290700,Credit Card,settled
P00006580,B00005959,2024-08-31,279200,Bank Transfer,settled
P00006581,B00005960,2024-10-08,70400,Debit Card,settled
P00006582,B00005961,2024-07-19,61666,Bank Transfer,settled
P00006583,B00005962,2025-08-19,238700,Points,settled
P00006584,B00005963,2024-10-30,222200,Bank Transfer,settled
P00006585,B00005963,2024-11-11,-222200,Bank Transfer,refunded
P00006586,B00005964,2025-12-10,51900,Bank Transfer,settled
P00006587,B00005965,2025-01-16,48000,Credit Card,settled
P00006588,B00005966,2025-01-29,74800,Points,settled
P00006589,B00005967,2024-12-29,122100,Bank Transfer,settled
P00006590,B00005968,2025-02-23,22500,Points,settled
P00006591,B00005968,2025-03-24,-22500,Bank Transfer,refunded
P00006592,B00005969,2024-04-11,300752,Points,settled
P00006593,B00005969,2024-04-13,145648,Points,pending
P00006594,B00005970,2024-05-17,79200,Points,settled
P00006595,B00005971,2025-02-22,426000,Bank Transfer,settled
P00006596,B00005972,2026-02-01,40500,Points,settled
P00006597,B00005973,2024-11-22,777600,Points,settled
P00006598,B00005974,2025-10-09,58700,Debit Card,settled
P00006599,B00005975,2026-01-03,452400,Points,settled
P00006600,B00005976,2024-12-04,57100,Debit Card,settled
P00006601,B00005976,2024-12-31,-57100,Points,refunded
P00006602,B00005977,2025-05-11,1436400,Credit Card,settled
P00006603,B00005978,2024-06-11,226200,Credit Card,settled
P00006604,B00005979,2024-11-21,204600,Credit Card,settled
P00006605,B00005980,2026-02-19,77733,Credit Card,settled
P00006606,B00005980,2026-01-21,81467,Debit Card,pending
P00006607,B00005982,2025-04-11,400400,Points,settled
P00006608,B00005983,2025-09-01,16000,Credit Card,settled
P00006609,B00005984,2025-07-13,156600,Credit Card,settled
P00006610,B00005985,2025-02-06,383000,Bank Transfer,settled
P00006611,B00005986,2024-03-29,31800,Credit Card,settled
P00006612,B00005987,2025-03-19,1571900,Points,settled
P00006613,B00005988,2024-04-12,171600,Bank Transfer,settled
P00006614,B00005989,2025-10-14,246400,Debit Card,settled
P00006615,B00005990,2024-08-21,169000,Credit Card,settled
P00006616,B00005991,2024-06-04,95400,Bank Transfer,settled
P00006617,B00005992,2025-04-22,109200,Debit Card,settled
P00006618,B00005993,2025-11-30,199000,Debit Card,settled
P00006619,B00005993,2026-01-05,-199000,Bank Transfer,refunded
P00006620,B00005994,2025-01-04,39600,Points,settled
P00006621,B00005994,2025-01-23,-7667,Bank Transfer,refunded
P00006622,B00005995,2026-01-24,37000,Bank Transfer,settled
P00006623,B00005996,2025-01-02,35400,Credit Card,settled
P00006624,B00005997,2024-12-27,226800,Debit Card,settled
P00006625,B00005998,2026-04-07,395700,Bank Transfer,settled
P00006626,B00005999,2025-04-16,94800,Credit Card,settled
P00006627,B00006000,2024-08-29,718900,Points,settled
P00006628,B00006001,2025-02-15,65200,Points,settled
P00006629,B00006002,2025-03-10,167300,Bank Transfer,settled
P00006630,B00006003,2025-04-05,182600,Debit Card,settled
P00006631,B00006004,2025-03-02,54600,Debit Card,settled
P00006632,B00006005,2025-07-07,153900,Points,settled
P00006633,B00006006,2024-12-15,215205,Bank Transfer,settled
P00006634,B00006007,2025-09-11,195800,Points,settled
P00006635,B00006008,2025-09-03,605000,Debit Card,settled
P00006636,B00006009,2025-08-02,224000,Points,settled
P00006637,B00006010,2024-04-11,193200,Bank Transfer,settled
P00006638,B00006012,2026-01-16,107525,Points,settled
P00006639,B00006012,2026-01-04,128975,Debit Card,pending
P00006640,B00006013,2024-01-30,232000,Points,settled
P00006641,B00006014,2025-08-04,84904,Credit Card,settled
P00006642,B00006014,2025-08-15,33896,Credit Card,pending
P00006643,B00006015,2025-07-13,99400,Credit Card,settled
P00006644,B00006016,2024-08-12,406700,Debit Card,settled
P00006645,B00006017,2025-01-06,471100,Debit Card,settled
P00006646,B00006017,2025-02-10,-471100,Points,refunded
P00006647,B00006018,2024-06-10,118500,Points,settled
P00006648,B00006020,2026-01-04,17200,Credit Card,settled
P00006649,B00006021,2024-06-06,76500,Debit Card,settled
P00006650,B00006022,2025-01-04,34000,Bank Transfer,settled
P00006651,B00006023,2025-12-10,169200,Debit Card,settled
P00006652,B00006024,2025-11-21,13400,Credit Card,settled
P00006653,B00006025,2025-06-17,268800,Bank Transfer,settled
P00006654,B00006026,2025-08-19,120798,Bank Transfer,settled
P00006655,B00006026,2025-08-12,64602,Debit Card,pending
P00006656,B00006027,2025-06-22,310700,Points,settled
P00006657,B00006028,2025-12-07,237600,Points,settled
P00006658,B00006029,2024-02-09,15600,Points,settled
P00006659,B00006030,2025-06-11,216500,Points,settled
P00006660,B00006031,2024-12-05,35583,Bank Transfer,settled
P00006661,B00006031,2024-12-22,12117,Credit Card,pending
P00006662,B00006032,2025-07-29,235200,Credit Card,settled
P00006663,B00006033,2025-12-26,393000,Bank Transfer,settled
P00006664,B00006034,2025-11-14,680400,Points,settled
P00006665,B00006034,2025-12-13,-680400,Bank Transfer,refunded
P00006666,B00006035,2026-01-05,79600,Points,settled
P00006667,B00006036,2025-05-16,79200,Bank Transfer,settled
P00006668,B00006037,2024-10-24,212800,Points,settled
P00006669,B00006037,2024-12-06,-212800,Credit Card,refunded
P00006670,B00006038,2024-09-30,148800,Credit Card,settled
P00006671,B00006039,2025-12-07,333000,Debit Card,settled
P00006672,B00006040,2025-03-05,171901,Bank Transfer,settled
P00006673,B00006041,2025-10-15,378000,Debit Card,settled
P00006674,B00006042,2024-10-25,108800,Bank Transfer,settled
P00006675,B00006043,2024-09-03,139000,Credit Card,settled
P00006676,B00006045,2024-12-22,397100,Points,settled
P00006677,B00006047,2025-09-11,99000,Bank Transfer,settled
P00006678,B00006048,2026-01-16,16700,Points,settled
P00006679,B00006049,2025-10-09,49800,Debit Card,settled
P00006680,B00006049,2025-10-27,-49800,Bank Transfer,refunded
P00006681,B00006050,2025-06-18,1630800,Points,settled
P00006682,B00006051,2024-03-31,121000,Credit Card,settled
P00006683,B00006052,2025-10-31,170100,Bank Transfer,settled
P00006684,B00006053,2025-05-27,71200,Debit Card,settled
P00006685,B00006054,2025-08-04,118745,Bank Transfer,settled
P00006686,B00006054,2025-08-21,89155,Points,pending
P00006687,B00006055,2025-05-23,290048,Debit Card,settled
P00006688,B00006055,2025-05-08,102352,Debit Card,pending
P00006689,B00006056,2025-03-01,75600,Points,settled
P00006690,B00006057,2025-11-16,241200,Debit Card,settled
P00006691,B00006058,2025-10-26,1046500,Points,settled
P00006692,B00006059,2025-08-30,117900,Debit Card,settled
P00006693,B00006060,2025-05-03,503800,Bank Transfer,settled
P00006694,B00006061,2024-07-26,78200,Bank Transfer,settled
P00006695,B00006062,2025-08-29,226600,Debit Card,settled
P00006696,B00006063,2024-07-06,68000,Bank Transfer,settled
P00006697,B00006063,2024-07-18,-11812,Debit Card,refunded
P00006698,B00006064,2024-05-01,57000,Points,settled
P00006699,B00006065,2025-02-03,92000,Points,settled
P00006700,B00006066,2024-05-05,580762,Bank Transfer,settled
P00006701,B00006067,2024-07-26,423600,Points,settled
P00006702,B00006068,2026-01-31,221200,Points,settled
P00006703,B00006069,2024-08-30,147200,Credit Card,settled
P00006704,B00006069,2024-09-13,-147200,Points,refunded
P00006705,B00006070,2024-10-15,266700,Credit Card,settled
P00006706,B00006071,2026-01-03,1766800,Debit Card,settled
P00006707,B00006072,2024-10-10,34800,Bank Transfer,settled
P00006708,B00006073,2024-08-17,100000,Credit Card,settled
P00006709,B00006074,2025-05-31,169200,Bank Transfer,settled
P00006710,B00006075,2025-05-12,77000,Bank Transfer,settled
P00006711,B00006076,2024-07-16,1314900,Debit Card,settled
P00006712,B00006077,2024-08-19,394800,Credit Card,settled
P00006713,B00006078,2025-09-04,46557,Points,settled
P00006714,B00006078,2025-08-11,18343,Credit Card,pending
P00006715,B00006079,2025-07-30,184600,Credit Card,settled
P00006716,B00006080,2025-11-14,223200,Points,settled
P00006717,B00006081,2025-10-07,478800,Debit Card,settled
P00006718,B00006082,2024-04-24,65544,Bank Transfer,settled
P00006719,B00006083,2025-07-29,341000,Debit Card,settled
P00006720,B00006084,2025-01-06,202200,Debit Card,settled
P00006721,B00006085,2025-02-13,64400,Points,settled
P00006722,B00006086,2025-11-21,225000,Debit Card,settled
P00006723,B00006087,2024-09-08,456300,Bank Transfer,settled
P00006724,B00006088,2024-05-24,210100,Debit Card,settled
P00006725,B00006089,2025-09-25,62000,Points,settled
P00006726,B00006090,2024-04-05,64800,Credit Card,settled
P00006727,B00006091,2025-11-15,316000,Debit Card,settled
P00006728,B00006092,2025-02-14,307200,Debit Card,settled
P00006729,B00006093,2025-01-31,158900,Credit Card,settled
P00006730,B00006094,2025-05-15,228200,Credit Card,settled
P00006731,B00006095,2025-04-20,64000,Points,settled
P00006732,B00006095,2025-05-25,-10930,Points,refunded
P00006733,B00006096,2025-10-09,84000,Debit Card,settled
P00006734,B00006097,2025-06-09,151200,Bank Transfer,settled
P00006735,B00006098,2024-05-02,199100,Credit Card,settled
P00006736,B00006099,2025-05-27,33200,Debit Card,settled
P00006737,B00006100,2024-08-06,161000,Debit Card,settled
P00006738,B00006100,2024-09-02,-161000,Debit Card,refunded
P00006739,B00006101,2024-04-03,923200,Bank Transfer,settled
P00006740,B00006102,2024-04-30,493900,Bank Transfer,settled
P00006741,B00006103,2025-02-19,218400,Debit Card,settled
P00006742,B00006104,2025-08-24,53600,Debit Card,settled
P00006743,B00006104,2025-08-27,45700,Debit Card,pending
P00006744,B00006105,2025-05-26,294400,Credit Card,settled
P00006745,B00006106,2025-03-17,177784,Bank Transfer,settled
P00006746,B00006107,2025-10-02,46700,Bank Transfer,settled
P00006747,B00006108,2024-08-01,898800,Debit Card,settled
P00006748,B00006108,2024-09-22,-898800,Bank Transfer,refunded
P00006749,B00006109,2024-03-14,90400,Points,settled
P00006750,B00006110,2024-07-13,244000,Credit Card,settled
P00006751,B00006111,2025-03-28,324600,Bank Transfer,settled
P00006752,B00006112,2024-05-28,32200,Credit Card,settled
P00006753,B00006113,2025-06-15,205200,Points,settled
P00006754,B00006113,2025-07-12,-205200,Points,refunded
P00006755,B00006115,2025-11-03,48900,Bank Transfer,settled
P00006756,B00006116,2025-09-25,40917,Points,settled
P00006757,B00006116,2025-09-27,41883,Bank Transfer,pending
P00006758,B00006117,2024-10-15,157600,Credit Card,settled
P00006759,B00006118,2024-09-03,105000,Debit Card,settled
P00006760,B00006119,2024-11-19,64800,Bank Transfer,settled
P00006761,B00006119,2024-12-22,-64800,Debit Card,refunded
P00006762,B00006120,2024-04-28,425000,Debit Card,settled
P00006763,B00006121,2025-07-01,165000,Debit Card,settled
P00006764,B00006122,2024-04-30,53400,Credit Card,settled
P00006765,B00006123,2025-10-02,16100,Points,settled
P00006766,B00006124,2025-10-06,174400,Bank Transfer,settled
P00006767,B00006125,2024-09-15,28254,Bank Transfer,settled
P00006768,B00006125,2024-08-22,11746,Credit Card,pending
P00006769,B00006126,2024-09-18,75200,Credit Card,settled
P00006770,B00006127,2025-10-14,140400,Debit Card,settled
P00006771,B00006128,2025-03-06,34700,Bank Transfer,settled
P00006772,B00006129,2024-11-20,61200,Debit Card,settled
P00006773,B00006130,2025-04-06,214500,Credit Card,settled
P00006774,B00006131,2025-12-02,64800,Points,settled
P00006775,B00006132,2024-10-30,184400,Credit Card,settled
P00006776,B00006133,2025-06-11,197000,Credit Card,settled
P00006777,B00006134,2025-05-13,213400,Bank Transfer,settled
P00006778,B00006134,2025-06-19,-61812,Credit Card,refunded
P00006779,B00006135,2026-01-02,85073,Points,settled
P00006780,B00006135,2025-12-23,58927,Debit Card,pending
P00006781,B00006136,2025-07-03,176000,Credit Card,settled
P00006782,B00006137,2024-08-09,192000,Points,settled
P00006783,B00006138,2025-11-08,92834,Bank Transfer,settled
P00006784,B00006138,2025-10-28,31766,Bank Transfer,pending
P00006785,B00006139,2024-05-25,102600,Bank Transfer,settled
P00006786,B00006140,2024-02-27,126600,Bank Transfer,settled
P00006787,B00006142,2025-08-22,888800,Bank Transfer,settled
P00006788,B00006143,2024-09-10,1080900,Credit Card,settled
P00006789,B00006144,2025-05-13,82000,Points,settled
P00006790,B00006145,2025-05-14,40765,Debit Card,settled
P00006791,B00006145,2025-05-15,22235,Credit Card,pending
P00006792,B00006146,2024-06-05,192400,Credit Card,settled
P00006793,B00006146,2024-07-25,-192400,Points,refunded
P00006794,B00006147,2024-06-24,100800,Bank Transfer,settled
P00006795,B00006147,2024-08-13,-100800,Credit Card,refunded
P00006796,B00006148,2024-03-13,112000,Bank Transfer,settled
P00006797,B00006149,2024-07-17,71000,Credit Card,settled
P00006798,B00006150,2025-05-10,831600,Bank Transfer,settled
P00006799,B00006151,2025-09-19,174600,Credit Card,settled
P00006800,B00006152,2025-03-05,176800,Credit Card,settled
P00006801,B00006153,2024-10-19,40200,Debit Card,settled
P00006802,B00006154,2024-07-26,562000,Debit Card,settled
P00006803,B00006155,2024-05-15,909600,Debit Card,settled
P00006804,B00006156,2025-08-21,183600,Points,settled
P00006805,B00006157,2025-09-04,414700,Points,settled
P00006806,B00006158,2024-10-23,118300,Debit Card,settled
P00006807,B00006159,2024-06-15,410900,Bank Transfer,settled
P00006808,B00006160,2026-02-13,317700,Debit Card,settled
P00006809,B00006162,2025-07-10,94200,Debit Card,settled
P00006810,B00006163,2026-01-17,122400,Debit Card,settled
P00006811,B00006163,2026-02-01,-15489,Debit Card,refunded
P00006812,B00006164,2025-01-07,121800,Points,settled
P00006813,B00006165,2024-05-11,1387800,Bank Transfer,settled
P00006814,B00006166,2026-02-02,547200,Bank Transfer,settled
P00006815,B00006167,2024-06-14,554400,Bank Transfer,settled
P00006816,B00006168,2025-02-26,926400,Points,settled
P00006817,B00006169,2024-05-27,240000,Points,settled
P00006818,B00006170,2024-09-30,150824,Debit Card,settled
P00006819,B00006170,2024-10-29,69976,Credit Card,pending
P00006820,B00006171,2024-12-31,46200,Credit Card,settled
P00006821,B00006172,2026-01-18,43800,Bank Transfer,settled
P00006822,B00006173,2024-07-29,95400,Bank Transfer,settled
P00006823,B00006174,2025-10-19,83600,Bank Transfer,settled
P00006824,B00006175,2025-04-16,64800,Credit Card,settled
P00006825,B00006176,2024-08-02,15554,Debit Card,settled
P00006826,B00006177,2025-02-09,117600,Credit Card,settled
P00006827,B00006178,2024-05-08,654000,Debit Card,settled
P00006828,B00006178,2024-05-25,-136416,Credit Card,refunded
P00006829,B00006179,2024-07-08,96378,Credit Card,settled
P00006830,B00006179,2024-07-08,58022,Credit Card,pending
P00006831,B00006180,2024-10-22,80639,Points,settled
P00006832,B00006181,2024-11-19,19100,Points,settled
P00006833,B00006182,2025-03-31,205700,Debit Card,settled
P00006834,B00006183,2025-09-06,1511000,Debit Card,settled
P00006835,B00006185,2024-07-17,165832,Debit Card,settled
P00006836,B00006185,2024-07-26,55168,Credit Card,pending
P00006837,B00006186,2024-08-05,139200,Bank Transfer,settled
P00006838,B00006187,2024-12-09,48400,Credit Card,settled
P00006839,B00006188,2025-05-20,176000,Credit Card,settled
P00006840,B00006189,2024-10-19,79500,Credit Card,settled
P00006841,B00006190,2025-05-24,205200,Points,settled
P00006842,B00006190,2025-06-22,-205200,Credit Card,refunded
P00006843,B00006191,2024-01-29,253500,Points,settled
P00006844,B00006192,2025-08-21,21900,Debit Card,settled
P00006845,B00006193,2025-05-05,110400,Debit Card,settled
P00006846,B00006195,2025-01-09,411200,Credit Card,settled
P00006847,B00006196,2025-10-18,257400,Credit Card,settled
P00006848,B00006197,2024-08-01,1012200,Credit Card,settled
P00006849,B00006198,2025-02-13,223300,Points,settled
P00006850,B00006199,2025-05-21,84985,Credit Card,settled
P00006851,B00006199,2025-05-03,41615,Credit Card,pending
P00006852,B00006200,2024-05-17,99600,Debit Card,settled
P00006853,B00006201,2025-12-02,105000,Credit Card,settled
P00006854,B00006202,2024-08-10,566321,Credit Card,settled
P00006855,B00006203,2026-01-26,1064000,Bank Transfer,settled
P00006856,B00006204,2025-09-30,97000,Credit Card,settled
P00006857,B00006205,2024-10-07,223300,Debit Card,settled
P00006858,B00006206,2026-02-20,1811699,Debit Card,settled
P00006859,B00006207,2024-10-20,802200,Points,settled
P00006860,B00006208,2026-01-31,172700,Debit Card,settled
P00006861,B00006209,2024-10-06,177100,Points,settled
P00006862,B00006210,2025-12-18,64800,Points,settled
P00006863,B00006210,2026-01-11,-12743,Credit Card,refunded
P00006864,B00006211,2024-12-09,385000,Credit Card,settled
P00006865,B00006212,2024-12-16,100500,Points,settled
P00006866,B00006213,2024-12-30,51200,Points,settled
P00006867,B00006216,2025-09-20,160000,Bank Transfer,settled
P00006868,B00006216,2025-10-15,-22369,Points,refunded
P00006869,B00006217,2025-12-30,60000,Points,settled
P00006870,B00006218,2025-11-01,116200,Points,settled
P00006871,B00006219,2025-04-30,126000,Points,settled
P00006872,B00006220,2025-03-01,517600,Credit Card,settled
P00006873,B00006221,2024-10-12,755300,Debit Card,settled
P00006874,B00006222,2025-06-25,186000,Credit Card,settled
P00006875,B00006223,2025-03-11,255200,Bank Transfer,settled
P00006876,B00006224,2024-08-21,1010100,Points,settled
P00006877,B00006225,2026-03-14,65700,Credit Card,settled
P00006878,B00006226,2025-11-23,289800,Debit Card,settled
P00006879,B00006227,2024-06-16,149600,Debit Card,settled
P00006880,B00006228,2024-04-29,259891,Credit Card,settled
P00006881,B00006228,2024-04-24,114109,Credit Card,pending
P00006882,B00006229,2026-02-23,217000,Points,settled
P00006883,B00006230,2024-07-26,356400,Debit Card,settled
P00006884,B00006231,2025-06-25,152800,Credit Card,settled
P00006885,B00006231,2025-07-22,-27100,Points,refunded
P00006886,B00006232,2025-03-07,188400,Credit Card,settled
P00006887,B00006233,2025-07-05,42800,Credit Card,settled
P00006888,B00006234,2024-12-12,80500,Points,settled
P00006889,B00006235,2025-08-06,84000,Credit Card,settled
P00006890,B00006236,2025-07-24,89877,Credit Card,settled
P00006891,B00006236,2025-07-19,56423,Debit Card,pending
P00006892,B00006237,2025-12-06,83800,Credit Card,settled
P00006893,B00006237,2025-12-23,-20140,Bank Transfer,refunded
P00006894,B00006238,2024-02-15,133000,Credit Card,settled
P00006895,B00006239,2025-07-30,139937,Points,settled
P00006896,B00006240,2024-05-16,43712,Points,settled
P00006897,B00006240,2024-05-18,23488,Points,pending
P00006898,B00006241,2024-11-02,210000,Bank Transfer,settled
P00006899,B00006242,2024-10-16,24244,Bank Transfer,settled
P00006900,B00006242,2024-10-30,17756,Credit Card,pending
P00006901,B00006243,2024-06-30,148800,Points,settled
P00006902,B00006243,2024-07-14,-148800,Credit Card,refunded
P00006903,B00006244,2024-08-12,456600,Debit Card,settled
P00006904,B00006245,2024-09-04,86800,Points,settled
P00006905,B00006245,2024-10-15,-86800,Debit Card,refunded
P00006906,B00006246,2024-06-03,1259200,Debit Card,settled
P00006907,B00006247,2024-03-25,1562000,Points,settled
P00006908,B00006248,2025-06-22,288400,Points,settled
P00006909,B00006249,2024-04-30,37200,Points,settled
P00006910,B00006250,2024-09-26,148800,Bank Transfer,settled
P00006911,B00006251,2024-11-14,168000,Points,settled
P00006912,B00006252,2024-09-09,198000,Credit Card,settled
P00006913,B00006253,2025-03-29,208800,Bank Transfer,settled
P00006914,B00006253,2025-05-04,-208800,Debit Card,refunded
P00006915,B00006254,2024-03-06,228200,Credit Card,settled
P00006916,B00006255,2024-09-11,64800,Credit Card,settled
P00006917,B00006256,2025-08-07,61200,Points,settled
P00006918,B00006257,2025-09-19,135000,Bank Transfer,settled
P00006919,B00006258,2024-10-29,122500,Credit Card,settled
P00006920,B00006259,2024-10-05,263804,Credit Card,settled
P00006921,B00006259,2024-09-18,78296,Credit Card,pending
P00006922,B00006260,2024-08-04,166800,Debit Card,settled
P00006923,B00006261,2025-10-30,71200,Debit Card,settled
P00006924,B00006262,2026-03-05,1491600,Debit Card,settled
P00006925,B00006263,2025-09-06,111559,Debit Card,settled
P00006926,B00006264,2024-04-07,125300,Bank Transfer,settled
P00006927,B00006265,2025-04-07,17200,Credit Card,settled
P00006928,B00006266,2024-06-26,103500,Points,settled
P00006929,B00006267,2024-11-23,420000,Bank Transfer,settled
P00006930,B00006268,2025-11-27,222200,Debit Card,settled
P00006931,B00006269,2025-04-06,78800,Debit Card,settled
P00006932,B00006270,2024-04-27,366000,Points,settled
P00006933,B00006270,2024-05-27,-366000,Points,refunded
P00006934,B00006271,2024-08-28,87500,Debit Card,settled
P00006935,B00006272,2026-02-11,40200,Bank Transfer,settled
P00006936,B00006273,2024-09-06,72000,Points,settled
P00006937,B00006274,2026-01-29,249600,Credit Card,settled
P00006938,B00006275,2025-03-12,66000,Credit Card,settled
P00006939,B00006276,2024-02-21,94000,Points,settled
P00006940,B00006277,2025-10-13,151618,Debit Card,settled
P00006941,B00006278,2025-09-23,166500,Points,settled
P00006942,B00006279,2025-11-18,1604400,Bank Transfer,settled
P00006943,B00006280,2025-01-07,104800,Points,settled
P00006944,B00006281,2024-03-11,115800,Bank Transfer,settled
P00006945,B00006282,2025-07-02,79602,Credit Card,settled
P00006946,B00006283,2024-10-11,164700,Bank Transfer,settled
P00006947,B00006284,2025-10-11,141600,Debit Card,settled
P00006948,B00006285,2024-06-28,113000,Credit Card,settled
P00006949,B00006286,2025-04-26,365400,Bank Transfer,settled
P00006950,B00006287,2025-06-20,577200,Credit Card,settled
P00006951,B00006288,2025-05-10,146000,Debit Card,settled
P00006952,B00006289,2025-10-24,49200,Points,settled
P00006953,B00006290,2025-12-06,309400,Bank Transfer,settled
P00006954,B00006291,2024-07-29,304000,Points,settled
P00006955,B00006292,2025-11-22,163100,Bank Transfer,settled
P00006956,B00006293,2025-12-21,351000,Bank Transfer,settled
P00006957,B00006294,2025-02-16,63600,Credit Card,settled
P00006958,B00006294,2025-04-08,-18984,Points,refunded
P00006959,B00006295,2024-04-17,39400,Credit Card,settled
P00006960,B00006296,2025-04-06,223800,Bank Transfer,settled
P00006961,B00006297,2024-09-05,232800,Debit Card,settled
P00006962,B00006298,2024-11-06,155400,Bank Transfer,settled
P00006963,B00006299,2024-09-16,189000,Points,settled
P00006964,B00006300,2025-08-11,398500,Debit Card,settled
P00006965,B00006301,2025-09-25,267800,Bank Transfer,settled
P00006966,B00006302,2025-07-15,152900,Points,settled
P00006967,B00006303,2024-07-23,478100,Points,settled
P00006968,B00006304,2025-04-11,115651,Credit Card,settled
P00006969,B00006304,2025-03-29,55949,Bank Transfer,pending
P00006970,B00006305,2025-09-12,231600,Credit Card,settled
P00006971,B00006305,2025-10-31,-51191,Debit Card,refunded
P00006972,B00006306,2024-08-16,258700,Bank Transfer,settled
P00006973,B00006307,2025-06-09,256200,Points,settled
P00006974,B00006309,2024-11-29,161600,Debit Card,settled
P00006975,B00006310,2024-05-02,185600,Credit Card,settled
P00006976,B00006311,2025-05-22,193200,Debit Card,settled
P00006977,B00006312,2025-10-28,459800,Debit Card,settled
P00006978,B00006313,2025-04-13,78500,Debit Card,settled
P00006979,B00006313,2025-05-10,-14993,Debit Card,refunded
P00006980,B00006314,2025-08-12,388700,Credit Card,settled
P00006981,B00006314,2025-09-06,-388700,Points,refunded
P00006982,B00006315,2024-11-19,504700,Debit Card,settled
P00006983,B00006315,2024-12-28,-504700,Bank Transfer,refunded
P00006984,B00006316,2025-02-12,181000,Debit Card,settled
P00006985,B00006317,2024-06-07,149400,Credit Card,settled
P00006986,B00006318,2026-03-27,97498,Debit Card,settled
P00006987,B00006318,2026-04-08,74402,Points,pending
P00006988,B00006319,2025-01-29,646200,Points,settled
P00006989,B00006320,2024-06-15,247800,Bank Transfer,settled
P00006990,B00006321,2024-02-12,150778,Credit Card,settled
P00006991,B00006322,2026-01-05,209700,Points,settled
P00006992,B00006323,2025-03-31,820300,Bank Transfer,settled
P00006993,B00006324,2026-01-07,31000,Debit Card,settled
P00006994,B00006324,2026-02-12,-31000,Credit Card,refunded
P00006995,B00006325,2024-06-15,232574,Bank Transfer,settled
P00006996,B00006327,2025-03-26,182700,Credit Card,settled
P00006997,B00006328,2025-12-29,90400,Bank Transfer,settled
P00006998,B00006328,2026-01-29,-90400,Debit Card,refunded
P00006999,B00006329,2024-03-14,20002,Points,settled
P00007000,B00006329,2024-04-09,17598,Points,pending
P00007001,B00006330,2025-07-01,42400,Credit Card,settled
P00007002,B00006330,2025-08-03,-42400,Debit Card,refunded
P00007003,B00006331,2025-02-21,391300,Points,settled
P00007004,B00006332,2024-12-24,48300,Points,settled
P00007005,B00006333,2024-02-11,236400,Credit Card,settled
P00007006,B00006334,2025-01-20,216000,Points,settled
P00007007,B00006335,2025-05-30,469300,Points,settled
P00007008,B00006336,2024-06-14,153000,Credit Card,settled
P00007009,B00006337,2025-03-15,322000,Debit Card,settled
P00007010,B00006338,2025-12-19,54300,Credit Card,settled
P00007011,B00006339,2024-08-11,274300,Debit Card,settled
P00007012,B00006340,2025-08-26,272000,Points,settled
P00007013,B00006341,2026-02-28,68004,Debit Card,settled
P00007014,B00006342,2025-10-28,1086400,Debit Card,settled
P00007015,B00006342,2025-12-07,-1086400,Bank Transfer,refunded
P00007016,B00006343,2024-03-21,189667,Debit Card,settled
P00007017,B00006344,2025-05-15,22800,Debit Card,settled
P00007018,B00006345,2026-01-06,322800,Points,settled
P00007019,B00006346,2024-08-12,60800,Bank Transfer,settled
P00007020,B00006347,2024-10-07,341500,Debit Card,settled
P00007021,B00006348,2025-11-04,205800,Points,settled
P00007022,B00006349,2025-01-13,163800,Credit Card,settled
P00007023,B00006350,2025-03-10,202800,Bank Transfer,settled
P00007024,B00006351,2024-05-16,99000,Bank Transfer,settled
P00007025,B00006352,2025-02-17,207800,Debit Card,settled
P00007026,B00006353,2025-08-22,129600,Points,settled
P00007027,B00006354,2025-02-01,21500,Points,settled
P00007028,B00006355,2024-08-09,93100,Points,settled
P00007029,B00006356,2024-07-04,103200,Credit Card,settled
P00007030,B00006357,2024-07-06,79000,Debit Card,settled
P00007031,B00006358,2024-11-30,71000,Credit Card,settled
P00007032,B00006359,2024-11-02,371000,Points,settled
P00007033,B00006360,2025-07-05,65181,Credit Card,settled
P00007034,B00006360,2025-06-25,35319,Debit Card,pending
P00007035,B00006361,2024-01-29,817800,Debit Card,settled
P00007036,B00006362,2024-08-14,55600,Bank Transfer,settled
P00007037,B00006363,2026-01-04,427200,Credit Card,settled
P00007038,B00006364,2025-01-01,268800,Bank Transfer,settled
P00007039,B00006365,2024-05-27,406800,Bank Transfer,settled
P00007040,B00006366,2025-06-12,36000,Debit Card,settled
P00007041,B00006368,2025-08-05,62800,Bank Transfer,settled
P00007042,B00006369,2024-12-16,178400,Bank Transfer,settled
P00007043,B00006370,2025-12-13,15600,Points,settled
P00007044,B00006371,2026-01-13,109600,Credit Card,settled
P00007045,B00006372,2024-10-31,905191,Points,settled
P00007046,B00006373,2025-06-11,1047200,Bank Transfer,settled
P00007047,B00006374,2025-12-25,414533,Points,settled
P00007048,B00006375,2025-12-05,91700,Credit Card,settled
P00007049,B00006376,2024-03-21,13488,Bank Transfer,settled
P00007050,B00006376,2024-03-28,8812,Credit Card,pending
P00007051,B00006377,2026-02-04,88500,Debit Card,settled
P00007052,B00006378,2024-07-04,147083,Bank Transfer,settled
P00007053,B00006379,2024-07-27,199104,Points,settled
P00007054,B00006380,2025-02-13,68673,Points,settled
P00007055,B00006381,2025-04-25,161056,Bank Transfer,settled
P00007056,B00006381,2025-04-23,198944,Points,pending
P00007057,B00006382,2025-10-31,91500,Credit Card,settled
P00007058,B00006383,2024-12-25,292500,Points,settled
P00007059,B00006384,2024-06-25,28400,Bank Transfer,settled
P00007060,B00006385,2025-02-21,205400,Bank Transfer,settled
P00007061,B00006386,2025-05-18,321800,Debit Card,settled
P00007062,B00006387,2025-10-03,131600,Bank Transfer,settled
P00007063,B00006388,2024-11-03,118300,Credit Card,settled
P00007064,B00006389,2024-11-05,112200,Credit Card,settled
P00007065,B00006390,2024-11-04,296800,Credit Card,settled
P00007066,B00006391,2024-02-25,154000,Points,settled
P00007067,B00006392,2025-03-05,327000,Credit Card,settled
P00007068,B00006393,2024-11-08,137900,Credit Card,settled
P00007069,B00006394,2026-01-26,218477,Credit Card,settled
P00007070,B00006395,2024-09-27,256800,Debit Card,settled
P00007071,B00006396,2024-10-07,34800,Bank Transfer,settled
P00007072,B00006397,2024-09-06,133700,Credit Card,settled
P00007073,B00006398,2025-06-13,72963,Bank Transfer,settled
P00007074,B00006398,2025-06-16,53037,Debit Card,pending
P00007075,B00006399,2024-03-22,549500,Points,settled
P00007076,B00006399,2024-04-26,-549500,Debit Card,refunded
P00007077,B00006400,2025-08-27,169600,Debit Card,settled
P00007078,B00006401,2025-10-01,158000,Bank Transfer,settled
P00007079,B00006402,2025-07-10,14400,Credit Card,settled
P00007080,B00006403,2024-06-25,16700,Bank Transfer,settled
P00007081,B00006404,2025-05-18,388800,Credit Card,settled
P00007082,B00006405,2025-03-23,40000,Points,settled
P00007083,B00006406,2024-07-29,100500,Bank Transfer,settled
P00007084,B00006407,2025-04-25,20700,Credit Card,settled
P00007085,B00006408,2024-06-27,320967,Debit Card,settled
P00007086,B00006409,2025-06-26,246400,Credit Card,settled
P00007087,B00006410,2025-05-14,289137,Bank Transfer,settled
P00007088,B00006410,2025-05-15,127863,Bank Transfer,pending
P00007089,B00006411,2024-10-18,239100,Credit Card,settled
P00007090,B00006412,2025-07-16,84500,Bank Transfer,settled
P00007091,B00006413,2025-03-18,114747,Credit Card,settled
P00007092,B00006413,2025-04-10,88053,Points,pending
P00007093,B00006414,2024-11-05,150378,Bank Transfer,settled
P00007094,B00006414,2024-11-07,74322,Points,pending
P00007095,B00006415,2024-03-06,225400,Bank Transfer,settled
P00007096,B00006416,2025-08-14,229500,Bank Transfer,settled
P00007097,B00006417,2026-01-05,126400,Credit Card,settled
P00007098,B00006418,2024-04-18,115800,Debit Card,settled
P00007099,B00006419,2024-06-24,173700,Debit Card,settled
P00007100,B00006420,2025-08-02,95900,Points,settled
P00007101,B00006421,2025-12-13,92000,Debit Card,settled
P00007102,B00006424,2024-07-10,270200,Credit Card,settled
P00007103,B00006425,2025-12-06,645000,Debit Card,settled
P00007104,B00006425,2025-12-22,-645000,Points,refunded
P00007105,B00006426,2025-08-10,87000,Points,settled
P00007106,B00006427,2024-09-05,66138,Debit Card,settled
P00007107,B00006428,2025-05-11,293600,Points,settled
P00007108,B00006429,2024-07-11,23500,Points,settled
P00007109,B00006430,2024-12-29,134102,Credit Card,settled
P00007110,B00006430,2024-12-10,94098,Credit Card,pending
P00007111,B00006431,2025-02-22,70400,Points,settled
P00007112,B00006432,2025-08-01,224400,Points,settled
P00007113,B00006433,2025-07-01,39700,Debit Card,settled
P00007114,B00006434,2024-04-03,68100,Credit Card,settled
P00007115,B00006435,2025-12-03,708000,Bank Transfer,settled
P00007116,B00006436,2026-02-17,46262,Debit Card,settled
P00007117,B00006437,2025-05-03,50800,Bank Transfer,settled
P00007118,B00006438,2025-05-28,123900,Credit Card,settled
P00007119,B00006439,2024-12-31,147000,Points,settled
P00007120,B00006440,2025-01-24,79000,Bank Transfer,settled
P00007121,B00006441,2024-06-02,275800,Points,settled
P00007122,B00006442,2025-08-20,201500,Debit Card,settled
P00007123,B00006443,2024-11-24,78600,Credit Card,settled
P00007124,B00006444,2025-11-17,63600,Points,settled
P00007125,B00006445,2024-05-29,51200,Debit Card,settled
P00007126,B00006446,2024-08-10,130500,Bank Transfer,settled
P00007127,B00006446,2024-08-31,-25098,Bank Transfer,refunded
P00007128,B00006447,2024-12-24,200200,Credit Card,settled
P00007129,B00006449,2025-11-03,284700,Bank Transfer,settled
P00007130,B00006450,2025-06-30,140000,Debit Card,settled
P00007131,B00006451,2024-02-27,59400,Bank Transfer,settled
P00007132,B00006452,2025-02-09,77600,Points,settled
P00007133,B00006453,2024-04-13,218211,Points,settled
P00007134,B00006453,2024-04-12,82389,Credit Card,pending
P00007135,B00006454,2024-09-17,466400,Credit Card,settled
P00007136,B00006455,2025-07-08,105500,Debit Card,settled
P00007137,B00006457,2026-04-01,246277,Points,settled
P00007138,B00006457,2026-03-09,168423,Points,pending
P00007139,B00006458,2025-11-22,52200,Points,settled
P00007140,B00006461,2025-09-19,114276,Credit Card,settled
P00007141,B00006461,2025-08-27,74924,Credit Card,pending
P00007142,B00006462,2026-02-03,165200,Debit Card,settled
P00007143,B00006462,2026-02-21,-165200,Bank Transfer,refunded
P00007144,B00006463,2024-05-20,417200,Credit Card,settled
P00007145,B00006464,2025-04-06,209400,Points,settled
P00007146,B00006465,2025-05-18,309400,Bank Transfer,settled
P00007147,B00006466,2026-04-01,90300,Credit Card,settled
P00007148,B00006467,2024-10-05,621000,Bank Transfer,settled
P00007149,B00006468,2025-06-17,168300,Bank Transfer,settled
P00007150,B00006470,2025-09-27,264000,Points,settled
P00007151,B00006471,2025-11-21,85200,Credit Card,settled
P00007152,B00006472,2024-03-24,184800,Debit Card,settled
P00007153,B00006473,2024-09-14,26600,Debit Card,settled
P00007154,B00006474,2024-10-23,119700,Bank Transfer,settled
P00007155,B00006475,2026-01-04,97000,Bank Transfer,settled
P00007156,B00006476,2025-10-29,31400,Points,settled
P00007157,B00006476,2025-10-03,16600,Points,pending
P00007158,B00006477,2024-06-12,187000,Debit Card,settled
P00007159,B00006478,2024-09-10,596200,Points,settled
P00007160,B00006478,2024-10-06,-151370,Credit Card,refunded
P00007161,B00006479,2025-02-25,2091600,Bank Transfer,settled
P00007162,B00006480,2024-09-23,96600,Points,settled
P00007163,B00006481,2025-07-16,145000,Points,settled
P00007164,B00006482,2026-01-28,166000,Credit Card,settled
P00007165,B00006483,2025-10-06,88401,Debit Card,settled
P00007166,B00006483,2025-09-09,100599,Points,pending
P00007167,B00006484,2025-01-22,243600,Credit Card,settled
P00007168,B00006485,2026-02-19,458700,Credit Card,settled
P00007169,B00006486,2024-06-05,138193,Bank Transfer,settled
P00007170,B00006486,2024-05-17,87407,Debit Card,pending
P00007171,B00006487,2024-03-21,435000,Bank Transfer,settled
P00007172,B00006487,2024-04-14,-435000,Credit Card,refunded
P00007173,B00006488,2025-09-30,45000,Credit Card,settled
P00007174,B00006489,2025-05-29,159200,Debit Card,settled
P00007175,B00006490,2025-01-10,165600,Credit Card,settled
P00007176,B00006491,2024-06-13,930000,Credit Card,settled
P00007177,B00006492,2025-03-13,168300,Bank Transfer,settled
P00007178,B00006493,2025-12-05,660800,Credit Card,settled
P00007179,B00006494,2025-01-22,29349,Points,settled
P00007180,B00006496,2025-12-09,68000,Debit Card,settled
P00007181,B00006497,2025-10-25,462600,Bank Transfer,settled
P00007182,B00006498,2024-06-18,123200,Points,settled
P00007183,B00006499,2024-07-28,171000,Bank Transfer,settled
P00007184,B00006500,2024-08-06,163800,Points,settled
P00007185,B00006501,2025-09-01,36400,Credit Card,settled
P00007186,B00006502,2025-04-27,643500,Points,settled
P00007187,B00006503,2025-03-13,96600,Credit Card,settled
P00007188,B00006504,2025-04-08,362443,Credit Card,settled
P00007189,B00006504,2025-05-09,220757,Bank Transfer,pending
P00007190,B00006505,2025-08-23,16748,Debit Card,settled
P00007191,B00006505,2025-08-19,17852,Debit Card,pending
P00007192,B00006506,2025-11-25,141000,Credit Card,settled
P00007193,B00006507,2025-03-01,412500,Credit Card,settled
P00007194,B00006508,2024-04-07,277200,Debit Card,settled
P00007195,B00006508,2024-04-26,-277200,Debit Card,refunded
P00007196,B00006509,2025-03-10,144000,Points,settled
P00007197,B00006510,2024-06-05,55460,Bank Transfer,settled
P00007198,B00006510,2024-05-24,30540,Credit Card,pending
P00007199,B00006511,2024-07-21,50100,Debit Card,settled
P00007200,B00006512,2025-10-10,311600,Points,settled
P00007201,B00006513,2025-02-09,541800,Debit Card,settled
P00007202,B00006514,2025-11-01,208800,Points,settled
P00007203,B00006515,2025-08-19,75400,Bank Transfer,settled
P00007204,B00006516,2024-11-18,264600,Points,settled
P00007205,B00006517,2025-11-26,474600,Credit Card,settled
P00007206,B00006518,2025-11-05,79500,Credit Card,settled
P00007207,B00006519,2024-05-15,15700,Bank Transfer,settled
P00007208,B00006520,2024-09-17,304400,Points,settled
P00007209,B00006521,2025-03-02,555100,Points,settled
P00007210,B00006522,2025-07-06,103500,Debit Card,settled
P00007211,B00006523,2025-01-21,274800,Points,settled
P00007212,B00006524,2025-07-26,59753,Credit Card,settled
P00007213,B00006525,2025-09-18,362008,Credit Card,settled
P00007214,B00006525,2025-10-17,285992,Credit Card,pending
P00007215,B00006526,2024-02-27,15800,Credit Card,settled
P00007216,B00006527,2025-11-06,797000,Points,settled
P00007217,B00006528,2025-03-31,142200,Credit Card,settled
P00007218,B00006529,2024-10-31,16800,Points,settled
P00007219,B00006530,2025-05-13,224400,Bank Transfer,settled
P00007220,B00006531,2025-03-05,1124200,Bank Transfer,settled
P00007221,B00006532,2025-03-16,93000,Credit Card,settled
P00007222,B00006533,2025-08-03,114000,Points,settled
P00007223,B00006533,2025-08-20,-114000,Points,refunded
P00007224,B00006534,2024-10-05,322000,Debit Card,settled
P00007225,B00006535,2024-02-11,176400,Bank Transfer,settled
P00007226,B00006536,2025-10-22,142200,Bank Transfer,settled
P00007227,B00006537,2025-02-04,484800,Debit Card,settled
P00007228,B00006538,2025-07-25,163800,Debit Card,settled
P00007229,B00006539,2025-08-12,62400,Bank Transfer,settled
P00007230,B00006539,2025-09-07,-62400,Bank Transfer,refunded
P00007231,B00006540,2024-08-07,204000,Points,settled
P00007232,B00006541,2024-10-04,274800,Points,settled
P00007233,B00006542,2026-02-13,68800,Points,settled
P00007234,B00006543,2024-06-07,186000,Debit Card,settled
P00007235,B00006544,2024-06-16,21900,Debit Card,settled
P00007236,B00006545,2024-06-14,378000,Bank Transfer,settled
P00007237,B00006546,2025-07-14,605738,Bank Transfer,settled
P00007238,B00006546,2025-07-22,224962,Bank Transfer,pending
P00007239,B00006547,2024-11-13,247800,Bank Transfer,settled
P00007240,B00006548,2024-09-04,737000,Points,settled
P00007241,B00006549,2025-08-31,302900,Debit Card,settled
P00007242,B00006550,2026-02-26,214222,Credit Card,settled
P00007243,B00006551,2024-07-20,288609,Credit Card,settled
P00007244,B00006552,2025-08-13,92000,Points,settled
P00007245,B00006553,2025-07-23,257400,Debit Card,settled
P00007246,B00006554,2024-10-16,141900,Bank Transfer,settled
P00007247,B00006555,2024-10-07,102000,Credit Card,settled
P00007248,B00006556,2025-09-14,552512,Points,settled
P00007249,B00006556,2025-08-25,206288,Debit Card,pending
P00007250,B00006557,2024-11-16,69200,Bank Transfer,settled
P00007251,B00006558,2024-07-01,313600,Debit Card,settled
P00007252,B00006559,2025-09-27,246000,Bank Transfer,settled
P00007253,B00006560,2024-07-18,100100,Bank Transfer,settled
P00007254,B00006561,2025-02-05,231400,Credit Card,settled
P00007255,B00006561,2025-03-31,-231400,Points,refunded
P00007256,B00006562,2025-05-18,79500,Points,settled
P00007257,B00006563,2025-07-14,32400,Credit Card,settled
P00007258,B00006564,2024-10-27,69000,Points,settled
P00007259,B00006565,2025-07-22,123656,Credit Card,settled
P00007260,B00006565,2025-07-12,42244,Debit Card,pending
P00007261,B00006566,2025-06-22,71516,Points,settled
P00007262,B00006566,2025-06-30,94484,Credit Card,pending
P00007263,B00006567,2024-06-08,169000,Credit Card,settled
P00007264,B00006569,2025-03-18,210946,Bank Transfer,settled
P00007265,B00006569,2025-03-09,210254,Credit Card,pending
P00007266,B00006571,2025-06-06,257600,Debit Card,settled
P00007267,B00006572,2025-10-21,247800,Credit Card,settled
P00007268,B00006573,2025-02-03,91636,Debit Card,settled
P00007269,B00006573,2025-01-10,113764,Debit Card,pending
P00007270,B00006574,2024-04-24,183600,Points,settled
P00007271,B00006575,2025-04-13,320600,Debit Card,settled
P00007272,B00006576,2025-06-16,14721,Credit Card,settled
P00007273,B00006576,2025-06-13,21479,Points,pending
P00007274,B00006577,2025-01-30,85800,Bank Transfer,settled
P00007275,B00006577,2025-02-22,-14758,Credit Card,refunded
P00007276,B00006578,2024-03-16,63200,Debit Card,settled
P00007277,B00006579,2025-02-10,1883700,Points,settled
P00007278,B00006580,2025-11-11,201600,Bank Transfer,settled
P00007279,B00006581,2025-02-01,201300,Points,settled
P00007280,B00006582,2024-01-07,742500,Bank Transfer,settled
P00007281,B00006583,2024-04-15,562800,Points,settled
P00007282,B00006584,2026-03-13,155700,Debit Card,settled
P00007283,B00006585,2024-12-27,155000,Bank Transfer,settled
P00007284,B00006585,2025-02-07,-155000,Points,refunded
P00007285,B00006586,2024-06-13,148000,Debit Card,settled
P00007286,B00006587,2024-09-26,699600,Debit Card,settled
P00007287,B00006588,2024-02-29,160200,Points,settled
P00007288,B00006589,2025-07-01,82000,Bank Transfer,settled
P00007289,B00006590,2024-06-29,32200,Points,settled
P00007290,B00006590,2024-07-20,-32200,Points,refunded
P00007291,B00006591,2025-09-26,450000,Bank Transfer,settled
P00007292,B00006592,2025-11-17,195000,Debit Card,settled
P00007293,B00006593,2024-09-16,859300,Points,settled
P00007294,B00006594,2025-05-21,93100,Points,settled
P00007295,B00006595,2025-07-01,239000,Credit Card,settled
P00007296,B00006596,2024-10-23,36200,Bank Transfer,settled
P00007297,B00006598,2024-09-09,59100,Points,settled
P00007298,B00006599,2024-11-06,97500,Debit Card,settled
P00007299,B00006600,2026-03-28,354300,Points,settled
P00007300,B00006601,2025-12-28,324800,Points,settled
P00007301,B00006602,2024-07-18,118300,Bank Transfer,settled
P00007302,B00006603,2025-09-09,554500,Points,settled
P00007303,B00006604,2024-05-25,30800,Debit Card,settled
P00007304,B00006604,2024-06-03,-30800,Points,refunded
P00007305,B00006605,2025-06-07,844200,Debit Card,settled
P00007306,B00006606,2026-02-15,590200,Credit Card,settled
P00007307,B00006607,2025-02-12,16700,Bank Transfer,settled
P00007308,B00006608,2024-06-07,168000,Points,settled
P00007309,B00006608,2024-06-24,-168000,Points,refunded
P00007310,B00006609,2024-03-11,32800,Credit Card,settled
P00007311,B00006610,2024-08-05,72400,Credit Card,settled
P00007312,B00006611,2024-11-03,207600,Debit Card,settled
P00007313,B00006612,2025-12-16,72000,Credit Card,settled
P00007314,B00006613,2025-09-30,14700,Points,settled
P00007315,B00006614,2025-10-14,1768800,Debit Card,settled
P00007316,B00006615,2024-09-24,766000,Bank Transfer,settled
P00007317,B00006616,2024-12-27,19100,Bank Transfer,settled
P00007318,B00006617,2025-07-19,217800,Bank Transfer,settled
P00007319,B00006619,2025-10-16,921200,Debit Card,settled
P00007320,B00006620,2025-06-20,1031400,Debit Card,settled
P00007321,B00006621,2024-02-29,47600,Bank Transfer,settled
P00007322,B00006622,2024-10-22,212400,Bank Transfer,settled
P00007323,B00006623,2025-07-22,128100,Debit Card,settled
P00007324,B00006625,2025-01-10,74400,Credit Card,settled
P00007325,B00006626,2024-02-14,210000,Credit Card,settled
P00007326,B00006627,2025-06-08,137630,Debit Card,settled
P00007327,B00006627,2025-06-30,132770,Credit Card,pending
P00007328,B00006629,2024-04-04,269400,Points,settled
P00007329,B00006630,2025-11-22,331200,Credit Card,settled
P00007330,B00006631,2025-08-23,235200,Debit Card,settled
P00007331,B00006632,2025-12-08,452245,Bank Transfer,settled
P00007332,B00006632,2025-11-28,272255,Points,pending
P00007333,B00006633,2024-10-24,117900,Debit Card,settled
P00007334,B00006634,2024-05-16,16600,Points,settled
P00007335,B00006635,2025-04-12,259000,Debit Card,settled
P00007336,B00006636,2024-04-02,402000,Debit Card,settled
P00007337,B00006637,2025-06-01,76500,Debit Card,settled
P00007338,B00006638,2024-10-29,73600,Points,settled
P00007339,B00006639,2025-11-16,189000,Credit Card,settled
P00007340,B00006640,2025-12-25,19300,Points,settled
P00007341,B00006641,2025-04-27,239000,Points,settled
P00007342,B00006642,2025-06-08,220000,Points,settled
P00007343,B00006643,2025-10-22,78800,Credit Card,settled
P00007344,B00006644,2024-04-07,232000,Debit Card,settled
P00007345,B00006645,2024-10-20,493500,Points,settled
P00007346,B00006646,2025-05-28,200000,Bank Transfer,settled
P00007347,B00006646,2025-06-11,-32561,Points,refunded
P00007348,B00006647,2026-02-15,210600,Bank Transfer,settled
P00007349,B00006648,2025-01-05,216900,Credit Card,settled
P00007350,B00006649,2024-11-01,296800,Bank Transfer,settled
P00007351,B00006650,2026-04-14,242000,Debit Card,settled
P00007352,B00006651,2025-01-02,1670400,Points,settled
P00007353,B00006652,2025-10-15,135100,Bank Transfer,settled
P00007354,B00006653,2024-03-14,788700,Points,settled
P00007355,B00006654,2026-01-16,146800,Debit Card,settled
P00007356,B00006655,2025-02-26,107800,Bank Transfer,settled
P00007357,B00006656,2024-07-07,172700,Credit Card,settled
P00007358,B00006657,2026-02-12,561400,Bank Transfer,settled
P00007359,B00006658,2025-06-06,281400,Points,settled
P00007360,B00006659,2025-08-10,16200,Debit Card,settled
P00007361,B00006660,2025-07-29,232000,Bank Transfer,settled
P00007362,B00006661,2025-10-02,209300,Debit Card,settled
P00007363,B00006662,2025-04-30,187000,Debit Card,settled
P00007364,B00006663,2025-04-13,162400,Bank Transfer,settled
P00007365,B00006663,2025-05-06,-162400,Credit Card,refunded
P00007366,B00006664,2025-11-14,64400,Bank Transfer,settled
P00007367,B00006665,2024-12-07,401500,Credit Card,settled
P00007368,B00006666,2024-07-07,17800,Credit Card,settled
P00007369,B00006666,2024-07-13,-17800,Debit Card,refunded
P00007370,B00006667,2025-02-08,113400,Bank Transfer,settled
P00007371,B00006668,2025-08-09,54300,Bank Transfer,settled
P00007372,B00006669,2025-02-08,322000,Credit Card,settled
P00007373,B00006670,2024-08-25,97000,Credit Card,settled
P00007374,B00006671,2025-01-10,133800,Credit Card,settled
P00007375,B00006672,2025-08-19,1941600,Points,settled
P00007376,B00006673,2025-09-20,113883,Bank Transfer,settled
P00007377,B00006673,2025-09-15,54817,Points,pending
P00007378,B00006674,2025-10-05,372000,Points,settled
P00007379,B00006675,2024-09-24,252000,Points,settled
P00007380,B00006676,2025-04-10,104400,Points,settled
P00007381,B00006677,2025-10-07,435000,Points,settled
P00007382,B00006678,2025-05-07,733700,Credit Card,settled
P00007383,B00006679,2025-09-09,560700,Bank Transfer,settled
P00007384,B00006680,2024-05-01,165600,Bank Transfer,settled
P00007385,B00006681,2025-07-24,305200,Credit Card,settled
P00007386,B00006681,2025-08-09,-75747,Credit Card,refunded
P00007387,B00006683,2025-09-20,250600,Bank Transfer,settled
P00007388,B00006684,2023-12-21,10946,Debit Card,settled
P00007389,B00006684,2024-01-10,10554,Credit Card,pending
P00007390,B00006685,2024-07-18,17400,Bank Transfer,settled
P00007391,B00006686,2024-08-05,192400,Credit Card,settled
P00007392,B00006687,2025-01-21,253500,Bank Transfer,settled
P00007393,B00006688,2025-12-22,166500,Debit Card,settled
P00007394,B00006689,2025-05-18,42600,Debit Card,settled
P00007395,B00006690,2026-02-11,129200,Bank Transfer,settled
P00007396,B00006691,2025-08-18,43200,Credit Card,settled
P00007397,B00006692,2024-12-16,82000,Debit Card,settled
P00007398,B00006693,2024-04-13,324800,Bank Transfer,settled
P00007399,B00006694,2024-06-11,90500,Credit Card,settled
P00007400,B00006694,2024-06-06,25000,Credit Card,pending
P00007401,B00006695,2025-09-12,375000,Points,settled
P00007402,B00006696,2024-06-12,268000,Bank Transfer,settled
P00007403,B00006697,2026-01-26,53400,Bank Transfer,settled
P00007404,B00006697,2026-02-12,-53400,Bank Transfer,refunded
P00007405,B00006698,2024-08-20,45800,Bank Transfer,settled
P00007406,B00006699,2024-09-29,416800,Points,settled
P00007407,B00006700,2025-08-15,596400,Credit Card,settled
P00007408,B00006701,2025-03-06,285600,Bank Transfer,settled
P00007409,B00006702,2024-09-02,557700,Credit Card,settled
P00007410,B00006703,2025-11-04,260400,Bank Transfer,settled
P00007411,B00006704,2025-03-26,262400,Credit Card,settled
P00007412,B00006704,2025-04-08,-262400,Debit Card,refunded
P00007413,B00006705,2025-03-09,39300,Debit Card,settled
P00007414,B00006706,2025-01-25,114400,Credit Card,settled
P00007415,B00006707,2025-09-12,155200,Points,settled
P00007416,B00006708,2024-12-13,244400,Debit Card,settled
P00007417,B00006709,2025-02-01,189000,Bank Transfer,settled
P00007418,B00006710,2024-10-23,239200,Credit Card,settled
P00007419,B00006711,2025-04-07,162000,Points,settled
P00007420,B00006711,2025-05-29,-44245,Bank Transfer,refunded
P00007421,B00006712,2024-05-05,69900,Bank Transfer,settled
P00007422,B00006713,2024-11-08,32800,Credit Card,settled
P00007423,B00006714,2024-12-21,64400,Points,settled
P00007424,B00006715,2025-12-24,29400,Bank Transfer,settled
P00007425,B00006716,2025-10-13,405300,Debit Card,settled
P00007426,B00006717,2025-02-14,1368000,Points,settled
P00007427,B00006718,2025-09-22,244400,Debit Card,settled
P00007428,B00006719,2025-03-24,111600,Bank Transfer,settled
P00007429,B00006720,2025-05-02,467600,Credit Card,settled
P00007430,B00006721,2025-01-23,168000,Bank Transfer,settled
P00007431,B00006722,2024-06-10,291200,Bank Transfer,settled
P00007432,B00006723,2025-11-01,16700,Points,settled
P00007433,B00006724,2025-07-14,469000,Debit Card,settled
P00007434,B00006724,2025-08-03,-469000,Debit Card,refunded
P00007435,B00006725,2026-02-13,88753,Credit Card,settled
P00007436,B00006725,2026-02-24,85847,Debit Card,pending
P00007437,B00006726,2024-07-31,132249,Points,settled
P00007438,B00006726,2024-07-15,53751,Credit Card,pending
P00007439,B00006727,2024-09-09,37200,Bank Transfer,settled
P00007440,B00006728,2026-01-10,648000,Bank Transfer,settled
P00007441,B00006728,2026-03-06,-648000,Debit Card,refunded
P00007442,B00006729,2025-09-19,227000,Points,settled
P00007443,B00006730,2025-05-04,160300,Bank Transfer,settled
P00007444,B00006731,2025-08-27,72000,Credit Card,settled
P00007445,B00006732,2025-05-21,130400,Credit Card,settled
P00007446,B00006733,2024-06-12,853300,Bank Transfer,settled
P00007447,B00006734,2024-02-26,100800,Bank Transfer,settled
P00007448,B00006735,2026-02-09,422400,Bank Transfer,settled
P00007449,B00006736,2025-10-19,132300,Credit Card,settled
P00007450,B00006737,2024-06-29,150300,Bank Transfer,settled
P00007451,B00006739,2025-07-05,1084053,Points,settled
P00007452,B00006740,2024-11-29,111600,Debit Card,settled
P00007453,B00006741,2025-07-17,50700,Bank Transfer,settled
P00007454,B00006742,2025-07-24,104500,Bank Transfer,settled
P00007455,B00006743,2025-07-24,139300,Points,settled
P00007456,B00006744,2024-01-20,146300,Debit Card,settled
P00007457,B00006745,2024-11-22,267600,Points,settled
P00007458,B00006747,2025-03-18,66800,Bank Transfer,settled
P00007459,B00006748,2025-05-19,242400,Debit Card,settled
P00007460,B00006749,2025-08-17,69363,Debit Card,settled
P00007461,B00006749,2025-08-16,60837,Bank Transfer,pending
P00007462,B00006750,2024-11-01,878800,Debit Card,settled
P00007463,B00006751,2026-02-17,61500,Points,settled
P00007464,B00006753,2024-02-14,88500,Debit Card,settled
P00007465,B00006754,2025-10-26,102000,Bank Transfer,settled
P00007466,B00006755,2025-02-13,526800,Bank Transfer,settled
P00007467,B00006755,2025-03-24,-526800,Bank Transfer,refunded
P00007468,B00006756,2025-03-19,84000,Points,settled
P00007469,B00006757,2024-12-20,173700,Debit Card,settled
P00007470,B00006758,2024-07-15,435400,Bank Transfer,settled
P00007471,B00006759,2024-03-16,118300,Credit Card,settled
P00007472,B00006760,2026-01-15,116500,Bank Transfer,settled
P00007473,B00006761,2024-09-09,326000,Bank Transfer,settled
P00007474,B00006762,2025-01-11,112700,Points,settled
P00007475,B00006763,2025-08-17,92400,Credit Card,settled
P00007476,B00006764,2025-04-19,212400,Points,settled
P00007477,B00006764,2025-05-02,-212400,Bank Transfer,refunded
P00007478,B00006765,2025-07-24,230400,Credit Card,settled
P00007479,B00006766,2026-03-03,28400,Credit Card,settled
P00007480,B00006767,2025-10-15,193357,Bank Transfer,settled
P00007481,B00006768,2024-03-22,79200,Debit Card,settled
P00007482,B00006769,2025-11-04,184400,Points,settled
P00007483,B00006770,2026-01-01,172400,Credit Card,settled
P00007484,B00006770,2026-01-12,-172400,Credit Card,refunded
P00007485,B00006771,2026-01-06,631200,Bank Transfer,settled
P00007486,B00006772,2025-01-30,125123,Credit Card,settled
P00007487,B00006773,2025-11-13,72200,Points,settled
P00007488,B00006774,2024-07-29,121000,Bank Transfer,settled
P00007489,B00006774,2024-09-16,-121000,Credit Card,refunded
P00007490,B00006775,2025-12-25,387400,Bank Transfer,settled
P00007491,B00006776,2025-10-07,15700,Points,settled
P00007492,B00006777,2025-05-21,263200,Points,settled
P00007493,B00006778,2025-07-17,391500,Bank Transfer,settled
P00007494,B00006779,2024-10-19,17678,Credit Card,settled
P00007495,B00006779,2024-10-21,8722,Credit Card,pending
P00007496,B00006780,2024-05-13,42900,Credit Card,settled
P00007497,B00006781,2024-11-25,505800,Debit Card,settled
P00007498,B00006782,2024-05-15,109600,Debit Card,settled
P00007499,B00006783,2025-11-12,31400,Points,settled
P00007500,B00006785,2024-04-27,85600,Credit Card,settled
P00007501,B00006786,2026-01-21,51200,Credit Card,settled
P00007502,B00006786,2026-02-18,-51200,Bank Transfer,refunded
P00007503,B00006787,2024-11-24,106800,Credit Card,settled
P00007504,B00006788,2024-07-01,64800,Points,settled
P00007505,B00006789,2025-01-07,569400,Debit Card,settled
P00007506,B00006790,2026-01-09,962500,Credit Card,settled
P00007507,B00006791,2025-12-13,181800,Bank Transfer,settled
P00007508,B00006792,2025-05-01,186000,Points,settled
P00007509,B00006793,2024-05-12,231000,Bank Transfer,settled
P00007510,B00006794,2024-03-15,144200,Points,settled
P00007511,B00006795,2025-11-07,394100,Bank Transfer,settled
P00007512,B00006796,2025-04-19,51600,Debit Card,settled
P00007513,B00006797,2024-02-09,130800,Bank Transfer,settled
P00007514,B00006798,2025-01-23,25003,Points,settled
P00007515,B00006799,2024-08-20,307300,Bank Transfer,settled
P00007516,B00006800,2024-07-27,328000,Bank Transfer,settled
P00007517,B00006801,2025-11-09,726000,Bank Transfer,settled
P00007518,B00006802,2025-08-27,108800,Credit Card,settled
P00007519,B00006803,2025-11-16,29200,Debit Card,settled
P00007520,B00006804,2024-11-30,189200,Bank Transfer,settled
P00007521,B00006805,2024-07-28,47400,Points,settled
P00007522,B00006806,2026-01-15,907200,Credit Card,settled
P00007523,B00006808,2024-08-30,111000,Bank Transfer,settled
P00007524,B00006808,2024-09-17,-28896,Debit Card,refunded
P00007525,B00006809,2024-01-27,243600,Points,settled
P00007526,B00006810,2024-12-19,415200,Debit Card,settled
P00007527,B00006811,2025-03-03,424600,Debit Card,settled
P00007528,B00006811,2025-04-01,-45235,Bank Transfer,refunded
P00007529,B00006812,2025-10-28,318432,Bank Transfer,settled
P00007530,B00006812,2025-11-19,165168,Points,pending
P00007531,B00006813,2023-12-30,406900,Debit Card,settled
P00007532,B00006814,2024-01-24,139000,Points,settled
P00007533,B00006814,2024-03-01,-19840,Bank Transfer,refunded
P00007534,B00006815,2025-12-12,109200,Credit Card,settled
P00007535,B00006816,2025-03-04,234800,Credit Card,settled
P00007536,B00006817,2025-12-28,68436,Bank Transfer,settled
P00007537,B00006817,2026-01-08,22564,Points,pending
P00007538,B00006818,2025-09-24,99762,Bank Transfer,settled
P00007539,B00006818,2025-09-20,38238,Points,pending
P00007540,B00006819,2024-02-28,101400,Debit Card,settled
P00007541,B00006820,2025-01-22,328000,Debit Card,settled
P00007542,B00006821,2024-12-01,23400,Debit Card,settled
P00007543,B00006822,2024-12-23,240000,Bank Transfer,settled
P00007544,B00006822,2025-01-12,-240000,Debit Card,refunded
P00007545,B00006823,2025-01-24,273600,Points,settled
P00007546,B00006824,2025-04-14,17400,Credit Card,settled
P00007547,B00006825,2024-11-22,174600,Credit Card,settled
P00007548,B00006826,2024-08-15,137200,Debit Card,settled
P00007549,B00006827,2025-05-14,179888,Bank Transfer,settled
P00007550,B00006828,2024-12-07,595800,Points,settled
P00007551,B00006829,2025-09-12,644600,Debit Card,settled
P00007552,B00006831,2024-05-26,164500,Debit Card,settled
P00007553,B00006832,2025-12-18,89200,Credit Card,settled
P00007554,B00006833,2025-11-16,138000,Points,settled
P00007555,B00006834,2025-06-03,291900,Bank Transfer,settled
P00007556,B00006835,2025-01-30,61600,Bank Transfer,settled
P00007557,B00006836,2024-09-26,90600,Bank Transfer,settled
P00007558,B00006837,2024-05-01,15800,Bank Transfer,settled
P00007559,B00006838,2024-10-29,216000,Credit Card,settled
P00007560,B00006839,2024-10-26,464800,Bank Transfer,settled
P00007561,B00006841,2025-07-05,40800,Bank Transfer,settled
P00007562,B00006842,2025-08-27,411300,Credit Card,settled
P00007563,B00006843,2025-01-01,201500,Points,settled
P00007564,B00006844,2025-10-16,80500,Bank Transfer,settled
P00007565,B00006845,2025-04-16,142200,Debit Card,settled
P00007566,B00006846,2025-05-13,184500,Debit Card,settled
P00007567,B00006847,2024-04-03,130200,Bank Transfer,settled
P00007568,B00006848,2025-08-10,70135,Credit Card,settled
P00007569,B00006848,2025-08-18,40365,Points,pending
P00007570,B00006850,2025-03-05,58281,Points,settled
P00007571,B00006850,2025-02-28,74019,Bank Transfer,pending
P00007572,B00006851,2024-10-20,155700,Bank Transfer,settled
P00007573,B00006851,2024-11-15,-23357,Points,refunded
P00007574,B00006852,2025-06-18,1943500,Debit Card,settled
P00007575,B00006853,2025-07-01,586600,Debit Card,settled
P00007576,B00006854,2025-12-13,164800,Points,settled
P00007577,B00006855,2024-02-15,87200,Bank Transfer,settled
P00007578,B00006856,2025-06-05,100100,Credit Card,settled
P00007579,B00006857,2024-05-04,106200,Debit Card,settled
P00007580,B00006858,2024-06-15,117900,Bank Transfer,settled
P00007581,B00006859,2025-07-03,84000,Credit Card,settled
P00007582,B00006860,2024-05-16,135900,Credit Card,settled
P00007583,B00006861,2024-04-19,197400,Bank Transfer,settled
P00007584,B00006862,2024-12-24,193500,Points,settled
P00007585,B00006863,2025-12-05,23000,Bank Transfer,settled
P00007586,B00006864,2025-05-10,110400,Bank Transfer,settled
P00007587,B00006865,2024-12-07,226200,Credit Card,settled
P00007588,B00006866,2024-12-31,78600,Debit Card,settled
P00007589,B00006867,2024-09-05,184500,Points,settled
P00007590,B00006868,2024-03-21,16100,Credit Card,settled
P00007591,B00006869,2024-06-29,88694,Points,settled
P00007592,B00006869,2024-07-18,58006,Debit Card,pending
P00007593,B00006870,2026-02-23,29800,Debit Card,settled
P00007594,B00006871,2024-04-25,203400,Points,settled
P00007595,B00006872,2024-12-26,348800,Points,settled
P00007596,B00006873,2024-10-05,266543,Bank Transfer,settled
P00007597,B00006874,2025-05-20,22300,Debit Card,settled
P00007598,B00006875,2026-01-13,180000,Points,settled
P00007599,B00006876,2025-07-15,100000,Points,settled
P00007600,B00006877,2025-02-08,63600,Bank Transfer,settled
P00007601,B00006878,2025-04-26,236600,Bank Transfer,settled
P00007602,B00006879,2025-07-18,210000,Bank Transfer,settled
P00007603,B00006880,2024-06-27,860300,Points,settled
P00007604,B00006881,2024-09-11,223300,Bank Transfer,settled
P00007605,B00006882,2025-07-08,433200,Credit Card,settled
P00007606,B00006883,2026-01-07,62100,Points,settled
P00007607,B00006884,2025-09-22,230500,Points,settled
P00007608,B00006885,2024-05-11,148000,Debit Card,settled
P00007609,B00006886,2025-08-30,837000,Points,settled
P00007610,B00006887,2024-08-28,32600,Credit Card,settled
P00007611,B00006888,2024-11-24,367852,Points,settled
P00007612,B00006888,2024-11-19,206148,Credit Card,pending
P00007613,B00006889,2024-10-23,75729,Debit Card,settled
P00007614,B00006889,2024-11-19,95871,Debit Card,pending
P00007615,B00006890,2025-02-10,177600,Points,settled
P00007616,B00006891,2024-09-23,86000,Bank Transfer,settled
P00007617,B00006892,2024-10-17,196200,Debit Card,settled
P00007618,B00006893,2024-12-19,267600,Credit Card,settled
P00007619,B00006894,2025-06-29,606461,Bank Transfer,settled
P00007620,B00006895,2025-04-01,199800,Bank Transfer,settled
P00007621,B00006896,2024-07-15,194700,Credit Card,settled
P00007622,B00006897,2025-02-07,113600,Points,settled
P00007623,B00006898,2024-09-27,1916400,Credit Card,settled
P00007624,B00006898,2024-11-10,-1916400,Credit Card,refunded
P00007625,B00006899,2025-10-23,220000,Debit Card,settled
P00007626,B00006900,2024-04-07,336172,Points,settled
P00007627,B00006901,2025-10-23,78800,Credit Card,settled
P00007628,B00006902,2024-01-05,35000,Debit Card,settled
P00007629,B00006904,2024-02-15,44600,Debit Card,settled
P00007630,B00006905,2025-11-26,620800,Bank Transfer,settled
P00007631,B00006906,2024-06-04,125300,Bank Transfer,settled
P00007632,B00006907,2025-08-01,188400,Bank Transfer,settled
P00007633,B00006908,2025-01-08,433400,Credit Card,settled
P00007634,B00006909,2025-08-03,1185800,Bank Transfer,settled
P00007635,B00006910,2024-08-02,180900,Bank Transfer,settled
P00007636,B00006911,2024-11-27,100000,Bank Transfer,settled
P00007637,B00006912,2026-03-01,484900,Credit Card,settled
P00007638,B00006913,2025-12-14,72000,Credit Card,settled
P00007639,B00006914,2025-04-07,526318,Credit Card,settled
P00007640,B00006914,2025-04-16,394082,Debit Card,pending
P00007641,B00006915,2024-06-13,189000,Credit Card,settled
P00007642,B00006916,2025-11-28,88400,Credit Card,settled
P00007643,B00006917,2024-07-07,180700,Credit Card,settled
P00007644,B00006918,2024-11-12,1738100,Credit Card,settled
P00007645,B00006919,2024-07-05,194400,Bank Transfer,settled
P00007646,B00006920,2024-11-16,64000,Debit Card,settled
P00007647,B00006921,2024-09-30,215791,Credit Card,settled
P00007648,B00006922,2025-01-09,1622400,Points,settled
P00007649,B00006923,2024-11-03,30600,Debit Card,settled
P00007650,B00006924,2025-11-05,304500,Bank Transfer,settled
P00007651,B00006925,2025-02-01,66000,Points,settled
P00007652,B00006925,2025-02-04,-9457,Credit Card,refunded
P00007653,B00006926,2025-11-24,35200,Bank Transfer,settled
P00007654,B00006927,2024-03-27,13400,Bank Transfer,settled
P00007655,B00006928,2026-01-10,169461,Credit Card,settled
P00007656,B00006928,2026-01-02,69539,Bank Transfer,pending
P00007657,B00006929,2025-09-29,171600,Debit Card,settled
P00007658,B00006930,2024-08-14,201000,Credit Card,settled
P00007659,B00006931,2025-04-14,73400,Credit Card,settled
P00007660,B00006932,2024-04-10,285600,Bank Transfer,settled
P00007661,B00006933,2026-02-03,80500,Bank Transfer,settled
P00007662,B00006934,2024-04-10,314600,Debit Card,settled
P00007663,B00006935,2025-08-02,54600,Debit Card,settled
P00007664,B00006936,2025-05-01,226800,Points,settled
P00007665,B00006937,2024-04-21,163800,Debit Card,settled
P00007666,B00006938,2024-08-01,118800,Debit Card,settled
P00007667,B00006939,2025-04-09,437800,Bank Transfer,settled
P00007668,B00006939,2025-05-16,-59950,Bank Transfer,refunded
P00007669,B00006940,2024-11-05,208000,Credit Card,settled
P00007670,B00006940,2024-12-25,-208000,Points,refunded
P00007671,B00006941,2025-05-03,641200,Debit Card,settled
P00007672,B00006944,2025-12-17,302900,Points,settled
P00007673,B00006945,2025-10-29,104000,Debit Card,settled
P00007674,B00006946,2024-09-11,1104300,Bank Transfer,settled
P00007675,B00006947,2025-04-16,20000,Bank Transfer,settled
P00007676,B00006947,2025-04-16,-3689,Bank Transfer,refunded
P00007677,B00006948,2025-02-27,316000,Debit Card,settled
P00007678,B00006949,2025-01-07,119400,Debit Card,settled
P00007679,B00006950,2025-07-13,19200,Credit Card,settled
P00007680,B00006951,2026-02-10,183000,Credit Card,settled
P00007681,B00006952,2025-04-14,38600,Debit Card,settled
P00007682,B00006953,2026-03-05,18700,Points,settled
P00007683,B00006954,2025-01-29,21300,Debit Card,settled
P00007684,B00006955,2025-08-25,88200,Points,settled
P00007685,B00006956,2025-01-07,167200,Points,settled
P00007686,B00006957,2024-03-28,245700,Bank Transfer,settled
P00007687,B00006958,2024-05-03,90000,Credit Card,settled
P00007688,B00006959,2025-05-14,79200,Bank Transfer,settled
P00007689,B00006960,2024-08-07,38600,Credit Card,settled
P00007690,B00006961,2025-04-28,38200,Credit Card,settled
P00007691,B00006962,2024-07-09,120600,Bank Transfer,settled
P00007692,B00006963,2024-04-03,157600,Bank Transfer,settled
P00007693,B00006964,2025-10-26,219000,Credit Card,settled
P00007694,B00006965,2024-04-01,251900,Credit Card,settled
P00007695,B00006966,2025-05-30,160000,Points,settled
P00007696,B00006967,2024-08-04,1736000,Debit Card,settled
P00007697,B00006968,2025-07-08,206800,Debit Card,settled
P00007698,B00006969,2025-08-07,42800,Credit Card,settled
P00007699,B00006970,2024-04-11,151600,Bank Transfer,settled
P00007700,B00006971,2026-01-10,242000,Bank Transfer,settled
P00007701,B00006972,2025-11-14,1057000,Debit Card,settled
P00007702,B00006973,2026-02-16,198000,Points,settled
P00007703,B00006973,2026-03-16,-44748,Bank Transfer,refunded
P00007704,B00006974,2025-07-22,205598,Credit Card,settled
P00007705,B00006975,2024-01-02,58500,Credit Card,settled
P00007706,B00006976,2024-11-23,117600,Bank Transfer,settled
P00007707,B00006977,2026-04-15,107100,Credit Card,settled
P00007708,B00006977,2026-05-20,-14689,Debit Card,refunded
P00007709,B00006978,2025-02-12,8005,Bank Transfer,settled
P00007710,B00006978,2025-03-11,8095,Points,pending
P00007711,B00006979,2025-01-26,18500,Credit Card,settled
P00007712,B00006980,2025-09-01,175200,Debit Card,settled
P00007713,B00006982,2024-05-17,67500,Bank Transfer,settled
P00007714,B00006983,2025-02-14,226800,Bank Transfer,settled
P00007715,B00006984,2025-09-19,174200,Credit Card,settled
P00007716,B00006985,2025-01-03,146300,Credit Card,settled
P00007717,B00006986,2025-08-11,199100,Debit Card,settled
P00007718,B00006987,2024-09-09,156000,Points,settled
P00007719,B00006988,2025-07-28,37800,Credit Card,settled
P00007720,B00006989,2025-09-06,270200,Credit Card,settled
P00007721,B00006990,2025-06-22,265100,Credit Card,settled
P00007722,B00006991,2024-05-05,95158,Credit Card,settled
P00007723,B00006991,2024-05-24,24542,Bank Transfer,pending
P00007724,B00006992,2024-08-18,400000,Bank Transfer,settled
P00007725,B00006993,2025-09-23,183000,Debit Card,settled
P00007726,B00006994,2024-09-12,30052,Debit Card,settled
P00007727,B00006994,2024-09-29,36248,Points,pending
P00007728,B00006995,2024-06-10,60600,Debit Card,settled
P00007729,B00006996,2025-01-04,49038,Credit Card,settled
P00007730,B00006996,2025-01-18,60862,Debit Card,pending
P00007731,B00006997,2025-02-22,131400,Credit Card,settled
P00007732,B00006998,2025-12-14,207900,Bank Transfer,settled
P00007733,B00006999,2025-12-12,137900,Credit Card,settled
P00007734,B00007000,2025-11-03,262800,Debit Card,settled
P00007735,B00007000,2025-12-05,-262800,Credit Card,refunded
P00007736,B00007001,2025-11-10,222104,Bank Transfer,settled
P00007737,B00007001,2025-10-24,100896,Credit Card,pending
P00007738,B00007002,2024-02-27,204000,Credit Card,settled
P00007739,B00007003,2024-12-17,122400,Credit Card,settled
P00007740,B00007004,2024-05-15,329000,Points,settled
P00007741,B00007006,2025-11-29,23591,Credit Card,settled
P00007742,B00007006,2025-11-22,11809,Bank Transfer,pending
P00007743,B00007007,2025-12-02,103600,Debit Card,settled
P00007744,B00007008,2024-07-01,240800,Bank Transfer,settled
P00007745,B00007009,2024-04-05,532800,Bank Transfer,settled
P00007746,B00007010,2024-10-10,1526200,Debit Card,settled
P00007747,B00007010,2024-11-07,-1526200,Points,refunded
P00007748,B00007011,2024-04-26,170000,Points,settled
P00007749,B00007012,2024-12-14,140400,Bank Transfer,settled
P00007750,B00007013,2026-01-03,18700,Points,settled
P00007751,B00007014,2025-05-07,438900,Debit Card,settled
P00007752,B00007015,2024-04-15,178000,Points,settled
P00007753,B00007016,2026-01-25,177600,Points,settled
P00007754,B00007017,2025-11-13,207900,Debit Card,settled
P00007755,B00007017,2025-12-07,-207900,Points,refunded
P00007756,B00007018,2025-04-16,83400,Debit Card,settled
P00007757,B00007019,2025-12-13,453000,Credit Card,settled
P00007758,B00007020,2025-09-20,424800,Credit Card,settled
P00007759,B00007022,2025-06-06,425000,Debit Card,settled
P00007760,B00007023,2025-09-29,176400,Points,settled
P00007761,B00007024,2025-12-10,209200,Bank Transfer,settled
P00007762,B00007025,2025-10-31,187200,Points,settled
P00007763,B00007027,2025-06-07,36224,Debit Card,settled
P00007764,B00007027,2025-05-23,26576,Points,pending
P00007765,B00007028,2025-03-19,71809,Bank Transfer,settled
P00007766,B00007028,2025-03-10,46491,Points,pending
P00007767,B00007029,2024-02-21,39582,Bank Transfer,settled
P00007768,B00007030,2024-03-06,228800,Debit Card,settled
P00007769,B00007030,2024-04-06,-228800,Debit Card,refunded
P00007770,B00007031,2024-03-13,180900,Bank Transfer,settled
P00007771,B00007032,2025-08-09,158400,Bank Transfer,settled
P00007772,B00007033,2025-10-12,247800,Credit Card,settled
P00007773,B00007034,2025-04-02,201500,Credit Card,settled
P00007774,B00007035,2024-04-08,447600,Bank Transfer,settled
P00007775,B00007036,2024-10-26,76994,Bank Transfer,settled
P00007776,B00007037,2025-04-30,273700,Credit Card,settled
P00007777,B00007038,2024-10-07,323100,Credit Card,settled
P00007778,B00007039,2025-09-10,115200,Points,settled
P00007779,B00007040,2024-11-23,379000,Points,settled
P00007780,B00007041,2024-02-12,848900,Points,settled
P00007781,B00007042,2025-10-23,68400,Debit Card,settled
P00007782,B00007043,2024-05-12,86488,Bank Transfer,settled
P00007783,B00007044,2026-01-05,153900,Bank Transfer,settled
P00007784,B00007045,2024-12-19,43992,Credit Card,settled
P00007785,B00007045,2024-12-08,14808,Points,pending
P00007786,B00007046,2025-04-16,182000,Points,settled
P00007787,B00007047,2024-02-10,130400,Points,settled
P00007788,B00007048,2024-05-23,143645,Points,settled
P00007789,B00007048,2024-06-15,43555,Debit Card,pending
P00007790,B00007049,2025-01-14,108000,Points,settled
P00007791,B00007050,2025-05-30,32800,Bank Transfer,settled
P00007792,B00007051,2025-04-24,138600,Debit Card,settled
P00007793,B00007052,2025-01-09,228800,Credit Card,settled
P00007794,B00007053,2026-03-15,182700,Credit Card,settled
P00007795,B00007054,2024-08-26,271200,Points,settled
P00007796,B00007055,2024-09-20,110740,Points,settled
P00007797,B00007055,2024-10-11,28460,Points,pending
P00007798,B00007056,2025-05-02,33000,Debit Card,settled
P00007799,B00007056,2025-06-10,-33000,Points,refunded
P00007800,B00007057,2025-11-13,82400,Points,settled
P00007801,B00007058,2025-03-31,71000,Points,settled
P00007802,B00007059,2025-01-24,108600,Points,settled
P00007803,B00007059,2025-03-20,-108600,Credit Card,refunded
P00007804,B00007060,2025-06-26,74548,Credit Card,settled
P00007805,B00007060,2025-06-29,74652,Points,pending
P00007806,B00007061,2024-09-02,61200,Bank Transfer,settled
P00007807,B00007062,2025-11-13,782400,Bank Transfer,settled
P00007808,B00007063,2025-12-29,638400,Credit Card,settled
P00007809,B00007064,2025-10-14,85200,Debit Card,settled
P00007810,B00007065,2025-06-21,57000,Credit Card,settled
P00007811,B00007066,2025-07-30,137200,Credit Card,settled
P00007812,B00007066,2025-08-18,-37902,Credit Card,refunded
P00007813,B00007067,2024-05-18,165451,Debit Card,settled
P00007814,B00007068,2025-08-10,78200,Debit Card,settled
P00007815,B00007069,2025-11-09,833800,Credit Card,settled
P00007816,B00007070,2024-07-03,233800,Debit Card,settled
P00007817,B00007071,2026-02-09,219800,Points,settled
P00007818,B00007072,2024-08-17,128800,Bank Transfer,settled
P00007819,B00007073,2025-09-01,67500,Debit Card,settled
P00007820,B00007074,2024-10-15,296800,Credit Card,settled
P00007821,B00007074,2024-12-05,-296800,Debit Card,refunded
P00007822,B00007075,2025-11-28,190000,Debit Card,settled
P00007823,B00007075,2026-01-13,-190000,Points,refunded
P00007824,B00007076,2024-04-25,144000,Credit Card,settled
P00007825,B00007077,2024-07-21,293800,Points,settled
P00007826,B00007078,2025-11-04,279000,Points,settled
P00007827,B00007079,2026-01-29,208800,Credit Card,settled
P00007828,B00007079,2026-02-28,-47810,Credit Card,refunded
P00007829,B00007080,2024-04-06,125300,Bank Transfer,settled
P00007830,B00007081,2024-09-12,180000,Credit Card,settled
P00007831,B00007082,2025-10-19,148400,Credit Card,settled
P00007832,B00007083,2025-02-18,124800,Debit Card,settled
P00007833,B00007084,2025-05-10,139000,Credit Card,settled
P00007834,B00007085,2024-11-15,126400,Points,settled
P00007835,B00007087,2024-05-30,182700,Points,settled
P00007836,B00007088,2024-06-07,179200,Debit Card,settled
P00007837,B00007089,2025-01-01,61200,Points,settled
P00007838,B00007090,2025-09-14,1564800,Credit Card,settled
P00007839,B00007092,2025-11-19,192400,Points,settled
P00007840,B00007093,2024-10-23,90000,Bank Transfer,settled
P00007841,B00007094,2025-03-16,158400,Bank Transfer,settled
P00007842,B00007095,2025-04-25,175000,Bank Transfer,settled
P00007843,B00007096,2025-01-11,331091,Bank Transfer,settled
P00007844,B00007097,2024-09-19,192679,Points,settled
P00007845,B00007097,2024-09-18,199321,Debit Card,pending
P00007846,B00007098,2024-02-15,117200,Bank Transfer,settled
P00007847,B00007099,2025-05-06,344875,Bank Transfer,settled
P00007848,B00007100,2024-05-23,114000,Bank Transfer,settled
P00007849,B00007101,2025-12-22,157600,Credit Card,settled
P00007850,B00007102,2024-08-11,22200,Debit Card,settled
P00007851,B00007103,2024-09-19,156800,Credit Card,settled
P00007852,B00007104,2024-08-23,1071541,Credit Card,settled
P00007853,B00007105,2024-09-19,99600,Points,settled
P00007854,B00007106,2025-08-05,263200,Debit Card,settled
P00007855,B00007107,2024-04-16,45400,Debit Card,settled
P00007856,B00007108,2026-03-17,190300,Bank Transfer,settled
P00007857,B00007108,2026-05-03,-190300,Points,refunded
P00007858,B00007109,2025-06-23,70800,Credit Card,settled
P00007859,B00007110,2025-04-01,145200,Points,settled
P00007860,B00007111,2025-05-11,136500,Points,settled
P00007861,B00007112,2025-06-13,182600,Debit Card,settled
P00007862,B00007113,2025-03-18,60600,Points,settled
P00007863,B00007114,2025-01-21,107800,Credit Card,settled
P00007864,B00007115,2025-05-26,75600,Credit Card,settled
P00007865,B00007116,2025-09-28,181600,Bank Transfer,settled
P00007866,B00007117,2024-03-24,165600,Credit Card,settled
P00007867,B00007117,2024-04-21,-165600,Debit Card,refunded
P00007868,B00007118,2025-01-25,330851,Bank Transfer,settled
P00007869,B00007118,2025-02-12,169949,Points,pending
P00007870,B00007119,2025-08-01,103200,Credit Card,settled
P00007871,B00007120,2024-10-05,43600,Credit Card,settled
P00007872,B00007121,2024-07-13,25933,Bank Transfer,settled
P00007873,B00007121,2024-06-28,28967,Credit Card,pending
P00007874,B00007122,2025-03-10,99500,Bank Transfer,settled
P00007875,B00007123,2025-01-13,42400,Points,settled
P00007876,B00007124,2026-01-21,229900,Points,settled
P00007877,B00007124,2026-01-31,-54492,Bank Transfer,refunded
P00007878,B00007125,2025-05-29,203000,Bank Transfer,settled
P00007879,B00007126,2024-10-29,319878,Debit Card,settled
P00007880,B00007127,2024-04-27,204600,Bank Transfer,settled
P00007881,B00007128,2024-05-31,436100,Credit Card,settled
P00007882,B00007129,2024-07-29,137700,Debit Card,settled
P00007883,B00007130,2025-01-23,301400,Bank Transfer,settled
P00007884,B00007131,2024-04-02,81000,Bank Transfer,settled
P00007885,B00007132,2025-10-08,106800,Debit Card,settled
P00007886,B00007133,2025-07-27,129770,Credit Card,settled
P00007887,B00007134,2025-02-09,512800,Credit Card,settled
P00007888,B00007135,2024-04-12,226200,Credit Card,settled
P00007889,B00007136,2025-05-23,392400,Credit Card,settled
P00007890,B00007137,2024-09-04,120249,Bank Transfer,settled
P00007891,B00007137,2024-09-04,53451,Credit Card,pending
P00007892,B00007138,2024-09-21,373500,Credit Card,settled
P00007893,B00007139,2024-11-01,197400,Bank Transfer,settled
P00007894,B00007140,2025-04-27,980200,Credit Card,settled
P00007895,B00007141,2024-11-22,68400,Credit Card,settled
P00007896,B00007142,2024-04-26,139200,Debit Card,settled
P00007897,B00007143,2025-12-14,119400,Bank Transfer,settled
P00007898,B00007145,2025-02-03,38200,Credit Card,settled
P00007899,B00007146,2025-01-23,164000,Bank Transfer,settled
P00007900,B00007147,2025-11-23,40700,Bank Transfer,settled
P00007901,B00007148,2024-03-04,215000,Credit Card,settled
P00007902,B00007149,2024-06-10,146700,Points,settled
P00007903,B00007150,2025-01-18,101500,Debit Card,settled
P00007904,B00007151,2025-01-23,174000,Points,settled
P00007905,B00007152,2025-04-18,137700,Credit Card,settled
P00007906,B00007153,2024-04-09,342100,Debit Card,settled
P00007907,B00007154,2024-11-21,33000,Points,settled
P00007908,B00007155,2025-09-15,144400,Bank Transfer,settled
P00007909,B00007156,2026-01-05,508200,Points,settled
P00007910,B00007157,2025-10-20,187200,Bank Transfer,settled
P00007911,B00007158,2024-05-03,264600,Bank Transfer,settled
P00007912,B00007159,2025-08-12,153600,Debit Card,settled
P00007913,B00007160,2025-06-04,236600,Credit Card,settled
P00007914,B00007161,2025-01-04,170100,Points,settled
P00007915,B00007162,2025-07-22,165100,Points,settled
P00007916,B00007163,2024-07-20,220800,Credit Card,settled
P00007917,B00007164,2025-11-05,188100,Credit Card,settled
P00007918,B00007165,2025-07-02,300800,Debit Card,settled
P00007919,B00007166,2024-11-13,80000,Debit Card,settled
P00007920,B00007167,2024-07-07,20458,Debit Card,settled
P00007921,B00007167,2024-08-02,22442,Bank Transfer,pending
P00007922,B00007168,2024-05-04,759000,Debit Card,settled
P00007923,B00007169,2024-07-20,52611,Debit Card,settled
P00007924,B00007169,2024-07-14,17889,Credit Card,pending
P00007925,B00007170,2025-12-29,132800,Points,settled
P00007926,B00007171,2025-12-24,237600,Credit Card,settled
P00007927,B00007172,2024-09-27,127000,Debit Card,settled
P00007928,B00007172,2024-10-24,-127000,Debit Card,refunded
P00007929,B00007173,2024-07-15,130956,Bank Transfer,settled
P00007930,B00007173,2024-07-18,64644,Points,pending
P00007931,B00007174,2024-04-14,39000,Bank Transfer,settled
P00007932,B00007175,2025-02-24,201600,Points,settled
P00007933,B00007176,2024-03-07,1039200,Points,settled
P00007934,B00007177,2025-03-27,107400,Bank Transfer,settled
P00007935,B00007177,2025-05-09,-21915,Bank Transfer,refunded
P00007936,B00007178,2025-02-25,1418300,Credit Card,settled
P00007937,B00007179,2025-08-17,273000,Credit Card,settled
P00007938,B00007180,2025-10-15,168300,Points,settled
P00007939,B00007181,2025-02-06,920400,Bank Transfer,settled
P00007940,B00007182,2026-01-05,995400,Points,settled
P00007941,B00007183,2024-08-27,591000,Bank Transfer,settled
P00007942,B00007184,2024-07-13,249600,Credit Card,settled
P00007943,B00007185,2025-01-01,113000,Credit Card,settled
P00007944,B00007186,2025-12-23,85400,Credit Card,settled
P00007945,B00007186,2026-01-01,-85400,Bank Transfer,refunded
P00007946,B00007187,2026-02-25,259000,Bank Transfer,settled
P00007947,B00007188,2024-07-25,167300,Credit Card,settled
P00007948,B00007190,2025-06-01,63600,Credit Card,settled
P00007949,B00007191,2025-08-01,257600,Credit Card,settled
P00007950,B00007192,2025-03-07,146300,Credit Card,settled
P00007951,B00007193,2025-07-21,168000,Bank Transfer,settled
P00007952,B00007194,2025-10-14,63600,Points,settled
P00007953,B00007195,2024-03-21,140000,Credit Card,settled
P00007954,B00007196,2024-07-17,66400,Credit Card,settled
P00007955,B00007197,2025-07-13,105000,Bank Transfer,settled
P00007956,B00007198,2024-09-19,142800,Bank Transfer,settled
P00007957,B00007199,2024-09-05,166800,Debit Card,settled
P00007958,B00007200,2025-10-16,79535,Points,settled
P00007959,B00007201,2024-12-20,126600,Debit Card,settled
P00007960,B00007202,2025-05-27,224400,Bank Transfer,settled
P00007961,B00007203,2024-03-24,20700,Points,settled
P00007962,B00007204,2026-02-07,36800,Points,settled
P00007963,B00007205,2024-04-14,183300,Points,settled
P00007964,B00007206,2024-06-15,254800,Bank Transfer,settled
P00007965,B00007207,2024-04-20,864600,Bank Transfer,settled
P00007966,B00007208,2025-04-16,81500,Bank Transfer,settled
P00007967,B00007209,2024-06-04,241200,Bank Transfer,settled
P00007968,B00007210,2025-04-25,34800,Credit Card,settled
P00007969,B00007211,2025-06-05,193700,Points,settled
P00007970,B00007212,2025-06-04,180600,Debit Card,settled
P00007971,B00007213,2025-02-15,57900,Points,settled
P00007972,B00007214,2025-06-15,96600,Bank Transfer,settled
P00007973,B00007215,2024-09-30,359100,Points,settled
P00007974,B00007216,2025-03-23,200000,Bank Transfer,settled
P00007975,B00007217,2025-12-07,77200,Bank Transfer,settled
P00007976,B00007218,2024-11-21,213200,Credit Card,settled
P00007977,B00007219,2025-05-04,268800,Credit Card,settled
P00007978,B00007220,2024-04-01,70000,Debit Card,settled
P00007979,B00007221,2024-05-03,220000,Points,settled
P00007980,B00007221,2024-06-15,-220000,Points,refunded
P00007981,B00007222,2025-08-04,232400,Debit Card,settled
P00007982,B00007223,2024-12-13,80000,Credit Card,settled
P00007983,B00007224,2025-02-22,250800,Debit Card,settled
P00007984,B00007225,2025-02-11,283400,Debit Card,settled
P00007985,B00007226,2025-10-19,77000,Points,settled
P00007986,B00007227,2024-12-17,72000,Points,settled
P00007987,B00007228,2025-04-01,44200,Debit Card,settled
P00007988,B00007229,2025-04-18,183063,Debit Card,settled
P00007989,B00007230,2024-07-16,35800,Points,settled
P00007990,B00007230,2024-09-01,-35800,Points,refunded
P00007991,B00007231,2024-04-11,13100,Points,settled
P00007992,B00007232,2024-07-06,18931,Credit Card,settled
P00007993,B00007233,2025-01-20,101342,Points,settled
P00007994,B00007234,2025-03-14,41100,Points,settled
P00007995,B00007235,2024-08-13,1089200,Credit Card,settled
P00007996,B00007236,2025-09-12,222600,Bank Transfer,settled
P00007997,B00007237,2025-05-21,231600,Credit Card,settled
P00007998,B00007238,2024-09-13,119400,Points,settled
P00007999,B00007239,2024-06-03,91800,Bank Transfer,settled
P00008000,B00007240,2024-07-12,121200,Debit Card,settled
P00008001,B00007241,2025-03-29,210000,Debit Card,settled
P00008002,B00007242,2025-07-19,51200,Debit Card,settled
P00008003,B00007243,2025-11-03,32636,Credit Card,settled
P00008004,B00007243,2025-11-03,42564,Credit Card,pending
P00008005,B00007244,2025-10-29,591500,Bank Transfer,settled
P00008006,B00007245,2024-03-21,525600,Points,settled
P00008007,B00007246,2025-09-15,33200,Debit Card,settled
P00008008,B00007247,2025-10-13,86000,Debit Card,settled
P00008009,B00007248,2024-02-15,405900,Debit Card,settled
P00008010,B00007249,2025-01-17,311725,Points,settled
P00008011,B00007249,2024-12-29,191075,Credit Card,pending
P00008012,B00007250,2025-09-09,308700,Bank Transfer,settled
P00008013,B00007250,2025-10-21,-63048,Credit Card,refunded
P00008014,B00007251,2024-02-02,62000,Points,settled
P00008015,B00007252,2025-05-27,44400,Debit Card,settled
P00008016,B00007252,2025-06-18,-44400,Debit Card,refunded
P00008017,B00007253,2025-11-17,177100,Debit Card,settled
P00008018,B00007254,2025-04-22,270000,Debit Card,settled
P00008019,B00007255,2024-08-11,102000,Debit Card,settled
P00008020,B00007256,2025-10-08,187200,Points,settled
P00008021,B00007256,2025-10-17,-37760,Bank Transfer,refunded
P00008022,B00007257,2026-01-08,82800,Bank Transfer,settled
P00008023,B00007258,2025-05-02,392000,Debit Card,settled
P00008024,B00007259,2024-11-17,116200,Debit Card,settled
P00008025,B00007259,2025-01-03,-22756,Points,refunded
P00008026,B00007260,2025-11-09,244400,Bank Transfer,settled
P00008027,B00007261,2025-05-25,34782,Debit Card,settled
P00008028,B00007261,2025-06-08,13818,Credit Card,pending
P00008029,B00007262,2024-03-21,53600,Debit Card,settled
P00008030,B00007263,2025-08-06,337400,Bank Transfer,settled
P00008031,B00007264,2025-12-08,493900,Credit Card,settled
P00008032,B00007265,2025-03-14,168300,Bank Transfer,settled
P00008033,B00007266,2025-10-17,183600,Bank Transfer,settled
P00008034,B00007267,2025-10-14,148800,Credit Card,settled
P00008035,B00007268,2025-11-16,217653,Credit Card,settled
P00008036,B00007269,2024-03-21,127400,Credit Card,settled
P00008037,B00007270,2025-09-03,383500,Debit Card,settled
P00008038,B00007271,2025-03-23,184800,Credit Card,settled
P00008039,B00007272,2024-11-21,185000,Bank Transfer,settled
P00008040,B00007273,2025-11-06,104800,Debit Card,settled
P00008041,B00007274,2025-08-12,724500,Debit Card,settled
P00008042,B00007275,2025-04-01,142994,Points,settled
P00008043,B00007276,2024-11-13,309170,Credit Card,settled
P00008044,B00007276,2024-11-27,130630,Debit Card,pending
P00008045,B00007277,2025-09-07,142800,Points,settled
P00008046,B00007278,2025-01-09,18000,Credit Card,settled
P00008047,B00007279,2025-03-30,104500,Points,settled
P00008048,B00007280,2025-12-13,21200,Points,settled
P00008049,B00007281,2025-03-11,17994,Debit Card,settled
P00008050,B00007281,2025-02-14,19806,Credit Card,pending
P00008051,B00007282,2025-12-16,188500,Points,settled
P00008052,B00007283,2025-07-11,74000,Credit Card,settled
P00008053,B00007284,2024-10-31,41775,Debit Card,settled
P00008054,B00007284,2024-10-09,16125,Debit Card,pending
P00008055,B00007285,2025-08-08,233800,Debit Card,settled
P00008056,B00007286,2025-11-24,174000,Credit Card,settled
P00008057,B00007288,2024-08-02,224400,Credit Card,settled
P00008058,B00007289,2024-11-28,236400,Credit Card,settled
P00008059,B00007289,2024-12-11,-236400,Credit Card,refunded
P00008060,B00007290,2025-02-09,56442,Credit Card,settled
P00008061,B00007291,2024-10-21,18500,Points,settled
P00008062,B00007291,2024-11-06,-18500,Points,refunded
P00008063,B00007292,2025-09-14,86400,Debit Card,settled
P00008064,B00007293,2025-02-05,37400,Points,settled
P00008065,B00007294,2025-08-25,16000,Bank Transfer,settled
P00008066,B00007295,2025-07-28,97800,Credit Card,settled
P00008067,B00007296,2024-11-22,20000,Credit Card,settled
P00008068,B00007297,2024-10-03,284661,Bank Transfer,settled
P00008069,B00007297,2024-09-26,257439,Debit Card,pending
P00008070,B00007298,2024-11-30,98000,Credit Card,settled
P00008071,B00007299,2024-06-26,632700,Credit Card,settled
P00008072,B00007300,2024-02-06,110580,Bank Transfer,settled
P00008073,B00007300,2024-02-16,113820,Debit Card,pending
P00008074,B00007301,2024-05-31,215000,Bank Transfer,settled
P00008075,B00007302,2026-01-09,454800,Bank Transfer,settled
P00008076,B00007302,2026-02-01,-454800,Points,refunded
P00008077,B00007303,2026-01-12,106000,Credit Card,settled
P00008078,B00007304,2025-03-26,278600,Credit Card,settled
P00008079,B00007305,2025-04-19,137400,Bank Transfer,settled
P00008080,B00007306,2025-09-26,1899800,Bank Transfer,settled
P00008081,B00007307,2025-01-30,99400,Bank Transfer,settled
P00008082,B00007308,2025-05-17,151000,Points,settled
P00008083,B00007309,2025-02-05,285531,Credit Card,settled
P00008084,B00007310,2025-05-06,111300,Credit Card,settled
P00008085,B00007310,2025-06-18,-15571,Debit Card,refunded
P00008086,B00007311,2025-03-12,194600,Points,settled
P00008087,B00007312,2025-04-01,136039,Credit Card,settled
P00008088,B00007312,2025-04-10,86861,Bank Transfer,pending
P00008089,B00007313,2024-10-13,146700,Bank Transfer,settled
P00008090,B00007314,2025-04-14,130800,Credit Card,settled
P00008091,B00007315,2023-12-27,223710,Bank Transfer,settled
P00008092,B00007316,2025-03-22,174900,Bank Transfer,settled
P00008093,B00007317,2026-02-19,14100,Debit Card,settled
P00008094,B00007318,2025-03-22,72600,Debit Card,settled
P00008095,B00007319,2024-10-30,868800,Points,settled
P00008096,B00007320,2024-04-18,356400,Bank Transfer,settled
P00008097,B00007321,2024-08-13,223800,Points,settled
P00008098,B00007322,2024-09-02,53400,Bank Transfer,settled
P00008099,B00007323,2026-01-15,183200,Points,settled
P00008100,B00007324,2025-03-13,176700,Credit Card,settled
P00008101,B00007325,2024-02-29,97763,Bank Transfer,settled
P00008102,B00007325,2024-03-08,129237,Debit Card,pending
P00008103,B00007326,2024-08-18,143200,Debit Card,settled
P00008104,B00007327,2024-09-08,172800,Credit Card,settled
P00008105,B00007328,2025-01-09,176000,Debit Card,settled
P00008106,B00007328,2025-03-08,-176000,Credit Card,refunded
P00008107,B00007329,2024-04-21,190400,Points,settled
P00008108,B00007330,2025-07-18,171000,Bank Transfer,settled
P00008109,B00007331,2025-03-11,161000,Points,settled
P00008110,B00007332,2025-05-14,284400,Debit Card,settled
P00008111,B00007333,2024-04-13,334000,Bank Transfer,settled
P00008112,B00007334,2025-07-01,64700,Bank Transfer,settled
P00008113,B00007335,2024-11-28,34100,Credit Card,settled
P00008114,B00007336,2024-08-01,140700,Credit Card,settled
P00008115,B00007337,2024-02-12,223500,Points,settled
P00008116,B00007338,2024-03-30,238000,Points,settled
P00008117,B00007338,2024-04-25,-238000,Points,refunded
P00008118,B00007339,2024-11-23,250400,Credit Card,settled
P00008119,B00007340,2025-02-02,81800,Credit Card,settled
P00008120,B00007341,2024-09-19,386400,Points,settled
P00008121,B00007342,2025-04-12,99000,Points,settled
P00008122,B00007343,2025-03-17,73500,Debit Card,settled
P00008123,B00007344,2025-05-28,129500,Points,settled
P00008124,B00007345,2024-11-07,424000,Credit Card,settled
P00008125,B00007345,2024-11-18,-424000,Credit Card,refunded
P00008126,B00007346,2025-01-02,116900,Credit Card,settled
P00008127,B00007347,2025-12-12,84694,Bank Transfer,settled
P00008128,B00007348,2024-08-30,198900,Points,settled
P00008129,B00007349,2025-10-19,118005,Points,settled
P00008130,B00007349,2025-10-07,165195,Credit Card,pending
P00008131,B00007350,2024-12-04,848900,Credit Card,settled
P00008132,B00007351,2024-09-29,587600,Points,settled
P00008133,B00007352,2024-08-27,279200,Points,settled
P00008134,B00007353,2025-11-21,55200,Credit Card,settled
P00008135,B00007353,2025-12-31,-6630,Points,refunded
P00008136,B00007354,2025-03-03,69300,Bank Transfer,settled
P00008137,B00007355,2024-12-09,107800,Points,settled
P00008138,B00007356,2025-05-19,187200,Bank Transfer,settled
P00008139,B00007357,2024-11-21,37200,Bank Transfer,settled
P00008140,B00007358,2025-06-24,353000,Credit Card,settled
P00008141,B00007359,2025-05-22,134400,Debit Card,settled
P00008142,B00007360,2024-09-29,80200,Points,settled
P00008143,B00007361,2025-12-19,174800,Points,settled
P00008144,B00007362,2025-10-09,222600,Bank Transfer,settled
P00008145,B00007363,2024-10-09,57795,Debit Card,settled
P00008146,B00007364,2024-10-11,151311,Bank Transfer,settled
P00008147,B00007364,2024-10-06,168689,Points,pending
P00008148,B00007365,2025-08-06,140400,Credit Card,settled
P00008149,B00007367,2025-01-14,290400,Debit Card,settled
P00008150,B00007368,2024-05-23,235000,Bank Transfer,settled
P00008151,B00007369,2024-05-21,143400,Points,settled
P00008152,B00007370,2025-09-08,31000,Bank Transfer,settled
P00008153,B00007371,2024-07-26,702600,Points,settled
P00008154,B00007372,2024-12-04,455400,Credit Card,settled
P00008155,B00007373,2025-03-23,128800,Credit Card,settled
P00008156,B00007374,2025-04-07,44100,Credit Card,settled
P00008157,B00007375,2025-11-26,119775,Points,settled
P00008158,B00007375,2025-12-12,41225,Bank Transfer,pending
P00008159,B00007376,2024-11-02,68000,Bank Transfer,settled
P00008160,B00007377,2025-10-20,432000,Credit Card,settled
P00008161,B00007378,2024-02-25,282800,Bank Transfer,settled
P00008162,B00007379,2024-11-25,60416,Debit Card,settled
P00008163,B00007380,2024-12-12,260000,Points,settled
P00008164,B00007381,2025-04-29,80500,Points,settled
P00008165,B00007382,2024-08-17,22200,Credit Card,settled
P00008166,B00007384,2024-12-02,29200,Bank Transfer,settled
P00008167,B00007385,2024-09-21,159600,Bank Transfer,settled
P00008168,B00007385,2024-10-20,-159600,Points,refunded
P00008169,B00007386,2024-12-09,168300,Credit Card,settled
P00008170,B00007387,2024-04-12,284200,Bank Transfer,settled
P00008171,B00007388,2025-07-14,338000,Debit Card,settled
P00008172,B00007389,2024-01-31,244200,Bank Transfer,settled
P00008173,B00007390,2025-01-24,190800,Points,settled
P00008174,B00007391,2025-10-17,467054,Credit Card,settled
P00008175,B00007392,2025-03-03,85304,Credit Card,settled
P00008176,B00007392,2025-03-08,39796,Credit Card,pending
P00008177,B00007393,2024-06-21,90000,Credit Card,settled
P00008178,B00007394,2024-07-01,19914,Bank Transfer,settled
P00008179,B00007395,2026-01-31,209400,Points,settled
P00008180,B00007396,2025-08-26,128000,Debit Card,settled
P00008181,B00007397,2025-01-05,208500,Debit Card,settled
P00008182,B00007398,2025-05-15,105200,Points,settled
P00008183,B00007399,2024-11-20,1530000,Debit Card,settled
P00008184,B00007400,2024-10-24,563200,Debit Card,settled
P00008185,B00007401,2025-05-21,141000,Points,settled
P00008186,B00007402,2025-01-14,221100,Bank Transfer,settled
P00008187,B00007403,2025-02-21,236400,Debit Card,settled
P00008188,B00007404,2025-08-13,92000,Bank Transfer,settled
P00008189,B00007405,2024-08-04,271700,Bank Transfer,settled
P00008190,B00007406,2024-07-07,296400,Debit Card,settled
P00008191,B00007407,2025-11-19,13100,Points,settled
P00008192,B00007408,2025-12-26,43600,Debit Card,settled
P00008193,B00007409,2024-09-23,81500,Bank Transfer,settled
P00008194,B00007410,2025-01-29,18000,Points,settled
P00008195,B00007410,2025-03-09,-18000,Credit Card,refunded
P00008196,B00007411,2026-03-09,210000,Debit Card,settled
P00008197,B00007412,2024-04-12,16500,Bank Transfer,settled
P00008198,B00007413,2024-09-08,80930,Debit Card,settled
P00008199,B00007413,2024-09-11,89070,Bank Transfer,pending
P00008200,B00007414,2025-08-21,66000,Points,settled
P00008201,B00007415,2025-05-03,20800,Points,settled
P00008202,B00007416,2025-07-30,257600,Debit Card,settled
P00008203,B00007417,2024-11-10,198900,Bank Transfer,settled
P00008204,B00007418,2024-03-12,74200,Points,settled
P00008205,B00007419,2026-02-11,172749,Bank Transfer,settled
P00008206,B00007419,2026-02-26,118851,Debit Card,pending
P00008207,B00007420,2025-05-24,119000,Points,settled
P00008208,B00007421,2025-07-19,162400,Debit Card,settled
P00008209,B00007422,2024-11-29,144900,Debit Card,settled
P00008210,B00007423,2025-01-08,236400,Points,settled
P00008211,B00007424,2025-02-09,79420,Bank Transfer,settled
P00008212,B00007424,2025-01-25,45180,Debit Card,pending
P00008213,B00007425,2025-09-11,214600,Points,settled
P00008214,B00007425,2025-09-27,-214600,Bank Transfer,refunded
P00008215,B00007426,2025-04-06,24200,Bank Transfer,settled
P00008216,B00007427,2024-07-18,96600,Debit Card,settled
P00008217,B00007428,2025-09-28,63200,Points,settled
P00008218,B00007429,2025-12-25,274400,Points,settled
P00008219,B00007430,2025-04-20,90200,Debit Card,settled
P00008220,B00007430,2025-06-04,-19957,Points,refunded
P00008221,B00007431,2024-12-04,60800,Bank Transfer,settled
P00008222,B00007432,2025-08-02,49500,Credit Card,settled
P00008223,B00007433,2024-06-06,20600,Bank Transfer,settled
P00008224,B00007434,2024-05-19,307200,Credit Card,settled
P00008225,B00007435,2025-08-03,155000,Points,settled
P00008226,B00007436,2025-07-20,16600,Points,settled
P00008227,B00007437,2025-10-21,175000,Bank Transfer,settled
P00008228,B00007438,2024-08-03,165600,Debit Card,settled
P00008229,B00007439,2025-11-29,108000,Points,settled
P00008230,B00007441,2024-09-07,78400,Credit Card,settled
P00008231,B00007442,2025-04-21,228600,Credit Card,settled
P00008232,B00007442,2025-05-28,-228600,Credit Card,refunded
P00008233,B00007443,2025-02-16,127357,Bank Transfer,settled
P00008234,B00007443,2025-01-24,35843,Credit Card,pending
P00008235,B00007444,2025-01-31,691200,Debit Card,settled
P00008236,B00007444,2025-03-15,-691200,Credit Card,refunded
P00008237,B00007445,2025-09-02,256200,Debit Card,settled
P00008238,B00007446,2024-09-14,274400,Bank Transfer,settled
P00008239,B00007446,2024-11-03,-274400,Credit Card,refunded
P00008240,B00007447,2025-05-02,100760,Points,settled
P00008241,B00007448,2024-07-11,17500,Points,settled
P00008242,B00007449,2025-11-10,32000,Points,settled
P00008243,B00007450,2025-03-14,78600,Bank Transfer,settled
P00008244,B00007452,2025-12-21,137200,Credit Card,settled
P00008245,B00007453,2025-05-21,136800,Points,settled
P00008246,B00007454,2026-01-07,52000,Bank Transfer,settled
P00008247,B00007455,2025-11-09,235600,Debit Card,settled
P00008248,B00007456,2025-07-31,62400,Points,settled
P00008249,B00007457,2025-03-31,724000,Debit Card,settled
P00008250,B00007458,2025-08-14,449600,Debit Card,settled
P00008251,B00007459,2026-01-08,17800,Bank Transfer,settled
P00008252,B00007460,2024-11-05,258300,Credit Card,settled
P00008253,B00007461,2024-05-22,71100,Points,settled
P00008254,B00007462,2024-09-20,270000,Credit Card,settled
P00008255,B00007463,2025-05-22,107400,Points,settled
P00008256,B00007464,2025-01-07,114100,Bank Transfer,settled
P00008257,B00007465,2025-09-29,254400,Bank Transfer,settled
P00008258,B00007466,2025-08-15,74000,Bank Transfer,settled
P00008259,B00007467,2026-01-11,26200,Credit Card,settled
P00008260,B00007468,2024-11-18,108800,Credit Card,settled
P00008261,B00007469,2025-09-27,35200,Debit Card,settled
P00008262,B00007470,2025-09-29,16700,Debit Card,settled
P00008263,B00007471,2024-11-13,485100,Points,settled
P00008264,B00007472,2024-12-13,214500,Debit Card,settled
P00008265,B00007473,2025-10-11,119400,Bank Transfer,settled
P00008266,B00007474,2024-12-03,211800,Bank Transfer,settled
P00008267,B00007475,2025-11-22,140000,Debit Card,settled
P00008268,B00007477,2024-08-10,76800,Bank Transfer,settled
P00008269,B00007478,2024-03-18,1253600,Debit Card,settled
P00008270,B00007479,2024-07-14,161000,Debit Card,settled
P00008271,B00007480,2024-04-15,604500,Bank Transfer,settled
P00008272,B00007481,2025-10-14,140700,Debit Card,settled
P00008273,B00007482,2025-08-04,402600,Bank Transfer,settled
P00008274,B00007483,2024-09-05,55800,Credit Card,settled
P00008275,B00007484,2024-11-05,42876,Points,settled
P00008276,B00007484,2024-11-09,44624,Bank Transfer,pending
P00008277,B00007485,2024-01-28,19300,Debit Card,settled
P00008278,B00007486,2025-01-09,98499,Bank Transfer,settled
P00008279,B00007486,2025-01-09,82701,Bank Transfer,pending
P00008280,B00007487,2024-09-11,151000,Credit Card,settled
P00008281,B00007487,2024-10-06,-28743,Debit Card,refunded
P00008282,B00007488,2025-09-01,208463,Credit Card,settled
P00008283,B00007488,2025-09-08,161737,Points,pending
P00008284,B00007489,2025-10-31,198000,Debit Card,settled
P00008285,B00007490,2024-02-21,172700,Points,settled
P00008286,B00007490,2024-04-02,-172700,Points,refunded
P00008287,B00007491,2025-11-04,172700,Credit Card,settled
P00008288,B00007492,2025-12-13,271700,Debit Card,settled
P00008289,B00007493,2025-01-27,657800,Debit Card,settled
P00008290,B00007494,2024-08-08,201600,Credit Card,settled
P00008291,B00007495,2024-10-27,78500,Points,settled
P00008292,B00007496,2024-10-15,824400,Credit Card,settled
P00008293,B00007497,2025-04-19,189505,Points,settled
P00008294,B00007497,2025-05-04,87695,Points,pending
P00008295,B00007498,2025-11-12,1238400,Points,settled
P00008296,B00007499,2025-01-23,44500,Credit Card,settled
P00008297,B00007500,2025-12-17,152000,Credit Card,settled
P00008298,B00007501,2024-07-19,432000,Points,settled
P00008299,B00007503,2024-10-26,56400,Points,settled
P00008300,B00007504,2025-06-28,159500,Points,settled
P00008301,B00007505,2025-09-25,106800,Bank Transfer,settled
P00008302,B00007506,2025-05-16,240800,Debit Card,settled
P00008303,B00007507,2025-08-16,299667,Points,settled
P00008304,B00007508,2024-12-25,225600,Debit Card,settled
P00008305,B00007509,2024-09-16,44800,Bank Transfer,settled
P00008306,B00007510,2024-12-27,127800,Credit Card,settled
P00008307,B00007511,2026-01-02,169600,Bank Transfer,settled
P00008308,B00007512,2024-10-18,299600,Bank Transfer,settled
P00008309,B00007513,2024-08-20,687000,Debit Card,settled
P00008310,B00007514,2024-09-16,199144,Debit Card,settled
P00008311,B00007515,2025-07-15,468000,Credit Card,settled
P00008312,B00007516,2025-08-05,384300,Points,settled
P00008313,B00007517,2026-04-06,183000,Credit Card,settled
P00008314,B00007517,2026-05-02,-183000,Credit Card,refunded
P00008315,B00007518,2024-06-27,388377,Points,settled
P00008316,B00007518,2024-07-02,98823,Debit Card,pending
P00008317,B00007519,2024-05-16,84500,Bank Transfer,settled
P00008318,B00007519,2024-06-04,-84500,Debit Card,refunded
P00008319,B00007520,2026-03-19,67600,Points,settled
P00008320,B00007521,2025-05-18,144000,Points,settled
P00008321,B00007522,2025-02-13,177600,Bank Transfer,settled
P00008322,B00007523,2024-07-19,43400,Credit Card,settled
P00008323,B00007524,2025-02-12,19500,Points,settled
P00008324,B00007525,2025-09-01,1444300,Credit Card,settled
P00008325,B00007526,2025-01-27,49149,Debit Card,settled
P00008326,B00007526,2025-01-29,20751,Bank Transfer,pending
P00008327,B00007527,2025-09-06,101700,Points,settled
P00008328,B00007528,2024-03-04,232100,Debit Card,settled
P00008329,B00007529,2025-06-22,141400,Credit Card,settled
P00008330,B00007530,2025-01-23,527800,Credit Card,settled
P00008331,B00007531,2025-09-26,371700,Bank Transfer,settled
P00008332,B00007532,2024-11-01,232000,Points,settled
P00008333,B00007533,2025-06-07,486400,Debit Card,settled
P00008334,B00007534,2024-01-15,456000,Bank Transfer,settled
P00008335,B00007535,2026-03-11,41400,Credit Card,settled
P00008336,B00007536,2025-04-05,215600,Debit Card,settled
P00008337,B00007536,2025-05-08,-45050,Debit Card,refunded
P00008338,B00007537,2024-07-07,16100,Points,settled
P00008339,B00007538,2025-12-15,137200,Points,settled
P00008340,B00007539,2024-12-18,175200,Credit Card,settled
P00008341,B00007540,2025-09-29,121500,Credit Card,settled
P00008342,B00007541,2025-08-24,907200,Bank Transfer,settled
P00008343,B00007542,2025-01-02,171600,Debit Card,settled
P00008344,B00007543,2025-08-29,156000,Bank Transfer,settled
P00008345,B00007544,2025-04-06,83000,Credit Card,settled
P00008346,B00007545,2024-06-08,23800,Points,settled
P00008347,B00007546,2024-02-24,197000,Credit Card,settled
P00008348,B00007548,2024-12-06,405000,Debit Card,settled
P00008349,B00007549,2024-05-07,193600,Credit Card,settled
P00008350,B00007550,2024-08-12,12800,Bank Transfer,settled
P00008351,B00007551,2025-06-13,480000,Points,settled
P00008352,B00007552,2025-08-30,95200,Debit Card,settled
P00008353,B00007552,2025-09-29,-22824,Credit Card,refunded
P00008354,B00007553,2025-11-14,45400,Debit Card,settled
P00008355,B00007554,2025-07-07,122400,Debit Card,settled
P00008356,B00007554,2025-08-13,-122400,Credit Card,refunded
P00008357,B00007555,2025-05-07,221100,Points,settled
P00008358,B00007556,2025-09-03,562500,Credit Card,settled
P00008359,B00007556,2025-09-15,-146225,Debit Card,refunded
P00008360,B00007557,2024-08-15,192000,Credit Card,settled
P00008361,B00007558,2025-11-15,270200,Credit Card,settled
P00008362,B00007559,2026-03-30,100200,Bank Transfer,settled
P00008363,B00007559,2026-04-06,-28472,Credit Card,refunded
P00008364,B00007560,2025-01-11,204600,Bank Transfer,settled
P00008365,B00007561,2026-02-01,179400,Bank Transfer,settled
P00008366,B00007562,2025-02-28,59100,Points,settled
P00008367,B00007563,2024-03-28,90300,Bank Transfer,settled
P00008368,B00007564,2024-10-11,103200,Bank Transfer,settled
P00008369,B00007565,2025-11-19,313300,Debit Card,settled
P00008370,B00007566,2025-11-29,201600,Credit Card,settled
P00008371,B00007566,2025-12-25,-26679,Points,refunded
P00008372,B00007567,2025-09-20,146400,Points,settled
P00008373,B00007568,2025-04-26,233580,Credit Card,settled
P00008374,B00007569,2025-05-16,168300,Debit Card,settled
P00008375,B00007570,2024-08-27,137600,Credit Card,settled
P00008376,B00007571,2024-05-16,173000,Bank Transfer,settled
P00008377,B00007572,2025-02-08,65500,Bank Transfer,settled
P00008378,B00007572,2025-03-13,-13442,Credit Card,refunded
P00008379,B00007573,2025-02-22,117000,Points,settled
P00008380,B00007574,2024-12-19,194000,Debit Card,settled
P00008381,B00007575,2024-03-27,452008,Points,settled
P00008382,B00007575,2024-03-29,126692,Debit Card,pending
P00008383,B00007576,2024-12-10,206700,Debit Card,settled
P00008384,B00007577,2025-10-04,383900,Credit Card,settled
P00008385,B00007578,2025-12-27,291200,Bank Transfer,settled
P00008386,B00007579,2024-03-08,44600,Points,settled
P00008387,B00007580,2025-09-04,162900,Bank Transfer,settled
P00008388,B00007581,2025-10-29,1130027,Debit Card,settled
P00008389,B00007581,2025-11-19,617173,Bank Transfer,pending
P00008390,B00007582,2025-03-06,133200,Bank Transfer,settled
P00008391,B00007583,2025-11-15,68000,Debit Card,settled
P00008392,B00007584,2025-05-17,62800,Credit Card,settled
P00008393,B00007584,2025-06-20,-62800,Debit Card,refunded
P00008394,B00007585,2024-12-05,218400,Credit Card,settled
P00008395,B00007586,2025-11-22,193700,Credit Card,settled
P00008396,B00007587,2024-07-07,462000,Bank Transfer,settled
P00008397,B00007588,2025-11-19,173600,Bank Transfer,settled
P00008398,B00007589,2024-02-21,289200,Bank Transfer,settled
P00008399,B00007590,2025-04-13,264000,Credit Card,settled
P00008400,B00007591,2025-11-02,254800,Bank Transfer,settled
P00008401,B00007592,2024-08-06,120000,Credit Card,settled
P00008402,B00007593,2025-06-03,151200,Credit Card,settled
P00008403,B00007594,2024-05-29,214200,Debit Card,settled
P00008404,B00007595,2024-12-19,43800,Debit Card,settled
P00008405,B00007596,2025-01-21,848900,Bank Transfer,settled
P00008406,B00007597,2025-05-18,42000,Credit Card,settled
P00008407,B00007598,2025-10-24,107000,Credit Card,settled
P00008408,B00007600,2025-03-10,188400,Credit Card,settled
P00008409,B00007601,2025-11-21,294700,Points,settled
P00008410,B00007602,2025-08-03,231600,Credit Card,settled
P00008411,B00007604,2025-12-18,301600,Points,settled
P00008412,B00007605,2025-11-23,36200,Points,settled
P00008413,B00007606,2025-01-29,151200,Credit Card,settled
P00008414,B00007606,2025-03-14,-28213,Points,refunded
P00008415,B00007607,2024-11-03,403200,Debit Card,settled
P00008416,B00007608,2025-07-14,21700,Credit Card,settled
P00008417,B00007609,2025-03-29,1346000,Credit Card,settled
P00008418,B00007610,2024-11-02,44100,Debit Card,settled
P00008419,B00007611,2024-12-19,156600,Debit Card,settled
P00008420,B00007612,2024-08-28,168800,Points,settled
P00008421,B00007613,2025-01-23,33400,Bank Transfer,settled
P00008422,B00007614,2024-02-09,119200,Debit Card,settled
P00008423,B00007615,2025-05-29,64359,Bank Transfer,settled
P00008424,B00007615,2025-06-16,23641,Debit Card,pending
P00008425,B00007616,2024-06-09,169600,Bank Transfer,settled
P00008426,B00007617,2025-09-22,144255,Bank Transfer,settled
P00008427,B00007618,2025-04-01,449800,Points,settled
P00008428,B00007619,2025-10-25,143100,Bank Transfer,settled
P00008429,B00007620,2025-04-29,57600,Credit Card,settled
P00008430,B00007621,2025-01-13,193600,Bank Transfer,settled
P00008431,B00007622,2025-08-13,35000,Points,settled
P00008432,B00007623,2024-11-02,65698,Debit Card,settled
P00008433,B00007623,2024-11-25,26802,Points,pending
P00008434,B00007624,2024-01-28,42000,Points,settled
P00008435,B00007626,2025-11-14,365785,Debit Card,settled
P00008436,B00007626,2025-11-18,354415,Credit Card,pending
P00008437,B00007627,2024-11-18,42300,Bank Transfer,settled
P00008438,B00007628,2023-12-29,184800,Debit Card,settled
P00008439,B00007629,2024-12-04,18900,Bank Transfer,settled
P00008440,B00007630,2024-04-01,268800,Credit Card,settled
P00008441,B00007631,2025-05-12,206400,Points,settled
P00008442,B00007632,2024-06-24,192400,Bank Transfer,settled
P00008443,B00007633,2024-08-18,699400,Credit Card,settled
P00008444,B00007634,2025-12-06,94500,Debit Card,settled
P00008445,B00007635,2025-01-18,68400,Points,settled
P00008446,B00007636,2025-06-17,46500,Credit Card,settled
P00008447,B00007637,2025-10-27,495600,Debit Card,settled
P00008448,B00007638,2024-07-16,249600,Credit Card,settled
P00008449,B00007639,2024-10-05,293800,Bank Transfer,settled
P00008450,B00007640,2024-07-26,156000,Credit Card,settled
P00008451,B00007641,2024-08-23,289900,Debit Card,settled
P00008452,B00007642,2025-06-23,56000,Bank Transfer,settled
P00008453,B00007643,2025-12-22,180000,Credit Card,settled
P00008454,B00007644,2024-07-03,13200,Credit Card,settled
P00008455,B00007645,2024-07-02,149687,Credit Card,settled
P00008456,B00007646,2024-05-21,48300,Bank Transfer,settled
P00008457,B00007647,2024-04-24,160400,Credit Card,settled
P00008458,B00007648,2025-08-02,525000,Points,settled
P00008459,B00007649,2025-02-05,37400,Points,settled
P00008460,B00007650,2026-01-20,93600,Credit Card,settled
P00008461,B00007651,2025-10-20,50100,Bank Transfer,settled
P00008462,B00007653,2025-12-19,89182,Debit Card,settled
P00008463,B00007654,2025-04-05,122500,Bank Transfer,settled
P00008464,B00007655,2024-04-24,396000,Points,settled
P00008465,B00007655,2024-06-07,-88165,Debit Card,refunded
P00008466,B00007656,2025-03-29,170500,Bank Transfer,settled
P00008467,B00007657,2024-11-05,90800,Points,settled
P00008468,B00007658,2026-01-22,19600,Points,settled
P00008469,B00007659,2024-03-25,37900,Credit Card,settled
P00008470,B00007660,2025-06-03,369600,Bank Transfer,settled
P00008471,B00007661,2024-07-01,78000,Points,settled
P00008472,B00007662,2024-06-17,36400,Points,settled
P00008473,B00007662,2024-07-30,-7802,Points,refunded
P00008474,B00007663,2024-07-15,83000,Points,settled
P00008475,B00007664,2025-06-15,213000,Credit Card,settled
P00008476,B00007665,2024-07-09,124284,Debit Card,settled
P00008477,B00007665,2024-06-12,107116,Bank Transfer,pending
P00008478,B00007666,2024-12-15,86000,Debit Card,settled
P00008479,B00007667,2024-02-07,208800,Credit Card,settled
P00008480,B00007668,2025-08-13,97500,Debit Card,settled
P00008481,B00007669,2025-06-10,816000,Bank Transfer,settled
P00008482,B00007670,2025-04-26,21000,Credit Card,settled
P00008483,B00007671,2024-08-10,503966,Credit Card,settled
P00008484,B00007671,2024-08-04,308434,Bank Transfer,pending
P00008485,B00007672,2025-09-26,162000,Debit Card,settled
P00008486,B00007673,2024-05-19,217100,Points,settled
P00008487,B00007674,2025-04-03,334600,Bank Transfer,settled
P00008488,B00007675,2024-08-19,15300,Credit Card,settled
P00008489,B00007675,2024-09-19,-15300,Points,refunded
P00008490,B00007676,2025-09-25,99900,Credit Card,settled
P00008491,B00007677,2024-03-19,417300,Debit Card,settled
P00008492,B00007678,2025-03-04,44400,Points,settled
P00008493,B00007679,2024-12-03,30500,Bank Transfer,settled
P00008494,B00007680,2024-08-01,14400,Points,settled
P00008495,B00007681,2024-10-06,282800,Points,settled
P00008496,B00007682,2025-02-17,292500,Bank Transfer,settled
P00008497,B00007683,2025-04-26,24476,Points,settled
P00008498,B00007683,2025-05-03,26724,Points,pending
P00008499,B00007684,2024-10-14,343800,Bank Transfer,settled
P00008500,B00007685,2024-07-24,182000,Debit Card,settled
P00008501,B00007686,2024-09-29,67800,Debit Card,settled
P00008502,B00007687,2025-09-19,556200,Debit Card,settled
P00008503,B00007688,2024-08-15,168800,Debit Card,settled
P00008504,B00007689,2025-07-09,162900,Debit Card,settled
P00008505,B00007690,2024-05-10,742800,Credit Card,settled
P00008506,B00007691,2024-10-23,103600,Bank Transfer,settled
P00008507,B00007692,2025-09-05,505700,Credit Card,settled
P00008508,B00007693,2025-04-09,224000,Debit Card,settled
P00008509,B00007694,2025-05-28,259800,Points,settled
P00008510,B00007695,2025-10-26,289100,Bank Transfer,settled
P00008511,B00007696,2024-02-17,85500,Credit Card,settled
P00008512,B00007697,2024-09-20,189000,Points,settled
P00008513,B00007698,2025-01-03,157200,Bank Transfer,settled
P00008514,B00007699,2025-11-25,93500,Credit Card,settled
P00008515,B00007700,2024-11-15,500400,Credit Card,settled
P00008516,B00007701,2025-07-28,45200,Bank Transfer,settled
P00008517,B00007702,2026-02-27,134400,Debit Card,settled
P00008518,B00007703,2026-01-26,245200,Points,settled
P00008519,B00007704,2025-02-24,97300,Debit Card,settled
P00008520,B00007705,2024-07-30,262807,Points,settled
P00008521,B00007705,2024-07-31,93193,Bank Transfer,pending
P00008522,B00007706,2024-06-17,156000,Points,settled
P00008523,B00007707,2024-05-08,38400,Debit Card,settled
P00008524,B00007708,2025-07-30,78400,Points,settled
P00008525,B00007709,2024-02-13,195600,Credit Card,settled
P00008526,B00007710,2024-08-01,70400,Points,settled
P00008527,B00007711,2024-08-29,121164,Debit Card,settled
P00008528,B00007711,2024-08-06,90336,Points,pending
P00008529,B00007712,2024-11-01,41800,Bank Transfer,settled
P00008530,B00007713,2024-08-06,67200,Debit Card,settled
P00008531,B00007714,2025-12-07,95400,Debit Card,settled
P00008532,B00007715,2025-09-06,257400,Bank Transfer,settled
P00008533,B00007716,2025-07-13,158400,Debit Card,settled
P00008534,B00007717,2024-08-04,63600,Points,settled
P00008535,B00007718,2025-07-18,190800,Credit Card,settled
P00008536,B00007719,2024-10-29,179000,Debit Card,settled
P00008537,B00007720,2024-06-22,125300,Points,settled
P00008538,B00007721,2024-04-28,27200,Points,settled
P00008539,B00007722,2024-03-23,851500,Points,settled
P00008540,B00007723,2024-08-23,38200,Points,settled
P00008541,B00007724,2024-05-19,78769,Credit Card,settled
P00008542,B00007725,2024-06-28,148400,Points,settled
P00008543,B00007727,2025-12-05,236500,Credit Card,settled
P00008544,B00007728,2024-12-01,54600,Debit Card,settled
P00008545,B00007729,2025-10-03,629100,Credit Card,settled
P00008546,B00007729,2025-11-10,-154613,Debit Card,refunded
P00008547,B00007730,2024-04-18,153300,Bank Transfer,settled
P00008548,B00007731,2025-08-29,78000,Debit Card,settled
P00008549,B00007732,2024-07-21,662000,Credit Card,settled
P00008550,B00007733,2025-03-03,169000,Bank Transfer,settled
P00008551,B00007733,2025-05-02,-169000,Points,refunded
P00008552,B00007734,2026-04-01,97200,Credit Card,settled
P00008553,B00007735,2026-01-15,95000,Points,settled
P00008554,B00007736,2024-04-30,151200,Bank Transfer,settled
P00008555,B00007737,2026-02-21,266200,Credit Card,settled
P00008556,B00007738,2024-06-02,33200,Credit Card,settled
P00008557,B00007739,2024-08-10,866400,Credit Card,settled
P00008558,B00007740,2025-05-04,37400,Debit Card,settled
P00008559,B00007741,2024-12-20,126400,Bank Transfer,settled
P00008560,B00007742,2024-11-20,190000,Points,settled
P00008561,B00007743,2024-08-14,100500,Bank Transfer,settled
P00008562,B00007744,2024-04-18,37800,Bank Transfer,settled
P00008563,B00007745,2025-02-08,68800,Points,settled
P00008564,B00007746,2025-01-18,28600,Points,settled
P00008565,B00007747,2025-08-09,178000,Credit Card,settled
P00008566,B00007748,2024-09-18,175200,Bank Transfer,settled
P00008567,B00007749,2024-07-20,264000,Credit Card,settled
P00008568,B00007750,2025-01-14,147600,Credit Card,settled
P00008569,B00007751,2025-02-27,46600,Credit Card,settled
P00008570,B00007752,2025-07-19,182000,Points,settled
P00008571,B00007753,2024-11-27,682000,Points,settled
P00008572,B00007754,2025-01-13,205700,Bank Transfer,settled
P00008573,B00007755,2025-12-25,136000,Debit Card,settled
P00008574,B00007756,2024-10-04,898800,Bank Transfer,settled
P00008575,B00007757,2024-06-01,96800,Points,settled
P00008576,B00007758,2025-08-13,63300,Bank Transfer,settled
P00008577,B00007759,2025-12-16,134400,Bank Transfer,settled
P00008578,B00007760,2025-09-09,15500,Debit Card,settled
P00008579,B00007761,2025-08-18,83000,Bank Transfer,settled
P00008580,B00007762,2024-01-20,86000,Debit Card,settled
P00008581,B00007763,2025-03-23,219800,Points,settled
P00008582,B00007764,2024-11-04,201600,Bank Transfer,settled
P00008583,B00007765,2025-12-24,62100,Bank Transfer,settled
P00008584,B00007766,2024-10-24,190800,Points,settled
P00008585,B00007767,2025-11-13,111200,Points,settled
P00008586,B00007768,2025-10-02,52391,Debit Card,settled
P00008587,B00007768,2025-09-28,24809,Bank Transfer,pending
P00008588,B00007769,2025-01-10,40000,Debit Card,settled
P00008589,B00007770,2025-08-14,1118600,Points,settled
P00008590,B00007771,2025-05-19,32400,Bank Transfer,settled
P00008591,B00007772,2024-09-05,136800,Points,settled
P00008592,B00007773,2025-04-28,65272,Debit Card,settled
P00008593,B00007773,2025-04-30,36128,Points,pending
P00008594,B00007774,2025-07-20,34200,Credit Card,settled
P00008595,B00007775,2024-02-26,176800,Debit Card,settled
P00008596,B00007776,2025-01-01,112700,Bank Transfer,settled
P00008597,B00007777,2024-05-26,256200,Debit Card,settled
P00008598,B00007778,2024-05-18,70800,Debit Card,settled
P00008599,B00007779,2025-08-12,239400,Bank Transfer,settled
P00008600,B00007780,2024-12-09,271600,Points,settled
P00008601,B00007781,2025-03-18,121800,Bank Transfer,settled
P00008602,B00007782,2025-11-15,171000,Bank Transfer,settled
P00008603,B00007783,2025-08-16,34600,Bank Transfer,settled
P00008604,B00007784,2024-03-30,217800,Debit Card,settled
P00008605,B00007785,2025-06-16,23600,Bank Transfer,settled
P00008606,B00007785,2025-07-22,-23600,Points,refunded
P00008607,B00007786,2024-05-29,127200,Points,settled
P00008608,B00007787,2024-09-30,391500,Debit Card,settled
P00008609,B00007788,2025-04-02,78000,Credit Card,settled
P00008610,B00007789,2025-12-05,588900,Bank Transfer,settled
P00008611,B00007790,2025-01-12,124600,Debit Card,settled
P00008612,B00007791,2024-04-16,733200,Points,settled
P00008613,B00007792,2026-01-05,308000,Debit Card,settled
P00008614,B00007792,2026-02-07,-308000,Credit Card,refunded
P00008615,B00007793,2025-07-03,207000,Credit Card,settled
P00008616,B00007794,2024-10-21,39400,Points,settled
P00008617,B00007796,2026-03-08,180000,Points,settled
P00008618,B00007797,2024-09-26,421200,Debit Card,settled
P00008619,B00007798,2026-01-25,97300,Credit Card,settled
P00008620,B00007799,2025-01-01,366400,Debit Card,settled
P00008621,B00007800,2024-07-13,498000,Bank Transfer,settled
P00008622,B00007801,2024-03-31,663000,Bank Transfer,settled
P00008623,B00007801,2024-04-29,-663000,Debit Card,refunded
P00008624,B00007802,2026-01-15,186000,Points,settled
P00008625,B00007803,2025-12-04,83400,Bank Transfer,settled
P00008626,B00007804,2025-11-29,160200,Points,settled
P00008627,B00007805,2025-07-10,286800,Points,settled
P00008628,B00007806,2025-06-24,191400,Debit Card,settled
P00008629,B00007807,2025-10-05,222000,Debit Card,settled
P00008630,B00007808,2024-07-06,606200,Bank Transfer,settled
P00008631,B00007809,2026-03-03,260700,Credit Card,settled
P00008632,B00007810,2026-04-08,146400,Credit Card,settled
P00008633,B00007811,2025-11-28,120400,Points,settled
P00008634,B00007812,2024-04-18,176000,Debit Card,settled
P00008635,B00007813,2024-11-18,285600,Debit Card,settled
P00008636,B00007814,2025-09-11,141000,Credit Card,settled
P00008637,B00007815,2025-12-26,409600,Bank Transfer,settled
P00008638,B00007816,2025-03-07,52285,Credit Card,settled
P00008639,B00007817,2025-06-30,258700,Points,settled
P00008640,B00007819,2025-12-13,303800,Credit Card,settled
P00008641,B00007820,2024-08-06,578800,Debit Card,settled
P00008642,B00007821,2025-07-04,114000,Debit Card,settled
P00008643,B00007822,2024-05-17,1064000,Credit Card,settled
P00008644,B00007823,2025-01-25,216500,Bank Transfer,settled
P00008645,B00007824,2024-08-27,190300,Debit Card,settled
P00008646,B00007825,2024-10-23,352800,Credit Card,settled
P00008647,B00007826,2025-07-13,502600,Points,settled
P00008648,B00007827,2024-05-01,234000,Points,settled
P00008649,B00007828,2025-01-17,457600,Credit Card,settled
P00008650,B00007829,2025-07-27,238000,Bank Transfer,settled
P00008651,B00007830,2024-05-14,434400,Credit Card,settled
P00008652,B00007831,2025-10-19,72200,Credit Card,settled
P00008653,B00007832,2025-09-06,139800,Credit Card,settled
P00008654,B00007832,2025-09-30,-139800,Points,refunded
P00008655,B00007833,2025-12-19,178200,Points,settled
P00008656,B00007834,2025-11-16,212215,Points,settled
P00008657,B00007835,2025-09-12,266000,Debit Card,settled
P00008658,B00007836,2024-08-02,1462800,Points,settled
P00008659,B00007837,2024-12-23,190000,Points,settled
P00008660,B00007838,2025-02-19,655200,Credit Card,settled
P00008661,B00007839,2024-09-16,88800,Debit Card,settled
P00008662,B00007840,2024-06-26,207900,Debit Card,settled
P00008663,B00007841,2025-02-09,263000,Credit Card,settled
P00008664,B00007842,2025-08-25,427200,Debit Card,settled
P00008665,B00007843,2025-03-26,110600,Debit Card,settled
P00008666,B00007843,2025-05-11,-110600,Points,refunded
P00008667,B00007845,2025-09-26,140800,Points,settled
P00008668,B00007846,2026-04-01,40200,Bank Transfer,settled
P00008669,B00007847,2026-01-13,136500,Credit Card,settled
P00008670,B00007848,2024-06-06,363000,Bank Transfer,settled
P00008671,B00007848,2024-06-28,-363000,Bank Transfer,refunded
P00008672,B00007849,2026-03-09,102500,Points,settled
P00008673,B00007850,2025-04-12,69000,Points,settled
P00008674,B00007852,2025-06-24,96600,Debit Card,settled
P00008675,B00007853,2025-12-17,225600,Credit Card,settled
P00008676,B00007854,2025-08-12,250600,Bank Transfer,settled
P00008677,B00007855,2025-12-08,143200,Credit Card,settled
P00008678,B00007855,2026-01-04,-143200,Points,refunded
P00008679,B00007856,2025-10-06,336600,Credit Card,settled
P00008680,B00007856,2025-11-25,-336600,Bank Transfer,refunded
P00008681,B00007857,2024-07-13,78000,Debit Card,settled
P00008682,B00007858,2024-05-19,125600,Credit Card,settled
P00008683,B00007859,2024-06-15,267400,Points,settled
P00008684,B00007861,2025-03-07,274300,Bank Transfer,settled
P00008685,B00007862,2024-09-10,216000,Credit Card,settled
P00008686,B00007863,2025-09-03,357500,Debit Card,settled
P00008687,B00007864,2025-08-28,227500,Credit Card,settled
P00008688,B00007865,2024-10-13,106800,Debit Card,settled
P00008689,B00007866,2025-01-13,338800,Debit Card,settled
P00008690,B00007867,2024-06-15,196000,Debit Card,settled
P00008691,B00007868,2026-02-08,224000,Bank Transfer,settled
P00008692,B00007869,2025-10-30,165600,Debit Card,settled
P00008693,B00007870,2024-04-16,133700,Credit Card,settled
P00008694,B00007871,2024-10-28,243855,Credit Card,settled
P00008695,B00007872,2026-02-04,194229,Credit Card,settled
P00008696,B00007872,2026-01-09,68371,Points,pending
P00008697,B00007873,2025-07-30,57900,Bank Transfer,settled
P00008698,B00007874,2024-09-10,165600,Debit Card,settled
P00008699,B00007875,2026-01-26,163061,Bank Transfer,settled
P00008700,B00007875,2026-01-06,175339,Points,pending
P00008701,B00007876,2025-04-06,35000,Points,settled
P00008702,B00007877,2024-08-16,182400,Debit Card,settled
P00008703,B00007878,2025-05-21,56400,Bank Transfer,settled
P00008704,B00007879,2025-07-28,221200,Credit Card,settled
P00008705,B00007880,2025-12-28,229200,Points,settled
P00008706,B00007881,2025-04-02,253200,Bank Transfer,settled
P00008707,B00007881,2025-04-29,-253200,Points,refunded
P00008708,B00007882,2024-10-12,101400,Points,settled
P00008709,B00007883,2026-01-22,1773200,Bank Transfer,settled
P00008710,B00007883,2026-03-14,-1773200,Debit Card,refunded
P00008711,B00007884,2024-03-08,50700,Points,settled
P00008712,B00007885,2024-08-25,33200,Debit Card,settled
P00008713,B00007886,2025-07-11,598400,Credit Card,settled
P00008714,B00007886,2025-08-12,-598400,Credit Card,refunded
P00008715,B00007887,2025-10-18,139918,Debit Card,settled
P00008716,B00007887,2025-11-10,35282,Debit Card,pending
P00008717,B00007888,2024-03-22,21000,Debit Card,settled
P00008718,B00007888,2024-04-21,-21000,Credit Card,refunded
P00008719,B00007889,2024-06-21,194000,Bank Transfer,settled
P00008720,B00007889,2024-07-11,-57693,Points,refunded
P00008721,B00007890,2024-12-14,19800,Debit Card,settled
P00008722,B00007891,2025-01-06,516600,Bank Transfer,settled
P00008723,B00007892,2024-07-08,366500,Credit Card,settled
P00008724,B00007893,2024-05-01,180766,Points,settled
P00008725,B00007893,2024-04-26,237634,Credit Card,pending
P00008726,B00007894,2025-06-06,20900,Points,settled
P00008727,B00007896,2025-01-19,75600,Bank Transfer,settled
P00008728,B00007897,2026-02-13,236600,Debit Card,settled
P00008729,B00007898,2025-07-20,83000,Credit Card,settled
P00008730,B00007899,2024-04-20,29600,Points,settled
P00008731,B00007899,2024-06-07,-29600,Points,refunded
P00008732,B00007900,2025-05-15,201600,Debit Card,settled
P00008733,B00007901,2024-08-23,128000,Credit Card,settled
P00008734,B00007901,2024-09-18,-32051,Points,refunded
P00008735,B00007902,2025-10-17,96000,Debit Card,settled
P00008736,B00007903,2025-11-14,274400,Credit Card,settled
P00008737,B00007904,2025-12-04,58400,Points,settled
P00008738,B00007905,2026-02-04,137987,Debit Card,settled
P00008739,B00007906,2025-11-11,100000,Points,settled
P00008740,B00007907,2025-02-06,187000,Bank Transfer,settled
P00008741,B00007908,2024-07-18,35600,Points,settled
P00008742,B00007909,2025-07-11,108600,Debit Card,settled
P00008743,B00007910,2025-07-31,161600,Points,settled
P00008744,B00007911,2025-07-31,268100,Bank Transfer,settled
P00008745,B00007912,2024-12-07,457000,Credit Card,settled
P00008746,B00007913,2025-05-19,104300,Points,settled
P00008747,B00007914,2024-04-18,116500,Credit Card,settled
P00008748,B00007915,2025-07-13,221400,Credit Card,settled
P00008749,B00007916,2025-09-28,85500,Points,settled
P00008750,B00007917,2024-05-07,51500,Bank Transfer,settled
P00008751,B00007918,2024-10-29,304200,Credit Card,settled
P00008752,B00007919,2025-08-11,132300,Points,settled
P00008753,B00007919,2025-09-10,-132300,Bank Transfer,refunded
P00008754,B00007920,2025-03-07,48922,Debit Card,settled
P00008755,B00007920,2025-02-23,23678,Debit Card,pending
P00008756,B00007921,2024-02-11,228900,Credit Card,settled
P00008757,B00007921,2024-03-19,-228900,Debit Card,refunded
P00008758,B00007922,2024-09-05,37600,Bank Transfer,settled
P00008759,B00007923,2025-05-19,194700,Credit Card,settled
P00008760,B00007924,2024-10-13,114000,Credit Card,settled
P00008761,B00007925,2024-02-20,296000,Points,settled
P00008762,B00007926,2024-09-14,173800,Points,settled
P00008763,B00007927,2025-03-10,15400,Bank Transfer,settled
P00008764,B00007927,2025-03-19,-15400,Bank Transfer,refunded
P00008765,B00007928,2025-06-12,251300,Credit Card,settled
P00008766,B00007929,2026-01-02,399100,Debit Card,settled
P00008767,B00007930,2024-07-08,650400,Points,settled
P00008768,B00007931,2024-11-28,331731,Bank Transfer,settled
P00008769,B00007932,2024-04-18,457600,Credit Card,settled
P00008770,B00007932,2024-05-03,-457600,Credit Card,refunded
P00008771,B00007933,2025-08-01,47000,Credit Card,settled
P00008772,B00007934,2025-03-05,603200,Bank Transfer,settled
P00008773,B00007935,2024-03-25,1203200,Debit Card,settled
P00008774,B00007936,2025-03-10,430800,Credit Card,settled
P00008775,B00007937,2024-04-30,18000,Credit Card,settled
P00008776,B00007938,2025-05-29,172000,Debit Card,settled
P00008777,B00007939,2026-01-04,317000,Bank Transfer,settled
P00008778,B00007940,2025-04-15,274500,Points,settled
P00008779,B00007941,2025-01-21,151115,Points,settled
P00008780,B00007942,2025-07-19,30600,Credit Card,settled
P00008781,B00007943,2024-11-13,39200,Debit Card,settled
P00008782,B00007944,2026-03-07,643500,Credit Card,settled
P00008783,B00007945,2025-06-16,34600,Points,settled
P00008784,B00007946,2024-09-01,21200,Credit Card,settled
P00008785,B00007946,2024-09-05,-21200,Points,refunded
P00008786,B00007948,2025-03-05,955289,Points,settled
P00008787,B00007949,2024-12-06,48304,Debit Card,settled
P00008788,B00007949,2024-12-05,34496,Points,pending
P00008789,B00007950,2024-09-01,128100,Points,settled
P00008790,B00007951,2024-12-12,738100,Points,settled
P00008791,B00007952,2025-03-30,204600,Bank Transfer,settled
P00008792,B00007953,2025-06-11,326000,Points,settled
P00008793,B00007954,2024-11-28,79800,Credit Card,settled
P00008794,B00007955,2024-07-29,292600,Credit Card,settled
P00008795,B00007956,2024-08-31,122800,Credit Card,settled
P00008796,B00007957,2024-10-02,35200,Debit Card,settled
P00008797,B00007959,2025-01-09,149200,Bank Transfer,settled
P00008798,B00007960,2025-06-01,1296000,Bank Transfer,settled
P00008799,B00007960,2025-07-16,-1296000,Bank Transfer,refunded
P00008800,B00007961,2025-01-30,121500,Points,settled
P00008801,B00007962,2024-10-21,424800,Credit Card,settled
P00008802,B00007963,2024-06-24,136800,Bank Transfer,settled
P00008803,B00007964,2024-12-14,213400,Credit Card,settled
P00008804,B00007965,2024-04-27,63064,Credit Card,settled
P00008805,B00007965,2024-03-23,68936,Debit Card,pending
P00008806,B00007966,2025-07-22,208800,Bank Transfer,settled
P00008807,B00007967,2024-09-19,427200,Bank Transfer,settled
P00008808,B00007968,2024-06-06,462000,Points,settled
P00008809,B00007969,2024-10-18,259200,Bank Transfer,settled
P00008810,B00007970,2024-11-01,14700,Debit Card,settled
P00008811,B00007971,2025-02-17,97550,Debit Card,settled
P00008812,B00007971,2025-01-16,76450,Debit Card,pending
P00008813,B00007972,2024-08-23,118800,Bank Transfer,settled
P00008814,B00007973,2026-01-02,99500,Debit Card,settled
P00008815,B00007974,2025-06-16,102200,Credit Card,settled
P00008816,B00007975,2025-12-16,364100,Bank Transfer,settled
P00008817,B00007975,2026-01-19,-364100,Credit Card,refunded
P00008818,B00007976,2025-03-08,75000,Debit Card,settled
P00008819,B00007977,2025-02-16,362000,Bank Transfer,settled
P00008820,B00007978,2025-03-17,169200,Points,settled
P00008821,B00007979,2025-12-01,209700,Points,settled
P00008822,B00007980,2024-11-08,156037,Credit Card,settled
P00008823,B00007981,2025-12-18,263600,Points,settled
P00008824,B00007981,2025-12-16,-263600,Credit Card,refunded
P00008825,B00007982,2025-03-20,154400,Bank Transfer,settled
P00008826,B00007983,2024-10-04,213300,Debit Card,settled
P00008827,B00007984,2025-06-06,39000,Points,settled
P00008828,B00007985,2024-06-21,234300,Bank Transfer,settled
P00008829,B00007986,2025-05-15,68400,Credit Card,settled
P00008830,B00007986,2025-06-05,-68400,Bank Transfer,refunded
P00008831,B00007987,2024-12-09,554285,Bank Transfer,settled
P00008832,B00007988,2025-09-03,100052,Points,settled
P00008833,B00007988,2025-08-27,60148,Credit Card,pending
P00008834,B00007989,2025-04-05,38200,Credit Card,settled
P00008835,B00007989,2025-04-30,-6912,Credit Card,refunded
P00008836,B00007990,2025-11-14,74800,Credit Card,settled
P00008837,B00007991,2025-09-18,134000,Bank Transfer,settled
P00008838,B00007992,2025-01-07,215800,Credit Card,settled
P00008839,B00007993,2025-01-10,617400,Debit Card,settled
P00008840,B00007994,2025-02-13,217500,Points,settled
P00008841,B00007995,2024-03-24,90000,Bank Transfer,settled
P00008842,B00007996,2024-06-23,77500,Credit Card,settled
P00008843,B00007997,2024-04-24,385200,Bank Transfer,settled
P00008844,B00007998,2024-08-09,184000,Bank Transfer,settled
P00008845,B00007999,2024-12-23,249600,Bank Transfer,settled
P00008846,B00008000,2025-02-26,1324400,Points,settled
P00008847,B00008001,2025-01-27,288400,Credit Card,settled
P00008848,B00008002,2025-05-14,119400,Points,settled
P00008849,B00008002,2025-06-18,-119400,Debit Card,refunded
P00008850,B00008003,2024-11-05,204600,Points,settled
P00008851,B00008004,2024-06-01,265200,Credit Card,settled
P00008852,B00008005,2024-02-28,60900,Credit Card,settled
P00008853,B00008006,2024-09-24,514800,Points,settled
P00008854,B00008007,2024-12-25,85581,Debit Card,settled
P00008855,B00008007,2024-12-27,27819,Bank Transfer,pending
P00008856,B00008008,2025-12-06,59700,Credit Card,settled
P00008857,B00008008,2026-01-01,-59700,Credit Card,refunded
P00008858,B00008009,2024-10-15,146300,Points,settled
P00008859,B00008010,2025-11-01,468031,Credit Card,settled
P00008860,B00008010,2025-10-14,344469,Bank Transfer,pending
P00008861,B00008011,2024-01-25,164400,Credit Card,settled
P00008862,B00008012,2025-08-07,230400,Bank Transfer,settled
P00008863,B00008012,2025-09-12,-40155,Credit Card,refunded
P00008864,B00008013,2024-07-07,138400,Credit Card,settled
P00008865,B00008014,2025-12-01,237600,Debit Card,settled
P00008866,B00008015,2024-04-25,110600,Credit Card,settled
P00008867,B00008016,2025-10-28,304200,Points,settled
P00008868,B00008017,2026-01-24,274200,Points,settled
P00008869,B00008019,2025-10-28,80800,Bank Transfer,settled
P00008870,B00008020,2026-04-08,452400,Debit Card,settled
P00008871,B00008021,2026-03-01,152339,Credit Card,settled
P00008872,B00008021,2026-02-20,85261,Debit Card,pending
P00008873,B00008022,2024-02-18,134164,Debit Card,settled
P00008874,B00008022,2024-02-21,72636,Bank Transfer,pending
P00008875,B00008023,2024-03-07,123200,Credit Card,settled
P00008876,B00008024,2025-12-07,34400,Debit Card,settled
P00008877,B00008026,2024-12-11,329000,Points,settled
P00008878,B00008027,2025-07-19,16901,Debit Card,settled
P00008879,B00008027,2025-07-16,14499,Bank Transfer,pending
P00008880,B00008028,2025-06-13,429000,Credit Card,settled
P00008881,B00008029,2025-06-14,229600,Debit Card,settled
P00008882,B00008030,2025-01-24,153000,Points,settled
P00008883,B00008031,2025-09-06,401400,Debit Card,settled
P00008884,B00008032,2024-04-25,43600,Points,settled
P00008885,B00008033,2025-02-18,218400,Bank Transfer,settled
P00008886,B00008034,2026-03-31,158900,Points,settled
P00008887,B00008035,2025-02-08,162900,Points,settled
P00008888,B00008036,2025-06-30,262600,Debit Card,settled
P00008889,B00008037,2024-06-01,77400,Debit Card,settled
P00008890,B00008038,2026-02-26,126000,Points,settled
P00008891,B00008039,2025-10-06,1199000,Points,settled
P00008892,B00008039,2025-11-19,-234996,Points,refunded
P00008893,B00008040,2024-08-01,755516,Credit Card,settled
P00008894,B00008040,2024-08-05,771484,Credit Card,pending
P00008895,B00008041,2025-12-08,489323,Points,settled
P00008896,B00008042,2024-03-28,456400,Credit Card,settled
P00008897,B00008043,2025-06-23,188000,Debit Card,settled
P00008898,B00008044,2025-06-23,232200,Points,settled
P00008899,B00008045,2024-09-08,117000,Bank Transfer,settled
P00008900,B00008046,2025-03-08,252000,Credit Card,settled
P00008901,B00008046,2025-04-23,-252000,Credit Card,refunded
P00008902,B00008047,2025-09-30,114100,Credit Card,settled
P00008903,B00008048,2025-06-04,116400,Debit Card,settled
P00008904,B00008049,2025-08-27,841200,Bank Transfer,settled
P00008905,B00008050,2025-09-03,67000,Bank Transfer,settled
P00008906,B00008050,2025-10-08,-67000,Bank Transfer,refunded
P00008907,B00008051,2025-11-15,122400,Debit Card,settled
P00008908,B00008052,2026-02-05,68800,Debit Card,settled
P00008909,B00008053,2024-06-10,40000,Debit Card,settled
P00008910,B00008054,2025-01-26,18100,Points,settled
P00008911,B00008055,2025-04-14,87000,Credit Card,settled
P00008912,B00008056,2025-07-01,158400,Debit Card,settled
P00008913,B00008057,2025-10-09,362400,Debit Card,settled
P00008914,B00008057,2025-10-26,-362400,Debit Card,refunded
P00008915,B00008058,2024-07-19,147600,Bank Transfer,settled
P00008916,B00008059,2024-04-27,171000,Bank Transfer,settled
P00008917,B00008060,2024-08-15,31600,Credit Card,settled
P00008918,B00008061,2024-06-09,221200,Bank Transfer,settled
P00008919,B00008062,2024-08-02,184000,Debit Card,settled
P00008920,B00008063,2025-04-18,392100,Credit Card,settled
P00008921,B00008064,2024-12-30,112800,Points,settled
P00008922,B00008065,2025-11-11,237000,Points,settled
P00008923,B00008065,2025-12-26,-59129,Debit Card,refunded
P00008924,B00008066,2025-07-25,109900,Debit Card,settled
P00008925,B00008067,2024-05-22,38400,Points,settled
P00008926,B00008068,2026-03-05,273600,Credit Card,settled
P00008927,B00008069,2025-08-27,245000,Debit Card,settled
P00008928,B00008070,2025-10-04,764000,Debit Card,settled
P00008929,B00008071,2025-01-22,978900,Debit Card,settled
P00008930,B00008072,2025-08-24,112500,Debit Card,settled
P00008931,B00008073,2024-11-10,130146,Debit Card,settled
P00008932,B00008073,2024-11-11,42654,Points,pending
P00008933,B00008074,2025-08-28,51000,Bank Transfer,settled
P00008934,B00008074,2025-09-23,-51000,Bank Transfer,refunded
P00008935,B00008075,2025-02-03,216000,Debit Card,settled
P00008936,B00008076,2024-11-12,41400,Points,settled
P00008937,B00008077,2024-12-12,20100,Credit Card,settled
P00008938,B00008078,2024-12-19,92400,Bank Transfer,settled
P00008939,B00008079,2026-01-06,59100,Points,settled
P00008940,B00008080,2026-01-15,192600,Debit Card,settled
P00008941,B00008081,2024-03-04,133000,Credit Card,settled
P00008942,B00008082,2025-05-01,245300,Debit Card,settled
P00008943,B00008083,2025-09-18,53600,Credit Card,settled
P00008944,B00008084,2024-07-03,864559,Credit Card,settled
P00008945,B00008085,2024-04-26,273000,Points,settled
P00008946,B00008086,2024-12-16,612000,Credit Card,settled
P00008947,B00008087,2025-01-25,37000,Points,settled
P00008948,B00008088,2024-08-22,172000,Credit Card,settled
P00008949,B00008089,2025-07-06,94800,Credit Card,settled
P00008950,B00008089,2025-07-21,-17825,Points,refunded
P00008951,B00008090,2025-06-19,172000,Debit Card,settled
P00008952,B00008091,2025-12-20,572800,Bank Transfer,settled
P00008953,B00008092,2025-11-23,52400,Credit Card,settled
P00008954,B00008093,2025-05-19,237200,Points,settled
P00008955,B00008094,2024-10-21,523600,Credit Card,settled
P00008956,B00008095,2024-01-29,273000,Credit Card,settled
P00008957,B00008096,2025-05-22,80000,Bank Transfer,settled
P00008958,B00008097,2024-07-15,193200,Points,settled
P00008959,B00008098,2026-01-03,109900,Bank Transfer,settled
P00008960,B00008099,2024-08-12,270000,Bank Transfer,settled
P00008961,B00008100,2024-02-16,73600,Debit Card,settled
P00008962,B00008101,2024-10-03,103281,Points,settled
P00008963,B00008102,2025-05-02,81600,Bank Transfer,settled
P00008964,B00008103,2024-07-09,17000,Credit Card,settled
P00008965,B00008104,2025-11-15,98400,Bank Transfer,settled
P00008966,B00008105,2025-03-25,74400,Bank Transfer,settled
P00008967,B00008106,2025-12-31,335400,Credit Card,settled
P00008968,B00008107,2025-10-03,1153600,Credit Card,settled
P00008969,B00008108,2024-02-18,240000,Bank Transfer,settled
P00008970,B00008109,2026-02-01,106200,Points,settled
P00008971,B00008110,2025-05-30,38600,Debit Card,settled
P00008972,B00008111,2024-10-21,257641,Credit Card,settled
P00008973,B00008111,2024-10-20,377759,Bank Transfer,pending
P00008974,B00008112,2024-05-28,105500,Credit Card,settled
P00008975,B00008113,2024-02-16,282100,Bank Transfer,settled
P00008976,B00008114,2024-05-27,257400,Debit Card,settled
P00008977,B00008115,2025-02-02,281400,Points,settled
P00008978,B00008115,2025-03-21,-50233,Points,refunded
P00008979,B00008116,2024-04-21,608300,Bank Transfer,settled
P00008980,B00008118,2025-12-01,115800,Credit Card,settled
P00008981,B00008119,2024-06-09,159200,Debit Card,settled
P00008982,B00008120,2024-10-31,52800,Bank Transfer,settled
P00008983,B00008121,2025-11-23,34600,Credit Card,settled
P00008984,B00008123,2025-05-09,252000,Credit Card,settled
P00008985,B00008124,2024-07-23,89400,Credit Card,settled
P00008986,B00008125,2026-03-29,302400,Bank Transfer,settled
P00008987,B00008126,2024-05-28,157800,Points,settled
P00008988,B00008126,2024-06-21,-157800,Bank Transfer,refunded
P00008989,B00008127,2025-04-17,34800,Debit Card,settled
P00008990,B00008128,2024-09-18,85800,Bank Transfer,settled
P00008991,B00008129,2024-04-27,249600,Points,settled
P00008992,B00008130,2024-11-25,117000,Bank Transfer,settled
P00008993,B00008131,2025-02-17,520000,Credit Card,settled
P00008994,B00008132,2024-06-09,158400,Credit Card,settled
P00008995,B00008133,2025-01-06,279000,Points,settled
P00008996,B00008134,2025-11-29,161600,Credit Card,settled
P00008997,B00008134,2026-01-07,-161600,Points,refunded
P00008998,B00008135,2025-06-25,167000,Debit Card,settled
P00008999,B00008136,2024-05-01,159200,Credit Card,settled
P00009000,B00008137,2024-10-26,226000,Bank Transfer,settled
P00009001,B00008138,2024-06-07,271600,Debit Card,settled
P00009002,B00008139,2024-04-06,1600200,Points,settled
P00009003,B00008140,2025-11-20,29360,Credit Card,settled
P00009004,B00008140,2025-11-07,28840,Bank Transfer,pending
P00009005,B00008141,2024-06-08,507000,Debit Card,settled
P00009006,B00008142,2024-07-28,18600,Bank Transfer,settled
P00009007,B00008143,2025-06-16,196000,Points,settled
P00009008,B00008144,2025-05-18,94800,Credit Card,settled
P00009009,B00008145,2025-12-15,128800,Credit Card,settled
P00009010,B00008145,2026-01-04,-32049,Debit Card,refunded
P00009011,B00008146,2024-07-29,272400,Credit Card,settled
P00009012,B00008147,2024-02-25,220200,Credit Card,settled
P00009013,B00008149,2024-03-30,231600,Bank Transfer,settled
P00009014,B00008150,2024-10-06,186966,Points,settled
P00009015,B00008150,2024-10-09,85834,Bank Transfer,pending
P00009016,B00008151,2025-01-07,184800,Points,settled
P00009017,B00008152,2025-05-27,147000,Credit Card,settled
P00009018,B00008153,2025-12-02,210000,Bank Transfer,settled
P00009019,B00008154,2025-06-17,627000,Bank Transfer,settled
P00009020,B00008155,2025-04-08,88000,Credit Card,settled
P00009021,B00008156,2026-02-17,153600,Points,settled
P00009022,B00008157,2025-12-31,161700,Bank Transfer,settled
P00009023,B00008158,2024-12-21,132362,Debit Card,settled
P00009024,B00008159,2025-05-03,176400,Points,settled
P00009025,B00008159,2025-05-19,-37687,Points,refunded
P00009026,B00008160,2024-08-24,210000,Bank Transfer,settled
P00009027,B00008161,2025-09-24,72000,Debit Card,settled
P00009028,B00008162,2024-06-23,170100,Points,settled
P00009029,B00008163,2024-03-17,52800,Debit Card,settled
P00009030,B00008164,2024-08-08,111000,Bank Transfer,settled
P00009031,B00008165,2025-04-21,32400,Debit Card,settled
P00009032,B00008166,2025-05-20,69300,Debit Card,settled
P00009033,B00008166,2025-06-19,-10254,Debit Card,refunded
P00009034,B00008167,2024-12-08,32000,Points,settled
P00009035,B00008168,2024-05-09,128700,Bank Transfer,settled
P00009036,B00008169,2025-10-24,31200,Points,settled
P00009037,B00008170,2025-02-24,569800,Points,settled
P00009038,B00008172,2026-02-01,202500,Debit Card,settled
P00009039,B00008173,2025-08-04,137600,Credit Card,settled
P00009040,B00008174,2024-09-04,248300,Bank Transfer,settled
P00009041,B00008175,2024-04-01,195900,Credit Card,settled
P00009042,B00008176,2025-08-22,88200,Credit Card,settled
P00009043,B00008177,2025-02-16,61200,Points,settled
P00009044,B00008178,2025-05-02,291600,Debit Card,settled
P00009045,B00008179,2025-11-07,381000,Debit Card,settled
P00009046,B00008180,2024-07-01,234000,Debit Card,settled
P00009047,B00008181,2025-07-28,131200,Bank Transfer,settled
P00009048,B00008182,2025-07-03,265200,Points,settled
P00009049,B00008183,2026-01-26,16525,Bank Transfer,settled
P00009050,B00008183,2026-02-13,9275,Debit Card,pending
P00009051,B00008184,2024-06-08,186000,Credit Card,settled
P00009052,B00008185,2025-10-14,148500,Credit Card,settled
P00009053,B00008186,2024-10-06,330400,Credit Card,settled
P00009054,B00008188,2025-11-05,30000,Bank Transfer,settled
P00009055,B00008189,2024-06-05,356400,Bank Transfer,settled
P00009056,B00008190,2025-02-02,207900,Bank Transfer,settled
P00009057,B00008191,2024-07-23,204000,Points,settled
P00009058,B00008192,2025-03-02,103200,Debit Card,settled
P00009059,B00008193,2024-09-28,182600,Credit Card,settled
P00009060,B00008194,2024-09-17,433000,Credit Card,settled
P00009061,B00008195,2025-07-21,53700,Bank Transfer,settled
P00009062,B00008195,2025-08-03,-53700,Points,refunded
P00009063,B00008196,2024-07-29,78000,Debit Card,settled
P00009064,B00008197,2025-08-30,93000,Credit Card,settled
P00009065,B00008198,2024-06-07,254800,Credit Card,settled
P00009066,B00008199,2025-02-23,39900,Debit Card,settled
P00009067,B00008200,2024-04-17,265100,Debit Card,settled
P00009068,B00008201,2024-08-23,64000,Credit Card,settled
P00009069,B00008202,2024-06-21,24277,Points,settled
P00009070,B00008202,2024-06-14,6523,Points,pending
P00009071,B00008203,2025-06-18,1099905,Debit Card,settled
P00009072,B00008203,2025-06-21,480695,Debit Card,pending
P00009073,B00008204,2026-02-04,28800,Debit Card,settled
P00009074,B00008204,2026-03-18,-28800,Points,refunded
P00009075,B00008205,2025-07-19,1801200,Points,settled
P00009076,B00008206,2024-07-06,162400,Debit Card,settled
P00009077,B00008207,2025-12-31,137700,Credit Card,settled
P00009078,B00008209,2025-03-24,171000,Points,settled
P00009079,B00008210,2024-04-10,145800,Credit Card,settled
P00009080,B00008210,2024-04-21,-145800,Credit Card,refunded
P00009081,B00008211,2025-07-26,62800,Debit Card,settled
P00009082,B00008212,2024-11-17,424800,Credit Card,settled
P00009083,B00008212,2024-12-17,-424800,Points,refunded
P00009084,B00008213,2024-06-02,188800,Bank Transfer,settled
P00009085,B00008214,2025-11-14,238800,Points,settled
P00009086,B00008215,2024-10-08,237000,Points,settled
P00009087,B00008216,2024-07-07,206400,Bank Transfer,settled
P00009088,B00008217,2024-10-23,91200,Debit Card,settled
P00009089,B00008218,2025-09-16,69800,Credit Card,settled
P00009090,B00008218,2025-10-12,-69800,Points,refunded
P00009091,B00008219,2025-09-25,1114400,Debit Card,settled
P00009092,B00008220,2024-02-04,157000,Credit Card,settled
P00009093,B00008221,2025-05-02,442000,Debit Card,settled
P00009094,B00008222,2024-04-19,30600,Points,settled
P00009095,B00008223,2024-06-05,88400,Bank Transfer,settled
P00009096,B00008224,2025-12-08,140000,Credit Card,settled
P00009097,B00008225,2025-01-22,453600,Points,settled
P00009098,B00008225,2025-03-08,-453600,Credit Card,refunded
P00009099,B00008226,2024-09-07,111000,Debit Card,settled
P00009100,B00008227,2024-04-05,516600,Points,settled
P00009101,B00008229,2024-05-27,1038800,Bank Transfer,settled
P00009102,B00008230,2024-12-13,37800,Debit Card,settled
P00009103,B00008231,2025-08-30,163000,Credit Card,settled
P00009104,B00008232,2024-06-08,938000,Bank Transfer,settled
P00009105,B00008233,2026-01-12,322000,Points,settled
P00009106,B00008233,2026-02-09,-322000,Credit Card,refunded
P00009107,B00008234,2025-07-15,161600,Debit Card,settled
P00009108,B00008235,2024-11-15,221271,Debit Card,settled
P00009109,B00008236,2025-12-23,210600,Points,settled
P00009110,B00008236,2026-01-28,-210600,Points,refunded
P00009111,B00008237,2024-11-07,18800,Points,settled
P00009112,B00008238,2025-04-05,183300,Debit Card,settled
P00009113,B00008239,2024-11-28,122500,Bank Transfer,settled
P00009114,B00008240,2025-12-12,121800,Bank Transfer,settled
P00009115,B00008241,2025-07-30,42300,Credit Card,settled
P00009116,B00008241,2025-09-05,-10906,Bank Transfer,refunded
P00009117,B00008242,2025-04-17,145828,Credit Card,settled
P00009118,B00008242,2025-04-15,58772,Points,pending
P00009119,B00008243,2024-09-06,237600,Bank Transfer,settled
P00009120,B00008244,2024-04-23,100200,Credit Card,settled
P00009121,B00008245,2025-09-04,106200,Bank Transfer,settled
P00009122,B00008246,2025-09-13,151200,Credit Card,settled
P00009123,B00008247,2025-11-05,99000,Debit Card,settled
P00009124,B00008248,2024-09-23,800000,Bank Transfer,settled
P00009125,B00008249,2025-07-13,135900,Debit Card,settled
P00009126,B00008249,2025-07-24,-23264,Points,refunded
P00009127,B00008250,2024-07-14,139200,Credit Card,settled
P00009128,B00008251,2025-01-22,64000,Debit Card,settled
P00009129,B00008252,2025-05-15,436700,Points,settled
P00009130,B00008253,2024-04-11,96600,Debit Card,settled
P00009131,B00008254,2025-09-30,700000,Bank Transfer,settled
P00009132,B00008255,2025-01-23,271200,Bank Transfer,settled
P00009133,B00008256,2024-08-26,155100,Bank Transfer,settled
P00009134,B00008257,2026-01-26,86000,Bank Transfer,settled
P00009135,B00008258,2024-04-29,80800,Credit Card,settled
P00009136,B00008260,2025-06-21,45300,Points,settled
P00009137,B00008261,2025-05-13,29370,Debit Card,settled
P00009138,B00008261,2025-05-24,8130,Bank Transfer,pending
P00009139,B00008262,2024-07-05,155700,Debit Card,settled
P00009140,B00008263,2026-01-27,174400,Debit Card,settled
P00009141,B00008263,2026-03-07,-47056,Bank Transfer,refunded
P00009142,B00008264,2024-09-16,191100,Debit Card,settled
P00009143,B00008265,2025-04-27,148500,Debit Card,settled
P00009144,B00008266,2025-06-03,450400,Credit Card,settled
P00009145,B00008267,2025-11-17,136800,Points,settled
P00009146,B00008268,2025-06-16,315900,Bank Transfer,settled
P00009147,B00008269,2026-01-19,17800,Bank Transfer,settled
P00009148,B00008270,2024-08-21,37627,Points,settled
P00009149,B00008270,2024-08-06,14773,Credit Card,pending
P00009150,B00008271,2024-06-29,241200,Credit Card,settled
P00009151,B00008272,2024-01-31,696500,Credit Card,settled
P00009152,B00008272,2024-03-16,-696500,Debit Card,refunded
P00009153,B00008273,2025-04-02,271800,Credit Card,settled
P00009154,B00008273,2025-05-06,-271800,Credit Card,refunded
P00009155,B00008274,2025-08-24,1632400,Credit Card,settled
P00009156,B00008275,2025-04-15,80200,Credit Card,settled
P00009157,B00008276,2025-02-28,122400,Bank Transfer,settled
P00009158,B00008276,2025-03-30,-29804,Debit Card,refunded
P00009159,B00008277,2024-12-30,155400,Points,settled
P00009160,B00008277,2025-01-24,-155400,Bank Transfer,refunded
P00009161,B00008278,2024-12-11,16600,Bank Transfer,settled
P00009162,B00008279,2024-02-18,319200,Credit Card,settled
P00009163,B00008280,2025-11-11,97200,Bank Transfer,settled
P00009164,B00008280,2025-12-14,-15253,Credit Card,refunded
P00009165,B00008281,2025-07-29,43500,Debit Card,settled
P00009166,B00008282,2024-07-10,444000,Credit Card,settled
P00009167,B00008283,2024-12-27,163800,Points,settled
P00009168,B00008284,2025-12-20,216300,Bank Transfer,settled
P00009169,B00008285,2024-07-06,35400,Points,settled
P00009170,B00008286,2024-04-27,608400,Points,settled
P00009171,B00008287,2024-10-04,574500,Debit Card,settled
P00009172,B00008288,2025-08-18,118062,Credit Card,settled
P00009173,B00008288,2025-08-08,65338,Points,pending
P00009174,B00008289,2024-08-07,253600,Credit Card,settled
P00009175,B00008290,2025-05-29,237900,Credit Card,settled
P00009176,B00008291,2024-08-09,148500,Debit Card,settled
P00009177,B00008292,2024-08-14,230000,Bank Transfer,settled
P00009178,B00008293,2025-05-12,148000,Bank Transfer,settled
P00009179,B00008294,2026-02-28,196000,Debit Card,settled
P00009180,B00008294,2026-04-10,-24993,Debit Card,refunded
P00009181,B00008295,2025-07-25,15700,Credit Card,settled
P00009182,B00008295,2025-08-05,-15700,Bank Transfer,refunded
P00009183,B00008296,2025-09-22,139800,Points,settled
P00009184,B00008297,2024-12-21,187500,Debit Card,settled
P00009185,B00008298,2025-05-13,140000,Debit Card,settled
P00009186,B00008299,2024-05-26,216000,Debit Card,settled
P00009187,B00008300,2025-09-02,38200,Bank Transfer,settled
P00009188,B00008301,2024-05-02,192600,Points,settled
P00009189,B00008302,2025-05-11,557200,Points,settled
P00009190,B00008303,2025-11-27,244400,Debit Card,settled
P00009191,B00008304,2024-07-09,183300,Bank Transfer,settled
P00009192,B00008305,2024-07-15,231700,Bank Transfer,settled
P00009193,B00008306,2025-03-15,224000,Debit Card,settled
P00009194,B00008306,2025-04-19,-49259,Points,refunded
P00009195,B00008307,2024-12-28,164000,Points,settled
P00009196,B00008308,2025-01-02,752400,Credit Card,settled
P00009197,B00008309,2024-02-07,206100,Points,settled
P00009198,B00008311,2025-03-08,153000,Points,settled
P00009199,B00008312,2024-08-26,52800,Credit Card,settled
P00009200,B00008313,2026-02-05,191100,Debit Card,settled
P00009201,B00008314,2024-02-28,179300,Points,settled
P00009202,B00008315,2026-01-23,81000,Debit Card,settled
P00009203,B00008316,2025-06-15,184800,Points,settled
P00009204,B00008317,2025-12-16,16000,Debit Card,settled
P00009205,B00008318,2024-09-25,205700,Bank Transfer,settled
P00009206,B00008319,2025-08-18,137200,Bank Transfer,settled
P00009207,B00008320,2024-08-14,18700,Points,settled
P00009208,B00008321,2025-07-09,184600,Points,settled
P00009209,B00008322,2024-04-03,150400,Debit Card,settled
P00009210,B00008323,2026-01-25,1973400,Debit Card,settled
P00009211,B00008324,2024-08-29,189000,Debit Card,settled
P00009212,B00008326,2025-01-16,86000,Debit Card,settled
P00009213,B00008327,2024-09-27,33400,Debit Card,settled
P00009214,B00008328,2025-03-07,417000,Points,settled
P00009215,B00008329,2025-05-19,621051,Points,settled
P00009216,B00008330,2025-08-28,116000,Bank Transfer,settled
P00009217,B00008331,2025-09-26,165000,Credit Card,settled
P00009218,B00008332,2025-03-24,226800,Bank Transfer,settled
P00009219,B00008333,2024-06-21,135100,Points,settled
P00009220,B00008334,2024-11-16,214000,Points,settled
P00009221,B00008335,2025-05-09,218400,Credit Card,settled
P00009222,B00008336,2024-12-22,210465,Points,settled
P00009223,B00008336,2025-01-03,82335,Points,pending
P00009224,B00008337,2025-08-30,900900,Debit Card,settled
P00009225,B00008338,2025-08-28,106400,Credit Card,settled
P00009226,B00008338,2025-09-13,-106400,Bank Transfer,refunded
P00009227,B00008339,2024-10-04,174500,Bank Transfer,settled
P00009228,B00008340,2025-05-10,23782,Bank Transfer,settled
P00009229,B00008340,2025-04-30,14218,Credit Card,pending
P00009230,B00008341,2024-11-06,141841,Bank Transfer,settled
P00009231,B00008341,2024-11-11,86559,Bank Transfer,pending
P00009232,B00008342,2025-01-14,102000,Points,settled
P00009233,B00008343,2024-06-03,71000,Points,settled
P00009234,B00008344,2024-11-14,1543200,Bank Transfer,settled
P00009235,B00008345,2024-05-21,103800,Bank Transfer,settled
P00009236,B00008346,2024-05-25,152000,Debit Card,settled
P00009237,B00008347,2025-05-23,152800,Bank Transfer,settled
P00009238,B00008348,2024-03-20,213200,Bank Transfer,settled
P00009239,B00008349,2025-06-12,288600,Debit Card,settled
P00009240,B00008350,2025-07-19,87000,Credit Card,settled
P00009241,B00008351,2025-03-08,141600,Credit Card,settled
P00009242,B00008352,2024-11-22,47800,Bank Transfer,settled
P00009243,B00008353,2025-12-15,69350,Bank Transfer,settled
P00009244,B00008353,2025-11-26,29650,Debit Card,pending
P00009245,B00008354,2024-07-03,174600,Points,settled
P00009246,B00008355,2025-01-12,72000,Bank Transfer,settled
P00009247,B00008356,2025-04-30,82500,Credit Card,settled
P00009248,B00008357,2024-10-12,15700,Points,settled
P00009249,B00008358,2025-03-15,1729200,Debit Card,settled
P00009250,B00008359,2025-02-04,224292,Debit Card,settled
P00009251,B00008360,2025-03-01,277200,Credit Card,settled
P00009252,B00008361,2025-08-23,330400,Debit Card,settled
P00009253,B00008362,2025-10-21,18200,Debit Card,settled
P00009254,B00008362,2025-11-13,-18200,Bank Transfer,refunded
P00009255,B00008363,2026-01-26,222749,Credit Card,settled
P00009256,B00008364,2024-09-26,150400,Debit Card,settled
P00009257,B00008365,2024-11-08,495600,Debit Card,settled
P00009258,B00008366,2025-09-09,373200,Bank Transfer,settled
P00009259,B00008367,2025-07-22,46200,Points,settled
P00009260,B00008368,2026-01-11,220800,Points,settled
P00009261,B00008369,2025-05-21,77500,Bank Transfer,settled
P00009262,B00008370,2025-09-09,213200,Bank Transfer,settled
P00009263,B00008371,2025-07-28,106200,Credit Card,settled
P00009264,B00008372,2025-06-10,191800,Points,settled
P00009265,B00008373,2025-12-26,114974,Bank Transfer,settled
P00009266,B00008373,2025-12-04,30226,Debit Card,pending
P00009267,B00008374,2024-06-15,280800,Bank Transfer,settled
P00009268,B00008375,2025-02-09,112000,Debit Card,settled
P00009269,B00008376,2025-02-08,1145100,Bank Transfer,settled
P00009270,B00008378,2024-11-04,64800,Credit Card,settled
P00009271,B00008379,2024-11-02,72800,Credit Card,settled
P00009272,B00008380,2025-02-25,69000,Credit Card,settled
P00009273,B00008381,2025-08-14,35800,Debit Card,settled
P00009274,B00008382,2025-04-28,38600,Debit Card,settled
P00009275,B00008383,2024-08-14,58900,Points,settled
P00009276,B00008384,2025-08-31,120800,Debit Card,settled
P00009277,B00008385,2025-06-02,1828400,Credit Card,settled
P00009278,B00008386,2024-09-02,152800,Bank Transfer,settled
P00009279,B00008387,2024-03-19,79600,Credit Card,settled
P00009280,B00008389,2025-12-23,1017900,Bank Transfer,settled
P00009281,B00008390,2024-10-18,134100,Bank Transfer,settled
P00009282,B00008391,2024-05-03,207900,Credit Card,settled
P00009283,B00008392,2024-11-25,13200,Debit Card,settled
P00009284,B00008393,2025-10-03,145000,Debit Card,settled
P00009285,B00008394,2024-10-03,64000,Credit Card,settled
P00009286,B00008395,2025-07-10,84258,Bank Transfer,settled
P00009287,B00008396,2025-07-14,189883,Bank Transfer,settled
P00009288,B00008396,2025-07-15,270917,Bank Transfer,pending
P00009289,B00008397,2024-06-14,518400,Credit Card,settled
P00009290,B00008398,2024-05-12,189222,Credit Card,settled
P00009291,B00008398,2024-04-13,69778,Points,pending
P00009292,B00008399,2026-01-13,50100,Bank Transfer,settled
P00009293,B00008400,2025-12-23,52400,Points,settled
P00009294,B00008401,2025-12-04,203500,Points,settled
P00009295,B00008402,2025-04-30,226800,Debit Card,settled
P00009296,B00008403,2024-08-05,125400,Bank Transfer,settled
P00009297,B00008404,2024-12-05,70400,Bank Transfer,settled
P00009298,B00008405,2024-11-09,1386688,Credit Card,settled
P00009299,B00008406,2026-03-16,182600,Bank Transfer,settled
P00009300,B00008407,2024-08-17,54900,Bank Transfer,settled
P00009301,B00008408,2025-06-21,30600,Debit Card,settled
P00009302,B00008409,2024-01-02,123200,Bank Transfer,settled
P00009303,B00008409,2024-02-07,-123200,Points,refunded
P00009304,B00008410,2025-12-16,130000,Credit Card,settled
P00009305,B00008411,2024-04-14,528000,Points,settled
P00009306,B00008412,2025-02-05,201600,Credit Card,settled
P00009307,B00008413,2025-12-09,214500,Points,settled
P00009308,B00008414,2025-10-30,59600,Debit Card,settled
P00009309,B00008415,2025-12-29,62400,Debit Card,settled
P00009310,B00008415,2026-02-11,-62400,Credit Card,refunded
P00009311,B00008417,2025-04-13,897000,Bank Transfer,settled
P00009312,B00008418,2024-07-25,121200,Debit Card,settled
P00009313,B00008419,2024-07-18,257600,Credit Card,settled
P00009314,B00008420,2025-12-31,89000,Bank Transfer,settled
P00009315,B00008421,2024-10-06,42400,Points,settled
P00009316,B00008422,2025-03-09,218400,Bank Transfer,settled
P00009317,B00008423,2025-05-20,76990,Debit Card,settled
P00009318,B00008423,2025-06-01,93010,Points,pending
P00009319,B00008424,2024-11-25,719400,Credit Card,settled
P00009320,B00008424,2024-12-02,-719400,Credit Card,refunded
P00009321,B00008425,2024-07-10,126700,Credit Card,settled
P00009322,B00008426,2024-11-04,431000,Credit Card,settled
P00009323,B00008427,2025-06-02,87000,Debit Card,settled
P00009324,B00008428,2025-11-27,212400,Credit Card,settled
P00009325,B00008429,2025-04-20,79000,Bank Transfer,settled
P00009326,B00008430,2024-10-10,720500,Points,settled
P00009327,B00008431,2024-07-17,207500,Points,settled
P00009328,B00008432,2025-05-15,135883,Credit Card,settled
P00009329,B00008432,2025-05-21,68217,Points,pending
P00009330,B00008433,2024-09-03,154800,Points,settled
P00009331,B00008433,2024-10-05,-154800,Credit Card,refunded
P00009332,B00008434,2025-11-26,1391400,Credit Card,settled
P00009333,B00008435,2024-08-17,224100,Credit Card,settled
P00009334,B00008436,2026-01-14,73433,Bank Transfer,settled
P00009335,B00008436,2026-01-15,39367,Points,pending
P00009336,B00008437,2025-08-28,181600,Bank Transfer,settled
P00009337,B00008438,2024-07-28,160200,Points,settled
P00009338,B00008439,2024-12-04,141613,Bank Transfer,settled
P00009339,B00008439,2024-12-04,84587,Points,pending
P00009340,B00008440,2025-06-14,12900,Points,settled
P00009341,B00008442,2025-07-22,192000,Credit Card,settled
P00009342,B00008443,2024-08-22,119100,Credit Card,settled
P00009343,B00008444,2024-05-03,256100,Credit Card,settled
P00009344,B00008445,2025-08-30,181200,Points,settled
P00009345,B00008445,2025-09-08,-25676,Debit Card,refunded
P00009346,B00008446,2025-01-03,40781,Credit Card,settled
P00009347,B00008447,2025-02-04,250600,Credit Card,settled
P00009348,B00008447,2025-02-14,-250600,Bank Transfer,refunded
P00009349,B00008448,2024-05-11,17100,Credit Card,settled
P00009350,B00008449,2024-03-20,182700,Bank Transfer,settled
P00009351,B00008450,2025-10-26,271600,Debit Card,settled
P00009352,B00008451,2026-01-31,116000,Debit Card,settled
P00009353,B00008452,2025-11-03,85600,Bank Transfer,settled
P00009354,B00008453,2024-12-04,471900,Credit Card,settled
P00009355,B00008454,2024-09-28,57900,Debit Card,settled
P00009356,B00008455,2025-03-23,25496,Bank Transfer,settled
P00009357,B00008455,2025-03-25,16304,Points,pending
P00009358,B00008456,2024-11-15,42996,Bank Transfer,settled
P00009359,B00008456,2024-12-16,64104,Bank Transfer,pending
P00009360,B00008457,2024-08-01,224400,Points,settled
P00009361,B00008458,2025-05-14,263090,Debit Card,settled
P00009362,B00008458,2025-06-04,217110,Points,pending
P00009363,B00008459,2024-07-05,30600,Credit Card,settled
P00009364,B00008460,2024-10-23,157300,Bank Transfer,settled
P00009365,B00008461,2025-06-16,97500,Points,settled
P00009366,B00008462,2025-11-04,108600,Points,settled
P00009367,B00008463,2025-09-25,119200,Points,settled
P00009368,B00008464,2025-10-28,196800,Bank Transfer,settled
P00009369,B00008465,2025-03-20,559200,Points,settled
P00009370,B00008466,2025-12-30,286300,Points,settled
P00009371,B00008467,2025-03-28,154000,Credit Card,settled
P00009372,B00008468,2024-04-23,56100,Credit Card,settled
P00009373,B00008469,2025-10-14,171900,Points,settled
P00009374,B00008470,2024-08-09,79500,Points,settled
P00009375,B00008471,2024-01-31,203500,Bank Transfer,settled
P00009376,B00008472,2024-07-29,160200,Credit Card,settled
P00009377,B00008473,2025-05-10,232496,Points,settled
P00009378,B00008473,2025-05-07,335504,Credit Card,pending
P00009379,B00008474,2025-04-07,162900,Debit Card,settled
P00009380,B00008475,2025-07-10,189000,Debit Card,settled
P00009381,B00008477,2024-06-21,147600,Debit Card,settled
P00009382,B00008477,2024-08-07,-147600,Debit Card,refunded
P00009383,B00008478,2025-04-23,133000,Credit Card,settled
P00009384,B00008479,2024-07-29,441000,Points,settled
P00009385,B00008480,2025-11-24,305200,Credit Card,settled
P00009386,B00008481,2025-06-04,160800,Points,settled
P00009387,B00008482,2024-04-11,27600,Debit Card,settled
P00009388,B00008483,2025-12-03,219800,Credit Card,settled
P00009389,B00008484,2024-08-22,269100,Credit Card,settled
P00009390,B00008485,2025-01-26,1584700,Debit Card,settled
P00009391,B00008485,2025-02-27,-1584700,Points,refunded
P00009392,B00008486,2025-12-23,314400,Credit Card,settled
P00009393,B00008487,2026-01-22,212300,Debit Card,settled
P00009394,B00008488,2025-11-12,90000,Bank Transfer,settled
P00009395,B00008489,2024-08-31,166600,Debit Card,settled
P00009396,B00008490,2025-03-12,203500,Debit Card,settled
P00009397,B00008491,2025-06-19,2082600,Credit Card,settled
P00009398,B00008492,2025-09-10,78800,Credit Card,settled
P00009399,B00008493,2026-02-12,260400,Bank Transfer,settled
P00009400,B00008494,2024-07-28,296400,Debit Card,settled
P00009401,B00008495,2025-02-09,118200,Bank Transfer,settled
P00009402,B00008496,2024-04-11,221500,Debit Card,settled
P00009403,B00008497,2026-03-06,316367,Debit Card,settled
P00009404,B00008497,2026-02-01,228433,Debit Card,pending
P00009405,B00008498,2024-02-29,1071000,Debit Card,settled
P00009406,B00008499,2025-08-19,109536,Credit Card,settled
P00009407,B00008499,2025-08-19,117964,Debit Card,pending
P00009408,B00008500,2025-03-02,108000,Debit Card,settled
P00009409,B00008501,2025-09-02,531000,Points,settled
P00009410,B00008502,2025-02-18,228000,Points,settled
P00009411,B00008503,2024-05-05,215600,Points,settled
P00009412,B00008504,2025-01-18,546000,Debit Card,settled
P00009413,B00008505,2025-12-18,122400,Bank Transfer,settled
P00009414,B00008506,2024-04-08,87500,Debit Card,settled
P00009415,B00008507,2025-01-30,84800,Points,settled
P00009416,B00008508,2024-06-18,263200,Bank Transfer,settled
P00009417,B00008509,2025-06-30,253000,Bank Transfer,settled
P00009418,B00008510,2025-05-16,962000,Points,settled
P00009419,B00008511,2024-07-24,150700,Debit Card,settled
P00009420,B00008512,2025-08-11,51900,Points,settled
P00009421,B00008513,2024-12-16,532700,Bank Transfer,settled
P00009422,B00008514,2025-09-08,99600,Points,settled
P00009423,B00008515,2025-07-14,201600,Debit Card,settled
P00009424,B00008516,2024-11-30,106500,Debit Card,settled
P00009425,B00008517,2024-12-22,441190,Debit Card,settled
P00009426,B00008518,2025-09-09,652543,Bank Transfer,settled
P00009427,B00008519,2025-03-21,158000,Points,settled
P00009428,B00008520,2024-05-18,20800,Points,settled
P00009429,B00008521,2025-03-18,150400,Points,settled
P00009430,B00008522,2024-03-02,67500,Credit Card,settled
P00009431,B00008523,2025-07-31,478800,Points,settled
P00009432,B00008524,2024-06-29,270000,Credit Card,settled
P00009433,B00008525,2025-04-20,104000,Credit Card,settled
P00009434,B00008526,2025-03-01,529100,Bank Transfer,settled
P00009435,B00008527,2024-07-04,285600,Credit Card,settled
P00009436,B00008527,2024-08-12,-285600,Points,refunded
P00009437,B00008528,2025-03-17,19200,Bank Transfer,settled
P00009438,B00008529,2025-05-04,116556,Credit Card,settled
P00009439,B00008529,2025-05-20,34644,Points,pending
P00009440,B00008530,2024-04-21,222600,Debit Card,settled
P00009441,B00008531,2024-08-08,131200,Points,settled
P00009442,B00008532,2025-10-25,158400,Debit Card,settled
P00009443,B00008533,2026-02-02,357000,Bank Transfer,settled
P00009444,B00008534,2024-10-11,212300,Points,settled
P00009445,B00008535,2024-12-23,182600,Bank Transfer,settled
P00009446,B00008536,2024-07-12,177000,Bank Transfer,settled
P00009447,B00008537,2025-12-04,66400,Debit Card,settled
P00009448,B00008538,2025-04-21,61707,Credit Card,settled
P00009449,B00008538,2025-05-20,57693,Debit Card,pending
P00009450,B00008539,2024-09-16,369600,Debit Card,settled
P00009451,B00008540,2025-04-01,199398,Points,settled
P00009452,B00008541,2025-03-04,410300,Bank Transfer,settled
P00009453,B00008541,2025-04-13,-410300,Credit Card,refunded
P00009454,B00008542,2025-05-06,95200,Credit Card,settled
P00009455,B00008543,2024-05-24,270000,Points,settled
P00009456,B00008544,2025-05-16,158200,Credit Card,settled
P00009457,B00008545,2025-12-27,202800,Debit Card,settled
P00009458,B00008546,2024-11-04,67800,Debit Card,settled
P00009459,B00008547,2025-10-05,189600,Credit Card,settled
P00009460,B00008548,2024-08-06,79200,Points,settled
P00009461,B00008548,2024-08-16,-79200,Debit Card,refunded
P00009462,B00008549,2025-01-19,17100,Debit Card,settled
P00009463,B00008550,2026-01-18,23600,Debit Card,settled
P00009464,B00008551,2025-05-01,65100,Points,settled
P00009465,B00008552,2024-10-12,444600,Bank Transfer,settled
P00009466,B00008553,2024-07-28,410200,Credit Card,settled
P00009467,B00008553,2024-09-15,-410200,Points,refunded
P00009468,B00008554,2024-06-04,18200,Credit Card,settled
P00009469,B00008555,2025-10-28,239400,Credit Card,settled
P00009470,B00008556,2025-01-21,42410,Credit Card,settled
P00009471,B00008556,2025-01-17,13990,Bank Transfer,pending
P00009472,B00008557,2024-11-02,226500,Debit Card,settled
P00009473,B00008558,2025-04-26,314000,Credit Card,settled
P00009474,B00008558,2025-05-17,-40651,Credit Card,refunded
P00009475,B00008559,2025-02-19,108500,Credit Card,settled
P00009476,B00008560,2025-06-21,901600,Credit Card,settled
P00009477,B00008561,2025-10-31,261800,Points,settled
P00009478,B00008561,2025-12-07,-52442,Credit Card,refunded
P00009479,B00008562,2024-02-23,163800,Debit Card,settled
P00009480,B00008563,2025-02-11,189600,Credit Card,settled
P00009481,B00008564,2024-09-12,319200,Debit Card,settled
P00009482,B00008565,2025-11-07,423000,Debit Card,settled
P00009483,B00008567,2024-02-19,15100,Points,settled
P00009484,B00008568,2024-07-21,880600,Credit Card,settled
P00009485,B00008569,2025-05-18,88500,Credit Card,settled
P00009486,B00008570,2024-03-08,441000,Points,settled
P00009487,B00008570,2024-03-27,-104532,Debit Card,refunded
P00009488,B00008571,2025-01-28,231000,Points,settled
P00009489,B00008572,2025-05-19,564000,Bank Transfer,settled
P00009490,B00008573,2025-11-05,33800,Points,settled
P00009491,B00008573,2025-12-10,-33800,Credit Card,refunded
P00009492,B00008574,2026-02-25,20100,Debit Card,settled
P00009493,B00008575,2024-04-19,57000,Bank Transfer,settled
P00009494,B00008576,2024-04-12,199000,Credit Card,settled
P00009495,B00008577,2024-07-14,180000,Credit Card,settled
P00009496,B00008578,2024-11-25,291200,Points,settled
P00009497,B00008579,2024-12-25,209300,Credit Card,settled
P00009498,B00008580,2025-04-26,42300,Credit Card,settled
P00009499,B00008581,2025-06-22,218800,Debit Card,settled
P00009500,B00008582,2024-09-15,177100,Credit Card,settled
P00009501,B00008582,2024-10-29,-51485,Credit Card,refunded
P00009502,B00008583,2024-06-01,296400,Debit Card,settled
P00009503,B00008584,2025-10-30,195800,Bank Transfer,settled
P00009504,B00008585,2024-10-22,132300,Debit Card,settled
P00009505,B00008586,2025-09-16,306800,Credit Card,settled
P00009506,B00008587,2024-06-06,59700,Bank Transfer,settled
P00009507,B00008588,2025-02-21,72800,Credit Card,settled
P00009508,B00008589,2025-09-12,38400,Debit Card,settled
P00009509,B00008590,2024-12-30,656265,Bank Transfer,settled
P00009510,B00008591,2024-06-19,38000,Bank Transfer,settled
P00009511,B00008592,2024-11-08,161424,Bank Transfer,settled
P00009512,B00008593,2025-10-13,74400,Points,settled
P00009513,B00008594,2024-07-11,272400,Points,settled
P00009514,B00008595,2024-10-24,60632,Debit Card,settled
P00009515,B00008595,2024-10-26,38968,Points,pending
P00009516,B00008596,2025-04-11,47400,Credit Card,settled
P00009517,B00008597,2024-07-18,80400,Credit Card,settled
P00009518,B00008598,2024-08-26,38800,Credit Card,settled
P00009519,B00008599,2024-11-02,550200,Points,settled
P00009520,B00008600,2025-12-17,93200,Credit Card,settled
P00009521,B00008601,2025-09-27,228000,Credit Card,settled
P00009522,B00008602,2024-08-11,45300,Credit Card,settled
P00009523,B00008603,2024-06-30,243600,Bank Transfer,settled
P00009524,B00008604,2025-11-22,635600,Bank Transfer,settled
P00009525,B00008605,2025-06-11,116400,Bank Transfer,settled
P00009526,B00008606,2024-11-01,191400,Points,settled
P00009527,B00008607,2024-11-27,202219,Credit Card,settled
P00009528,B00008607,2024-11-29,60981,Bank Transfer,pending
P00009529,B00008608,2024-08-17,184082,Points,settled
P00009530,B00008609,2024-12-06,113500,Points,settled
P00009531,B00008610,2024-11-03,26977,Credit Card,settled
P00009532,B00008610,2024-10-19,20423,Bank Transfer,pending
P00009533,B00008611,2025-01-01,116000,Credit Card,settled
P00009534,B00008612,2025-05-14,123200,Credit Card,settled
P00009535,B00008613,2025-07-10,89000,Bank Transfer,settled
P00009536,B00008614,2025-11-28,28145,Bank Transfer,settled
P00009537,B00008614,2025-12-02,28255,Points,pending
P00009538,B00008615,2025-11-18,208200,Points,settled
P00009539,B00008616,2024-05-12,270200,Debit Card,settled
P00009540,B00008617,2024-04-09,228000,Bank Transfer,settled
P00009541,B00008618,2025-09-20,113400,Bank Transfer,settled
P00009542,B00008620,2025-06-13,1172354,Credit Card,settled
P00009543,B00008621,2024-08-02,103200,Bank Transfer,settled
P00009544,B00008622,2025-11-18,146300,Points,settled
P00009545,B00008623,2024-11-08,593600,Bank Transfer,settled
P00009546,B00008624,2024-03-25,233800,Credit Card,settled
P00009547,B00008624,2024-05-23,-233800,Debit Card,refunded
P00009548,B00008625,2025-12-16,98400,Credit Card,settled
P00009549,B00008626,2024-04-04,17700,Debit Card,settled
P00009550,B00008627,2024-03-31,51300,Debit Card,settled
P00009551,B00008628,2025-09-28,141300,Points,settled
P00009552,B00008629,2025-05-08,25800,Debit Card,settled
P00009553,B00008630,2024-10-23,120500,Bank Transfer,settled
P00009554,B00008631,2025-03-16,218400,Credit Card,settled
P00009555,B00008632,2024-07-28,210600,Credit Card,settled
P00009556,B00008633,2024-08-11,66800,Bank Transfer,settled
P00009557,B00008634,2025-12-30,77000,Credit Card,settled
P00009558,B00008636,2025-07-04,24000,Bank Transfer,settled
P00009559,B00008637,2024-08-19,274914,Points,settled
P00009560,B00008637,2024-08-09,119886,Debit Card,pending
P00009561,B00008638,2025-08-03,100205,Debit Card,settled
P00009562,B00008638,2025-07-16,50395,Bank Transfer,pending
P00009563,B00008639,2025-08-08,162022,Debit Card,settled
P00009564,B00008640,2025-10-09,301600,Credit Card,settled
P00009565,B00008641,2024-04-18,11693,Bank Transfer,settled
P00009566,B00008641,2024-03-31,9107,Credit Card,pending
P00009567,B00008642,2024-09-09,112000,Bank Transfer,settled
P00009568,B00008643,2025-01-15,561400,Debit Card,settled
P00009569,B00008644,2024-07-19,625800,Points,settled
P00009570,B00008645,2025-07-08,164288,Debit Card,settled
P00009571,B00008646,2024-10-01,133323,Points,settled
P00009572,B00008646,2024-10-15,58477,Bank Transfer,pending
P00009573,B00008647,2025-01-04,94000,Credit Card,settled
P00009574,B00008647,2025-02-12,-23863,Debit Card,refunded
P00009575,B00008648,2024-07-01,66000,Credit Card,settled
P00009576,B00008650,2025-03-25,252000,Credit Card,settled
P00009577,B00008651,2024-11-11,187200,Credit Card,settled
P00009578,B00008652,2026-01-07,250600,Bank Transfer,settled
P00009579,B00008653,2025-05-08,140700,Points,settled
P00009580,B00008654,2024-05-13,823200,Points,settled
P00009581,B00008655,2025-03-16,92000,Bank Transfer,settled
P00009582,B00008656,2025-03-30,291965,Credit Card,settled
P00009583,B00008657,2025-09-08,117600,Bank Transfer,settled
P00009584,B00008658,2024-03-26,168153,Credit Card,settled
P00009585,B00008658,2024-04-20,69847,Points,pending
P00009586,B00008659,2024-08-19,156800,Bank Transfer,settled
P00009587,B00008660,2025-05-03,143200,Debit Card,settled
P00009588,B00008661,2024-05-02,73600,Credit Card,settled
P00009589,B00008661,2024-06-10,-73600,Points,refunded
P00009590,B00008662,2025-05-12,121600,Credit Card,settled
P00009591,B00008663,2025-04-19,259800,Debit Card,settled
P00009592,B00008664,2025-01-24,722800,Points,settled
P00009593,B00008665,2025-05-04,148500,Bank Transfer,settled
P00009594,B00008666,2025-06-12,225600,Points,settled
P00009595,B00008667,2024-09-02,1033600,Bank Transfer,settled
P00009596,B00008668,2025-03-06,56885,Bank Transfer,settled
P00009597,B00008668,2025-02-14,63915,Points,pending
P00009598,B00008669,2025-08-07,142400,Credit Card,settled
P00009599,B00008670,2025-08-13,490800,Points,settled
P00009600,B00008671,2024-05-09,183600,Points,settled
P00009601,B00008672,2025-08-15,148500,Points,settled
P00009602,B00008673,2024-06-29,53400,Credit Card,settled
P00009603,B00008674,2024-07-14,1692600,Points,settled
P00009604,B00008675,2024-12-20,237900,Points,settled
P00009605,B00008676,2025-12-07,243100,Points,settled
P00009606,B00008677,2025-04-08,650100,Bank Transfer,settled
P00009607,B00008679,2024-08-23,150504,Debit Card,settled
P00009608,B00008680,2025-12-23,147617,Bank Transfer,settled
P00009609,B00008680,2026-01-11,56783,Debit Card,pending
P00009610,B00008681,2025-06-04,99600,Debit Card,settled
P00009611,B00008682,2025-06-15,348000,Debit Card,settled
P00009612,B00008683,2024-09-02,135800,Debit Card,settled
P00009613,B00008684,2024-06-16,36600,Points,settled
P00009614,B00008685,2024-07-27,150494,Debit Card,settled
P00009615,B00008685,2024-07-26,83506,Credit Card,pending
P00009616,B00008686,2025-12-17,61200,Debit Card,settled
P00009617,B00008686,2026-01-07,-61200,Debit Card,refunded
P00009618,B00008687,2024-11-23,66600,Debit Card,settled
P00009619,B00008688,2024-12-07,174900,Debit Card,settled
P00009620,B00008689,2024-04-06,405000,Debit Card,settled
P00009621,B00008690,2025-02-28,253400,Credit Card,settled
P00009622,B00008690,2025-04-13,-253400,Points,refunded
P00009623,B00008691,2024-10-21,177100,Points,settled
P00009624,B00008691,2024-11-28,-177100,Bank Transfer,refunded
P00009625,B00008692,2024-02-28,155200,Bank Transfer,settled
P00009626,B00008693,2025-01-08,18100,Points,settled
P00009627,B00008694,2024-02-09,198000,Debit Card,settled
P00009628,B00008695,2025-10-13,278000,Debit Card,settled
P00009629,B00008696,2025-08-14,154800,Points,settled
P00009630,B00008697,2026-01-12,803400,Points,settled
P00009631,B00008698,2025-11-09,119400,Credit Card,settled
P00009632,B00008699,2026-01-27,435000,Credit Card,settled
P00009633,B00008700,2024-02-29,456500,Credit Card,settled
P00009634,B00008701,2025-05-26,180000,Credit Card,settled
P00009635,B00008702,2025-03-07,212000,Points,settled
P00009636,B00008703,2025-03-11,67000,Credit Card,settled
P00009637,B00008703,2025-03-27,-67000,Points,refunded
P00009638,B00008704,2025-02-25,119500,Bank Transfer,settled
P00009639,B00008705,2024-11-13,14000,Debit Card,settled
P00009640,B00008706,2024-08-27,124200,Bank Transfer,settled
P00009641,B00008707,2025-03-24,531600,Debit Card,settled
P00009642,B00008707,2025-05-01,-531600,Bank Transfer,refunded
P00009643,B00008708,2024-09-25,35200,Debit Card,settled
P00009644,B00008708,2024-11-01,-4786,Debit Card,refunded
P00009645,B00008709,2025-07-27,47100,Credit Card,settled
P00009646,B00008710,2025-11-16,138600,Credit Card,settled
P00009647,B00008710,2025-12-20,-138600,Debit Card,refunded
P00009648,B00008711,2024-04-15,130200,Points,settled
P00009649,B00008712,2024-07-21,146539,Bank Transfer,settled
P00009650,B00008712,2024-07-29,128661,Credit Card,pending
P00009651,B00008713,2024-03-28,452400,Credit Card,settled
P00009652,B00008714,2025-07-09,102200,Bank Transfer,settled
P00009653,B00008715,2025-01-05,92400,Credit Card,settled
P00009654,B00008716,2025-11-29,80000,Debit Card,settled
P00009655,B00008717,2025-04-25,216900,Points,settled
P00009656,B00008718,2025-08-11,45200,Debit Card,settled
P00009657,B00008719,2024-11-26,204000,Points,settled
P00009658,B00008720,2025-03-26,188400,Points,settled
P00009659,B00008721,2025-08-29,33400,Points,settled
P00009660,B00008722,2024-09-26,63600,Credit Card,settled
P00009661,B00008723,2025-12-14,62179,Credit Card,settled
P00009662,B00008724,2024-09-04,311000,Points,settled
P00009663,B00008725,2025-11-18,228000,Debit Card,settled
P00009664,B00008726,2025-10-06,512400,Bank Transfer,settled
P00009665,B00008726,2025-11-08,-95970,Points,refunded
P00009666,B00008727,2024-04-22,43200,Bank Transfer,settled
P00009667,B00008728,2024-11-09,19200,Bank Transfer,settled
P00009668,B00008729,2026-02-20,284200,Debit Card,settled
P00009669,B00008730,2025-08-29,56000,Points,settled
P00009670,B00008731,2024-10-20,158400,Credit Card,settled
P00009671,B00008732,2025-01-05,284400,Points,settled
P00009672,B00008733,2025-10-24,1030774,Debit Card,settled
P00009673,B00008733,2025-11-05,1142026,Debit Card,pending
P00009674,B00008734,2024-12-10,18900,Credit Card,settled
P00009675,B00008735,2024-06-04,122391,Bank Transfer,settled
P00009676,B00008735,2024-06-16,62409,Bank Transfer,pending
P00009677,B00008736,2025-02-15,19300,Points,settled
P00009678,B00008737,2025-07-27,388500,Points,settled
P00009679,B00008738,2025-06-03,176400,Points,settled
P00009680,B00008739,2024-11-21,592400,Points,settled
P00009681,B00008740,2024-09-15,1008800,Points,settled
P00009682,B00008741,2024-07-17,198800,Points,settled
P00009683,B00008742,2024-12-11,198000,Credit Card,settled
P00009684,B00008743,2025-10-20,254800,Credit Card,settled
P00009685,B00008744,2025-04-07,194400,Points,settled
P00009686,B00008745,2025-09-01,559200,Bank Transfer,settled
P00009687,B00008746,2024-06-27,366400,Bank Transfer,settled
P00009688,B00008747,2025-09-12,259200,Points,settled
P00009689,B00008748,2025-04-24,186000,Bank Transfer,settled
P00009690,B00008749,2024-12-02,540800,Debit Card,settled
P00009691,B00008750,2025-06-30,258000,Bank Transfer,settled
P00009692,B00008751,2024-07-04,37200,Credit Card,settled
P00009693,B00008752,2025-10-03,420000,Points,settled
P00009694,B00008753,2025-10-29,60900,Debit Card,settled
P00009695,B00008754,2024-11-12,761000,Points,settled
P00009696,B00008755,2025-01-02,169000,Debit Card,settled
P00009697,B00008756,2024-12-20,574000,Points,settled
P00009698,B00008757,2024-03-20,57300,Points,settled
P00009699,B00008758,2024-08-31,224700,Debit Card,settled
P00009700,B00008759,2025-01-09,85200,Bank Transfer,settled
P00009701,B00008760,2025-07-23,180000,Debit Card,settled
P00009702,B00008761,2025-11-18,213600,Debit Card,settled
P00009703,B00008762,2025-02-19,39900,Debit Card,settled
P00009704,B00008763,2026-01-01,19400,Bank Transfer,settled
P00009705,B00008764,2024-11-26,152500,Credit Card,settled
P00009706,B00008765,2025-07-13,18400,Points,settled
P00009707,B00008766,2025-05-25,96000,Bank Transfer,settled
P00009708,B00008767,2025-03-20,126260,Bank Transfer,settled
P00009709,B00008767,2025-03-21,133740,Points,pending
P00009710,B00008768,2025-09-18,19300,Debit Card,settled
P00009711,B00008769,2024-10-25,170500,Debit Card,settled
P00009712,B00008770,2025-02-22,281400,Credit Card,settled
P00009713,B00008770,2025-03-13,-281400,Points,refunded
P00009714,B00008771,2025-11-13,217000,Credit Card,settled
P00009715,B00008772,2025-07-25,134400,Credit Card,settled
P00009716,B00008773,2025-11-10,199000,Bank Transfer,settled
P00009717,B00008774,2025-05-02,108500,Debit Card,settled
P00009718,B00008775,2025-04-07,61200,Debit Card,settled
P00009719,B00008776,2025-11-23,442800,Bank Transfer,settled
P00009720,B00008776,2025-12-15,-442800,Bank Transfer,refunded
P00009721,B00008777,2024-11-02,120800,Points,settled
P00009722,B00008778,2024-11-08,90500,Points,settled
P00009723,B00008779,2024-10-05,1438800,Credit Card,settled
P00009724,B00008780,2025-06-18,15700,Points,settled
P00009725,B00008781,2024-03-03,424200,Credit Card,settled
P00009726,B00008782,2024-06-27,157600,Bank Transfer,settled
P00009727,B00008783,2024-05-03,103678,Debit Card,settled
P00009728,B00008784,2025-03-21,284800,Credit Card,settled
P00009729,B00008785,2025-01-15,156600,Points,settled
P00009730,B00008786,2025-07-18,73675,Points,settled
P00009731,B00008786,2025-08-03,43225,Bank Transfer,pending
P00009732,B00008787,2025-04-07,28600,Points,settled
P00009733,B00008788,2025-02-18,122500,Credit Card,settled
P00009734,B00008789,2024-04-06,68700,Debit Card,settled
P00009735,B00008790,2025-05-09,190500,Debit Card,settled
P00009736,B00008791,2024-06-12,190000,Points,settled
P00009737,B00008792,2024-09-06,154000,Credit Card,settled
P00009738,B00008793,2024-03-27,158600,Debit Card,settled
P00009739,B00008794,2025-06-02,140800,Credit Card,settled
P00009740,B00008795,2025-01-10,935200,Credit Card,settled
P00009741,B00008796,2025-11-05,66000,Debit Card,settled
P00009742,B00008797,2025-07-07,198000,Bank Transfer,settled
P00009743,B00008798,2024-06-10,45400,Credit Card,settled
P00009744,B00008799,2025-10-09,106500,Points,settled
P00009745,B00008800,2025-01-12,176400,Debit Card,settled
P00009746,B00008801,2025-04-09,419400,Debit Card,settled
P00009747,B00008802,2024-06-18,481600,Bank Transfer,settled
P00009748,B00008802,2024-08-09,-49248,Credit Card,refunded
P00009749,B00008803,2025-11-07,181800,Bank Transfer,settled
P00009750,B00008804,2024-10-07,471900,Credit Card,settled
P00009751,B00008805,2026-01-01,232000,Credit Card,settled
P00009752,B00008806,2025-12-10,149600,Credit Card,settled
P00009753,B00008807,2026-01-14,132300,Debit Card,settled
P00009754,B00008808,2024-06-21,549000,Bank Transfer,settled
P00009755,B00008809,2025-01-05,102900,Debit Card,settled
P00009756,B00008810,2025-04-09,119000,Bank Transfer,settled
P00009757,B00008811,2025-05-01,142400,Points,settled
P00009758,B00008812,2024-10-28,289900,Bank Transfer,settled
P00009759,B00008813,2025-05-27,136000,Bank Transfer,settled
P00009760,B00008813,2025-06-18,-136000,Credit Card,refunded
P00009761,B00008814,2025-06-15,121600,Debit Card,settled
P00009762,B00008815,2024-02-23,83600,Credit Card,settled
P00009763,B00008815,2024-03-18,-18041,Bank Transfer,refunded
P00009764,B00008816,2025-08-19,236500,Debit Card,settled
P00009765,B00008816,2025-09-20,-31114,Bank Transfer,refunded
P00009766,B00008817,2026-01-25,207200,Bank Transfer,settled
P00009767,B00008818,2025-02-06,31800,Bank Transfer,settled
P00009768,B00008818,2025-03-10,-5727,Bank Transfer,refunded
P00009769,B00008819,2024-07-22,698400,Bank Transfer,settled
P00009770,B00008820,2024-03-12,530400,Credit Card,settled
P00009771,B00008822,2024-04-13,217800,Points,settled
P00009772,B00008823,2025-07-16,170500,Credit Card,settled
P00009773,B00008824,2025-03-01,324800,Bank Transfer,settled
P00009774,B00008825,2025-12-23,17700,Points,settled
P00009775,B00008826,2025-06-26,241200,Debit Card,settled
P00009776,B00008827,2024-08-22,60700,Credit Card,settled
P00009777,B00008828,2025-04-26,54300,Bank Transfer,settled
P00009778,B00008829,2024-10-05,55200,Bank Transfer,settled
P00009779,B00008830,2025-08-01,22600,Debit Card,settled
P00009780,B00008831,2024-07-07,288400,Credit Card,settled
P00009781,B00008832,2025-12-09,166800,Credit Card,settled
P00009782,B00008833,2025-01-21,120000,Debit Card,settled
P00009783,B00008834,2025-01-01,79000,Debit Card,settled
P00009784,B00008835,2026-02-25,118500,Bank Transfer,settled
P00009785,B00008836,2024-06-09,806000,Bank Transfer,settled
P00009786,B00008837,2024-08-15,53700,Bank Transfer,settled
P00009787,B00008838,2024-12-21,132000,Points,settled
P00009788,B00008839,2024-06-19,216000,Bank Transfer,settled
P00009789,B00008839,2024-07-05,-216000,Points,refunded
P00009790,B00008840,2025-06-20,361900,Credit Card,settled
P00009791,B00008841,2024-04-08,126000,Credit Card,settled
P00009792,B00008843,2024-09-11,14899,Points,settled
P00009793,B00008843,2024-10-03,5601,Points,pending
P00009794,B00008844,2024-06-20,62000,Debit Card,settled
P00009795,B00008845,2024-06-17,119400,Bank Transfer,settled
P00009796,B00008846,2025-10-12,422500,Debit Card,settled
P00009797,B00008847,2025-01-31,32737,Credit Card,settled
P00009798,B00008847,2025-02-08,46863,Debit Card,pending
P00009799,B00008848,2026-01-28,259000,Debit Card,settled
P00009800,B00008849,2024-10-02,172900,Points,settled
P00009801,B00008849,2024-11-07,-172900,Credit Card,refunded
P00009802,B00008850,2025-06-14,412200,Bank Transfer,settled
P00009803,B00008851,2025-09-07,464000,Credit Card,settled
P00009804,B00008852,2024-02-13,264600,Points,settled
P00009805,B00008853,2025-06-07,1906800,Points,settled
P00009806,B00008854,2026-01-11,173500,Credit Card,settled
P00009807,B00008855,2025-03-23,99400,Debit Card,settled
P00009808,B00008856,2025-09-27,211900,Bank Transfer,settled
P00009809,B00008857,2024-06-26,190000,Bank Transfer,settled
P00009810,B00008858,2024-08-09,91500,Debit Card,settled
P00009811,B00008859,2024-06-09,98500,Debit Card,settled
P00009812,B00008860,2025-06-07,228200,Credit Card,settled
P00009813,B00008861,2025-11-19,291200,Debit Card,settled
P00009814,B00008862,2024-11-04,62000,Bank Transfer,settled
P00009815,B00008862,2024-12-20,-62000,Points,refunded
P00009816,B00008863,2024-08-22,392400,Debit Card,settled
P00009817,B00008864,2025-10-18,307300,Bank Transfer,settled
P00009818,B00008864,2025-11-24,-307300,Credit Card,refunded
P00009819,B00008865,2024-11-18,511200,Bank Transfer,settled
P00009820,B00008866,2025-02-22,76400,Points,settled
P00009821,B00008867,2024-02-08,167200,Debit Card,settled
P00009822,B00008868,2024-05-11,16100,Points,settled
P00009823,B00008869,2025-10-17,37800,Points,settled
P00009824,B00008870,2024-05-16,205200,Debit Card,settled
P00009825,B00008871,2024-07-09,176000,Debit Card,settled
P00009826,B00008872,2025-12-06,99158,Bank Transfer,settled
P00009827,B00008873,2025-09-06,64600,Credit Card,settled
P00009828,B00008874,2024-06-01,514800,Points,settled
P00009829,B00008875,2025-02-25,154248,Credit Card,settled
P00009830,B00008876,2024-08-16,86500,Points,settled
P00009831,B00008877,2024-11-06,416000,Bank Transfer,settled
P00009832,B00008878,2024-03-03,239000,Points,settled
P00009833,B00008879,2024-05-27,44900,Points,settled
P00009834,B00008880,2025-08-10,369900,Points,settled
P00009835,B00008881,2025-05-31,763000,Bank Transfer,settled
P00009836,B00008882,2024-12-27,43500,Bank Transfer,settled
P00009837,B00008883,2024-08-16,14554,Bank Transfer,settled
P00009838,B00008883,2024-08-11,3646,Bank Transfer,pending
P00009839,B00008884,2024-06-06,101400,Points,settled
P00009840,B00008885,2024-08-05,162000,Debit Card,settled
P00009841,B00008886,2024-05-29,206400,Credit Card,settled
P00009842,B00008887,2025-05-15,181500,Bank Transfer,settled
P00009843,B00008888,2024-06-23,36800,Credit Card,settled
P00009844,B00008888,2024-06-29,-36800,Bank Transfer,refunded
P00009845,B00008889,2025-05-15,329000,Debit Card,settled
P00009846,B00008890,2024-09-11,110400,Debit Card,settled
P00009847,B00008891,2025-06-30,235800,Bank Transfer,settled
P00009848,B00008892,2025-04-04,261800,Debit Card,settled
P00009849,B00008893,2025-10-21,853200,Points,settled
P00009850,B00008893,2025-11-23,-853200,Bank Transfer,refunded
P00009851,B00008894,2025-09-19,193500,Credit Card,settled
P00009852,B00008895,2025-01-20,18900,Debit Card,settled
P00009853,B00008895,2025-02-14,-18900,Points,refunded
P00009854,B00008896,2024-08-15,140700,Credit Card,settled
P00009855,B00008897,2024-04-24,469600,Debit Card,settled
P00009856,B00008898,2025-02-25,139500,Debit Card,settled
P00009857,B00008899,2024-05-06,96900,Debit Card,settled
P00009858,B00008900,2025-03-12,96600,Debit Card,settled
P00009859,B00008901,2025-06-22,148700,Debit Card,settled
P00009860,B00008902,2026-01-22,1855200,Debit Card,settled
P00009861,B00008902,2026-03-03,-531884,Credit Card,refunded
P00009862,B00008903,2025-05-02,207000,Credit Card,settled
P00009863,B00008904,2024-12-13,117900,Credit Card,settled
P00009864,B00008905,2024-12-11,419200,Points,settled
P00009865,B00008906,2024-05-17,320600,Debit Card,settled
P00009866,B00008907,2026-02-18,78600,Credit Card,settled
P00009867,B00008908,2024-06-25,289800,Credit Card,settled
P00009868,B00008908,2024-08-02,-75220,Debit Card,refunded
P00009869,B00008909,2025-06-17,27394,Bank Transfer,settled
P00009870,B00008909,2025-06-09,19006,Points,pending
P00009871,B00008910,2025-09-15,244200,Bank Transfer,settled
P00009872,B00008911,2025-09-08,215600,Debit Card,settled
P00009873,B00008912,2024-12-14,258600,Credit Card,settled
P00009874,B00008913,2024-07-03,273000,Points,settled
P00009875,B00008914,2025-12-29,240000,Credit Card,settled
P00009876,B00008915,2025-08-26,16100,Points,settled
P00009877,B00008916,2024-05-12,19500,Debit Card,settled
P00009878,B00008916,2024-05-21,-3202,Credit Card,refunded
P00009879,B00008917,2025-04-13,21578,Credit Card,settled
P00009880,B00008917,2025-04-30,14222,Credit Card,pending
P00009881,B00008918,2024-03-19,68800,Credit Card,settled
P00009882,B00008919,2024-11-15,203130,Credit Card,settled
P00009883,B00008920,2024-06-21,357000,Credit Card,settled
P00009884,B00008920,2024-08-11,-357000,Bank Transfer,refunded
P00009885,B00008921,2024-02-25,1102000,Debit Card,settled
P00009886,B00008922,2025-03-12,179000,Credit Card,settled
P00009887,B00008923,2024-04-17,126000,Bank Transfer,settled
P00009888,B00008924,2025-01-09,22500,Points,settled
P00009889,B00008925,2025-01-28,99000,Credit Card,settled
P00009890,B00008926,2024-08-13,164700,Credit Card,settled
P00009891,B00008927,2025-12-10,200100,Bank Transfer,settled
P00009892,B00008928,2025-11-14,98000,Credit Card,settled
P00009893,B00008929,2026-01-04,316400,Credit Card,settled
P00009894,B00008930,2024-10-16,58008,Points,settled
P00009895,B00008931,2025-11-27,53600,Debit Card,settled
P00009896,B00008932,2024-02-22,53416,Credit Card,settled
P00009897,B00008933,2025-01-15,217200,Debit Card,settled
P00009898,B00008934,2024-11-16,109500,Debit Card,settled
P00009899,B00008935,2025-10-13,77200,Credit Card,settled
P00009900,B00008936,2024-05-01,121500,Bank Transfer,settled
P00009901,B00008937,2024-06-14,598000,Bank Transfer,settled
P00009902,B00008938,2025-12-10,99500,Debit Card,settled
P00009903,B00008938,2026-01-15,-99500,Credit Card,refunded
P00009904,B00008939,2024-06-02,38400,Debit Card,settled
P00009905,B00008940,2025-09-21,69900,Debit Card,settled
P00009906,B00008941,2024-11-16,126270,Bank Transfer,settled
P00009907,B00008941,2024-12-10,114530,Points,pending
P00009908,B00008942,2024-04-23,177546,Credit Card,settled
P00009909,B00008943,2025-07-14,199000,Bank Transfer,settled
P00009910,B00008945,2025-12-18,123900,Points,settled
P00009911,B00008946,2024-04-05,261300,Credit Card,settled
P00009912,B00008946,2024-05-22,-261300,Bank Transfer,refunded
P00009913,B00008947,2025-10-31,68000,Bank Transfer,settled
P00009914,B00008948,2025-11-17,104400,Bank Transfer,settled
P00009915,B00008949,2025-01-19,13148,Debit Card,settled
P00009916,B00008949,2025-01-11,3652,Debit Card,pending
P00009917,B00008950,2024-11-26,398200,Credit Card,settled
P00009918,B00008951,2025-04-08,133500,Bank Transfer,settled
P00009919,B00008952,2026-03-23,133200,Credit Card,settled
P00009920,B00008953,2025-09-19,130900,Bank Transfer,settled
P00009921,B00008954,2024-03-22,112045,Credit Card,settled
P00009922,B00008954,2024-03-24,39955,Debit Card,pending
P00009923,B00008955,2025-02-25,16000,Bank Transfer,settled
P00009924,B00008956,2025-03-23,359000,Bank Transfer,settled
P00009925,B00008957,2026-04-01,138231,Credit Card,settled
P00009926,B00008957,2026-04-02,94969,Points,pending
P00009927,B00008958,2025-12-29,592000,Credit Card,settled
P00009928,B00008959,2024-10-11,69600,Credit Card,settled
P00009929,B00008960,2025-09-23,171000,Credit Card,settled
P00009930,B00008961,2026-02-16,1035000,Points,settled
P00009931,B00008962,2025-02-19,35600,Bank Transfer,settled
P00009932,B00008963,2024-06-18,69600,Credit Card,settled
P00009933,B00008963,2024-07-26,-10411,Bank Transfer,refunded
P00009934,B00008964,2025-12-16,67200,Credit Card,settled
P00009935,B00008965,2025-11-07,193200,Credit Card,settled
P00009936,B00008966,2024-03-19,697400,Points,settled
P00009937,B00008967,2025-01-26,126700,Debit Card,settled
P00009938,B00008968,2025-01-09,102600,Debit Card,settled
P00009939,B00008969,2025-03-09,26600,Credit Card,settled
P00009940,B00008970,2024-09-25,186000,Points,settled
P00009941,B00008971,2025-09-27,401400,Bank Transfer,settled
P00009942,B00008972,2024-02-10,168000,Debit Card,settled
P00009943,B00008973,2025-06-17,536900,Bank Transfer,settled
P00009944,B00008974,2024-04-07,216000,Credit Card,settled
P00009945,B00008974,2024-05-03,-216000,Debit Card,refunded
P00009946,B00008975,2025-09-30,129781,Bank Transfer,settled
P00009947,B00008976,2026-01-09,249600,Credit Card,settled
P00009948,B00008977,2024-07-19,404800,Points,settled
P00009949,B00008978,2024-09-23,100000,Debit Card,settled
P00009950,B00008979,2025-03-24,202800,Bank Transfer,settled
P00009951,B00008980,2026-01-23,106800,Bank Transfer,settled
P00009952,B00008981,2024-11-17,210000,Credit Card,settled
P00009953,B00008982,2025-10-24,371000,Bank Transfer,settled
P00009954,B00008983,2024-09-09,167300,Credit Card,settled
P00009955,B00008984,2025-11-23,117000,Bank Transfer,settled
P00009956,B00008985,2025-02-16,216600,Points,settled
P00009957,B00008986,2025-05-06,98000,Bank Transfer,settled
P00009958,B00008987,2025-03-14,232800,Points,settled
P00009959,B00008988,2025-01-20,447600,Points,settled
P00009960,B00008990,2025-09-11,156800,Credit Card,settled
P00009961,B00008991,2025-03-03,211900,Bank Transfer,settled
P00009962,B00008991,2025-03-30,-211900,Credit Card,refunded
P00009963,B00008992,2024-07-01,310700,Credit Card,settled
P00009964,B00008993,2024-05-30,217800,Bank Transfer,settled
P00009965,B00008993,2024-06-30,-34277,Credit Card,refunded
P00009966,B00008994,2025-08-22,501200,Debit Card,settled
P00009967,B00008995,2024-12-16,587600,Credit Card,settled
P00009968,B00008996,2026-01-27,206800,Points,settled
P00009969,B00008997,2024-03-01,943200,Debit Card,settled
P00009970,B00008998,2024-11-03,692500,Bank Transfer,settled
P00009971,B00008998,2024-11-13,-143868,Bank Transfer,refunded
P00009972,B00008999,2025-04-12,116900,Debit Card,settled
P00009973,B00009000,2025-09-26,156000,Debit Card,settled
